customer_id,row_index,full_name,age,gender,city,education,employment_status,annual_income_try,credit_score,tenure_months,monthly_spend_try,support_calls_90d,contract_type,payment_method,signup_date,last_login_days_ago,marketing_consent,device_type,churn
CUS-101483,1484,Merve Aydın,49,Female,Antalya,Lise,Tam Zamanlı,78122,,23,694,2,aylik,EFT,2021-12-04,6,1,web ,0
CUS-100502,503,Merve Öz,47,Belirtmek istemiyor,ISTANBUL,lise,Self-employed,44163,556,89,1518,0,aylik,Kredi Kartı,2019-12-20,3,1,Android,0
CUS-100895,896,Ayşe Çelik,30,KADIN,Bursa,lise,İşsiz,14962,831,,1024,2,Aylık,Banka Havalesi,2024-08-08,14,hayir,web ,0
CUS-102124,2125,Can Koç,44,KADIN,Konya,Ön Lisans,İşsiz,,541,107,2249,2,2 Yıllık,kredi karti,2017-12-24,3,No,Unknown,0
CUS-101827,1828,Zeynep Şahin,24,kadın,Izmir,Doktora,Serbest,29996,784,75,1167,2,Aylık,PayPal,2018-01-21,21,EVET,Unknown,0
CUS-100945,946,Can Arslan,35,Male,Konya,Ön Lisans,İşsiz,61363,643,39,1795,0,2 Yıllık,Banka Havalesi,2021-10-19,6,1,IOS,0
CUS-101783,1784,Ayşe Kaya,28,Male,İzmir,Yüksek Lisans,Self-employed,97990,657,49,1696,0,12 ay,Nakit,2019-06-03,3,1,android,0
CUS-101992,1993,Burak Şahin,54,Belirtmek istemiyor,ankara ,Ön Lisans,Emekli,55094,,60,1016,1,24 AY,PayPal,2019-11-19,,1,android,0
CUS-100222,223,Ali Öz,36,kadın,Adana,Bilinmiyor,Tam Zamanlı,43263,,95,1842,3,12 ay,kredi karti,2019-02-12,4,0,iOS,0
CUS-101328,1329,Ayşe Demir,22,Erkek,ISTANBUL,,tam zamanli,20531,744,79,2368,4,Taahhütsüz,otomatik odeme,2018-08-13,10,1,android,0
CUS-100136,137,Mehmet Yılmaz,39,Female,Konya,Bilinmiyor,tam zamanli,,,1,1264,1,1 Yıllık,,2017-03-24,2,,iOS,0
CUS-101459,1460,Elif Şahin,43,erkek,istanbul,Bilinmiyor,Tam Zamanlı,122725,790,90,763,4,2 Yıllık,PayPal,2022-10-16,11,hayir,IOS,0
CUS-102148,2149,Zeynep Şahin,32,erkek,Unknown,Bilinmiyor,Emekli,108166,639,17,,1,12 ay,kredi karti,2019-02-20,4,Yes,iOS,0
CUS-101596,1597,Emre Çelik,44,Male,İstanbul,Ön Lisans,Serbest,22563,798,120,1556,2,12 ay,EFT,2019-04-05,7,Hayır,Web,0
CUS-101850,1851,Merve Kurt,27,Erkek,ankara ,lisans ,Emekli,45599,592,25,2026,1,Taahhütsüz,Otomatik Ödeme,2017-07-09,3,Evet,Web,0
CUS-100020,21,Emre Arslan,38,Kadın,Adana,Lise,Yarı Zamanlı,27044,478,12,1666,1,24 AY,Banka Havalesi,2023-05-04,3,,Android,0
CUS-100542,543,Can Aydın,26,Male,Ankara,Bilinmiyor,Yarı Zamanlı,65060,614,,1445,0,2 Yıllık,Nakit,2020-08-13,11,1,iOS,0
CUS-101056,1057,Emre Öz,63,erkek,ISTANBUL,lisans ,Tam Zamanlı,40746,511,13,975,1,Taahhütsüz,EFT,2025-02-10,12,0,Unknown,0
CUS-101504,1505,Emre Arslan,17,Belirtmek istemiyor,İzmir,Bilinmiyor,Emekli,25680,688,55,2854,3,,Otomatik Ödeme,2025-06-14,4,No,Web,0
CUS-100936,937,Mehmet Yılmaz,28,Belirtmek istemiyor,antalya,lisans ,Yarı Zamanlı,39825,722,104,2224,0,,Kredi Kartı,2018-04-06,6,Hayır,,0
CUS-100652,653,Derya Arslan,55,Kadın,ISTANBUL,Ön Lisans,Serbest,56438,-120,109,2272,0,24 AY,Banka Havalesi,2020-09-10,11,hayir,Web,0
CUS-100163,164,Burak Yılmaz,27,Female,Unknown,Doktora,Self-employed,57065,50,64,1352,3,1 Yıllık,Kredi Kartı,2022-08-08,5,0,Web,0
CUS-101702,1703,Zeynep Yılmaz,45,Diğer,İstanbul,Lise,Part-time,34098,499,34,1455,1,1 Yıllık,kredi karti,2022-11-23,23,1,,0
CUS-100713,714,Zeynep Aydın,25,kadın,Ankara,Y. Lisans,Tam Zamanlı,36171,648,76,698,0,2 Yıllık,Kredi Kartı,2024-07-06,11,EVET,Android,0
CUS-101429,1430,Ali Aydın,25,erkek,Gaziantep,Lise,,39782,662,79,1551,0,24 AY,Banka Havalesi,2018-04-25,4,EVET,Android,0
CUS-100569,570,Ayşe Şahin,38,Belirtmek istemiyor,ISTANBUL,Lise,Part-time,89196,,25,480,3,Aylık,Otomatik Ödeme,2017-09-15,2,No,Android,0
CUS-100818,819,Zeynep Şahin,45,Male,Izmir,Y. Lisans,Serbest,29937,347,73,1438,0,aylik,otomatik odeme,2017-07-11,7,1,Android,1
CUS-101370,1371,Ali Kaya,50,Male,Bursa,lise,Emekli,1451700,586,48,2467,3,,,2021-06-20,4,No,web ,0
CUS-100193,194,Elif Arslan,30,Female,istanbul,Lisans,İşsiz,35338,555,37,993,0,1 Yıllık,EFT,2024-06-27,2,Evet,iOS,0
CUS-100411,412,Ayşe Çelik,45,KADIN,istanbul,Bilinmiyor,Part-time,974130,678,77,1298,2,12 ay,otomatik odeme,2017-01-13,7,Yes,Unknown,0
CUS-102128,2129,Can Aydın,31,,İstanbul,Ön Lisans,tam zamanli,26564,616,64,2429,0,24 AY,Nakit,2017-09-01,5,1,Unknown,0
CUS-100552,553,Ayşe Kurt,29,Erkek,Konya,Ön Lisans,Öğrenci,48460,465,13,1387,1,Aylık,,2024-08-12,17,Yes,Android,0
CUS-101280,1281,Elif Şahin,19,erkek,istanbul,Bilinmiyor,Part-time,81136,724,87,1503,3,Aylık,Otomatik Ödeme,2022-04-14,3,No,IOS,1
CUS-101496,1497,Derya Öz,57,kadın,antalya,Ön Lisans,Part-time,72002,506,106,,3,2 Yıllık,PayPal,2018-01-02,14,1,Web,0
CUS-100165,166,Elif Koç,32,Erkek,BURSA,lise,Serbest,23283,640,85,1337,0,24 AY,Nakit,2020-12-20,2,1,IOS,0
CUS-100263,264,Elif Demir,50,Erkek,Gaziantep,lisans ,Yarı Zamanlı,61037,700,68,1468,1,aylik,kredi karti,2020-07-08,8,hayir,web ,0
CUS-100952,953,Zeynep Arslan,39,Male,Ankara,Yüksek Lisans,,92751,555,45,,4,Taahhütsüz,EFT,2020-04-24,11,Hayır,Unknown,0
CUS-102118,2119,Zeynep Yılmaz,52,KADIN,Bursa,Ön Lisans,,13937,665,102,1580,2,2 Yıllık,Banka Havalesi,2018-01-02,6,0,android,0
CUS-101939,1940,Ayşe Koç,27,Belirtmek istemiyor,Konya,Ön Lisans,Emekli,31426,786,6,2461,3,1 Yıllık,,2017-09-18,9,Evet,IOS,0
CUS-101888,1889,Derya Öz,31,kadın,Antalya,Y. Lisans,Emekli,29830,599,83,796,3,Taahhütsüz,Nakit,2023-07-01,3,Evet,IOS,0
CUS-101277,1278,Zeynep Yılmaz,20,Male,İzmir,Lisans,Öğrenci,20473,514,23,1408,1,,EFT,2025-09-08,16,1,iOS,0
CUS-100129,130,Merve Arslan,62,KADIN,Bursa,Bilinmiyor,Part-time,33105,730,80,1449,,Aylık,Banka Havalesi,2024-03-18,11,No,web ,0
CUS-100788,789,Can Kaya,54,Erkek,BURSA,Yüksek Lisans,İşsiz,,522,96,1826,78,12 ay,Nakit,2022-12-24,6,0,iOS,1
CUS-101736,1737,Elif Öz,46,kadın,İstanbul,Lise,Tam Zamanlı,36533,689,87,1861,3,1 Yıllık,Banka Havalesi,2017-02-11,8,,Unknown,0
CUS-101786,1787,Ayşe Şahin,68,kadın,İzmir,Doktora,Öğrenci,93851,603,56,1950,3,12 ay,PayPal,2023-09-16,5,,Web,0
CUS-100615,616,Ayşe Arslan,37,Male,ankara ,Yüksek Lisans,Self-employed,38658,608,82,1023,1,24 AY,Kredi Kartı,2022-02-28,4,No,Android,0
CUS-101715,1716,Zeynep Kurt,55,erkek,Bursa,Bilinmiyor,Self-employed,16446,725,94,2054,,12 ay,Otomatik Ödeme,2023-10-07,3,1,Tablet,0
CUS-100586,587,Merve Arslan,57,kadın,Gaziantep,Lisans,Part-time,20421,528,31,1728,1,Taahhütsüz,Banka Havalesi,2021-12-25,3,0,web ,0
CUS-100398,399,Merve Şahin,57,Kadın,İzmir,Yüksek Lisans,İşsiz,49090,632,,1746,2,12 ay,otomatik odeme,2023-12-12,3,1,Android,0
CUS-100291,292,Emre Kurt,32,Diğer,ankara ,,Emekli,24339,561,60,2402,2,24 AY,otomatik odeme,26/03/2017,1,,Unknown,0
CUS-100671,672,Derya Arslan,18,,İzmir,Yüksek Lisans,tam zamanli,,594,117,1540,0,24 AY,Banka Havalesi,2025-08-04,6,hayir,Android,0
CUS-101831,1832,Elif Öz,49,Diğer,ISTANBUL,Doktora,Yarı Zamanlı,51340,594,10,1783,2,aylik,Banka Havalesi,2020-01-02,9,Evet,android,0
CUS-100827,828,Elif Çelik,29,Diğer,Ankara,Lise,,30561,,,569,3,,Nakit,2021-11-09,14,No,Unknown,0
CUS-100492,493,Ali Çelik,,Belirtmek istemiyor,Antalya,Y. Lisans,Part-time,65328,540,6,310,1,12 ay,otomatik odeme,2025-04-25,4,No,IOS,0
CUS-101387,1388,Elif Yılmaz,35,Female,Gaziantep,Lisans,Tam Zamanlı,53652,578,,1931,0,2 Yıllık,otomatik odeme,2018-04-15,4,EVET,web ,0
CUS-100685,686,Burak Öz,48,Belirtmek istemiyor,,Yüksek Lisans,tam zamanli,,562,43,792,5,Aylık,PayPal,2021-12-27,3,Yes,Unknown,0
CUS-100541,542,Can Yılmaz,24,KADIN,Antalya,,Part-time,62370,671,52,1105,2,2 Yıllık,Nakit,2017-11-25,5,EVET,iOS,0
CUS-100055,56,Zeynep Koç,12,Male,Gaziantep,Lisans,Serbest,13052,715,66,728,1,12 ay,EFT,2022-09-10,8,No,web ,0
CUS-101537,1538,Elif Çelik,39,Erkek,,Doktora,Yarı Zamanlı,60788,581,62,1107,1,1 Yıllık,Kredi Kartı,2018-09-15,20,EVET,IOS,0
CUS-101728,1729,Burak Kurt,25,kadın,ISTANBUL,Y. Lisans,Emekli,34038,631,70,953,0,24 AY,kredi karti,2025-01-14,1,EVET,IOS,0
CUS-101202,1203,Zeynep Koç,33,Erkek,ankara ,Lisans,tam zamanli,57576,814,27,2113,2,aylik,otomatik odeme,,2,1,web ,0
CUS-100379,380,Merve Arslan,28,Belirtmek istemiyor,BURSA,lise,Yarı Zamanlı,62132,741,23,761,4,aylik,Nakit,2024-05-09,6,Evet,Android,1
CUS-101032,1033,Merve Öz,40,Female,ankara ,Y. Lisans,İşsiz,43758,490,60,1537,1,12 ay,Banka Havalesi,2022-02-10,2,hayir,android,0
CUS-101347,1348,Ali Çelik,35,Diğer,Konya,Ön Lisans,tam zamanli,49724,635,37,,0,1 Yıllık,EFT,2022-04-09,5,1,Android,0
CUS-101733,1734,Elif Arslan,36,Belirtmek istemiyor,istanbul,Ön Lisans,Öğrenci,37953,592,21,1108,1,1 Yıllık,Nakit,2023-10-07,21,Hayır,Unknown,0
CUS-100091,92,Merve Demir,,Kadın,Izmir,Y. Lisans,İşsiz,24115,513,11,1335,4,,PayPal,2017-06-10,7,hayir,Tablet,0
CUS-100141,142,Derya Çelik,60,KADIN,istanbul,Bilinmiyor,Emekli,,566,61,396,1,2 Yıllık,Otomatik Ödeme,,3,,web ,0
CUS-101763,1764,Merve Arslan,29,KADIN,antalya,Y. Lisans,Yarı Zamanlı,73653,662,106,1132,1,2 Yıllık,Banka Havalesi,2022-03-07,16,hayir,IOS,0
CUS-101608,1609,Merve Şahin,42,,İzmir,Doktora,Self-employed,,592,11,687,2,12 ay,EFT,2021-02-20,7,0,Unknown,0
CUS-100521,522,Elif Koç,36,Kadın,Bursa,Doktora,Emekli,54037,644,61,1988,0,aylik,EFT,2020-05-07,11,EVET,IOS,1
CUS-102021,2022,Emre Çelik,46,KADIN,Unknown,Yüksek Lisans,Tam Zamanlı,48442,657,7,1626,3,aylik,Banka Havalesi,2019-09-11,6,Hayır,IOS,0
CUS-100689,690,Zeynep Şahin,26,KADIN,Ankara,lise,İşsiz,17624,716,13,1487,1,Taahhütsüz,Banka Havalesi,2022-08-17,9,0,Android,0
CUS-101515,1516,Zeynep Kurt,29,erkek,,lisans ,Emekli,52584,587,96,2096,0,2 Yıllık,PayPal,2020-07-20,9,EVET,web ,0
CUS-101546,1547,Merve Kaya,,KADIN,Adana,Y. Lisans,Tam Zamanlı,,714,94,158,1,24 AY,Otomatik Ödeme,2023-08-05,8,EVET,web ,0
CUS-101779,1780,Merve Kurt,29,Kadın,antalya,Doktora,,31540,491,99,319,1,12 ay,Otomatik Ödeme,2018-03-21,5,1,Android,0
CUS-100247,248,Emre Arslan,38,KADIN,Unknown,lisans ,Tam Zamanlı,,812,49,1924,2,aylik,kredi karti,2018-01-28,2,Evet,IOS,0
CUS-101922,1923,Derya Öz,25,erkek,Ankara,Lisans,Tam Zamanlı,88240,730,5,1632,0,Aylık,,2018-05-08,1,Evet,Unknown,0
CUS-101623,1624,Burak Demir,,Diğer,,,Self-employed,,701,,1223,1,2 Yıllık,kredi karti,2018-09-27,10,0,android,0
CUS-100905,906,Emre Çelik,145,Female,Antalya,Ön Lisans,İşsiz,17530,709,39,1959,2,1 Yıllık,PayPal,2018-06-26,4,Yes,iOS,0
CUS-101741,1742,Elif Şahin,43,Erkek,Unknown,Ön Lisans,İşsiz,86414,688,39,1498,2,12 ay,Banka Havalesi,2020-11-12,2,Hayır,android,0
CUS-100427,428,Ali Demir,35,KADIN,Antalya,Bilinmiyor,İşsiz,91295,767,40,1846,0,2 Yıllık,Otomatik Ödeme,2018-03-17,2,EVET,IOS,0
CUS-101696,1697,Can Aydın,43,kadın,Unknown,,İşsiz,25104,510,57,899,2,2 Yıllık,Otomatik Ödeme,2019-11-02,9,EVET,android,0
CUS-101372,1373,Can Yılmaz,40,erkek,Unknown,,tam zamanli,46893,708,33,2430,0,1 Yıllık,PayPal,2017-06-15,3,,iOS,0
CUS-102151,2152,Mehmet Kurt,45,kadın,Konya,Yüksek Lisans,İşsiz,,549,4,1604,2,Taahhütsüz,kredi karti,,5,0,iOS,0
CUS-101341,1342,Elif Arslan,54,erkek,antalya,Y. Lisans,Part-time,59744,759,19,43335,2,Taahhütsüz,EFT,2021-07-26,15,0,web ,1
CUS-100796,797,Emre Çelik,36,Kadın,,Yüksek Lisans,İşsiz,23479,562,117,,3,aylik,,2017-07-08,8,Yes,IOS,0
CUS-100465,466,Zeynep Kaya,31,Diğer,Konya,Lisans,İşsiz,50456,674,16,50,0,24 AY,EFT,2025-03-19,2,1,Web,0
CUS-100167,168,Merve Kaya,51,Diğer,Ankara,lisans ,,49966,582,74,1191,2,1 Yıllık,Kredi Kartı,2022-01-13,,hayir,iOS,0
CUS-100791,792,Ayşe Kaya,22,KADIN,Ankara,Doktora,,46098,635,66,,0,12 ay,kredi karti,2024-05-17,15,,web ,0
CUS-100024,25,Burak Öz,,kadın,Gaziantep,lisans ,Tam Zamanlı,54042,557,0,2675,1,aylik,Otomatik Ödeme,2017-08-16,5,hayir,IOS,0
CUS-102057,2058,Burak Arslan,49,Female,BURSA,Ön Lisans,Self-employed,32307,587,16,1135,1,aylik,,2017-01-22,3,Hayır,Android,0
CUS-100131,132,Ali Şahin,66,Kadın,ISTANBUL,Lisans,Öğrenci,,641,35,400,3,aylik,Nakit,not_a_date,5,Evet,iOS,0
CUS-101227,1228,Can Şahin,30,Female,,Lise,,107162,680,32,1398,3,1 Yıllık,,2022-02-04,10,1,android,0
CUS-101205,1206,Mehmet Yılmaz,,Female,Konya,Ön Lisans,Tam Zamanlı,60985,528,36,1606,3,aylik,,2025-01-06,8,Hayır,iOS,0
CUS-100494,495,Emre Aydın,48,Belirtmek istemiyor,İstanbul,Lise,Serbest,30036,673,5,2888,1,1 Yıllık,Banka Havalesi,2017-10-23,,Hayır,web ,0
CUS-100382,383,Ali Kurt,43,Male,ankara ,Ön Lisans,Emekli,33269,783,33,1530,2,aylik,Otomatik Ödeme,2020-09-24,6,0,web ,0
CUS-100314,315,Can Öz,24,Belirtmek istemiyor,BURSA,Lise,Part-time,93421,535,98,730,0,Taahhütsüz,EFT,2020-04-13,2,0,Tablet,0
CUS-100194,195,Derya Kaya,41,Male,İstanbul,Y. Lisans,,71533,606,105,,1,24 AY,kredi karti,23/08/2019,9,Hayır,Unknown,0
CUS-101847,1848,Ayşe Aydın,41,Erkek,istanbul,Bilinmiyor,Serbest,,651,103,1100,0,Aylık,Banka Havalesi,2020-06-24,18,Yes,Android,0
CUS-101155,1156,Derya Yılmaz,14,Diğer,Adana,Doktora,Yarı Zamanlı,62795,584,112,838,3,aylik,PayPal,2017-09-08,1,Evet,iOS,1
CUS-101699,1700,Ayşe Demir,,Male,Gaziantep,Bilinmiyor,İşsiz,55412,507,35,977,0,2 Yıllık,PayPal,2020-02-07,9,Hayır,Android,0
CUS-101009,1010,Ali Öz,45,Female,Adana,lise,Self-employed,37201,381,23,646,3,1 Yıllık,,,,EVET,android,0
CUS-100205,206,Ayşe Aydın,21,Female,istanbul,Lise,İşsiz,20914,658,55,1080,3,1 Yıllık,PayPal,2024-02-14,9,0,iOS,0
CUS-101139,1140,Zeynep Koç,29,kadın,,,Emekli,64154,564,40,545,0,aylik,Kredi Kartı,2018-02-06,1,Hayır,Tablet,0
CUS-101887,1888,Burak Kaya,56,Diğer,antalya,Bilinmiyor,Öğrenci,45093,553,94,2344,1,2 Yıllık,Kredi Kartı,2023-07-07,33,,Unknown,0
CUS-100383,384,Burak Çelik,40,Belirtmek istemiyor,Antalya,Y. Lisans,,31545,841,11,1177,5,Taahhütsüz,Otomatik Ödeme,2024-06-15,5,EVET,Unknown,0
CUS-100646,647,Zeynep Öz,24,kadın,Izmir,Bilinmiyor,Emekli,32721,771,65,88,,Aylık,Nakit,2021-02-06,3,Yes,iOS,1
CUS-100825,826,Can Demir,47,kadın,Gaziantep,Lisans,Yarı Zamanlı,,650,29,218,2,24 AY,Kredi Kartı,2022-07-04,3,EVET,iOS,0
CUS-100268,269,Burak Yılmaz,41,Male,Gaziantep,Lise,Self-employed,18091,796,18,1313,0,12 ay,otomatik odeme,2021-09-03,3,Yes,Unknown,0
CUS-101257,1258,Ali Koç,18,Male,antalya,lisans ,Emekli,6892,585,73,1675,1,12 ay,EFT,2024-05-24,4,hayir,IOS,0
CUS-100088,89,Elif Demir,40,Female,antalya,Y. Lisans,Self-employed,,743,91,1102,0,,Nakit,2020-02-10,2,EVET,iOS,0
CUS-100578,579,Ali Çelik,33,KADIN,,Lisans,Emekli,59444,598,58,2151,4,Aylık,Otomatik Ödeme,2020-07-01,2,0,Web,0
CUS-102080,2081,Mehmet Arslan,61,Belirtmek istemiyor,İzmir,Lise,Tam Zamanlı,32534,784,86,2551,2,Taahhütsüz,Nakit,2021-12-28,2,1,Web,0
CUS-100543,544,Zeynep Öz,-7,Kadın,istanbul,Y. Lisans,Tam Zamanlı,36358,600,35,824,2,1 Yıllık,otomatik odeme,2017-02-25,4,,Tablet,0
CUS-100184,185,Can Yılmaz,32,erkek,Adana,Lise,Yarı Zamanlı,48190,743,71,1805,3,12 ay,kredi karti,2020-05-04,3,Evet,iOS,0
CUS-100503,504,Ayşe Şahin,43,Male,Unknown,Bilinmiyor,Emekli,35176,577,69,665,2,Taahhütsüz,PayPal,2024-03-24,1,Yes,Tablet,0
CUS-101552,1553,Mehmet Çelik,38,Belirtmek istemiyor,ISTANBUL,lise,Self-employed,35087,642,94,1722,2,aylik,Otomatik Ödeme,23/08/2024,2,EVET,IOS,0
CUS-100763,764,Ayşe Şahin,54,Kadın,antalya,Lise,Serbest,41997,740,83,2214,0,2 Yıllık,Kredi Kartı,2018-08-08,3,1,android,0
CUS-100474,475,Zeynep Arslan,47,kadın,antalya,lise,Self-employed,14956,766,94,1358,0,aylik,Otomatik Ödeme,,15,1,Tablet,1
CUS-100421,422,Ayşe Şahin,25,Male,Adana,Lisans,Self-employed,44956,729,37,530,1,aylik,otomatik odeme,2021-07-27,7,0,Tablet,0
CUS-101223,1224,Merve Yılmaz,60,Female,Adana,Ön Lisans,Öğrenci,29158,698,79,1668,2,aylik,EFT,2024-06-15,9,Hayır,android,0
CUS-101000,1001,Ali Şahin,23,Male,,Y. Lisans,Yarı Zamanlı,37049,,60,1352,3,24 AY,Nakit,2020-09-02,3,hayir,Web,0
CUS-100215,216,Elif Arslan,25,Belirtmek istemiyor,Unknown,Lisans,İşsiz,43579,,86,1726,3,2 Yıllık,Banka Havalesi,2024-01-25,6,Evet,android,0
CUS-101790,1791,Zeynep Şahin,33,Belirtmek istemiyor,Adana,Bilinmiyor,Emekli,22137,648,11,1613,1,12 ay,PayPal,2021-05-23,4,EVET,iOS,0
CUS-100963,964,Ali Yılmaz,44,Belirtmek istemiyor,Antalya,Lise,Tam Zamanlı,46743,636,25,,1,aylik,Otomatik Ödeme,2021-06-05,9,Evet,Unknown,0
CUS-101226,1227,Elif Arslan,44,Male,Gaziantep,,Serbest,108944,658,12,2932,1,12 ay,Nakit,2022-09-08,9,Evet,web ,0
CUS-101323,1324,Burak Kurt,32,Diğer,BURSA,Ön Lisans,Self-employed,34104,655,106,2157,2,2 Yıllık,Nakit,,6,1,IOS,0
CUS-101479,1480,Can Demir,42,Kadın,Izmir,Lisans,tam zamanli,31899,634,60,1155,1,2 Yıllık,otomatik odeme,2019-08-14,13,1,web ,0
CUS-101286,1287,Ayşe Demir,38,Female,Izmir,Bilinmiyor,Öğrenci,20924,848,93,1879,2,24 AY,,2018-06-07,4,,IOS,0
CUS-101726,1727,Derya Aydın,30,erkek,Antalya,Doktora,Self-employed,36775,653,58,2401,1,1 Yıllık,Kredi Kartı,2020-10-22,3,0,Android,0
CUS-101231,1232,Emre Arslan,19,Female,Adana,Bilinmiyor,,45860,605,86,3025,2,Taahhütsüz,Banka Havalesi,2019-01-14,14,Yes,Unknown,0
CUS-100790,791,Emre Demir,50,Female,Adana,Lise,Tam Zamanlı,57074,484,81,302,3,Aylık,Otomatik Ödeme,2019-09-28,5,EVET,IOS,1
CUS-101128,1129,Elif Öz,50,Female,ankara ,Yüksek Lisans,Serbest,37771,716,46,1112,0,Taahhütsüz,Nakit,2018-09-17,5,Hayır,Tablet,0
CUS-100797,798,Ali Kaya,58,Kadın,İzmir,,,45508,618,76,2062,0,2 Yıllık,Nakit,2018-02-23,3,Evet,Android,0
CUS-102032,2033,Burak Arslan,27,Erkek,Konya,lisans ,Yarı Zamanlı,27513,587,75,1449,3,1 Yıllık,,2025-01-12,7,0,Tablet,0
CUS-101872,1873,Elif Çelik,46,KADIN,Unknown,Y. Lisans,tam zamanli,39094,657,31,1798,2,2 Yıllık,PayPal,2022-08-28,8,1,Tablet,0
CUS-100392,393,Burak Çelik,41,erkek,Adana,lisans ,Emekli,39630,600,87,,3,,Nakit,2018-09-06,5,hayir,IOS,0
CUS-100530,531,Derya Çelik,30,Male,Gaziantep,Doktora,tam zamanli,37108,505,18,896,1,1 Yıllık,kredi karti,2020-05-11,6,,Unknown,0
CUS-100057,58,Can Arslan,40,KADIN,İstanbul,Ön Lisans,Part-time,32229,721,99,2122,0,12 ay,Otomatik Ödeme,2024-07-02,26,hayir,android,0
CUS-101349,1350,Emre Koç,24,Erkek,Antalya,Doktora,Part-time,19495,599,70,1155,0,1 Yıllık,otomatik odeme,2021-04-10,7,0,Tablet,0
CUS-101242,1243,Mehmet Şahin,22,Diğer,Gaziantep,lise,İşsiz,94124,652,82,1631,5,aylik,otomatik odeme,2023-01-28,27,No,Web,0
CUS-100414,415,Ayşe Öz,20,Kadın,Izmir,Lisans,,25319,651,71,2440,2,Aylık,Otomatik Ödeme,2021-08-24,10,Hayır,android,0
CUS-100453,454,Emre Koç,46,erkek,ankara ,lisans ,Self-employed,,659,118,1714,0,aylik,Banka Havalesi,2021-03-26,6,Hayır,web ,0
CUS-100162,163,Derya Kaya,43,KADIN,Konya,Ön Lisans,tam zamanli,77464,772,106,,1,12 ay,Otomatik Ödeme,2024-02-07,3,0,Android,1
CUS-100074,75,Ali Yılmaz,38,kadın,BURSA,Yüksek Lisans,Self-employed,50035,514,5,,3,12 ay,Nakit,2024-11-15,10,1,web ,0
CUS-101579,1580,Derya Çelik,29,,Gaziantep,lise,Part-time,26160,464,13,2364,4,aylik,Nakit,2020-11-11,4,Yes,android,0
CUS-101417,1418,Ayşe Şahin,45,Belirtmek istemiyor,Antalya,,Part-time,88109,584,4,2669,1,12 ay,kredi karti,2025-07-21,5,,android,0
CUS-101365,1366,Ali Öz,45,Erkek,antalya,,Serbest,22623,746,,2425,0,1 Yıllık,kredi karti,2020-11-10,6,hayir,IOS,0
CUS-100154,155,Zeynep Demir,46,KADIN,istanbul,Lise,Yarı Zamanlı,15915,786,114,1059,1,Aylık,Otomatik Ödeme,2022-02-10,,Hayır,android,0
CUS-101747,1748,Emre Demir,63,Belirtmek istemiyor,ISTANBUL,lise,Self-employed,,567,11,1658,0,,otomatik odeme,2025-06-08,3,1,android,0
CUS-101576,1577,Merve Demir,61,Erkek,antalya,Y. Lisans,Öğrenci,77952,554,15,159,45,2 Yıllık,Kredi Kartı,2018-03-14,5,0,IOS,1
CUS-100320,321,Elif Yılmaz,47,Diğer,Adana,,Self-employed,14665,566,88,1977,0,24 AY,Kredi Kartı,2024-11-16,20,0,web ,0
CUS-101695,1696,Zeynep Çelik,35,Kadın,Gaziantep,Lisans,Öğrenci,28565,735,81,2146,1,aylik,Nakit,2022-06-19,7,Hayır,Android,0
CUS-100054,55,Zeynep Kaya,10,Erkek,ISTANBUL,Lise,Tam Zamanlı,36192,624,37,289,0,24 AY,Otomatik Ödeme,2022-02-20,3,No,android,0
CUS-102040,2041,Derya Koç,30,KADIN,Izmir,Bilinmiyor,Serbest,56072,672,93,875,0,12 ay,PayPal,2019-10-27,3,EVET,Web,0
CUS-100330,331,Elif Kurt,35,kadın,ankara ,Yüksek Lisans,Self-employed,61758,559,88,1466,0,Taahhütsüz,Otomatik Ödeme,2025-07-13,8,EVET,Unknown,0
CUS-100052,53,Ayşe Öz,43,Female,Unknown,Ön Lisans,İşsiz,156893,662,93,697,,aylik,PayPal,2020-02-20,14,Yes,Unknown,0
CUS-101041,1042,Emre Şahin,38,Female,Konya,Yüksek Lisans,tam zamanli,69186,631,88,1667,0,aylik,Otomatik Ödeme,2017-02-08,4,No,iOS,0
CUS-100372,373,Ayşe Çelik,31,erkek,Gaziantep,Yüksek Lisans,tam zamanli,16738,635,61,2194,0,24 AY,EFT,2024-07-27,3,EVET,IOS,0
CUS-101881,1882,Mehmet Çelik,44,Erkek,Konya,Y. Lisans,,33959,437,8,1540,2,aylik,EFT,2020-12-26,4,,IOS,0
CUS-100477,478,Elif Şahin,39,KADIN,ISTANBUL,Yüksek Lisans,Self-employed,112558,577,56,555,0,Aylık,EFT,2025-08-22,5,EVET,android,0
CUS-101106,1107,Merve Aydın,28,kadın,Antalya,Y. Lisans,tam zamanli,,543,38,3269,2,2 Yıllık,EFT,2021-02-05,30,No,IOS,0
CUS-101828,1829,Can Kaya,42,Female,Bursa,Yüksek Lisans,Öğrenci,25864,603,25,1424,2,12 ay,EFT,2025-03-19,10,Evet,Tablet,0
CUS-101073,1074,Ayşe Demir,40,Erkek,İzmir,Yüksek Lisans,Tam Zamanlı,49177,592,105,50,0,1 Yıllık,PayPal,2019-11-18,15,hayir,android,0
CUS-101786,1787,Ayşe Şahin,68,kadın,İzmir,Doktora,Öğrenci,93851,603,56,1950,3,12 ay,PayPal,2023-09-16,5,,Web,0
CUS-100881,882,Emre Kaya,44,KADIN,Ankara,Ön Lisans,Self-employed,47291,562,77,952,4,aylik,otomatik odeme,2017-01-01,10,Evet,Web,0
CUS-102091,2092,Ali Kaya,45,KADIN,ankara ,lisans ,Öğrenci,39478,773,121,1714,0,Aylık,Otomatik Ödeme,2019-09-23,6,hayir,IOS,0
CUS-102158,2159,Emre Demir,45,Belirtmek istemiyor,Gaziantep,Bilinmiyor,tam zamanli,25892,797,5,1759,1,2 Yıllık,Otomatik Ödeme,2024-07-05,12,hayir,web ,0
CUS-100538,539,Elif Arslan,47,Male,Izmir,Yüksek Lisans,İşsiz,13732,807,7,2431,0,Taahhütsüz,,2017-07-01,5,hayir,iOS,0
CUS-101512,1513,Mehmet Şahin,42,Female,Gaziantep,Lise,Yarı Zamanlı,15010,551,9,,1,1 Yıllık,EFT,2023-03-20,12,,iOS,0
CUS-100801,802,Burak Öz,13,Belirtmek istemiyor,İstanbul,Bilinmiyor,tam zamanli,72287,791,36,1153,1,Taahhütsüz,PayPal,2021-02-06,30,EVET,,0
CUS-101298,1299,Burak Şahin,61,Belirtmek istemiyor,Konya,lisans ,Part-time,83146,689,32,1842,3,12 ay,,2024-04-10,9,hayir,IOS,1
CUS-100035,36,Ali Kurt,47,Belirtmek istemiyor,İzmir,lisans ,,,581,77,2122,3,1 Yıllık,otomatik odeme,2017-09-02,4,0,Android,0
CUS-101718,1719,Mehmet Çelik,36,Kadın,Konya,Lise,Emekli,27184,572,51,2447,0,,Kredi Kartı,2019-06-03,7,hayir,Web,0
CUS-101816,1817,Derya Aydın,36,kadın,Konya,lise,,,,80,1900,4,,otomatik odeme,2025-12-18,6,Evet,Web,0
CUS-100110,111,Ayşe Koç,26,kadın,Ankara,Doktora,Part-time,25144,520,90,1813,2,1 Yıllık,kredi karti,2025-11-13,9,Evet,Unknown,0
CUS-100580,581,Merve Şahin,42,Kadın,Adana,Y. Lisans,Öğrenci,21671,664,79,1401,1,1 Yıllık,PayPal,2025-04-17,6,Evet,IOS,0
CUS-100666,667,Mehmet Öz,38,KADIN,Ankara,Lise,Serbest,128565,614,111,568,0,aylik,otomatik odeme,2022-06-22,3,0,IOS,0
CUS-100160,161,Zeynep Çelik,45,erkek,Adana,Y. Lisans,Serbest,,665,49,1896,0,Taahhütsüz,,2022-09-23,10,0,Android,0
CUS-100210,211,Burak Çelik,52,Female,Ankara,Y. Lisans,İşsiz,41373,737,96,748,0,2 Yıllık,PayPal,2018-09-11,4,No,android,0
CUS-101863,1864,Emre Kurt,33,kadın,Gaziantep,Yüksek Lisans,Emekli,25562,782,56,2231,1,1 Yıllık,PayPal,2019-06-10,13,hayir,Android,0
CUS-100069,70,Can Öz,35,Male,Adana,lisans ,Part-time,41058,495,121,326,2,24 AY,kredi karti,2021-09-20,23,Evet,IOS,0
CUS-100879,880,Mehmet Aydın,25,Erkek,Adana,Bilinmiyor,Tam Zamanlı,22072,530,84,1725,2,2 Yıllık,otomatik odeme,2022-10-19,3,Yes,web ,0
CUS-100885,886,Elif Yılmaz,23,kadın,antalya,Ön Lisans,tam zamanli,30860,830,20,1056,2,2 Yıllık,Nakit,2021-12-27,1,EVET,Unknown,0
CUS-101836,1837,Ayşe Yılmaz,,kadın,istanbul,Y. Lisans,Emekli,25493,719,46,356,0,2 Yıllık,PayPal,2023-01-27,11,Yes,web ,0
CUS-100064,65,Mehmet Aydın,54,erkek,,Lisans,Part-time,38789,692,115,,2,aylik,PayPal,2017-03-15,7,,Unknown,0
CUS-102038,2039,Ayşe Koç,46,Erkek,Konya,Yüksek Lisans,Part-time,47650,608,80,488,0,Aylık,Otomatik Ödeme,2024-07-25,4,Evet,Android,0
CUS-101340,1341,Emre Arslan,42,erkek,Bursa,Yüksek Lisans,Yarı Zamanlı,8961,543,45,3062,2,Aylık,Nakit,2025-08-01,5,0,iOS,0
CUS-100316,317,Derya Aydın,31,Erkek,Konya,lise,Öğrenci,42684,591,119,1535,2,2 Yıllık,Kredi Kartı,,,Yes,Web,0
CUS-100209,210,Can Koç,47,Male,İzmir,Doktora,Öğrenci,22237,675,2,1681,2,1 Yıllık,,2021-03-25,4,No,Web,0
CUS-101631,1632,Burak Kaya,33,Belirtmek istemiyor,İzmir,Yüksek Lisans,,45194,576,28,1384,1,Aylık,otomatik odeme,2024-11-02,7,hayir,iOS,1
CUS-100071,72,Derya Çelik,9,Belirtmek istemiyor,Bursa,Y. Lisans,Tam Zamanlı,35230,686,63,535,3,24 AY,Nakit,2021-03-09,12,Yes,Unknown,0
CUS-101236,1237,Can Öz,52,Belirtmek istemiyor,İzmir,lisans ,Öğrenci,24630,525,51,1599,1,2 Yıllık,Nakit,2020-06-16,9,hayir,Unknown,0
CUS-101819,1820,Mehmet Şahin,32,Male,İstanbul,lise,tam zamanli,73797,683,29,836,0,12 ay,Banka Havalesi,2017-06-08,8,Hayır,web ,0
CUS-101842,1843,Zeynep Öz,28,kadın,,lise,Tam Zamanlı,74003,672,78,925,2,Aylık,Banka Havalesi,2022-08-10,9,No,Unknown,0
CUS-101875,1876,Elif Kurt,39,Diğer,Izmir,Yüksek Lisans,İşsiz,14998,661,115,951,1,24 AY,PayPal,,10,,IOS,0
CUS-100594,595,Can Kaya,50,erkek,Gaziantep,Yüksek Lisans,Yarı Zamanlı,,551,82,1571,1,Taahhütsüz,Otomatik Ödeme,2017-01-21,7,Evet,Web,0
CUS-100302,303,Can Koç,45,Female,Adana,Lisans,İşsiz,12286,768,108,1632,3,,Banka Havalesi,2019-07-18,1,EVET,,0
CUS-100145,146,Ali Yılmaz,27,Male,Antalya,Bilinmiyor,tam zamanli,51249,677,59,959,0,1 Yıllık,Nakit,2022-02-10,1,1,web ,0
CUS-101616,1617,Can Demir,53,erkek,istanbul,Bilinmiyor,tam zamanli,78639,636,79,1595,1,2 Yıllık,Banka Havalesi,2017-11-18,16,Evet,iOS,0
CUS-100060,61,Emre Kurt,47,Erkek,Unknown,Lise,tam zamanli,156089,639,30,1155,3,24 AY,Banka Havalesi,2022-07-21,5,Yes,web ,0
CUS-100496,497,Can Kurt,14,kadın,Unknown,Y. Lisans,Part-time,49210,726,93,1418,2,Taahhütsüz,PayPal,2022-09-23,7,,Web,1
CUS-101990,1991,Ali Aydın,31,kadın,Bursa,Y. Lisans,,28868,656,18,247,3,aylik,,2018-04-15,29,0,web ,0
CUS-101175,1176,Ali Kaya,29,Male,Ankara,lise,Part-time,72996,698,,2236,2,aylik,,2020-08-18,5,0,iOS,0
CUS-102042,2043,Emre Arslan,27,Diğer,antalya,Lise,Emekli,114747,557,102,1863,1,2 Yıllık,Kredi Kartı,2023-12-18,24,0,Unknown,0
CUS-100693,694,Zeynep Kurt,23,Belirtmek istemiyor,Antalya,Doktora,Tam Zamanlı,73739,,29,1472,3,1 Yıllık,Kredi Kartı,2017-11-07,8,Yes,android,0
CUS-100595,596,Zeynep Demir,38,Erkek,Adana,Y. Lisans,Serbest,8891,626,58,183,0,12 ay,Nakit,2018-12-06,4,0,Android,0
CUS-101844,1845,Emre Şahin,29,Kadın,BURSA,Y. Lisans,,23922,724,106,2824,1,12 ay,Kredi Kartı,2025-01-16,4,1,Web,0
CUS-101683,1684,Burak Şahin,43,Erkek,Izmir,,Tam Zamanlı,32193,775,114,1112,0,12 ay,PayPal,,2,EVET,android,0
CUS-101166,1167,Burak Aydın,0,Belirtmek istemiyor,BURSA,Yüksek Lisans,Part-time,61669,741,87,1844,1,2 Yıllık,Nakit,2017-07-08,5,1,Tablet,0
CUS-102041,2042,Ayşe Arslan,6,KADIN,Konya,lisans ,Tam Zamanlı,46347,713,107,2613,2,aylik,otomatik odeme,,6,No,android,0
CUS-101566,1567,Derya Öz,49,erkek,Gaziantep,lise,İşsiz,33248,600,64,853,4,24 AY,Banka Havalesi,2023-06-25,8,hayir,Android,0
CUS-100126,127,Elif Arslan,37,Belirtmek istemiyor,istanbul,lisans ,İşsiz,58436,786,42,1307,0,Aylık,otomatik odeme,2025-01-21,4,No,android,0
CUS-100132,133,Elif Arslan,60,Erkek,ISTANBUL,,İşsiz,49849,550,15,1699,2,Taahhütsüz,PayPal,2019-12-08,5,No,iOS,1
CUS-100068,69,Elif Kaya,33,KADIN,Konya,Y. Lisans,Serbest,83142,567,109,,0,aylik,otomatik odeme,2020-09-07,6,,IOS,0
CUS-101858,1859,Mehmet Öz,25,Belirtmek istemiyor,İzmir,Y. Lisans,,35715,804,119,1899,0,24 AY,Nakit,2025-07-11,3,1,Android,0
CUS-101809,1810,Merve Koç,22,kadın,İstanbul,Lisans,Öğrenci,88066,,62,1155,0,2 Yıllık,kredi karti,2017-11-04,5,Hayır,IOS,0
CUS-101740,1741,Elif Öz,33,Belirtmek istemiyor,ISTANBUL,Lise,Self-employed,100076,595,119,808,0,1 Yıllık,Otomatik Ödeme,2017-04-22,1,Yes,Unknown,0
CUS-101329,1330,Can Koç,41,Belirtmek istemiyor,antalya,lisans ,tam zamanli,36256,651,41,652,4,2 Yıllık,otomatik odeme,2022-07-22,0,No,Tablet,0
CUS-101692,1693,Derya Çelik,36,Diğer,Izmir,Y. Lisans,Self-employed,,627,94,1357,4,12 ay,Nakit,2018-11-03,1,0,iOS,1
CUS-100669,670,Derya Demir,15,Kadın,,Doktora,Emekli,55995,625,,1544,2,12 ay,otomatik odeme,2022-01-07,4,No,IOS,0
CUS-100487,488,Derya Arslan,43,Belirtmek istemiyor,İzmir,,İşsiz,26102,611,34,1015,2,1 Yıllık,PayPal,2025-05-24,11,hayir,Tablet,0
CUS-100343,344,Can Çelik,55,Diğer,Bursa,Y. Lisans,Serbest,27039,713,35,2736,1,Taahhütsüz,PayPal,2018-02-18,6,,Unknown,0
CUS-101665,1666,Ayşe Koç,66,Female,Adana,Ön Lisans,Öğrenci,15416,527,101,592,0,24 AY,,2024-02-21,4,Hayır,android,0
CUS-100011,12,Merve Öz,30,kadın,ankara ,Lisans,İşsiz,54601,612,50,1611,2,,Banka Havalesi,2023-02-12,2,hayir,Android,0
CUS-101204,1205,Ayşe Şahin,40,erkek,ISTANBUL,Doktora,tam zamanli,34731,779,113,1231,2,12 ay,Otomatik Ödeme,2024-11-14,,Yes,Android,0
CUS-100273,274,Emre Yılmaz,15,Erkek,Adana,lise,Tam Zamanlı,31949,588,10,902,2,aylik,EFT,2024-04-02,9,1,web ,0
CUS-102095,2096,Derya Aydın,31,Erkek,Gaziantep,Ön Lisans,İşsiz,75197,,98,2600,3,Taahhütsüz,EFT,2022-07-26,1,1,IOS,0
CUS-100329,330,Derya Aydın,52,Erkek,ISTANBUL,Lisans,Serbest,55270,548,37,2734,2,aylik,EFT,2020-07-04,7,0,android,0
CUS-102026,2027,Ayşe Demir,32,Erkek,Konya,Y. Lisans,Tam Zamanlı,68370,819,56,2345,2,aylik,Kredi Kartı,2023-06-02,3,0,Android,0
CUS-101866,1867,Burak Yılmaz,25,erkek,Ankara,lisans ,tam zamanli,35553,531,112,2008,0,24 AY,Banka Havalesi,2024-08-01,13,Evet,iOS,0
CUS-100359,360,Ali Şahin,46,Male,,lise,,51349,657,14,1175,0,aylik,Banka Havalesi,2024-07-12,7,Hayır,Web,0
CUS-100251,252,Ayşe Yılmaz,32,KADIN,Izmir,Ön Lisans,Emekli,41495,597,3,,2,12 ay,Otomatik Ödeme,2022-06-12,,Hayır,Unknown,0
CUS-101292,1293,Ayşe Kurt,44,Male,Adana,lise,,50862,396,74,1547,1,24 AY,Nakit,2025-06-11,1,hayir,,0
CUS-100817,818,Derya Kurt,52,kadın,,lisans ,,38359,738,19,2040,3,1 Yıllık,EFT,2021-06-16,9,No,IOS,0
CUS-101074,1075,Derya Demir,56,Kadın,ankara ,Bilinmiyor,Part-time,55114,747,29,2358,1,Aylık,kredi karti,2019-06-01,13,,Unknown,0
CUS-100358,359,Ali Arslan,48,erkek,İstanbul,Lisans,Öğrenci,36799,721,98,728,3,24 AY,Banka Havalesi,2022-03-06,4,hayir,web ,0
CUS-102097,2098,Mehmet Kurt,13,Erkek,Izmir,Lisans,Yarı Zamanlı,22757,680,46,1640,0,aylik,PayPal,2021-06-07,3,Yes,Unknown,0
CUS-100902,903,Elif Koç,38,KADIN,Unknown,,Yarı Zamanlı,13346,579,24,1390,0,Aylık,otomatik odeme,2020-08-13,28,1,Web,0
CUS-102142,2143,Ayşe Şahin,45,KADIN,İstanbul,Bilinmiyor,Öğrenci,,647,77,894,1,24 AY,kredi karti,2018-06-25,,1,Unknown,0
CUS-101603,1604,Ali Aydın,47,Male,Ankara,Lise,İşsiz,55479,674,73,1765,0,1 Yıllık,EFT,2023-08-15,8,Hayır,iOS,0
CUS-101753,1754,Ali Aydın,32,erkek,istanbul,Bilinmiyor,Tam Zamanlı,27528,593,44,1437,0,1 Yıllık,Nakit,2021-03-28,6,0,Android,0
CUS-101895,1896,Emre Kaya,47,Kadın,Ankara,Bilinmiyor,Self-employed,48388,530,113,1062,3,Taahhütsüz,Kredi Kartı,2023-11-11,0,1,Android,0
CUS-100221,222,Burak Kaya,53,Male,istanbul,,Tam Zamanlı,39514,658,103,1693,0,2 Yıllık,Nakit,2021-12-13,,Hayır,Web,0
CUS-100348,349,Zeynep Şahin,28,Belirtmek istemiyor,Adana,Doktora,Öğrenci,36988,719,,2343,1,2 Yıllık,kredi karti,2023-07-25,4,1,Web,0
CUS-102007,2008,Ali Kaya,54,kadın,Unknown,lise,,15193,595,114,2427,2,24 AY,Banka Havalesi,2025-03-14,11,Yes,Web,0
CUS-101516,1517,Elif Çelik,56,Kadın,Bursa,Yüksek Lisans,Yarı Zamanlı,79718,537,75,1845,0,2 Yıllık,Kredi Kartı,2018-01-10,2,Evet,iOS,0
CUS-100185,186,Ali Kurt,17,Female,BURSA,Ön Lisans,Self-employed,61523,469,30,1408,0,aylik,Banka Havalesi,2019-05-23,3,Evet,Web,0
CUS-101835,1836,Burak Öz,50,Male,Bursa,Ön Lisans,Öğrenci,58454,595,73,1315,2,aylik,Kredi Kartı,2018-07-04,,No,iOS,0
CUS-101091,1092,Emre Aydın,28,Belirtmek istemiyor,Adana,lise,Serbest,47307,726,104,1221,2,24 AY,PayPal,2021-10-03,10,Evet,android,0
CUS-101412,1413,Ali Yılmaz,37,,istanbul,Doktora,Self-employed,,589,105,790,3,12 ay,EFT,2024-11-04,,EVET,web ,0
CUS-100941,942,Ayşe Demir,39,Female,Bursa,Y. Lisans,Öğrenci,65650,705,121,1405,0,aylik,Nakit,2022-09-14,11,0,iOS,0
CUS-101600,1601,Can Yılmaz,33,KADIN,Konya,Ön Lisans,Serbest,26922,535,63,711,,1 Yıllık,EFT,2025-06-12,23,EVET,Unknown,0
CUS-102125,2126,Merve Çelik,58,Belirtmek istemiyor,Bursa,Doktora,Öğrenci,31462,658,88,1426,1,,kredi karti,2018-02-13,12,Hayır,Android,0
CUS-102152,2153,Emre Kurt,67,Belirtmek istemiyor,ISTANBUL,Bilinmiyor,Self-employed,60703,711,61,2164,2,,otomatik odeme,2024-10-23,2,EVET,android,0
CUS-101852,1853,Mehmet Şahin,60,Diğer,Bursa,Lise,İşsiz,97781,750,82,1460,0,aylik,EFT,2020-09-17,6,EVET,Tablet,0
CUS-100997,998,Elif Çelik,32,Kadın,Konya,Lisans,tam zamanli,47667,659,10,1579,2,aylik,otomatik odeme,2021-09-15,15,EVET,web ,1
CUS-101571,1572,Mehmet Koç,66,Male,,Lisans,İşsiz,28703,299,109,1525,2,12 ay,otomatik odeme,2020-06-06,14,Hayır,Tablet,0
CUS-100600,601,Mehmet Şahin,20,Diğer,ISTANBUL,Doktora,tam zamanli,39039,685,0,,3,12 ay,Banka Havalesi,2024-09-26,10,Evet,IOS,0
CUS-101161,1162,Mehmet Şahin,15,KADIN,Adana,lisans ,Self-employed,43006,601,1,1830,0,Aylık,Otomatik Ödeme,2023-04-06,4,No,Android,0
CUS-100019,20,Elif Çelik,13,erkek,ankara ,,Tam Zamanlı,68256,697,103,1713,0,12 ay,Nakit,2023-08-04,5,1,Android,0
CUS-101409,1410,Zeynep Şahin,40,Erkek,Unknown,Ön Lisans,tam zamanli,49060,748,46,1597,2,1 Yıllık,Nakit,2020-09-01,14,EVET,web ,0
CUS-100410,411,Merve Kaya,43,Female,Unknown,lisans ,tam zamanli,53107,785,12,2168,3,Taahhütsüz,EFT,2025-07-20,8,Yes,android,1
CUS-100449,450,Elif Öz,33,Belirtmek istemiyor,Izmir,,Emekli,43708,634,62,2081,2,2 Yıllık,kredi karti,2017-10-22,8,hayir,Unknown,0
CUS-101822,1823,Derya Kurt,44,kadın,Antalya,Lisans,Öğrenci,41089,381,110,1887,0,24 AY,Otomatik Ödeme,2017-10-10,7,1,Android,0
CUS-100424,425,Emre Koç,36,erkek,,Yüksek Lisans,Yarı Zamanlı,78639,678,89,1010,0,Taahhütsüz,EFT,2023-05-17,2,No,web ,0
CUS-100187,188,Ali Çelik,35,Male,Konya,Doktora,Öğrenci,48942,665,80,1715,4,aylik,otomatik odeme,2019-11-22,6,No,web ,0
CUS-102103,2104,Derya Şahin,18,Belirtmek istemiyor,BURSA,Bilinmiyor,İşsiz,20080,639,4,1647,0,12 ay,kredi karti,2018-05-25,9,No,android,0
CUS-101465,1466,Zeynep Çelik,45,Erkek,istanbul,Yüksek Lisans,tam zamanli,37409,729,52,819,1,24 AY,otomatik odeme,,4,No,Android,0
CUS-101172,1173,Derya Demir,28,Diğer,İstanbul,Y. Lisans,Tam Zamanlı,36765,726,119,1043,1,12 ay,Otomatik Ödeme,2019-05-28,5,,IOS,0
CUS-101309,1310,Can Şahin,21,,Adana,Y. Lisans,Part-time,121735,567,44,1908,3,24 AY,Banka Havalesi,2017-08-19,7,1,Android,0
CUS-101766,1767,Zeynep Demir,35,Kadın,ankara ,Bilinmiyor,Öğrenci,48323,719,26,2139,0,Aylık,Banka Havalesi,2017-05-18,3,EVET,Tablet,0
CUS-100283,284,Elif Demir,45,Diğer,,Bilinmiyor,Öğrenci,62976,625,58,140,0,24 AY,Kredi Kartı,2018-06-15,8,Evet,Tablet,0
CUS-100585,586,Derya Kurt,14,erkek,Gaziantep,Ön Lisans,İşsiz,52782,,103,1646,0,24 AY,PayPal,2025-06-16,7,hayir,android,0
CUS-100080,81,Elif Yılmaz,42,Female,İstanbul,Yüksek Lisans,Part-time,56024,723,111,2071,1,2 Yıllık,Otomatik Ödeme,2021-11-05,11,hayir,Unknown,0
CUS-101466,1467,Zeynep Koç,29,erkek,İzmir,Lisans,Tam Zamanlı,59736,749,4,2097,1,Taahhütsüz,Kredi Kartı,2021-09-24,2,Hayır,Tablet,1
CUS-100323,324,Mehmet Öz,27,Male,BURSA,Lisans,Öğrenci,27401,650,85,1100,2,,Nakit,2021-12-27,6,Hayır,web ,0
CUS-101969,1970,Emre Yılmaz,64,KADIN,antalya,Doktora,tam zamanli,26797,651,38,1013,4,12 ay,PayPal,2018-06-24,15,No,android,0
CUS-100567,568,Ali Kurt,43,KADIN,İzmir,lisans ,Emekli,28890,,120,2364,4,24 AY,PayPal,2018-12-24,8,0,android,0
CUS-100678,679,Merve Şahin,28,Female,İstanbul,Bilinmiyor,İşsiz,77997,672,65,2146,0,1 Yıllık,EFT,2023-06-02,3,EVET,web ,0
CUS-100921,922,Can Kurt,33,Female,antalya,Bilinmiyor,,26995,763,57,1773,1,2 Yıllık,Otomatik Ödeme,2025-05-24,15,Evet,iOS,0
CUS-100325,326,Can Yılmaz,37,Diğer,Izmir,Doktora,İşsiz,32390,746,11,50,5,2 Yıllık,Kredi Kartı,2017-05-04,2,0,Tablet,0
CUS-100149,150,Zeynep Aydın,31,kadın,Adana,Bilinmiyor,,38710,512,77,2250,2,24 AY,EFT,2017-07-11,10,Evet,android,0
CUS-101380,1381,Emre Yılmaz,47,Erkek,,Bilinmiyor,Part-time,18458,610,64,1072,1,,Nakit,2019-08-11,8,Hayır,Tablet,0
CUS-100026,27,Ali Şahin,40,Erkek,Unknown,lisans ,Emekli,40151,600,92,372,,aylik,EFT,,4,No,android,0
CUS-101919,1920,Burak Arslan,43,KADIN,Konya,lise,Yarı Zamanlı,43183,464,49,2163,3,aylik,Kredi Kartı,2018-09-23,2,Yes,iOS,0
CUS-100887,888,Zeynep Öz,27,kadın,Gaziantep,lisans ,tam zamanli,35500,642,92,2259,3,Taahhütsüz,otomatik odeme,2023-09-22,6,No,iOS,0
CUS-101263,1264,Ali Kurt,16,Belirtmek istemiyor,Adana,Y. Lisans,Serbest,45802,593,22,1528,1,1 Yıllık,otomatik odeme,2017-03-17,5,Evet,Web,0
CUS-101322,1323,Ayşe Çelik,32,Male,antalya,Doktora,Emekli,,732,86,1375,7,Aylık,Otomatik Ödeme,2018-06-15,2,,web ,0
CUS-101238,1239,Elif Kaya,24,KADIN,Gaziantep,lisans ,İşsiz,25664,733,60,1105,0,,otomatik odeme,2022-10-15,11,0,web ,0
CUS-101965,1966,Merve Yılmaz,31,KADIN,Konya,lise,Emekli,71069,940,33,2168,3,2 Yıllık,Otomatik Ödeme,not_a_date,11,No,Android,0
CUS-100985,986,Ali Öz,15,KADIN,antalya,Lise,Yarı Zamanlı,52846,644,111,854,120,Taahhütsüz,PayPal,2025-10-20,3,0,iOS,1
CUS-101619,1620,Can Çelik,39,kadın,,lisans ,Öğrenci,22139,,19,481,4,24 AY,Banka Havalesi,2023-03-21,8,0,android,0
CUS-100480,481,Elif Şahin,23,Belirtmek istemiyor,BURSA,Y. Lisans,Öğrenci,73207,676,28,1939,1,Taahhütsüz,otomatik odeme,2022-04-10,19,0,iOS,0
CUS-100554,555,Merve Demir,31,kadın,istanbul,Ön Lisans,Öğrenci,20077,754,110,1599,0,Aylık,Otomatik Ödeme,2025-01-28,4,hayir,Android,0
CUS-100335,336,Ali Demir,43,Erkek,Gaziantep,Doktora,Emekli,80034,415,68,1387,3,aylik,otomatik odeme,2018-07-18,10,1,Tablet,0
CUS-100656,657,Emre Yılmaz,28,Diğer,BURSA,Doktora,Tam Zamanlı,19774,679,41,1854,5,24 AY,kredi karti,2024-10-04,,,IOS,0
CUS-100328,329,Burak Arslan,18,kadın,antalya,Doktora,İşsiz,135989,782,60,848,0,Aylık,otomatik odeme,2018-09-12,6,Hayır,web ,0
CUS-102119,2120,Mehmet Çelik,46,kadın,İzmir,Lise,Self-employed,61282,9999,57,2305,0,2 Yıllık,kredi karti,2020-08-26,4,Yes,iOS,0
CUS-101296,1297,Ali Koç,33,kadın,Adana,lisans ,Öğrenci,53073,673,5,2071,2,Aylık,,2025-05-07,1,No,Unknown,0
CUS-100684,685,Zeynep Çelik,45,KADIN,İstanbul,Lisans,tam zamanli,42361,668,59,1777,1,aylik,PayPal,2019-12-20,8,1,Tablet,0
CUS-102010,2011,Zeynep Şahin,24,kadın,istanbul,lise,Öğrenci,73886,886,85,622,0,24 AY,EFT,2022-12-10,3,Evet,IOS,0
CUS-100838,839,Elif Kurt,31,Erkek,Gaziantep,Doktora,Serbest,17883,745,25,2434,2,24 AY,EFT,2024-12-05,3,No,iOS,0
CUS-100138,139,Merve Kaya,36,Male,Unknown,Y. Lisans,Serbest,67224,450,92,2066,0,Taahhütsüz,otomatik odeme,,16,,Tablet,0
CUS-100004,5,Ayşe Koç,32,Diğer,Konya,Lise,İşsiz,47577,643,116,1842,0,12 ay,PayPal,2024-11-22,5,Yes,android,0
CUS-100075,76,Elif Koç,53,Erkek,Antalya,Yüksek Lisans,Öğrenci,81872,483,76,1334,2,aylik,Kredi Kartı,2022-03-12,6,0,Android,0
CUS-101481,1482,Merve Şahin,59,KADIN,Antalya,Lise,Part-time,78891,567,17,584,0,12 ay,,2022-08-05,11,1,web ,1
CUS-100527,528,Emre Kurt,13,Male,Unknown,Yüksek Lisans,Self-employed,34788,597,17,242,0,Aylık,PayPal,2020-07-08,2,Hayır,web ,0
CUS-102085,2086,Merve Çelik,27,Kadın,Bursa,Doktora,Öğrenci,55573,646,108,1393,1,aylik,,2024-11-01,7,1,IOS,0
CUS-102043,2044,Ayşe Kaya,34,Diğer,BURSA,lisans ,tam zamanli,72309,709,102,1118,1,2 Yıllık,EFT,2018-12-13,,Evet,IOS,0
CUS-101739,1740,Burak Arslan,31,Kadın,Adana,Doktora,Yarı Zamanlı,37325,733,114,1590,3,Taahhütsüz,EFT,2025-08-10,6,Hayır,Tablet,0
CUS-100967,968,Burak Arslan,38,Kadın,antalya,Bilinmiyor,Öğrenci,27527,836,94,1488,0,aylik,Banka Havalesi,2022-01-23,3,No,IOS,0
CUS-100350,351,Ali Demir,26,erkek,,Y. Lisans,,35467,542,21,50,2,aylik,Nakit,2022-10-19,25,0,Android,0
CUS-101114,1115,Mehmet Yılmaz,12,Erkek,antalya,Lisans,tam zamanli,32113,618,27,1665,1,24 AY,Banka Havalesi,2019-10-01,6,0,IOS,0
CUS-100758,759,Ayşe Şahin,38,Male,İzmir,Lisans,tam zamanli,23879,806,,2300,3,Aylık,kredi karti,2023-06-17,9,1,Web,0
CUS-101970,1971,Ayşe Kurt,40,Female,ankara ,Ön Lisans,İşsiz,21544,694,90,,78,aylik,kredi karti,2025-08-22,5,Evet,iOS,1
CUS-101987,1988,Can Şahin,39,Erkek,Antalya,Bilinmiyor,Emekli,103203,655,71,668,1,24 AY,Banka Havalesi,2025-11-10,9,,iOS,0
CUS-100729,730,Mehmet Öz,,,Konya,Ön Lisans,Öğrenci,56206,594,71,1522,4,Aylık,Otomatik Ödeme,2018-08-13,4,Evet,Web,0
CUS-100611,612,Mehmet Şahin,55,Belirtmek istemiyor,Izmir,Yüksek Lisans,Öğrenci,23270,360,59,166,0,24 AY,kredi karti,2024-02-13,6,0,web ,0
CUS-101181,1182,Emre Demir,48,KADIN,Gaziantep,lisans ,İşsiz,64627,517,18,983,0,24 AY,kredi karti,2025-05-09,16,,,0
CUS-100555,556,Zeynep Çelik,39,Male,Adana,Lise,Öğrenci,49552,912,106,,2,1 Yıllık,,2017-03-20,21,No,android,0
CUS-101499,1500,Ali Öz,35,Female,İstanbul,Lisans,İşsiz,59647,554,92,3054,0,Aylık,PayPal,2022-02-15,7,Yes,Web,0
CUS-100884,885,Derya Demir,28,erkek,Unknown,,Part-time,35121,581,81,231,2,24 AY,kredi karti,2024-05-02,12,Yes,web ,0
CUS-101404,1405,Ayşe Demir,35,Male,İzmir,lisans ,Self-employed,75084,717,23,1843,4,2 Yıllık,otomatik odeme,2017-07-28,10,hayir,Android,0
CUS-100626,627,Merve Şahin,37,Female,istanbul,Doktora,Tam Zamanlı,24793,690,112,2394,,,,2017-10-19,3,0,IOS,0
CUS-101953,1954,Emre Aydın,30,Male,Unknown,Doktora,Self-employed,32794,681,20,2723,1,2 Yıllık,kredi karti,2018-08-01,15,Hayır,iOS,0
CUS-101536,1537,Ayşe Öz,30,Diğer,Bursa,,İşsiz,67246,601,92,465,1,Aylık,kredi karti,2022-06-16,,No,Web,0
CUS-101132,1133,Can Şahin,51,Belirtmek istemiyor,İstanbul,Yüksek Lisans,Yarı Zamanlı,,472,56,1836,2,Taahhütsüz,PayPal,,4,EVET,,0
CUS-100452,453,Emre Kurt,46,Male,ankara ,Bilinmiyor,Part-time,104972,513,63,1504,0,2 Yıllık,otomatik odeme,2020-04-01,5,0,Tablet,0
CUS-101289,1290,Burak Öz,51,,Adana,Lisans,Part-time,62303,727,29,879,0,24 AY,otomatik odeme,2018-11-13,7,No,Unknown,0
CUS-101540,1541,Ali Kaya,27,Kadın,İzmir,Yüksek Lisans,Serbest,37908,701,23,50,3,2 Yıllık,Otomatik Ödeme,2021-09-10,8,EVET,android,0
CUS-100829,830,Mehmet Arslan,34,Erkek,Izmir,lise,Self-employed,28474,735,,754,2,aylik,PayPal,2021-02-27,7,0,Android,0
CUS-101782,1783,Elif Aydın,43,Female,ISTANBUL,Doktora,Tam Zamanlı,28160,662,7,581,2,1 Yıllık,EFT,2024-09-11,4,0,Web,0
CUS-100644,645,Zeynep Kurt,27,Kadın,İzmir,,Self-employed,94520,682,2,1534,2,Aylık,Kredi Kartı,2020-03-23,22,No,Unknown,0
CUS-100470,471,Mehmet Yılmaz,29,,ankara ,Lise,Part-time,64906,649,109,742,0,Aylık,Nakit,2025-08-20,5,hayir,IOS,0
CUS-101089,1090,Burak Çelik,12,kadın,İzmir,Yüksek Lisans,Öğrenci,53709,580,34,1509,2,,Banka Havalesi,2017-02-27,4,0,Unknown,0
CUS-100590,591,Zeynep Aydın,50,Belirtmek istemiyor,İstanbul,Ön Lisans,Self-employed,46710,718,1,1774,1,Aylık,PayPal,2017-02-21,5,No,Tablet,0
CUS-101798,1799,Mehmet Şahin,60,Diğer,ISTANBUL,Y. Lisans,Tam Zamanlı,50997,600,,607,2,Taahhütsüz,PayPal,2024-11-14,21,1,Tablet,1
CUS-100602,603,Ayşe Çelik,31,Belirtmek istemiyor,BURSA,Lise,Öğrenci,40874,560,81,895,0,Aylık,,2025-08-13,8,0,Tablet,0
CUS-100835,836,Burak Çelik,34,KADIN,antalya,Lise,Emekli,56359,704,8,1347,3,12 ay,otomatik odeme,2021-01-20,5,Evet,IOS,0
CUS-101424,1425,Can Demir,23,Erkek,Ankara,Ön Lisans,tam zamanli,23879,,89,1694,2,1 Yıllık,PayPal,2021-11-22,2,EVET,Android,0
CUS-101991,1992,Elif Arslan,3,Kadın,Antalya,Ön Lisans,Öğrenci,28396,713,30,1059,0,12 ay,PayPal,2021-10-04,2,0,IOS,0
CUS-101131,1132,Ali Şahin,0,KADIN,İstanbul,Lisans,tam zamanli,27593,694,62,1165,3,2 Yıllık,otomatik odeme,2020-03-02,8,hayir,Tablet,0
CUS-101383,1384,Derya Yılmaz,40,Belirtmek istemiyor,Izmir,Ön Lisans,tam zamanli,,536,82,2797,3,24 AY,kredi karti,2021-07-11,8,1,Android,0
CUS-101730,1731,Ali Arslan,,Female,Gaziantep,Ön Lisans,Part-time,27594,640,120,706,0,24 AY,kredi karti,,4,Hayır,Tablet,0
CUS-100987,988,Mehmet Kurt,23,Kadın,ankara ,lise,Serbest,22317,654,50,893,2,aylik,otomatik odeme,2018-01-06,5,EVET,android,0
CUS-101143,1144,Derya Çelik,46,Female,İstanbul,lise,,18182,520,,,1,Aylık,PayPal,2021-10-11,1,Yes,Android,0
CUS-100679,680,Zeynep Kaya,21,kadın,BURSA,Yüksek Lisans,Self-employed,13191,800,6,818,4,aylik,EFT,15/04/2021,4,Yes,Unknown,0
CUS-101669,1670,Elif Yılmaz,,Belirtmek istemiyor,Bursa,Y. Lisans,Serbest,31878,708,18,574,0,1 Yıllık,Otomatik Ödeme,2021-04-24,4,Evet,Tablet,0
CUS-100298,299,Zeynep Kurt,38,Female,Bursa,Bilinmiyor,Part-time,,728,13,70965,1,2 Yıllık,Otomatik Ödeme,2019-07-22,3,0,Unknown,0
CUS-100332,333,Zeynep Aydın,26,Kadın,Izmir,Bilinmiyor,tam zamanli,,716,54,1257,3,2 Yıllık,Nakit,2022-01-01,10,,Tablet,0
CUS-101133,1134,Ali Demir,,Erkek,ankara ,lisans ,Self-employed,15940,516,57,810,0,Taahhütsüz,Nakit,2022-08-07,2,No,iOS,0
CUS-100714,715,Elif Öz,22,erkek,İzmir,Bilinmiyor,Tam Zamanlı,24321,634,83,2420,1,Taahhütsüz,Nakit,2021-09-07,20,Evet,Unknown,0
CUS-100454,455,Emre Demir,40,Kadın,Adana,Doktora,Serbest,65011,717,114,1313,1,Aylık,Otomatik Ödeme,2017-12-10,8,Evet,Android,0
CUS-100737,738,Ayşe Çelik,53,Erkek,BURSA,Bilinmiyor,Self-employed,87075,552,,866,3,Aylık,Banka Havalesi,2020-07-12,4,Yes,Tablet,1
CUS-100851,852,Derya Şahin,47,Kadın,Antalya,Lise,Part-time,21601,583,98,862,1,Taahhütsüz,kredi karti,2017-07-12,1,,web ,0
CUS-101364,1365,Can Kurt,52,Diğer,İstanbul,Y. Lisans,İşsiz,27143,677,26,810,0,1 Yıllık,EFT,2020-11-16,4,Yes,iOS,0
CUS-100565,566,Emre Koç,10,KADIN,ISTANBUL,Lise,Öğrenci,76689,578,27,1124,2,aylik,Nakit,2021-03-09,26,,Tablet,0
CUS-101668,1669,Burak Kurt,14,Kadın,İzmir,Lisans,Serbest,84342,772,17,2196,0,12 ay,EFT,2017-11-05,4,Yes,Android,0
CUS-101522,1523,Merve Arslan,41,Male,Bursa,lisans ,Serbest,45545,,87,1986,0,24 AY,Kredi Kartı,2017-11-04,32,Hayır,android,0
CUS-100275,276,Derya Kurt,19,Belirtmek istemiyor,Antalya,Bilinmiyor,Self-employed,18625,603,6,1018,0,24 AY,Otomatik Ödeme,2017-07-28,30,hayir,IOS,1
CUS-101338,1339,Elif Kurt,,Kadın,İstanbul,lisans ,Tam Zamanlı,62074,,120,50,1,12 ay,EFT,2022-04-19,2,hayir,Tablet,0
CUS-100977,978,Mehmet Kurt,25,Belirtmek istemiyor,ankara ,Lise,tam zamanli,61337,668,35,1982,1,24 AY,PayPal,2024-07-24,1,EVET,iOS,0
CUS-100705,706,Derya Demir,33,Female,Adana,Bilinmiyor,Tam Zamanlı,46153,,102,869,0,,Banka Havalesi,2025-12-23,2,No,Android,0
CUS-101688,1689,Elif Koç,35,kadın,istanbul,lise,Öğrenci,45670,,18,2294,2,aylik,kredi karti,2025-12-21,999,1,IOS,1
CUS-100226,227,Burak Kaya,63,Erkek,antalya,Yüksek Lisans,Self-employed,38840,652,87,1711,5,12 ay,,2025-10-24,4,Hayır,Tablet,0
CUS-100752,753,Merve Kurt,38,erkek,BURSA,Doktora,Self-employed,36637,511,18,396,2,,Nakit,2023-11-27,14,Evet,Tablet,1
CUS-100808,809,Derya Yılmaz,29,erkek,antalya,lisans ,Serbest,21216,633,42,521,0,2 Yıllık,Otomatik Ödeme,2021-01-13,4,hayir,Android,0
CUS-100002,3,Can Kurt,48,Belirtmek istemiyor,Ankara,Bilinmiyor,İşsiz,18210,634,2,1344,0,12 ay,Otomatik Ödeme,2019-07-27,11,EVET,Web,0
CUS-101101,1102,Ali Şahin,22,erkek,Izmir,Y. Lisans,tam zamanli,,475,,94,1,Aylık,Otomatik Ödeme,2024-11-04,14,Hayır,IOS,0
CUS-100423,424,Mehmet Koç,,Belirtmek istemiyor,Antalya,Lise,İşsiz,21304,760,81,1950,0,Aylık,Nakit,2024-06-14,12,Evet,iOS,0
CUS-101932,1933,Ali Öz,43,kadın,İzmir,Ön Lisans,tam zamanli,8320,527,113,1522,,aylik,,2024-04-01,12,0,Android,0
CUS-100461,462,Merve Koç,37,KADIN,antalya,Ön Lisans,tam zamanli,46989,432,27,371,0,2 Yıllık,EFT,2018-12-07,4,Yes,web ,0
CUS-102139,2140,Ali Şahin,56,Kadın,İstanbul,Doktora,Self-employed,51297,624,50,837,2,Aylık,,2019-12-11,8,Evet,web ,0
CUS-100409,410,Elif Kaya,41,Diğer,BURSA,Ön Lisans,İşsiz,31095,585,67,2507,3,Taahhütsüz,Otomatik Ödeme,,6,EVET,Tablet,0
CUS-101659,1660,Mehmet Kaya,,Erkek,antalya,lisans ,tam zamanli,19557,701,114,1101,4,24 AY,EFT,2020-09-13,10,,Tablet,0
CUS-100621,622,Zeynep Yılmaz,51,Female,,Yüksek Lisans,İşsiz,35670,662,62,265,6,Taahhütsüz,PayPal,2018-08-11,7,EVET,web ,0
CUS-100867,868,Mehmet Şahin,13,Diğer,Izmir,Y. Lisans,,43899,724,29,2483,0,1 Yıllık,EFT,,9,Hayır,Unknown,0
CUS-101947,1948,Merve Yılmaz,37,kadın,ISTANBUL,Lisans,Öğrenci,104775,587,118,1509,0,Aylık,EFT,2017-01-26,6,Yes,Web,0
CUS-100475,476,Can Koç,42,Erkek,Antalya,Lisans,İşsiz,33127,618,120,54,2,2 Yıllık,Nakit,2017-11-07,2,0,Unknown,0
CUS-101655,1656,Mehmet Arslan,37,Male,Antalya,Doktora,tam zamanli,,,15,,1,aylik,PayPal,2023-08-19,44,,web ,0
CUS-100570,571,Ali Yılmaz,2,Belirtmek istemiyor,Gaziantep,Bilinmiyor,Öğrenci,61772,679,5,332,0,2 Yıllık,Kredi Kartı,,2,Hayır,Web,0
CUS-100450,451,Zeynep Koç,38,erkek,ankara ,Ön Lisans,Yarı Zamanlı,54895,592,96,2318,4,Taahhütsüz,EFT,2025-10-06,13,hayir,android,0
CUS-101561,1562,Burak Koç,35,Male,Gaziantep,Ön Lisans,İşsiz,53254,564,71,1779,4,2 Yıllık,Banka Havalesi,2017-05-01,5,0,IOS,0
CUS-101851,1852,Merve Demir,29,kadın,,Doktora,Öğrenci,15641,628,99,,0,24 AY,kredi karti,2023-08-24,3,1,Tablet,0
CUS-101256,1257,Can Demir,49,erkek,Ankara,lisans ,Yarı Zamanlı,,625,99,2567,1,12 ay,Kredi Kartı,2023-03-07,3,Yes,Tablet,0
CUS-100795,796,Ali Kurt,22,erkek,ISTANBUL,Lise,Serbest,,528,90,2591,0,1 Yıllık,PayPal,2020-09-26,2,Evet,Tablet,0
CUS-100789,790,Derya Aydın,40,Belirtmek istemiyor,Ankara,Ön Lisans,Serbest,60045,617,102,,,aylik,Banka Havalesi,2018-07-10,4,Yes,Tablet,0
CUS-102146,2147,Derya Koç,23,Erkek,Izmir,Lisans,,20520,531,2,411,3,Taahhütsüz,otomatik odeme,2025-01-07,5,Evet,iOS,0
CUS-102055,2056,Can Yılmaz,45,Male,Bursa,Lise,,648000,669,73,500,1,12 ay,Otomatik Ödeme,2022-10-19,5,1,web ,0
CUS-100423,424,Mehmet Koç,,Belirtmek istemiyor,Antalya,Lise,İşsiz,21304,760,81,1950,0,Aylık,Nakit,2024-06-14,12,Evet,iOS,0
CUS-100237,238,Mehmet Kaya,52,Erkek,,Lisans,İşsiz,56048,677,64,1235,0,Taahhütsüz,EFT,2019-11-07,11,Evet,Tablet,0
CUS-101944,1945,Zeynep Arslan,17,Female,Ankara,lisans ,,64561,632,97,2051,0,12 ay,Otomatik Ödeme,2024-08-15,,Yes,Unknown,0
CUS-102089,2090,Burak Çelik,42,Kadın,,lisans ,Part-time,,686,20,1726,2,Aylık,Nakit,2023-12-17,11,EVET,IOS,0
CUS-101719,1720,Can Demir,38,Kadın,antalya,Lise,İşsiz,23671,621,102,50,,2 Yıllık,kredi karti,2022-10-14,6,Evet,Android,0
CUS-100152,153,Ayşe Aydın,30,Belirtmek istemiyor,istanbul,Doktora,Yarı Zamanlı,54716,,57,1703,2,Aylık,Otomatik Ödeme,2025-12-20,15,EVET,web ,0
CUS-102018,2019,Ayşe Şahin,55,Diğer,ISTANBUL,,Part-time,56251,889,17,1187,5,12 ay,Kredi Kartı,2025-08-05,2,hayir,iOS,0
CUS-100592,593,Ayşe Arslan,69,erkek,ISTANBUL,Lise,Part-time,8639,609,102,1747,1,2 Yıllık,Otomatik Ödeme,2017-10-04,4,No,android,0
CUS-100243,244,Can Arslan,58,Male,Gaziantep,Ön Lisans,Tam Zamanlı,42851,,16,964,2,aylik,EFT,2017-03-26,7,EVET,Tablet,0
CUS-100188,189,Can Öz,43,Kadın,BURSA,lisans ,Serbest,16131,725,80,2413,2,2 Yıllık,kredi karti,2017-11-15,4,hayir,IOS,0
CUS-100387,388,Derya Kaya,64,Belirtmek istemiyor,Bursa,Bilinmiyor,Öğrenci,48088,644,83,2380,1,1 Yıllık,Nakit,2024-12-28,3,1,Web,0
CUS-100799,800,Emre Arslan,22,Belirtmek istemiyor,ISTANBUL,Y. Lisans,Yarı Zamanlı,53800,609,30,2815,1,2 Yıllık,Kredi Kartı,2024-11-10,2,1,IOS,0
CUS-102002,2003,Zeynep Öz,26,Male,ISTANBUL,Doktora,İşsiz,94893,747,83,2370,3,1 Yıllık,kredi karti,2019-08-01,1,Evet,Web,0
CUS-100479,480,Ayşe Çelik,25,Belirtmek istemiyor,Bursa,lisans ,Emekli,21073,604,101,2091,1,Aylık,Kredi Kartı,2025-10-13,5,Yes,,0
CUS-102004,2005,Zeynep Çelik,42,kadın,Antalya,Yüksek Lisans,Self-employed,68526,696,53,1072,1,Taahhütsüz,otomatik odeme,,4,No,android,0
CUS-101525,1526,Burak Demir,40,erkek,Unknown,lisans ,Tam Zamanlı,17977,610,34,1073,0,aylik,otomatik odeme,2017-03-18,6,1,web ,0
CUS-100192,193,Can Koç,26,erkek,BURSA,Yüksek Lisans,tam zamanli,146544,573,22,910,2,24 AY,Nakit,2020-07-19,2,Evet,Web,0
CUS-100742,743,Zeynep Koç,46,Kadın,Gaziantep,Y. Lisans,Part-time,34379,807,,659,2,2 Yıllık,PayPal,2024-07-08,3,hayir,iOS,0
CUS-101810,1811,Can Koç,-7,Kadın,Ankara,Y. Lisans,İşsiz,,,59,1477,1,12 ay,Kredi Kartı,2020-07-25,5,Yes,iOS,0
CUS-101492,1493,Zeynep Şahin,30,Diğer,Gaziantep,Ön Lisans,Part-time,34012,586,32,1215,0,aylik,Nakit,2019-03-28,4,Evet,Tablet,0
CUS-101640,1641,Derya Çelik,47,KADIN,ISTANBUL,lise,Part-time,33036,632,52,1372,0,12 ay,EFT,2018-12-14,4,Hayır,web ,0
CUS-100081,82,Ayşe Şahin,42,Erkek,Bursa,Y. Lisans,İşsiz,151111,745,45,72,0,12 ay,Nakit,2025-09-10,6,Evet,Web,0
CUS-101592,1593,Ali Çelik,39,erkek,Antalya,Bilinmiyor,,42508,,117,1549,,aylik,Otomatik Ödeme,2017-03-02,16,,,0
CUS-101304,1305,Emre Kaya,41,KADIN,istanbul,Yüksek Lisans,Tam Zamanlı,11070,-120,56,50,1,1 Yıllık,Kredi Kartı,2024-05-23,4,Yes,iOS,0
CUS-101712,1713,Ali Koç,50,Kadın,Izmir,lisans ,İşsiz,34706,619,105,50,2,24 AY,Kredi Kartı,2022-08-25,,Hayır,web ,0
CUS-100041,42,Emre Kurt,58,Kadın,Unknown,Doktora,Part-time,51353,553,58,491,2,aylik,Kredi Kartı,2023-11-17,3,EVET,Web,0
CUS-100910,911,Merve Çelik,34,Erkek,Gaziantep,Y. Lisans,Emekli,30121,705,79,1000,2,Taahhütsüz,Nakit,2019-08-04,13,1,Unknown,0
CUS-100435,436,Ayşe Şahin,34,erkek,Adana,Doktora,İşsiz,61951,685,100,1177,2,aylik,Otomatik Ödeme,2020-01-03,9,No,android,0
CUS-102113,2114,Merve Şahin,38,kadın,Adana,,Emekli,22770,690,110,1594,4,12 ay,EFT,2019-04-12,8,,IOS,0
CUS-101980,1981,Mehmet Kurt,29,Female,Bursa,Lisans,Öğrenci,26745,582,18,1469,2,Aylık,otomatik odeme,2020-04-23,2,1,android,0
CUS-101413,1414,Ayşe Şahin,36,Belirtmek istemiyor,ISTANBUL,Yüksek Lisans,İşsiz,12071,427,77,1245,1,2 Yıllık,kredi karti,2025-04-20,4,,Web,0
CUS-100179,180,Ayşe Yılmaz,41,Male,antalya,lisans ,Tam Zamanlı,34538,787,21,2451,0,1 Yıllık,Nakit,2017-10-17,2,Evet,web ,0
CUS-100648,649,Emre Demir,47,Belirtmek istemiyor,Unknown,Ön Lisans,Yarı Zamanlı,56086,631,70,386,0,2 Yıllık,PayPal,2025-05-18,5,Evet,Web,0
CUS-100310,311,Can Yılmaz,43,Belirtmek istemiyor,Unknown,Bilinmiyor,Emekli,54649,646,116,2529,1,Aylık,otomatik odeme,2019-08-18,2,Yes,Unknown,0
CUS-100780,781,Derya Demir,42,Diğer,ISTANBUL,Lisans,Emekli,16789,628,55,50,0,Aylık,PayPal,2021-09-16,5,Yes,web ,0
CUS-100429,430,Emre Şahin,40,Diğer,İstanbul,Ön Lisans,Öğrenci,21439,668,113,2153,2,Taahhütsüz,PayPal,2019-12-14,31,No,IOS,0
CUS-100431,432,Burak Yılmaz,16,Kadın,Konya,Y. Lisans,Self-employed,92048,768,87,50,1,24 AY,,2019-09-16,7,EVET,IOS,0
CUS-101353,1354,Zeynep Demir,20,erkek,İzmir,Lise,Part-time,43000,610,25,1351,0,Aylık,otomatik odeme,2020-09-27,7,0,IOS,0
CUS-101821,1822,Zeynep Arslan,22,Diğer,Adana,lisans ,Serbest,82817,565,79,50,3,24 AY,EFT,2020-06-11,2,EVET,Web,0
CUS-100900,901,Elif Yılmaz,30,,Unknown,Lisans,Öğrenci,31488,653,62,958,3,12 ay,kredi karti,2022-12-21,11,hayir,Android,0
CUS-100629,630,Elif Aydın,34,KADIN,Antalya,Doktora,Emekli,63158,589,11,1814,4,24 AY,otomatik odeme,2019-05-04,9,EVET,Android,0
CUS-101062,1063,Ali Aydın,36,erkek,antalya,lise,Part-time,53850,594,118,2284,3,24 AY,Banka Havalesi,2024-02-08,7,0,iOS,0
CUS-101272,1273,Burak Koç,44,KADIN,Konya,Yüksek Lisans,Öğrenci,30200,717,109,1328,2,24 AY,Nakit,2017-07-28,7,Hayır,Tablet,0
CUS-101910,1911,Emre Öz,31,erkek,Unknown,Yüksek Lisans,Tam Zamanlı,62994,653,3,282,3,Taahhütsüz,Kredi Kartı,2018-04-04,23,EVET,IOS,0
CUS-101442,1443,Mehmet Çelik,41,Belirtmek istemiyor,Gaziantep,Doktora,tam zamanli,58476,744,81,1032,3,2 Yıllık,Banka Havalesi,2019-09-23,7,Hayır,IOS,0
CUS-101622,1623,Zeynep Arslan,49,kadın,Adana,Lise,tam zamanli,27908,663,73,,1,24 AY,Nakit,2021-04-22,5,hayir,Web,0
CUS-101230,1231,Elif Koç,56,Kadın,ISTANBUL,lise,Tam Zamanlı,73862,573,117,969,1,2 Yıllık,EFT,2018-10-07,3,1,Android,0
CUS-101024,1025,Zeynep Aydın,41,Kadın,ankara ,Y. Lisans,Yarı Zamanlı,,565,4,1916,1,12 ay,Kredi Kartı,2021-03-24,3,No,Unknown,0
CUS-100665,666,Burak Yılmaz,56,kadın,Antalya,Bilinmiyor,Emekli,,565,24,648,2,aylik,Nakit,2019-12-23,15,1,web ,0
CUS-101628,1629,Zeynep Kaya,37,Male,Izmir,Yüksek Lisans,Öğrenci,29306,704,62,1552,6,1 Yıllık,Banka Havalesi,2023-05-04,8,Hayır,Web,0
CUS-100694,695,Ali Kaya,35,erkek,Izmir,Bilinmiyor,İşsiz,75192,420,120,1361,3,Aylık,EFT,2017-02-28,3,Evet,Unknown,0
CUS-101650,1651,Derya Koç,37,KADIN,istanbul,Y. Lisans,Self-employed,104117,741,98,851,2,Aylık,Otomatik Ödeme,,3,0,web ,0
CUS-100607,608,Elif Şahin,44,,Bursa,Ön Lisans,Yarı Zamanlı,27109,,56,2183,0,Aylık,Banka Havalesi,2021-07-01,3,Hayır,Tablet,0
CUS-102067,2068,Burak Çelik,23,Kadın,ISTANBUL,Lisans,,48857,751,35,1172,1,2 Yıllık,Nakit,2025-06-15,3,Hayır,iOS,0
CUS-101381,1382,Derya Çelik,33,Male,Adana,Yüksek Lisans,İşsiz,28656,538,54,1072,0,2 Yıllık,kredi karti,2024-03-13,4,Evet,Tablet,0
CUS-101853,1854,Emre Kaya,39,erkek,BURSA,lise,Part-time,24324,554,51,2229,1,1 Yıllık,kredi karti,2025-04-26,15,0,Web,0
CUS-101855,1856,Emre Arslan,42,Erkek,İzmir,Lisans,Yarı Zamanlı,24925,858,112,1491,1,1 Yıllık,Otomatik Ödeme,2018-06-04,3,1,Unknown,0
CUS-101149,1150,Derya Şahin,48,kadın,Gaziantep,Bilinmiyor,Öğrenci,32375,736,75,2246,3,,,2017-02-10,9,,Tablet,0
CUS-100987,988,Mehmet Kurt,23,Kadın,ankara ,lise,Serbest,22317,654,50,893,2,aylik,otomatik odeme,2018-01-06,5,EVET,android,0
CUS-100734,735,Mehmet Kurt,,Kadın,ISTANBUL,,Part-time,31959,535,109,361,1,24 AY,kredi karti,2022-06-24,,hayir,android,0
CUS-101314,1315,Merve Aydın,27,Kadın,İzmir,Y. Lisans,Serbest,40325,569,72,1514,0,Taahhütsüz,Kredi Kartı,2017-05-11,26,Evet,Android,0
CUS-100754,755,Emre Kaya,58,Female,istanbul,Y. Lisans,Self-employed,18901,447,90,518,0,12 ay,,2019-04-05,9,hayir,Android,0
CUS-101299,1300,Ali Kurt,36,Erkek,,Bilinmiyor,Self-employed,107058,672,36,1152,0,Aylık,,2018-05-19,6,Hayır,android,1
CUS-100178,179,Can Yılmaz,46,kadın,ankara ,Lisans,Emekli,37011,574,87,1193,2,1 Yıllık,Banka Havalesi,2024-06-25,14,No,iOS,0
CUS-101335,1336,Emre Öz,46,Kadın,Adana,Yüksek Lisans,Part-time,,592,36,839,4,Aylık,Otomatik Ödeme,2024-06-17,7,hayir,Unknown,0
CUS-101283,1284,Derya Aydın,51,KADIN,istanbul,Lise,Tam Zamanlı,46518,777,44,1117,1,Taahhütsüz,EFT,2019-12-12,7,Evet,IOS,0
CUS-100360,361,Mehmet Kurt,55,Erkek,İzmir,Ön Lisans,Part-time,23707,616,66,444,0,1 Yıllık,otomatik odeme,2022-04-03,3,No,android,0
CUS-101760,1761,Zeynep Şahin,41,,Gaziantep,lise,Öğrenci,,638,27,1092,0,24 AY,EFT,2021-05-01,2,Evet,Tablet,0
CUS-100248,249,Emre Koç,20,Diğer,Antalya,,Öğrenci,15382,658,23,1634,0,aylik,Banka Havalesi,2018-08-05,6,1,Web,1
CUS-100954,955,Ali Kurt,24,Male,Antalya,Y. Lisans,Serbest,35659,579,88,2249,,2 Yıllık,Otomatik Ödeme,2017-09-18,4,Evet,IOS,0
CUS-100329,330,Derya Aydın,52,Erkek,ISTANBUL,Lisans,Serbest,55270,548,37,2734,2,aylik,EFT,2020-07-04,7,0,android,0
CUS-101177,1178,Derya Çelik,24,Erkek,Antalya,Lisans,Emekli,31119,646,76,2267,0,2 Yıllık,Nakit,,5,hayir,Tablet,0
CUS-102105,2106,Elif Arslan,54,Kadın,Unknown,Doktora,Serbest,84374,689,23,1971,0,12 ay,Nakit,2025-09-22,,EVET,iOS,0
CUS-101556,1557,Can Yılmaz,56,Male,Gaziantep,Lisans,tam zamanli,38711,652,36,1727,0,12 ay,EFT,2025-08-05,,Yes,Android,0
CUS-100741,742,Ayşe Öz,44,KADIN,İstanbul,Ön Lisans,İşsiz,,749,91,2219,0,aylik,kredi karti,2025-11-08,1,0,android,0
CUS-102136,2137,Can Şahin,36,kadın,ISTANBUL,,Part-time,11029,634,30,,0,1 Yıllık,Otomatik Ödeme,2023-08-09,,Hayır,,0
CUS-102084,2085,Ayşe Kaya,16,Kadın,Unknown,lisans ,Yarı Zamanlı,109188,545,45,1961,2,1 Yıllık,PayPal,2023-12-06,9,0,IOS,0
CUS-101645,1646,Burak Çelik,22,Belirtmek istemiyor,Unknown,Ön Lisans,tam zamanli,48187,741,52,1647,0,aylik,otomatik odeme,2018-11-14,10,Hayır,Android,0
CUS-102033,2034,Burak Şahin,52,erkek,Adana,Doktora,İşsiz,27525,691,13,1398,1,24 AY,Otomatik Ödeme,,10,No,Web,0
CUS-101003,1004,Mehmet Kurt,69,Erkek,Adana,Lisans,Öğrenci,20912,730,96,1382,1,1 Yıllık,kredi karti,2018-04-13,1,hayir,Web,0
CUS-100970,971,Zeynep Kurt,30,Diğer,Konya,Doktora,İşsiz,48606,652,6,1661,1,12 ay,Kredi Kartı,20/10/2025,3,hayir,Web,0
CUS-101554,1555,Mehmet Şahin,47,Belirtmek istemiyor,,Lisans,Yarı Zamanlı,39363,615,92,2415,2,2 Yıllık,,2019-07-15,,No,Unknown,0
CUS-100785,786,Ayşe Öz,26,Male,istanbul,Doktora,Öğrenci,107965,682,62,2187,1,1 Yıllık,Nakit,2021-03-23,9,Hayır,Web,0
CUS-101390,1391,Mehmet Şahin,29,Diğer,Bursa,Lise,Serbest,,631,113,2348,0,24 AY,PayPal,2023-12-21,11,1,Android,0
CUS-100766,767,Elif Arslan,39,Diğer,istanbul,Doktora,Emekli,,709,100,1951,2,Taahhütsüz,otomatik odeme,2019-03-16,7,EVET,iOS,0
CUS-100664,665,Can Kaya,24,Erkek,ISTANBUL,lisans ,,86780,,73,3030,0,Taahhütsüz,PayPal,2018-12-08,22,No,iOS,0
CUS-101271,1272,Elif Koç,4,kadın,Antalya,Yüksek Lisans,tam zamanli,,544,43,1758,0,,kredi karti,2021-11-04,1,Evet,IOS,0
CUS-100067,68,Ali Çelik,38,,Konya,Yüksek Lisans,Emekli,11348,571,30,1146,1,Taahhütsüz,kredi karti,,2,1,Unknown,0
CUS-100630,631,Mehmet Öz,28,Erkek,Adana,lise,İşsiz,118080,454,98,1862,2,Taahhütsüz,Banka Havalesi,2021-09-08,6,0,web ,0
CUS-100033,34,Merve Yılmaz,37,erkek,,Doktora,Emekli,62031,618,23,812,2,24 AY,kredi karti,2017-07-23,12,Evet,Tablet,0
CUS-100874,875,Merve Kaya,46,Erkek,istanbul,Ön Lisans,Serbest,60806,580,47,1246,2,,PayPal,2022-06-14,6,EVET,web ,0
CUS-101759,1760,Elif Demir,33,Erkek,,lise,Part-time,35848,718,,2145,3,24 AY,PayPal,2023-07-15,3,hayir,iOS,0
CUS-101355,1356,Ayşe Yılmaz,54,Belirtmek istemiyor,istanbul,Doktora,tam zamanli,41642,619,92,932,0,24 AY,Kredi Kartı,2021-02-28,6,Yes,IOS,0
CUS-100993,994,Emre Aydın,26,Erkek,ISTANBUL,Ön Lisans,Öğrenci,,622,26,3376,0,2 Yıllık,Banka Havalesi,2022-04-23,3,1,web ,0
CUS-100893,894,Ayşe Koç,49,,ISTANBUL,Yüksek Lisans,Yarı Zamanlı,25413,573,67,1084,4,Aylık,otomatik odeme,2019-03-28,2,1,IOS,1
CUS-101666,1667,Burak Çelik,41,Erkek,Ankara,Lise,Tam Zamanlı,53813,769,20,255,2,12 ay,PayPal,2018-11-03,,0,web ,0
CUS-100658,659,Merve Aydın,68,erkek,ankara ,Lise,İşsiz,62036,568,51,2208,2,aylik,kredi karti,2020-10-28,2,Evet,web ,0
CUS-101614,1615,Elif Kurt,31,kadın,ankara ,lisans ,Serbest,18346,712,93,1206,2,1 Yıllık,PayPal,,3,Yes,IOS,0
CUS-100837,838,Elif Kurt,43,,antalya,Doktora,Emekli,31895,706,115,1674,3,24 AY,Otomatik Ödeme,2019-06-20,9,hayir,Web,1
CUS-100774,775,Mehmet Koç,46,kadın,Izmir,Yüksek Lisans,tam zamanli,56670,800,94,1196,2,1 Yıllık,,2021-06-26,5,Hayır,android,0
CUS-101767,1768,Can Aydın,34,Kadın,İstanbul,,tam zamanli,104322,,36,2122,1,Taahhütsüz,,2025-02-22,16,Yes,web ,0
CUS-100130,131,Mehmet Kaya,44,Belirtmek istemiyor,Bursa,,Yarı Zamanlı,76645,566,73,2151,0,24 AY,EFT,2018-06-01,17,Evet,android,0
CUS-101824,1825,Mehmet Yılmaz,47,Kadın,İzmir,Y. Lisans,İşsiz,24873,726,34,2077,2,24 AY,kredi karti,2019-04-05,3,0,web ,0
CUS-100018,19,Derya Kaya,,kadın,antalya,Bilinmiyor,Serbest,40459,690,6,50,2,,Nakit,2023-03-27,2,0,Web,0
CUS-100643,644,Zeynep Şahin,51,kadın,istanbul,Bilinmiyor,İşsiz,27441,601,102,783,2,2 Yıllık,EFT,2019-05-11,7,,web ,0
CUS-100361,362,Ayşe Yılmaz,14,Belirtmek istemiyor,ISTANBUL,Ön Lisans,Tam Zamanlı,42638,777,22,1311,0,Aylık,,2025-04-03,11,hayir,web ,0
CUS-100341,342,Elif Şahin,19,,Konya,lisans ,,24065,650,24,2017,,,PayPal,2018-11-19,1,Hayır,Android,0
CUS-100045,46,Elif Kaya,46,Female,istanbul,Yüksek Lisans,Tam Zamanlı,83673,748,29,1588,0,Taahhütsüz,Kredi Kartı,2022-02-13,4,hayir,Web,0
CUS-101360,1361,Merve Öz,51,kadın,ankara ,Bilinmiyor,Part-time,19808,652,28,805,3,24 AY,Banka Havalesi,2019-04-12,10,1,android,0
CUS-101391,1392,Derya Öz,32,Female,istanbul,Ön Lisans,Tam Zamanlı,61003,766,12,1678,0,12 ay,EFT,2023-08-04,10,Hayır,Web,0
CUS-100975,976,Derya Arslan,57,Kadın,Antalya,Y. Lisans,Emekli,25445,812,78,1707,0,Taahhütsüz,Otomatik Ödeme,2021-01-11,8,,IOS,0
CUS-100308,309,Emre Koç,15,KADIN,ankara ,Doktora,Yarı Zamanlı,29553,690,74,1005,2,2 Yıllık,otomatik odeme,2025-08-23,1,Hayır,web ,0
CUS-100509,510,Ayşe Arslan,37,kadın,,Y. Lisans,Self-employed,74109,707,111,3508,0,12 ay,Kredi Kartı,2017-05-14,15,hayir,IOS,0
CUS-100063,64,Zeynep Arslan,43,Kadın,Antalya,Lisans,Yarı Zamanlı,55075,678,3,870,1,Taahhütsüz,Otomatik Ödeme,2025-02-13,6,No,iOS,1
CUS-101467,1468,Derya Şahin,40,,İstanbul,Yüksek Lisans,İşsiz,83090,50,85,657,1,Taahhütsüz,Banka Havalesi,2025-06-09,18,No,android,0
CUS-101909,1910,Mehmet Çelik,35,erkek,ISTANBUL,Lisans,Yarı Zamanlı,28054,689,24,1318,1,2 Yıllık,EFT,2019-11-18,15,EVET,iOS,0
CUS-101562,1563,Ali Şahin,29,Male,BURSA,lisans ,Öğrenci,23985,530,121,1469,3,aylik,otomatik odeme,2017-06-04,3,Evet,Android,0
CUS-100822,823,Burak Arslan,29,Belirtmek istemiyor,antalya,Bilinmiyor,Öğrenci,1390560,420,,3443,2,,Kredi Kartı,2020-02-13,3,EVET,Unknown,0
CUS-101179,1180,Zeynep Kurt,43,kadın,ISTANBUL,Lisans,Part-time,37409,492,112,1903,0,aylik,Kredi Kartı,not_a_date,8,1,Unknown,0
CUS-100260,261,Elif Şahin,59,KADIN,İzmir,Ön Lisans,İşsiz,23816,669,23,2625,1,Aylık,Banka Havalesi,2024-05-08,9,1,Android,0
CUS-100174,175,Burak Kurt,59,Diğer,ankara ,Doktora,Serbest,29075,651,117,3567,1,12 ay,Kredi Kartı,2019-05-13,12,0,Tablet,0
CUS-101331,1332,Emre Yılmaz,38,KADIN,ankara ,Ön Lisans,Part-time,106897,745,73,1428,3,aylik,Kredi Kartı,2025-04-10,3,Evet,Android,0
CUS-101020,1021,Derya Öz,42,KADIN,İzmir,Bilinmiyor,,20322,606,24,2594,1,aylik,otomatik odeme,2024-08-15,9,EVET,web ,0
CUS-101130,1131,Ali Aydın,36,Male,istanbul,Lise,Öğrenci,21323,600,74,1779,1,aylik,,2023-10-12,13,EVET,IOS,0
CUS-102008,2009,Derya Çelik,44,kadın,Adana,Bilinmiyor,Part-time,24514,654,76,464,0,1 Yıllık,Nakit,2021-07-13,2,,Android,0
CUS-100362,363,Merve Kaya,-7,Erkek,Bursa,Bilinmiyor,Öğrenci,63881,763,107,,,Aylık,Kredi Kartı,2018-02-13,7,,IOS,0
CUS-100591,592,Can Arslan,35,Diğer,İzmir,lise,Yarı Zamanlı,111663,534,33,1309,45,Taahhütsüz,EFT,2022-08-19,4,0,Tablet,1
CUS-101285,1286,Zeynep Yılmaz,23,,Izmir,Bilinmiyor,tam zamanli,55832,599,87,1999,3,aylik,kredi karti,2025-06-07,11,EVET,iOS,0
CUS-100491,492,Merve Öz,29,,antalya,lise,Yarı Zamanlı,22497,616,91,1828,0,Aylık,otomatik odeme,2020-06-03,14,Evet,Tablet,0
CUS-100702,703,Burak Kaya,45,Female,antalya,lisans ,Öğrenci,27815,604,7,1997,,12 ay,otomatik odeme,2017-07-08,8,Yes,Web,0
CUS-101664,1665,Burak Yılmaz,62,Female,Adana,Lisans,Emekli,19391,655,110,1115,0,12 ay,Kredi Kartı,2020-03-28,,0,web ,0
CUS-100968,969,Ayşe Demir,47,Belirtmek istemiyor,Konya,Doktora,Tam Zamanlı,10499,668,82,2134,0,24 AY,Nakit,2022-04-01,,Yes,Web,0
CUS-100214,215,Mehmet Koç,39,KADIN,Adana,Bilinmiyor,Öğrenci,,637,70,839,2,aylik,Kredi Kartı,2020-08-25,3,1,Android,0
CUS-101793,1794,Burak Koç,49,Male,Ankara,Lisans,İşsiz,61332,9999,82,785,1,Taahhütsüz,kredi karti,2017-07-18,2,0,android,0
CUS-100751,752,Ayşe Kaya,48,Male,antalya,Ön Lisans,Serbest,92034,728,49,3037,1,2 Yıllık,EFT,2020-10-03,4,EVET,Web,0
CUS-101686,1687,Emre Kaya,28,kadın,Unknown,lisans ,Yarı Zamanlı,34022,875,22,1945,1,24 AY,Banka Havalesi,2019-01-27,,Yes,,0
CUS-101194,1195,Burak Kaya,23,kadın,Gaziantep,Yüksek Lisans,Yarı Zamanlı,,650,110,1242,0,1 Yıllık,Nakit,2017-07-26,1,Yes,Tablet,0
CUS-101861,1862,Elif Koç,22,Erkek,İzmir,,Serbest,,593,10,3449,0,,Nakit,2021-03-11,3,1,Unknown,0
CUS-101697,1698,Ayşe Arslan,,Diğer,Unknown,Doktora,İşsiz,44822,493,121,,1,2 Yıllık,EFT,2023-05-17,6,Evet,Unknown,0
CUS-101083,1084,Mehmet Kaya,52,kadın,ISTANBUL,Lisans,Self-employed,36766,562,30,609,1,aylik,Otomatik Ödeme,2020-01-03,4,hayir,android,0
CUS-102062,2063,Derya Öz,57,Kadın,Konya,Doktora,tam zamanli,18478,476,27,1246,1,1 Yıllık,,2020-04-22,14,No,Tablet,0
CUS-101826,1827,Merve Aydın,54,KADIN,İzmir,lisans ,Tam Zamanlı,74331,752,115,50,2,aylik,Kredi Kartı,2024-06-06,8,1,Web,0
CUS-101488,1489,Mehmet Kaya,46,erkek,BURSA,Yüksek Lisans,Öğrenci,12310,566,76,1516,0,2 Yıllık,otomatik odeme,2020-06-10,7,Evet,Android,0
CUS-101401,1402,Can Kaya,45,Female,Izmir,Doktora,Emekli,49483,679,76,2429,0,Aylık,EFT,2017-10-23,5,hayir,Tablet,0
CUS-100662,663,Ayşe Yılmaz,42,Diğer,antalya,Ön Lisans,Yarı Zamanlı,45311,,78,1818,0,1 Yıllık,kredi karti,2019-05-22,16,Yes,Android,0
CUS-101461,1462,Ali Çelik,40,erkek,İzmir,Y. Lisans,İşsiz,36157,690,48,1521,3,2 Yıllık,PayPal,2024-02-08,12,1,Web,0
CUS-101958,1959,Mehmet Arslan,31,kadın,Antalya,,Part-time,46477,737,97,960,1,1 Yıllık,otomatik odeme,2018-08-19,3,No,Web,0
CUS-100331,332,Ali Arslan,53,Male,istanbul,lisans ,tam zamanli,30641,876,46,446,1,,kredi karti,2021-01-04,,EVET,iOS,0
CUS-100654,655,Emre Yılmaz,35,Erkek,Bursa,Ön Lisans,Öğrenci,90635,573,44,1082,2,1 Yıllık,Banka Havalesi,2022-05-12,2,1,web ,1
CUS-100950,951,Mehmet Kaya,48,kadın,istanbul,lise,Part-time,,515,113,1104,1,aylik,Nakit,2018-05-05,8,EVET,Tablet,0
CUS-101216,1217,Elif Çelik,47,Belirtmek istemiyor,ankara ,Y. Lisans,Serbest,17033,730,63,,0,1 Yıllık,kredi karti,2019-05-13,3,,Tablet,0
CUS-101643,1644,Elif Öz,44,Belirtmek istemiyor,antalya,Y. Lisans,Öğrenci,22963,605,118,1776,1,aylik,otomatik odeme,2020-04-22,3,Evet,iOS,0
CUS-102045,2046,Zeynep Kurt,50,Diğer,Konya,Y. Lisans,İşsiz,45365,510,87,774,2,12 ay,Kredi Kartı,2021-01-26,4,1,iOS,0
CUS-102106,2107,Merve Koç,54,KADIN,istanbul,Y. Lisans,Öğrenci,60291,389,12,1399,0,24 AY,kredi karti,2021-08-26,7,,android,0
CUS-100311,312,Burak Şahin,39,Belirtmek istemiyor,BURSA,Y. Lisans,Yarı Zamanlı,14812,827,102,1932,2,24 AY,kredi karti,2019-05-17,4,1,Unknown,0
CUS-100229,230,Emre Arslan,54,Erkek,BURSA,Lisans,Öğrenci,90786,635,54,,1,12 ay,EFT,2024-04-27,9,Hayır,Android,0
CUS-100233,234,Merve Yılmaz,68,Erkek,Bursa,Yüksek Lisans,Öğrenci,,781,113,1974,4,12 ay,Kredi Kartı,2021-10-01,3,Hayır,,0
CUS-101124,1125,Mehmet Arslan,24,Kadın,Unknown,Y. Lisans,tam zamanli,,608,85,1701,0,Taahhütsüz,EFT,2020-08-01,1,hayir,Web,0
CUS-101567,1568,Elif Koç,50,kadın,Antalya,lisans ,Öğrenci,83697,679,58,2451,0,12 ay,PayPal,2017-09-23,5,1,iOS,0
CUS-101497,1498,Ayşe Yılmaz,45,kadın,Konya,Lisans,Serbest,93750,610,18,84,1,Taahhütsüz,Kredi Kartı,2023-11-10,3,hayir,android,0
CUS-101389,1390,Can Aydın,45,erkek,istanbul,lisans ,Tam Zamanlı,41406,704,111,1356,1,Aylık,EFT,2021-05-23,6,Evet,android,0
CUS-100338,339,Emre Aydın,34,Male,Gaziantep,Yüksek Lisans,Yarı Zamanlı,45849,702,20,1319,4,2 Yıllık,kredi karti,2021-10-04,2,1,iOS,0
CUS-101808,1809,Mehmet Şahin,19,,ankara ,lise,İşsiz,76032,759,86,2070,2,Aylık,Banka Havalesi,2023-11-15,,Yes,android,0
CUS-100408,409,Elif Kurt,46,Female,,Yüksek Lisans,Serbest,79414,616,87,1451,2,Taahhütsüz,Otomatik Ödeme,2025-04-11,5,No,IOS,0
CUS-100880,881,Derya Öz,,Erkek,ISTANBUL,Lisans,Yarı Zamanlı,24563,634,43,2144,0,1 Yıllık,Otomatik Ödeme,2025-11-25,47,Yes,Android,0
CUS-100207,208,Ali Kaya,46,KADIN,,lise,Emekli,72865,505,,1620,0,aylik,PayPal,,2,,Web,0
CUS-102054,2055,Mehmet Aydın,66,Belirtmek istemiyor,Gaziantep,Ön Lisans,,34347,756,46,1519,1,Taahhütsüz,Kredi Kartı,2024-01-14,16,Yes,android,0
CUS-100814,815,Ali Öz,48,Female,Adana,Ön Lisans,Self-employed,45752,688,96,1763,0,12 ay,otomatik odeme,2024-05-20,2,Evet,IOS,0
CUS-100144,145,Burak Kurt,64,,BURSA,Ön Lisans,Öğrenci,63747,479,39,1480,0,,Kredi Kartı,2023-01-01,2,0,Tablet,0
CUS-101213,1214,Zeynep Çelik,40,Male,istanbul,lisans ,İşsiz,25704,714,68,2561,3,12 ay,Nakit,2020-08-13,14,Hayır,Android,0
CUS-101578,1579,Derya Aydın,37,Erkek,istanbul,Lisans,Öğrenci,52836,768,3,98,3,aylik,PayPal,2022-04-16,10,0,Web,0
CUS-102083,2084,Burak Yılmaz,8,Female,Unknown,,tam zamanli,32157,642,116,1086,2,2 Yıllık,Nakit,2023-12-24,3,0,Unknown,0
CUS-100482,483,Merve Demir,47,Diğer,Bursa,,,42203,859,8,2269,2,12 ay,Kredi Kartı,2017-01-12,16,Evet,Unknown,0
CUS-101962,1963,Mehmet Şahin,29,Kadın,Unknown,Y. Lisans,Öğrenci,96227,581,18,2598,1,12 ay,kredi karti,2023-11-12,2,Hayır,web ,1
CUS-101336,1337,Derya Öz,29,kadın,Antalya,Bilinmiyor,Öğrenci,70906,705,13,3481,2,Aylık,PayPal,,,No,iOS,0
CUS-101208,1209,Merve Şahin,40,KADIN,Bursa,Doktora,Self-employed,44879,633,72,887,5,Taahhütsüz,Kredi Kartı,2020-08-11,2,hayir,Android,0
CUS-101802,1803,Merve Demir,49,Diğer,Ankara,lise,Part-time,52554,601,39,1576,1,2 Yıllık,Banka Havalesi,2018-08-12,4,1,Web,0
CUS-100352,353,Can Yılmaz,24,Belirtmek istemiyor,Unknown,lisans ,Tam Zamanlı,53118,622,88,1934,4,aylik,Nakit,2021-04-20,7,Evet,IOS,0
CUS-100707,708,Elif Şahin,56,Kadın,Antalya,lisans ,Tam Zamanlı,89818,563,38,1716,2,12 ay,Nakit,2020-11-01,11,No,,0
CUS-100624,625,Emre Demir,,kadın,Gaziantep,Lisans,Self-employed,11470,874,55,2382,2,12 ay,Nakit,2023-10-05,2,EVET,Unknown,0
CUS-100090,91,Ayşe Kurt,49,Belirtmek istemiyor,istanbul,lisans ,İşsiz,46521,674,81,1474,2,1 Yıllık,Otomatik Ödeme,2017-07-26,2,hayir,Unknown,0
CUS-101657,1658,Ali Yılmaz,39,Male,Bursa,lisans ,Tam Zamanlı,25578,707,5,551,2,2 Yıllık,PayPal,,11,0,web ,0
CUS-101259,1260,Elif Kaya,20,Kadın,ankara ,Lise,tam zamanli,74205,,108,1900,1,12 ay,Otomatik Ödeme,2020-10-17,1,hayir,Web,0
CUS-100195,196,Derya Yılmaz,14,Kadın,Bursa,Doktora,Serbest,40578,540,9,660,1,Taahhütsüz,PayPal,2017-03-11,32,Hayır,Web,0
CUS-101462,1463,Elif Şahin,12,Female,Izmir,lisans ,Self-employed,59656,643,89,2569,3,2 Yıllık,Banka Havalesi,2021-05-19,11,1,iOS,0
CUS-101796,1797,Merve Demir,15,Female,istanbul,Doktora,Emekli,80044,531,74,1061,3,2 Yıllık,Nakit,2020-08-07,7,Hayır,iOS,1
CUS-100931,932,Burak Aydın,44,erkek,Unknown,lisans ,Öğrenci,64660,814,113,1489,0,aylik,Otomatik Ödeme,2025-05-15,3,No,web ,0
CUS-100483,484,Burak Şahin,15,Erkek,İzmir,lise,Yarı Zamanlı,26048,553,58,1457,0,12 ay,otomatik odeme,2019-10-23,6,,Tablet,0
CUS-101151,1152,Mehmet Şahin,51,kadın,İstanbul,Lisans,Part-time,108859,612,77,817,3,24 AY,Kredi Kartı,2021-10-17,7,EVET,web ,0
CUS-101457,1458,Can Aydın,50,Female,antalya,Doktora,Self-employed,70597,598,14,1583,2,12 ay,Kredi Kartı,2023-04-11,9,EVET,iOS,0
CUS-100653,654,Burak Arslan,38,Belirtmek istemiyor,Konya,Lisans,Tam Zamanlı,,,10,,1,Aylık,kredi karti,2017-02-27,8,Evet,Tablet,0
CUS-101332,1333,Ayşe Arslan,35,Diğer,İzmir,lisans ,tam zamanli,87366,825,120,2960,2,Taahhütsüz,PayPal,2025-12-12,1,Yes,Web,0
CUS-101352,1353,Mehmet Kurt,34,KADIN,Izmir,Y. Lisans,Öğrenci,20804,663,121,1846,1,12 ay,Banka Havalesi,2017-12-04,5,0,iOS,0
CUS-100107,108,Ali Koç,45,Diğer,Bursa,Doktora,tam zamanli,23264,581,88,2685,0,Aylık,EFT,2022-01-16,7,1,Android,0
CUS-100456,457,Can Kurt,55,Kadın,Antalya,Y. Lisans,Part-time,66691,779,45,50,2,aylik,Banka Havalesi,2022-08-13,2,Yes,Web,1
CUS-101648,1649,Burak Yılmaz,22,erkek,Konya,Yüksek Lisans,tam zamanli,34422,633,84,852,3,2 Yıllık,Banka Havalesi,2024-09-23,3,0,Unknown,0
CUS-101626,1627,Ali Kurt,33,Kadın,ankara ,lise,Öğrenci,,495,28,1367,2,12 ay,Otomatik Ödeme,2020-04-21,2,0,android,0
CUS-101170,1171,Mehmet Demir,33,kadın,ISTANBUL,,Emekli,52283,,83,1189,2,2 Yıllık,Banka Havalesi,2024-03-05,17,0,IOS,0
CUS-100168,169,Zeynep Şahin,45,Female,Unknown,Bilinmiyor,Serbest,49083,,115,1350,0,,kredi karti,2020-08-13,5,1,Tablet,0
CUS-101880,1881,Ayşe Kurt,31,Kadın,Izmir,Y. Lisans,Serbest,23093,547,55,831,0,Taahhütsüz,,2018-01-01,3,EVET,IOS,0
CUS-100649,650,Emre Şahin,32,Erkek,Bursa,lise,Part-time,29261,674,18,1487,2,12 ay,Kredi Kartı,2017-02-14,3,Hayır,Unknown,0
CUS-100732,733,Elif Şahin,19,kadın,Ankara,Bilinmiyor,Part-time,16359,600,47,1244,3,2 Yıllık,Nakit,2020-03-13,4,Yes,IOS,0
CUS-100025,26,Derya Şahin,45,erkek,antalya,Bilinmiyor,Öğrenci,32029,719,43,595,3,Taahhütsüz,PayPal,2021-02-13,4,No,android,0
CUS-100047,48,Zeynep Demir,32,Male,BURSA,Doktora,Yarı Zamanlı,76360,,89,2132,0,aylik,PayPal,2018-03-16,11,Evet,android,0
CUS-101750,1751,Mehmet Demir,,Male,antalya,lise,,31017,655,16,2551,1,24 AY,EFT,2022-06-24,2,Yes,web ,0
CUS-101632,1633,Derya Arslan,1,erkek,antalya,Y. Lisans,Öğrenci,93777,736,4,778,0,1 Yıllık,EFT,2020-01-15,8,hayir,IOS,0
CUS-100515,516,Burak Kaya,20,kadın,Izmir,Ön Lisans,Tam Zamanlı,34622,519,113,2355,2,2 Yıllık,kredi karti,2025-04-07,18,Evet,android,0
CUS-100269,270,Burak Aydın,27,Kadın,Unknown,lise,tam zamanli,26609,662,26,2727,4,aylik,kredi karti,2024-04-18,6,0,Web,0
CUS-100777,778,Derya Çelik,34,Female,Antalya,Ön Lisans,Part-time,28410,699,8,3222,0,Aylık,Otomatik Ödeme,2023-12-02,7,EVET,Web,0
CUS-101218,1219,Zeynep Öz,33,erkek,Izmir,Lisans,İşsiz,173445,616,64,2279,1,1 Yıllık,otomatik odeme,2019-09-15,5,0,iOS,0
CUS-101219,1220,Burak Şahin,51,KADIN,BURSA,Ön Lisans,Yarı Zamanlı,,635,77,583,0,aylik,otomatik odeme,2019-05-07,16,,Android,0
CUS-101620,1621,Burak Şahin,54,Diğer,Ankara,Y. Lisans,Self-employed,69014,699,66,2259,2,2 Yıllık,Otomatik Ödeme,2019-08-20,5,0,android,0
CUS-102157,2158,Burak Yılmaz,10,Belirtmek istemiyor,Adana,Yüksek Lisans,Serbest,69757,603,93,634,0,2 Yıllık,PayPal,2024-11-17,3,Hayır,android,0
CUS-100239,240,Burak Şahin,,Female,İstanbul,Bilinmiyor,Tam Zamanlı,81468,763,22,1812,2,2 Yıllık,otomatik odeme,2023-01-14,15,0,,0
CUS-101249,1250,Elif Çelik,32,erkek,Konya,Lise,Tam Zamanlı,21782,789,114,1628,2,Aylık,Kredi Kartı,2019-07-06,14,No,Tablet,0
CUS-102019,2020,Merve Yılmaz,44,kadın,antalya,Y. Lisans,İşsiz,31556,,9,894,4,Aylık,Otomatik Ödeme,2020-12-25,14,EVET,Tablet,0
CUS-100253,254,Emre Şahin,34,Erkek,ISTANBUL,Bilinmiyor,İşsiz,35053,550,21,1573,2,,Nakit,2022-09-28,4,EVET,Android,0
CUS-101414,1415,Derya Çelik,57,Diğer,Adana,Lisans,,26422,627,5,1199,2,24 AY,Kredi Kartı,2017-02-26,10,Hayır,Android,0
CUS-101644,1645,Ali Arslan,46,Female,BURSA,Ön Lisans,Öğrenci,992970,626,31,2526,3,1 Yıllık,kredi karti,2017-04-04,2,hayir,web ,0
CUS-100979,980,Ayşe Koç,,kadın,Unknown,Lisans,Part-time,39797,661,74,611,0,Taahhütsüz,Kredi Kartı,2022-01-01,,,iOS,0
CUS-101813,1814,Elif Arslan,46,KADIN,Ankara,Yüksek Lisans,Serbest,25327,691,56,1513,3,24 AY,Kredi Kartı,2022-06-02,5,1,Web,0
CUS-100892,893,Merve Öz,36,Male,Izmir,Bilinmiyor,,23288,644,25,1075,2,2 Yıllık,Nakit,2020-07-09,3,Evet,IOS,0
CUS-101071,1072,Merve Arslan,38,Erkek,Unknown,Doktora,Yarı Zamanlı,51277,613,61,1994,2,aylik,Banka Havalesi,2022-11-13,10,1,android,0
CUS-101701,1702,Mehmet Öz,33,Kadın,Izmir,Y. Lisans,Yarı Zamanlı,34017,692,57,,4,Aylık,Kredi Kartı,2020-10-12,11,EVET,iOS,0
CUS-100601,602,Elif Çelik,32,Diğer,istanbul,Bilinmiyor,Tam Zamanlı,37053,669,58,983,0,Aylık,Banka Havalesi,2025-07-27,,Evet,Android,0
CUS-100040,41,Ayşe Öz,9,Belirtmek istemiyor,Unknown,Yüksek Lisans,Part-time,69475,476,44,927,0,Aylık,Nakit,2024-06-04,6,Hayır,Unknown,0
CUS-101787,1788,Zeynep Aydın,30,KADIN,Konya,lisans ,Part-time,19794,579,38,1798,2,1 Yıllık,otomatik odeme,2023-03-15,8,0,Android,0
CUS-100412,413,Burak Demir,41,Erkek,İzmir,lise,Yarı Zamanlı,20941,611,56,1926,0,,EFT,2019-09-23,4,No,Tablet,0
CUS-102150,2151,Derya Kaya,31,Belirtmek istemiyor,İzmir,Lise,Yarı Zamanlı,65832,714,107,2412,0,2 Yıllık,otomatik odeme,2024-07-07,6,EVET,Tablet,0
CUS-100517,518,Emre Çelik,24,erkek,Antalya,,Self-employed,32439,614,61,1735,1,,Otomatik Ödeme,2023-11-24,15,EVET,android,0
CUS-100339,340,Burak Kurt,50,Belirtmek istemiyor,Adana,Lise,İşsiz,26740,469,78,314,0,12 ay,Kredi Kartı,2017-06-03,5,,Unknown,0
CUS-100939,940,Mehmet Kaya,48,Erkek,ISTANBUL,lise,İşsiz,24184,709,18,710,3,2 Yıllık,Kredi Kartı,2020-06-20,1,0,IOS,0
CUS-100009,10,Elif Kaya,38,Diğer,Antalya,Bilinmiyor,Tam Zamanlı,,707,70,1855,0,Taahhütsüz,Otomatik Ödeme,2024-06-13,3,Evet,Tablet,0
CUS-101416,1417,Merve Yılmaz,46,,ankara ,lisans ,Self-employed,47739,715,5,817,3,1 Yıllık,Otomatik Ödeme,,5,hayir,android,0
CUS-100847,848,Derya Kaya,63,KADIN,İzmir,Lise,Self-employed,,740,95,2142,0,24 AY,EFT,2017-05-07,8,EVET,web ,0
CUS-101975,1976,Merve Yılmaz,53,Diğer,Bursa,Bilinmiyor,Self-employed,,741,104,387,0,2 Yıllık,otomatik odeme,2020-11-14,9,Yes,Android,0
CUS-101096,1097,Mehmet Öz,48,Female,İzmir,,Yarı Zamanlı,1230750,656,45,518,4,12 ay,Banka Havalesi,2020-03-09,0,Hayır,Android,0
CUS-100319,320,Mehmet Aydın,33,Erkek,Bursa,Ön Lisans,Serbest,39115,751,17,,0,Taahhütsüz,kredi karti,2022-11-16,8,Evet,Android,0
CUS-100896,897,Mehmet Aydın,29,Belirtmek istemiyor,Gaziantep,lisans ,Yarı Zamanlı,72390,632,25,1201,0,Aylık,Kredi Kartı,2022-11-22,9,0,Android,0
CUS-100235,236,Elif Öz,23,Male,İzmir,Lise,tam zamanli,21369,567,61,1459,0,1 Yıllık,otomatik odeme,2018-09-18,2,Hayır,Tablet,0
CUS-100111,112,Zeynep Koç,10,kadın,İzmir,Doktora,Yarı Zamanlı,52962,650,74,1076,2,Aylık,Kredi Kartı,2021-07-21,3,Evet,web ,0
CUS-101599,1600,Merve Yılmaz,38,kadın,Adana,,Serbest,37149,,108,2364,2,1 Yıllık,Kredi Kartı,,4,Yes,android,0
CUS-101050,1051,Emre Koç,25,Female,BURSA,Bilinmiyor,tam zamanli,51463,740,29,3037,0,aylik,PayPal,2020-10-22,10,EVET,Tablet,0
CUS-100104,105,Ayşe Koç,56,,Gaziantep,lisans ,İşsiz,16130,828,8,2176,0,1 Yıllık,Nakit,2018-04-27,13,EVET,web ,0
CUS-100181,182,Elif Öz,-7,kadın,,Lise,Emekli,27914,629,34,50,0,2 Yıllık,Otomatik Ödeme,2025-02-02,8,0,IOS,0
CUS-100393,394,Ali Koç,20,Diğer,Antalya,Yüksek Lisans,Emekli,33640,779,54,2739,0,1 Yıllık,Otomatik Ödeme,not_a_date,2,1,iOS,0
CUS-100616,617,Zeynep Yılmaz,27,kadın,Ankara,lise,Serbest,34540,538,51,1448,3,1 Yıllık,EFT,2019-12-03,3,0,Unknown,0
CUS-101885,1886,Ali Yılmaz,32,Belirtmek istemiyor,İstanbul,Bilinmiyor,Self-employed,21652,596,9,,1,Taahhütsüz,,2020-07-02,2,1,Unknown,0
CUS-100318,319,Zeynep Kaya,36,Female,İzmir,Y. Lisans,Part-time,,673,96,935,0,Aylık,kredi karti,2017-02-07,6,EVET,Android,0
CUS-101100,1101,Mehmet Çelik,51,Kadın,İstanbul,Yüksek Lisans,Öğrenci,58424,547,24,1316,2,2 Yıllık,Kredi Kartı,2020-02-12,8,1,IOS,0
CUS-101160,1161,Ali Aydın,34,Belirtmek istemiyor,BURSA,lisans ,tam zamanli,,578,13,1034,1,Aylık,otomatik odeme,2025-01-15,28,No,iOS,1
CUS-101765,1766,Derya Aydın,67,KADIN,Konya,lise,Tam Zamanlı,31889,565,20,2508,0,Aylık,kredi karti,2022-07-15,6,No,Tablet,1
CUS-101408,1409,Ali Çelik,43,Kadın,ISTANBUL,Bilinmiyor,Part-time,,545,92,403,1,24 AY,Banka Havalesi,2023-09-21,6,Evet,web ,0
CUS-101306,1307,Emre Şahin,,kadın,BURSA,Lisans,,,543,40,821,1,Aylık,Kredi Kartı,2021-05-21,19,Hayır,iOS,0
CUS-101744,1745,Elif Çelik,41,kadın,Gaziantep,,Emekli,54306,667,3,50,2,aylik,PayPal,2021-08-01,3,EVET,Unknown,0
CUS-101023,1024,Ali Kaya,60,Belirtmek istemiyor,İstanbul,lise,Emekli,44737,614,33,,1,2 Yıllık,Kredi Kartı,2017-02-14,4,Hayır,Unknown,0
CUS-102030,2031,Burak Yılmaz,54,KADIN,Izmir,Lise,Emekli,26359,477,117,812,2,Aylık,kredi karti,2017-12-06,3,Yes,Tablet,0
CUS-101636,1637,Derya Kaya,44,Female,Antalya,lise,İşsiz,16172,692,22,175,1,2 Yıllık,EFT,2022-06-21,11,Hayır,android,0
CUS-101801,1802,Can Arslan,63,Diğer,Adana,Yüksek Lisans,Serbest,46792,857,61,1031,1,1 Yıllık,Kredi Kartı,2021-11-21,5,No,iOS,0
CUS-101635,1636,Can Çelik,49,Female,Ankara,Bilinmiyor,,,727,26,531,3,aylik,kredi karti,2020-12-26,4,0,Unknown,0
CUS-101814,1815,Elif Kaya,38,Female,İzmir,Bilinmiyor,Self-employed,52899,,101,709,1,aylik,,2018-12-25,48,Evet,iOS,0
CUS-100531,532,Derya Aydın,59,erkek,antalya,Yüksek Lisans,İşsiz,88948,788,111,854,1,1 Yıllık,EFT,2022-12-21,10,hayir,Tablet,0
CUS-100420,421,Can Şahin,25,erkek,İzmir,,Emekli,44422,679,38,1434,1,2 Yıllık,Kredi Kartı,2021-05-11,13,Yes,Android,0
CUS-100381,382,Ali Arslan,40,Diğer,Izmir,lisans ,,52095,639,66,1054,2,1 Yıllık,Kredi Kartı,2025-11-21,1,Evet,Tablet,0
CUS-100326,327,Ayşe Şahin,16,Belirtmek istemiyor,Gaziantep,Doktora,Yarı Zamanlı,,9999,33,739,0,12 ay,Banka Havalesi,2019-12-16,13,hayir,Web,0
CUS-101362,1363,Mehmet Arslan,20,Female,BURSA,Bilinmiyor,Self-employed,57151,509,93,1038,0,1 Yıllık,Otomatik Ödeme,2025-12-06,3,Evet,iOS,0
CUS-100234,235,Merve Çelik,33,kadın,antalya,Yüksek Lisans,Öğrenci,19648,748,31,891,1,Aylık,Otomatik Ödeme,2020-01-02,7,1,web ,1
CUS-100667,668,Merve Arslan,20,Male,,lisans ,Emekli,23273,565,69,2518,0,24 AY,otomatik odeme,2017-08-16,4,Yes,android,0
CUS-101117,1118,Zeynep Şahin,52,KADIN,Adana,lise,İşsiz,36767,786,21,1966,0,aylik,Nakit,2025-05-03,7,Yes,Tablet,1
CUS-100220,221,Derya Kaya,43,erkek,antalya,Bilinmiyor,Emekli,29008,650,119,2530,0,Aylık,Kredi Kartı,2019-09-24,12,EVET,Android,0
CUS-101267,1268,Can Şahin,-7,Female,ISTANBUL,Bilinmiyor,,57103,747,37,762,1,24 AY,Banka Havalesi,2021-10-01,13,1,Android,0
CUS-100778,779,Elif Kurt,12,Kadın,Bursa,Ön Lisans,Öğrenci,16966,760,29,2565,1,,Kredi Kartı,2024-07-09,15,No,iOS,0
CUS-101343,1344,Ali Arslan,16,Kadın,ankara ,Lise,Part-time,35311,695,39,438,1,Aylık,otomatik odeme,2020-03-11,2,Hayır,,0
CUS-100039,40,Ali Aydın,18,kadın,BURSA,Bilinmiyor,Part-time,,546,75,910,1,Taahhütsüz,,2023-07-08,4,Evet,Web,0
CUS-101452,1453,Emre Öz,,,İzmir,lise,tam zamanli,94377,,117,1593,0,12 ay,kredi karti,2021-01-23,9,,Unknown,0
CUS-100282,283,Merve Çelik,62,Belirtmek istemiyor,Antalya,Doktora,,33933,624,48,1770,3,aylik,,2025-11-16,18,1,android,0
CUS-100219,220,Derya Kurt,27,Belirtmek istemiyor,istanbul,Y. Lisans,,46676,802,23,442,0,12 ay,,2025-03-16,10,Hayır,Unknown,0
CUS-100374,375,Zeynep Koç,,Diğer,ankara ,Ön Lisans,Serbest,22185,677,99,2187,1,24 AY,PayPal,2020-01-24,21,0,iOS,0
CUS-100085,86,Merve Demir,31,Diğer,Adana,Y. Lisans,Emekli,91677,646,50,517,1,1 Yıllık,Nakit,2018-04-09,,0,Tablet,0
CUS-100290,291,Emre Demir,43,Male,Adana,Bilinmiyor,Serbest,28121,706,43,1298,1,2 Yıllık,PayPal,2020-09-07,3,Yes,android,0
CUS-100082,83,Ayşe Yılmaz,-9,Erkek,İzmir,,Tam Zamanlı,62420,779,,2127,0,aylik,Kredi Kartı,2025-04-03,1,1,web ,0
CUS-100750,751,Elif Çelik,50,Belirtmek istemiyor,BURSA,Bilinmiyor,Öğrenci,51409,563,73,2644,1,Taahhütsüz,otomatik odeme,2018-07-14,1,0,iOS,0
CUS-100845,846,Emre Kaya,26,erkek,Izmir,Bilinmiyor,Yarı Zamanlı,41453,622,12,2177,2,2 Yıllık,otomatik odeme,2022-01-11,3,Evet,iOS,0
CUS-100464,465,Elif Şahin,58,erkek,antalya,Y. Lisans,Serbest,53197,755,70,3062,1,24 AY,Banka Havalesi,2022-12-23,7,Hayır,Web,0
CUS-101253,1254,Can Kaya,47,Male,antalya,Lisans,Serbest,36990,802,103,3105,0,24 AY,Otomatik Ödeme,2021-07-20,2,EVET,Unknown,0
CUS-101874,1875,Ayşe Demir,22,Female,antalya,Lise,Tam Zamanlı,19430,542,35,774,1,2 Yıllık,PayPal,2022-12-27,2,,Android,0
CUS-101423,1424,Derya Kaya,33,Male,antalya,,İşsiz,38899,615,44,2720,0,24 AY,kredi karti,2017-12-18,,1,Unknown,0
CUS-100839,840,Derya Aydın,49,Kadın,İstanbul,Lisans,Yarı Zamanlı,44064,529,67,1737,1,24 AY,Banka Havalesi,2025-02-21,5,Yes,web ,0
CUS-101684,1685,Mehmet Öz,54,kadın,istanbul,Bilinmiyor,Emekli,13538,584,14,,0,12 ay,Banka Havalesi,2023-10-13,5,1,iOS,0
CUS-100150,151,Mehmet Yılmaz,36,Female,ISTANBUL,Lisans,Self-employed,23259,535,105,231,2,24 AY,Otomatik Ödeme,2019-04-15,10,Hayır,iOS,0
CUS-100468,469,Derya Arslan,31,erkek,,lisans ,Yarı Zamanlı,41737,700,20,1916,4,2 Yıllık,Kredi Kartı,2018-09-15,3,,Android,1
CUS-101646,1647,Can Arslan,52,Kadın,ankara ,Lise,Self-employed,28821,,53,788,2,12 ay,,2018-09-10,4,Yes,IOS,0
CUS-100140,141,Merve Kaya,57,Kadın,Izmir,lise,Serbest,46413,495,105,650,0,12 ay,otomatik odeme,2020-11-06,3,Evet,Android,0
CUS-101018,1019,Ali Demir,58,Belirtmek istemiyor,İstanbul,Lisans,Self-employed,25970,568,14,1658,0,24 AY,Kredi Kartı,2022-05-12,6,EVET,Tablet,0
CUS-101486,1487,Zeynep Koç,23,Belirtmek istemiyor,antalya,lisans ,Part-time,27042,735,58,462,4,Taahhütsüz,Otomatik Ödeme,2023-12-26,3,EVET,Tablet,0
CUS-100448,449,Ayşe Kaya,60,Kadın,Antalya,Lisans,Self-employed,,461,35,2442,1,24 AY,kredi karti,2019-01-24,13,No,iOS,0
CUS-101950,1951,Burak Öz,41,KADIN,Adana,Ön Lisans,Part-time,22952,674,45,50,5,Taahhütsüz,EFT,2025-05-10,6,Yes,Tablet,0
CUS-101262,1263,Burak Yılmaz,77,Male,istanbul,lisans ,Öğrenci,,512,72,2304,3,,PayPal,2022-10-21,4,Yes,IOS,0
CUS-101806,1807,Mehmet Demir,43,KADIN,Konya,,Serbest,38343,614,58,2460,4,1 Yıllık,otomatik odeme,2022-09-22,,1,Tablet,0
CUS-100072,73,Can Yılmaz,27,Erkek,Konya,Lisans,tam zamanli,27573,675,10,944,2,Taahhütsüz,Kredi Kartı,2024-12-25,6,Evet,Tablet,0
CUS-100413,414,Can Şahin,22,kadın,ISTANBUL,Bilinmiyor,Tam Zamanlı,14963,599,93,1256,0,2 Yıllık,Kredi Kartı,2023-07-20,3,,web ,0
CUS-101378,1379,Burak Şahin,43,KADIN,Gaziantep,Y. Lisans,,41097,535,41,1716,2,12 ay,otomatik odeme,2019-05-05,13,Evet,android,0
CUS-101318,1319,Derya Koç,38,Diğer,Adana,Doktora,Yarı Zamanlı,15774,729,88,2545,0,2 Yıllık,Kredi Kartı,2021-08-13,4,Yes,IOS,0
CUS-101357,1358,Elif Demir,37,Belirtmek istemiyor,Unknown,Doktora,Self-employed,80067,442,57,1398,2,Aylık,Banka Havalesi,2022-11-09,6,1,iOS,0
CUS-102086,2087,Merve Öz,35,Male,Antalya,Lise,Serbest,25105,741,81,92070,2,12 ay,PayPal,2022-12-09,2,0,Tablet,0
CUS-101278,1279,Derya Demir,36,Belirtmek istemiyor,İzmir,Bilinmiyor,Tam Zamanlı,50838,561,26,1736,0,Aylık,Otomatik Ödeme,2024-04-09,3,Evet,iOS,0
CUS-101321,1322,Derya Kurt,34,Erkek,Unknown,Ön Lisans,tam zamanli,32093,658,84,1942,2,,Kredi Kartı,2024-03-27,4,Yes,Web,0
CUS-100812,813,Derya Çelik,35,erkek,Konya,Lisans,Serbest,84197,,49,1005,0,2 Yıllık,kredi karti,,10,1,Android,0
CUS-101967,1968,Ali Çelik,60,erkek,antalya,Doktora,Self-employed,22798,580,55,223,1,2 Yıllık,otomatik odeme,2021-07-06,5,No,iOS,0
CUS-100164,165,Ali Öz,25,Belirtmek istemiyor,Antalya,,tam zamanli,45266,,77,3074,0,12 ay,otomatik odeme,2018-01-18,1,Hayır,Tablet,0
CUS-101128,1129,Elif Öz,50,Female,ankara ,Yüksek Lisans,Serbest,37771,716,46,1112,0,Taahhütsüz,Nakit,2018-09-17,5,Hayır,Tablet,0
CUS-101384,1385,Elif Kaya,,Diğer,İzmir,Y. Lisans,Serbest,20613,865,15,1348,2,1 Yıllık,Nakit,2023-03-27,3,Evet,iOS,0
CUS-100117,118,Merve Öz,41,kadın,Konya,Ön Lisans,Öğrenci,22979,447,50,1698,1,Aylık,Nakit,2017-08-15,2,1,Unknown,0
CUS-100006,7,Can Şahin,18,,Unknown,lisans ,,24402,480,114,2417,3,2 Yıllık,Nakit,2021-11-20,17,hayir,android,0
CUS-101956,1957,Merve Çelik,46,Kadın,Izmir,Y. Lisans,Part-time,33523,9999,60,2580,1,24 AY,,2020-04-08,3,No,Web,0
CUS-101437,1438,Ayşe Çelik,28,Male,istanbul,,Serbest,,678,44,519,0,24 AY,Otomatik Ödeme,2020-09-22,7,0,Android,0
CUS-101175,1176,Ali Kaya,29,Male,Ankara,lise,Part-time,72996,698,,2236,2,aylik,,2020-08-18,5,0,iOS,0
CUS-102047,2048,Ali Yılmaz,34,KADIN,,Lisans,Part-time,35436,542,119,1792,2,12 ay,Banka Havalesi,2024-02-01,9,Yes,Tablet,0
CUS-101302,1303,Elif Koç,45,Erkek,İzmir,lisans ,tam zamanli,30869,,41,1907,1,Taahhütsüz,otomatik odeme,2020-02-09,6,Hayır,Unknown,0
CUS-101714,1715,Burak Yılmaz,34,kadın,İstanbul,Lise,Yarı Zamanlı,52178,714,55,,3,2 Yıllık,otomatik odeme,2024-08-13,4,Yes,Unknown,0
CUS-100992,993,Ayşe Koç,27,Erkek,ankara ,Y. Lisans,tam zamanli,38691,607,43,1486,1,aylik,Nakit,2017-09-03,2,EVET,IOS,0
CUS-100501,502,Merve Yılmaz,46,Erkek,ISTANBUL,Yüksek Lisans,Tam Zamanlı,24063,488,33,1601,1,Taahhütsüz,Banka Havalesi,2024-10-26,6,EVET,android,0
CUS-102029,2030,Merve Kaya,52,KADIN,ISTANBUL,Lisans,tam zamanli,22376,722,85,2756,0,Taahhütsüz,PayPal,2020-02-16,8,Yes,Unknown,0
CUS-100620,621,Emre Çelik,49,KADIN,ankara ,lise,,46156,523,12,1269,4,,Banka Havalesi,2019-04-23,4,Yes,IOS,0
CUS-101976,1977,Ayşe Öz,55,kadın,Adana,Lise,Part-time,43707,566,58,2377,2,Aylık,PayPal,2021-04-27,4,EVET,IOS,0
CUS-100978,979,Merve Kurt,43,erkek,Unknown,Lisans,İşsiz,,9999,29,1005,1,Taahhütsüz,,2023-11-25,2,Hayır,Android,0
CUS-102051,2052,Can Yılmaz,31,Belirtmek istemiyor,Antalya,Bilinmiyor,,,548,30,1062,3,2 Yıllık,Kredi Kartı,2025-03-08,2,hayir,Android,0
CUS-101846,1847,Emre Öz,48,Kadın,antalya,Doktora,İşsiz,34882,641,81,1322,0,aylik,otomatik odeme,,3,1,Web,0
CUS-101214,1215,Elif Şahin,24,Kadın,İstanbul,Y. Lisans,tam zamanli,42674,814,62,2737,1,24 AY,otomatik odeme,2018-12-05,7,EVET,Unknown,0
CUS-100614,615,Derya Kurt,52,KADIN,Ankara,Y. Lisans,tam zamanli,28053,420,55,1068,1,aylik,Nakit,2022-03-08,4,1,IOS,0
CUS-102036,2037,Ayşe Öz,19,erkek,antalya,Bilinmiyor,Self-employed,37439,591,66,375,0,2 Yıllık,otomatik odeme,2022-04-23,6,Yes,Tablet,0
CUS-101830,1831,Can Demir,25,Male,Izmir,Lisans,Part-time,31148,752,43,1910,5,Taahhütsüz,Kredi Kartı,2023-06-10,4,Yes,Android,0
CUS-100272,273,Emre Kaya,31,Female,Adana,Doktora,Öğrenci,60844,696,66,1186,1,Taahhütsüz,Otomatik Ödeme,2018-10-15,25,EVET,,0
CUS-101624,1625,Ali Öz,31,Female,Bursa,lisans ,Part-time,64798,664,77,1245,0,Taahhütsüz,Kredi Kartı,2018-11-08,10,Yes,web ,0
CUS-101606,1607,Can Kaya,44,Female,İzmir,lisans ,İşsiz,12788,737,78,1205,0,1 Yıllık,Nakit,2025-09-22,3,hayir,,0
CUS-100805,806,Merve Demir,53,Belirtmek istemiyor,İstanbul,lisans ,İşsiz,44319,,22,850,1,Aylık,Otomatik Ödeme,2017-11-12,2,Yes,iOS,0
CUS-101542,1543,Merve Koç,37,Kadın,,Y. Lisans,Serbest,8525,710,27,1049,3,aylik,Otomatik Ödeme,2018-04-03,2,EVET,iOS,0
CUS-100832,833,Emre Şahin,31,kadın,Bursa,lisans ,İşsiz,63449,583,104,1380,4,24 AY,otomatik odeme,2024-07-07,11,0,Unknown,0
CUS-100859,860,Zeynep Kaya,18,kadın,Unknown,lisans ,Serbest,37657,539,1,916,0,1 Yıllık,EFT,2020-12-24,58,1,Tablet,0
CUS-100650,651,Ali Yılmaz,44,,Izmir,lise,tam zamanli,30515,700,62,597,2,24 AY,Otomatik Ödeme,2024-05-02,10,0,android,0
CUS-100958,959,Emre Çelik,52,erkek,Antalya,Yüksek Lisans,,,790,48,,5,1 Yıllık,EFT,2022-07-12,5,EVET,android,1
CUS-100581,582,Ali Çelik,38,Diğer,Unknown,Lisans,Emekli,108924,611,5,2046,3,24 AY,PayPal,2020-06-12,2,0,android,0
CUS-101871,1872,Ali Öz,22,Belirtmek istemiyor,Izmir,Yüksek Lisans,Serbest,65608,771,28,,1,12 ay,kredi karti,2022-10-12,,1,Android,0
CUS-101938,1939,Emre Yılmaz,32,Belirtmek istemiyor,antalya,Yüksek Lisans,Self-employed,45384,597,66,1856,0,2 Yıllık,EFT,2021-08-10,,1,Tablet,0
CUS-100062,63,Elif Demir,38,Belirtmek istemiyor,ISTANBUL,Lise,Part-time,27312,665,4,3307,3,Taahhütsüz,otomatik odeme,,40,1,IOS,0
CUS-100681,682,Merve Kurt,42,Female,Antalya,Lise,Yarı Zamanlı,25816,614,81,2576,1,1 Yıllık,Banka Havalesi,2022-04-16,11,,Web,0
CUS-101575,1576,Emre Şahin,25,KADIN,,lisans ,tam zamanli,50233,442,28,1000,,12 ay,,2018-04-18,45,No,web ,1
CUS-100536,537,Emre Arslan,37,Erkek,Bursa,Doktora,Öğrenci,48877,611,44,1970,4,24 AY,Banka Havalesi,2017-04-22,16,EVET,web ,0
CUS-100525,526,Ayşe Kurt,26,Belirtmek istemiyor,Ankara,Lisans,İşsiz,,,26,2627,0,1 Yıllık,otomatik odeme,2017-10-24,8,No,Web,0
CUS-100258,259,Derya Çelik,40,Belirtmek istemiyor,Adana,Ön Lisans,Serbest,43805,517,51,2326,3,Aylık,kredi karti,2024-04-17,8,hayir,Tablet,0
CUS-100836,837,Burak Arslan,30,KADIN,Antalya,Lise,Part-time,24851,626,41,73,1,,kredi karti,2017-11-06,8,EVET,android,0
CUS-101116,1117,Merve Yılmaz,71,Belirtmek istemiyor,İstanbul,Ön Lisans,Yarı Zamanlı,32364,531,21,799,3,2 Yıllık,Nakit,2021-06-18,4,1,IOS,0
CUS-101038,1039,Burak Şahin,32,Kadın,Izmir,,Yarı Zamanlı,38658,743,32,1531,0,,Otomatik Ödeme,2022-05-03,3,0,Unknown,0
CUS-102141,2142,Elif Kaya,32,Male,Ankara,lise,Tam Zamanlı,52547,685,,2388,2,12 ay,EFT,2018-08-25,3,No,Tablet,1
CUS-100996,997,Ali Şahin,42,Erkek,İzmir,Lisans,,20260,786,64,3258,0,,Banka Havalesi,2024-06-07,2,hayir,Android,0
CUS-100769,770,Can Aydın,61,Kadın,İstanbul,Bilinmiyor,Self-employed,54669,621,40,1473,3,2 Yıllık,kredi karti,2020-11-15,4,Evet,Android,0
CUS-101239,1240,Burak Demir,30,Belirtmek istemiyor,İstanbul,Bilinmiyor,Tam Zamanlı,27301,,100,1951,2,Taahhütsüz,Kredi Kartı,2021-05-27,3,Hayır,iOS,0
CUS-101933,1934,Elif Aydın,44,Erkek,ankara ,Lise,tam zamanli,50553,,61,50,1,2 Yıllık,EFT,2023-07-23,5,0,iOS,0
CUS-100843,844,Elif Çelik,54,Kadın,İzmir,Lisans,tam zamanli,46467,534,80,1404,2,aylik,Kredi Kartı,2021-12-24,5,Evet,IOS,0
CUS-101971,1972,Elif Kurt,37,Diğer,antalya,Bilinmiyor,Self-employed,32663,796,36,1573,1,Aylık,otomatik odeme,2025-04-07,,0,Android,0
CUS-100106,107,Zeynep Aydın,40,Female,Adana,Lise,Emekli,37543,,87,2751,1,Taahhütsüz,Kredi Kartı,2022-03-04,3,,Android,0
CUS-100976,977,Merve Koç,46,kadın,ankara ,Lise,İşsiz,40259,866,98,1382,0,2 Yıllık,PayPal,2023-03-12,5,Hayır,,0
CUS-100460,461,Ali Çelik,40,KADIN,Konya,Y. Lisans,Serbest,30119,704,119,1225,1,Taahhütsüz,,2022-07-21,17,hayir,IOS,1
CUS-101882,1883,Zeynep Aydın,47,Diğer,Izmir,Yüksek Lisans,Tam Zamanlı,25803,,70,50,3,Aylık,otomatik odeme,2022-04-13,4,,Android,0
CUS-100549,550,Burak Çelik,45,Erkek,antalya,lise,Emekli,27887,685,97,2805,1,aylik,kredi karti,2019-10-27,7,Evet,Android,0
CUS-101469,1470,Mehmet Aydın,31,kadın,ankara ,Bilinmiyor,Self-employed,,730,65,1601,0,12 ay,,2021-07-11,4,No,Tablet,0
CUS-102155,2156,Merve Yılmaz,36,,ISTANBUL,Bilinmiyor,İşsiz,21960,760,59,1933,0,12 ay,Otomatik Ödeme,2024-08-05,22,1,Web,0
CUS-100882,883,Ayşe Çelik,,Erkek,İzmir,Yüksek Lisans,,16875,796,8,402,2,12 ay,PayPal,2020-10-28,6,Hayır,Web,0
CUS-101716,1717,Elif Yılmaz,56,Belirtmek istemiyor,Konya,Ön Lisans,Tam Zamanlı,18596,682,43,1947,2,12 ay,Otomatik Ödeme,2025-12-18,6,Hayır,Tablet,0
CUS-101048,1049,Merve Çelik,54,Diğer,ankara ,Yüksek Lisans,tam zamanli,13967,668,21,1863,0,Aylık,EFT,not_a_date,10,No,Android,0
CUS-100000,1,Emre Arslan,145,KADIN,ISTANBUL,Ön Lisans,Self-employed,607380,-120,70,124920,45,Aylık,kredi karti,17/10/2017,999,Evet,Web,1
CUS-101955,1956,Burak Öz,34,Diğer,Konya,Ön Lisans,Tam Zamanlı,11496,,38,2315,1,aylik,Kredi Kartı,2023-03-26,13,Hayır,iOS,0
CUS-101945,1946,Ali Öz,38,kadın,,,tam zamanli,52361,562,55,2039,0,12 ay,PayPal,2017-12-22,1,Yes,Unknown,0
CUS-100407,408,Ali Şahin,36,,ankara ,lisans ,tam zamanli,54048,671,66,748,2,Aylık,Nakit,2022-03-27,3,1,IOS,0
CUS-101012,1013,Elif Öz,34,kadın,Ankara,Lisans,Yarı Zamanlı,29134,628,67,956,2,1 Yıllık,EFT,2021-10-06,5,0,Android,0
CUS-101551,1552,Ali Şahin,41,Erkek,İstanbul,lisans ,Emekli,21552,510,35,1683,3,24 AY,Nakit,2017-05-13,5,Yes,android,0
CUS-100698,699,Zeynep Yılmaz,54,Kadın,Izmir,Y. Lisans,İşsiz,9636,476,57,1506,0,Aylık,Kredi Kartı,,7,1,android,0
CUS-101593,1594,Merve Arslan,24,Male,ISTANBUL,Ön Lisans,Emekli,38464,,23,1518,0,2 Yıllık,EFT,2018-07-24,4,EVET,IOS,0
CUS-100366,367,Ayşe Şahin,30,Erkek,Ankara,,Öğrenci,27421,638,92,1774,0,2 Yıllık,otomatik odeme,2018-12-10,10,No,iOS,0
CUS-101480,1481,Can Arslan,26,Diğer,Izmir,Lisans,İşsiz,35444,624,98,,2,2 Yıllık,PayPal,2024-06-02,4,hayir,iOS,0
CUS-101878,1879,Merve Öz,13,Kadın,İzmir,Doktora,Part-time,24586,606,31,543,2,2 Yıllık,PayPal,2024-10-18,4,1,Unknown,0
CUS-100112,113,Can Şahin,40,KADIN,Antalya,,Öğrenci,48919,616,,2511,0,Aylık,Kredi Kartı,2023-11-16,9,Hayır,web ,0
CUS-101543,1544,Merve Arslan,20,Erkek,İzmir,lisans ,,35617,762,79,2270,0,2 Yıllık,,2024-04-23,3,Yes,Unknown,0
CUS-100151,152,Zeynep Çelik,,erkek,Adana,lisans ,Self-employed,91321,573,55,1135,3,12 ay,kredi karti,,4,hayir,Android,0
CUS-100003,4,Emre Şahin,33,erkek,antalya,Y. Lisans,Tam Zamanlı,78363,648,71,1337,1,aylik,Kredi Kartı,2025-09-05,7,0,IOS,0
CUS-100725,726,Ayşe Aydın,50,Female,ISTANBUL,Ön Lisans,İşsiz,26532,554,50,1690,0,aylik,EFT,2021-08-04,2,Evet,Android,0
CUS-100798,799,Zeynep Öz,20,Male,ankara ,lise,Self-employed,86615,579,42,1439,4,2 Yıllık,Otomatik Ödeme,2020-12-17,3,EVET,Unknown,0
CUS-101017,1018,Derya Demir,,Diğer,antalya,lisans ,Self-employed,20468,739,60,776,0,,kredi karti,2023-09-16,11,No,Tablet,0
CUS-101458,1459,Zeynep Koç,27,Female,ankara ,Ön Lisans,Yarı Zamanlı,75593,536,18,1310,2,1 Yıllık,Banka Havalesi,2021-08-03,3,Yes,IOS,0
CUS-101867,1868,Ali Arslan,38,KADIN,ankara ,Ön Lisans,tam zamanli,44655,464,118,1156,6,24 AY,Nakit,2021-08-10,1,Evet,Tablet,0
CUS-101042,1043,Ali Arslan,42,erkek,BURSA,Lisans,Emekli,60141,539,34,687,1,24 AY,otomatik odeme,2018-12-16,,hayir,iOS,0
CUS-100528,529,Ali Kaya,49,KADIN,Gaziantep,Doktora,Part-time,89342,747,,1311,0,aylik,Banka Havalesi,2018-01-09,16,,web ,0
CUS-100051,52,Ali Kaya,57,Erkek,Izmir,Y. Lisans,Tam Zamanlı,20998,659,108,1554,2,24 AY,Kredi Kartı,2023-10-19,4,1,android,0
CUS-100257,258,Merve Şahin,23,Kadın,ankara ,Bilinmiyor,İşsiz,43669,535,21,486,0,2 Yıllık,Banka Havalesi,2022-03-27,8,Evet,Android,0
CUS-102005,2006,Derya Demir,47,Male,İzmir,Bilinmiyor,Self-employed,8889,680,0,334,0,12 ay,Nakit,2020-04-27,2,No,Android,0
CUS-100638,639,Ayşe Kaya,39,KADIN,İzmir,lisans ,Emekli,57651,645,36,575,4,2 Yıllık,Banka Havalesi,2025-08-22,2,hayir,Web,0
CUS-100267,268,Ayşe Demir,36,Female,ankara ,lisans ,tam zamanli,40219,708,118,1573,2,Taahhütsüz,EFT,2021-06-28,7,Hayır,iOS,0
CUS-101804,1805,Ayşe Öz,13,KADIN,İzmir,Y. Lisans,Self-employed,35217,815,60,2021,1,2 Yıllık,PayPal,2023-04-11,3,Yes,Android,0
CUS-100888,889,Merve Şahin,62,kadın,Adana,Doktora,Serbest,15428,601,29,2449,5,12 ay,Kredi Kartı,,2,Yes,IOS,0
CUS-102140,2141,Can Koç,15,Belirtmek istemiyor,,lise,Emekli,41697,447,47,1712,1,24 AY,Otomatik Ödeme,2017-01-22,6,hayir,Tablet,0
CUS-101671,1672,Zeynep Demir,40,KADIN,istanbul,Y. Lisans,Serbest,16513,635,91,1946,,Taahhütsüz,Nakit,2025-02-26,15,Yes,Tablet,0
CUS-101558,1559,Emre Koç,35,kadın,Izmir,Ön Lisans,Self-employed,16617,417,,2703,0,Aylık,Otomatik Ödeme,2024-02-01,11,0,android,0
CUS-101989,1990,Ayşe Çelik,,Erkek,Unknown,lisans ,Emekli,13687,713,47,1112,2,2 Yıllık,otomatik odeme,2018-10-07,4,Hayır,Web,0
CUS-101670,1671,Zeynep Kurt,50,Female,istanbul,Doktora,Serbest,58755,701,117,1146,1,1 Yıllık,PayPal,2024-03-13,4,Evet,Android,0
CUS-101490,1491,Ali Aydın,25,Kadın,Gaziantep,Yüksek Lisans,Emekli,80390,625,113,81180,3,1 Yıllık,otomatik odeme,2023-04-10,8,0,android,0
CUS-101633,1634,Merve Çelik,37,Diğer,ankara ,lisans ,tam zamanli,72522,775,35,2038,1,aylik,PayPal,2017-01-13,6,0,Tablet,0
CUS-100373,374,Merve Aydın,36,Male,BURSA,Ön Lisans,,94983,592,59,1088,1,1 Yıllık,Otomatik Ödeme,2022-10-01,2,hayir,web ,0
CUS-101212,1213,Ayşe Koç,40,KADIN,Gaziantep,Bilinmiyor,Self-employed,49642,599,81,1680,1,Taahhütsüz,Banka Havalesi,,5,hayir,iOS,0
CUS-100202,203,Ayşe Kurt,34,Male,antalya,Ön Lisans,İşsiz,53668,710,69,,,Aylık,Nakit,,5,EVET,Tablet,0
CUS-101209,1210,Elif Şahin,31,Male,istanbul,Y. Lisans,tam zamanli,32042,690,28,50,1,2 Yıllık,Nakit,2019-10-12,8,0,android,0
CUS-101906,1907,Ayşe Demir,34,KADIN,istanbul,Yüksek Lisans,Emekli,37955,578,62,2193,2,,Otomatik Ödeme,2018-01-25,6,1,Unknown,0
CUS-100462,463,Zeynep Kurt,41,erkek,Antalya,lisans ,Self-employed,79336,530,25,1814,0,aylik,Otomatik Ödeme,2019-09-13,5,No,IOS,0
CUS-100278,279,Zeynep Çelik,23,Erkek,Gaziantep,Bilinmiyor,Tam Zamanlı,40307,650,120,1358,1,2 Yıllık,Otomatik Ödeme,2018-03-15,15,,android,0
CUS-101102,1103,Mehmet Aydın,24,,istanbul,Bilinmiyor,Yarı Zamanlı,18623,,81,1370,3,12 ay,,2023-03-22,19,Yes,iOS,0
CUS-100854,855,Zeynep Çelik,14,Belirtmek istemiyor,,Lisans,tam zamanli,40574,685,115,1389,0,aylik,EFT,2019-03-10,,No,Android,0
CUS-101551,1552,Ali Şahin,41,Erkek,İstanbul,lisans ,Emekli,21552,510,35,1683,3,24 AY,Nakit,2017-05-13,5,Yes,android,0
CUS-101960,1961,Derya Demir,,Female,BURSA,Bilinmiyor,Serbest,,540,8,1482,3,24 AY,kredi karti,2017-07-12,2,,Web,0
CUS-100831,832,Mehmet Arslan,52,Male,Adana,Doktora,Part-time,29291,574,65,1463,1,2 Yıllık,EFT,2018-07-20,2,EVET,Android,0
CUS-100225,226,Derya Koç,24,Diğer,ISTANBUL,Doktora,tam zamanli,84166,587,35,1727,2,24 AY,kredi karti,2025-02-25,12,No,iOS,0
CUS-100334,335,Zeynep Aydın,49,Kadın,Bursa,Bilinmiyor,İşsiz,129718,395,42,,0,1 Yıllık,PayPal,2025-11-20,11,1,Web,0
CUS-100553,554,Zeynep Yılmaz,47,Belirtmek istemiyor,Gaziantep,lisans ,İşsiz,15149,510,42,1218,1,1 Yıllık,,2018-12-18,2,0,Unknown,0
CUS-100087,88,Merve Demir,71,Erkek,İzmir,Ön Lisans,Serbest,41464,665,93,1369,1,Aylık,Banka Havalesi,2025-06-20,6,1,IOS,0
CUS-100148,149,Burak Aydın,38,Male,Antalya,Yüksek Lisans,Part-time,53058,826,11,50,3,Taahhütsüz,PayPal,2021-05-15,,,Tablet,0
CUS-101367,1368,Zeynep Kurt,41,,Antalya,Y. Lisans,Self-employed,20719,592,69,216,1,24 AY,Otomatik Ödeme,2019-03-02,3,EVET,web ,0
CUS-100635,636,Ayşe Öz,34,Male,İstanbul,Ön Lisans,Part-time,55866,589,85,2378,,1 Yıllık,kredi karti,2020-07-28,9,Hayır,Unknown,0
CUS-101859,1860,Emre Kaya,23,Male,Izmir,Bilinmiyor,Emekli,76107,681,64,2111,1,Aylık,,2024-03-16,15,EVET,Tablet,0
CUS-100564,565,Merve Şahin,37,Belirtmek istemiyor,Adana,Y. Lisans,,44828,636,48,2122,1,24 AY,Nakit,2020-08-13,6,Evet,IOS,0
CUS-101586,1587,Mehmet Demir,88,KADIN,Bursa,Bilinmiyor,Yarı Zamanlı,48161,581,64,2208,1,2 Yıllık,Banka Havalesi,2017-12-11,,0,Web,0
CUS-102100,2101,Merve Kurt,48,Erkek,antalya,Bilinmiyor,Yarı Zamanlı,37733,605,48,1193,1,24 AY,kredi karti,2021-02-22,7,1,Unknown,0
CUS-100539,540,Derya Arslan,44,erkek,İstanbul,Doktora,Part-time,50993,687,19,2402,,aylik,EFT,2025-11-06,5,0,Android,0
CUS-101196,1197,Burak Kaya,40,Male,Adana,lise,Emekli,91166,617,114,1810,2,Taahhütsüz,Kredi Kartı,2020-10-12,12,1,,0
CUS-100869,870,Can Yılmaz,49,Kadın,Bursa,Doktora,Yarı Zamanlı,26833,487,97,590,0,Taahhütsüz,PayPal,2023-04-13,2,1,android,0
CUS-100677,678,Mehmet Öz,39,KADIN,Izmir,Yüksek Lisans,İşsiz,21407,565,82,1398,0,Aylık,PayPal,2025-05-28,10,No,android,0
CUS-100988,989,Derya Yılmaz,57,Male,Adana,,tam zamanli,60370,839,114,2833,2,2 Yıllık,PayPal,2023-02-12,5,EVET,Android,0
CUS-101191,1192,Zeynep Aydın,47,kadın,Konya,Lisans,İşsiz,32636,581,90,3222,3,24 AY,otomatik odeme,2018-10-15,3,1,android,0
CUS-100826,827,Ali Öz,41,KADIN,Gaziantep,lisans ,İşsiz,23350,526,118,1673,2,Aylık,Nakit,2025-08-21,4,Evet,Tablet,0
CUS-100173,174,Burak Kurt,38,,ankara ,Lise,Tam Zamanlı,57817,461,84,1696,2,2 Yıllık,Otomatik Ödeme,2023-07-02,15,hayir,Android,0
CUS-100354,355,Mehmet Arslan,25,Female,antalya,Doktora,Self-employed,129415,558,115,2127,0,1 Yıllık,PayPal,2019-10-28,2,Hayır,Android,0
CUS-101201,1202,Burak Kurt,22,Diğer,antalya,Lise,Tam Zamanlı,51935,635,39,2185,0,1 Yıllık,otomatik odeme,2019-03-24,4,Hayır,Android,0
CUS-101494,1495,Ali Kaya,43,Male,İzmir,Lise,,83639,647,46,964,0,Taahhütsüz,otomatik odeme,2020-07-26,8,EVET,iOS,0
CUS-100250,251,Burak Demir,56,Female,BURSA,Lisans,tam zamanli,48724,633,18,990,1,,otomatik odeme,2024-06-14,10,Yes,android,0
CUS-101742,1743,Zeynep Kurt,22,Diğer,,Bilinmiyor,tam zamanli,19867,644,55,1109,3,,Banka Havalesi,2018-12-03,3,hayir,Unknown,0
CUS-100948,949,Ali Kurt,41,Erkek,ankara ,Y. Lisans,Öğrenci,38397,660,98,410,3,Aylık,Nakit,,,,IOS,0
CUS-101731,1732,Mehmet Kaya,54,Belirtmek istemiyor,BURSA,Lisans,İşsiz,66499,508,10,1422,2,24 AY,Banka Havalesi,2021-01-08,18,No,IOS,0
CUS-100786,787,Burak Koç,5,erkek,istanbul,Yüksek Lisans,Öğrenci,17400,639,42,682,1,aylik,kredi karti,not_a_date,3,EVET,web ,0
CUS-101446,1447,Elif Aydın,51,kadın,antalya,,Tam Zamanlı,72751,447,9,3179,0,aylik,EFT,2023-10-07,7,0,Tablet,0
CUS-100764,765,Mehmet Kurt,43,Belirtmek istemiyor,ankara ,Lisans,Tam Zamanlı,22378,597,34,1099,2,1 Yıllık,PayPal,2024-12-20,2,0,iOS,0
CUS-100249,250,Mehmet Şahin,32,Male,ankara ,Lise,Serbest,23809,784,104,1003,0,24 AY,Kredi Kartı,2021-09-05,4,Evet,iOS,0
CUS-100127,128,Elif Yılmaz,39,Female,Antalya,Y. Lisans,,53407,684,40,914,1,12 ay,Banka Havalesi,2025-04-13,6,Hayır,iOS,0
CUS-101834,1835,Mehmet Demir,30,Male,BURSA,lisans ,Self-employed,74191,662,51,1230,3,2 Yıllık,Kredi Kartı,not_a_date,6,EVET,Unknown,0
CUS-100631,632,Elif Demir,43,kadın,antalya,Ön Lisans,tam zamanli,20011,730,43,1513,0,1 Yıllık,kredi karti,2018-09-15,7,EVET,Web,0
CUS-100046,47,Mehmet Aydın,,Kadın,ankara ,lisans ,Serbest,20086,,51,2228,1,12 ay,Kredi Kartı,2025-07-28,15,No,android,0
CUS-102093,2094,Derya Koç,,Female,Konya,Lise,tam zamanli,33297,572,58,,0,12 ay,Nakit,2024-01-08,5,hayir,IOS,0
CUS-102122,2123,Ayşe Öz,56,Diğer,Izmir,Yüksek Lisans,Self-employed,73100,745,15,1582,4,Aylık,Nakit,2017-12-15,9,,Web,0
CUS-101159,1160,Ayşe Demir,38,Male,Antalya,Lise,Part-time,95630,831,120,2071,2,Aylık,kredi karti,2020-10-13,8,Hayır,IOS,0
CUS-101316,1317,Can Yılmaz,40,Erkek,,Lisans,tam zamanli,30783,749,6,1319,0,Taahhütsüz,EFT,2021-06-08,6,Evet,iOS,0
CUS-100433,434,Zeynep Öz,30,Erkek,İstanbul,lisans ,Part-time,39685,572,31,2253,1,aylik,Kredi Kartı,2024-11-05,5,1,Web,0
CUS-100715,716,Ayşe Yılmaz,33,KADIN,BURSA,,Part-time,38574,658,97,1892,0,aylik,Kredi Kartı,2017-08-24,4,Hayır,Tablet,0
CUS-101539,1540,Ali Şahin,42,erkek,Gaziantep,Bilinmiyor,tam zamanli,26998,734,66,994,0,aylik,PayPal,2019-04-15,9,No,Web,0
CUS-101265,1266,Ali Demir,42,KADIN,antalya,Lise,İşsiz,40926,,85,1082,2,,Banka Havalesi,2018-04-12,8,1,Android,0
CUS-101883,1884,Zeynep Çelik,43,Male,Antalya,Y. Lisans,Tam Zamanlı,30983,645,28,1001,2,Taahhütsüz,PayPal,2018-03-01,10,0,,0
CUS-100442,443,Ayşe Çelik,30,Male,ISTANBUL,Lisans,Self-employed,24337,,37,1416,0,2 Yıllık,PayPal,2018-08-26,11,Hayır,android,0
CUS-100708,709,Burak Demir,34,Diğer,Unknown,Y. Lisans,Part-time,66263,674,39,723,0,24 AY,Kredi Kartı,2018-11-07,2,0,Tablet,0
CUS-101589,1590,Burak Aydın,54,KADIN,BURSA,Yüksek Lisans,Emekli,12929,616,77,894,4,,otomatik odeme,2017-10-24,3,Yes,Android,0
CUS-100500,501,Ali Demir,19,Belirtmek istemiyor,istanbul,,Serbest,23541,858,11,3003,0,1 Yıllık,otomatik odeme,2023-06-02,29,hayir,iOS,0
CUS-101993,1994,Burak Kaya,26,kadın,istanbul,Ön Lisans,Emekli,39631,596,41,1208,2,2 Yıllık,Nakit,2022-05-23,4,EVET,Unknown,0
CUS-101690,1691,Ali Kaya,33,,ankara ,Y. Lisans,tam zamanli,42970,697,19,802,4,2 Yıllık,Banka Havalesi,2022-03-23,3,Hayır,IOS,0
CUS-100388,389,Can Şahin,29,Belirtmek istemiyor,,Bilinmiyor,Part-time,51408,683,78,2928,0,Aylık,Nakit,27/01/2025,,,Android,0
CUS-100378,379,Ali Şahin,67,KADIN,Izmir,Ön Lisans,,28354,502,31,1181,1,1 Yıllık,kredi karti,2019-08-19,4,Evet,Android,0
CUS-100752,753,Merve Kurt,38,erkek,BURSA,Doktora,Self-employed,36637,511,18,396,2,,Nakit,2023-11-27,14,Evet,Tablet,1
CUS-101812,1813,Derya Arslan,49,KADIN,Gaziantep,Lisans,Öğrenci,26497,483,67,50,1,aylik,Otomatik Ödeme,2022-04-24,5,Yes,Tablet,0
CUS-100439,440,Emre Arslan,,erkek,Bursa,Bilinmiyor,İşsiz,124018,724,3,3086,2,Taahhütsüz,Nakit,2023-02-16,17,Hayır,iOS,0
CUS-100711,712,Can Kaya,46,Male,Gaziantep,Doktora,Tam Zamanlı,30478,,31,1813,3,12 ay,EFT,2017-01-17,34,No,Unknown,0
CUS-101792,1793,Zeynep Kurt,43,Belirtmek istemiyor,Konya,lisans ,Part-time,59367,676,118,306,2,24 AY,Kredi Kartı,2024-12-01,5,0,Tablet,0
CUS-100315,316,Ali Öz,28,erkek,Izmir,Lisans,Self-employed,16184,712,93,1595,0,,Banka Havalesi,2020-09-03,12,No,web ,0
CUS-101035,1036,Can Arslan,26,KADIN,İzmir,Doktora,Emekli,,654,58,1989,1,Taahhütsüz,Kredi Kartı,2018-03-22,10,1,Tablet,0
CUS-101168,1169,Zeynep Kaya,19,kadın,Unknown,Bilinmiyor,Emekli,39486,668,75,,4,24 AY,kredi karti,2025-08-26,37,0,Unknown,0
CUS-101316,1317,Can Yılmaz,40,Erkek,,Lisans,tam zamanli,30783,749,6,1319,0,Taahhütsüz,EFT,2021-06-08,6,Evet,iOS,0
CUS-101936,1937,Emre Öz,43,kadın,Adana,lise,Emekli,19504,675,6,332,1,1 Yıllık,Kredi Kartı,2025-10-27,8,1,IOS,0
CUS-100703,704,Zeynep Şahin,52,Diğer,İzmir,Lisans,Self-employed,54376,693,105,2416,0,Taahhütsüz,PayPal,2022-05-19,4,0,iOS,0
CUS-101837,1838,Ayşe Kaya,31,Erkek,istanbul,Y. Lisans,Emekli,35815,644,29,1537,0,12 ay,EFT,2023-10-17,2,hayir,iOS,0
CUS-101427,1428,Mehmet Öz,36,Kadın,BURSA,lisans ,Self-employed,163284,408,57,1062,1,Taahhütsüz,kredi karti,2022-04-23,5,Hayır,Android,0
CUS-100969,970,Elif Kurt,41,Belirtmek istemiyor,ISTANBUL,Lisans,,108658,543,28,2662,1,1 Yıllık,Nakit,2020-04-06,1,No,IOS,0
CUS-100094,95,Burak Öz,34,Male,,Ön Lisans,İşsiz,39371,746,1,3067,2,24 AY,Banka Havalesi,2023-08-27,2,Yes,Android,0
CUS-100143,144,Elif Kaya,39,kadın,İzmir,Yüksek Lisans,İşsiz,31688,710,121,1619,,2 Yıllık,EFT,2017-02-24,4,0,Web,0
CUS-100872,873,Merve Şahin,52,KADIN,Antalya,lise,tam zamanli,29817,565,60,1904,2,2 Yıllık,kredi karti,2019-07-19,20,EVET,Unknown,0
CUS-101478,1479,Elif Çelik,54,erkek,istanbul,Lisans,Emekli,40105,441,98,50,0,24 AY,Banka Havalesi,2019-03-21,5,No,android,0
CUS-101451,1452,Ali Kaya,45,KADIN,Adana,Doktora,Tam Zamanlı,33045,715,85,1365,3,2 Yıllık,Otomatik Ödeme,2024-03-12,12,Evet,Android,0
CUS-102031,2032,Derya Aydın,49,Female,Antalya,lisans ,Part-time,33625,480,35,1819,2,2 Yıllık,EFT,2022-07-09,3,No,Tablet,0
CUS-100365,366,Emre Kaya,25,Erkek,İstanbul,Lisans,Part-time,84811,552,105,1588,0,24 AY,kredi karti,2021-07-12,4,EVET,IOS,0
CUS-101698,1699,Derya Aydın,35,Female,İstanbul,Lise,Öğrenci,88501,479,12,1762,3,aylik,Banka Havalesi,2024-06-03,2,0,Tablet,0
CUS-100313,314,Mehmet Şahin,46,KADIN,Bursa,Bilinmiyor,İşsiz,20690,559,20,50,2,aylik,PayPal,2019-04-20,3,1,Tablet,0
CUS-101135,1136,Ayşe Demir,46,Erkek,Bursa,Y. Lisans,Emekli,161512,697,7,1415,0,aylik,kredi karti,2017-08-25,,0,Tablet,0
CUS-101982,1983,Derya Kurt,,Female,Antalya,Lise,Self-employed,17166,571,36,973,3,2 Yıllık,Kredi Kartı,2023-08-05,36,0,web ,0
CUS-100227,228,Can Yılmaz,38,Belirtmek istemiyor,Ankara,Lise,Emekli,21441,597,22,1760,0,12 ay,Banka Havalesi,2023-02-19,30,Hayır,IOS,0
CUS-101307,1308,Zeynep Kurt,20,kadın,istanbul,Bilinmiyor,,67782,518,97,1038,3,Aylık,Nakit,2022-04-12,3,hayir,IOS,0
CUS-100898,899,Burak Çelik,,Diğer,Adana,Bilinmiyor,Self-employed,80393,565,54,1521,4,24 AY,Banka Havalesi,2018-04-25,10,hayir,web ,0
CUS-101129,1130,Merve Demir,35,Diğer,BURSA,Yüksek Lisans,Emekli,48187,583,9,142,3,Taahhütsüz,EFT,2022-07-04,10,Yes,iOS,0
CUS-100296,297,Mehmet Koç,34,Diğer,antalya,Lise,Part-time,38846,740,3,2083,0,12 ay,Nakit,2017-02-03,3,Hayır,Unknown,0
CUS-100918,919,Ayşe Çelik,50,KADIN,istanbul,Bilinmiyor,Emekli,19388,643,44,2055,3,Aylık,kredi karti,2025-03-23,15,No,Web,0
CUS-102120,2121,Mehmet Demir,28,Erkek,Gaziantep,Ön Lisans,Yarı Zamanlı,56936,457,33,1647,4,12 ay,kredi karti,2022-11-28,17,0,IOS,0
CUS-101615,1616,Derya Koç,49,kadın,Adana,Lise,Part-time,34702,626,116,50,2,24 AY,Kredi Kartı,2020-04-14,2,0,web ,0
CUS-101762,1763,Derya Arslan,34,erkek,İstanbul,Y. Lisans,Öğrenci,36608,646,55,535,2,Taahhütsüz,EFT,2019-02-10,7,1,IOS,0
CUS-101849,1850,Zeynep Şahin,61,Diğer,Konya,lisans ,Serbest,24767,669,97,,2,2 Yıllık,Kredi Kartı,2020-07-22,1,1,Web,0
CUS-101840,1841,Merve Koç,44,Erkek,Ankara,Y. Lisans,Part-time,34549,616,117,2893,1,Taahhütsüz,kredi karti,2018-07-27,4,EVET,Unknown,0
CUS-102022,2023,Burak Koç,39,Male,Konya,Yüksek Lisans,Yarı Zamanlı,,722,98,1242,0,2 Yıllık,kredi karti,2025-11-02,12,EVET,IOS,0
CUS-101374,1375,Zeynep Şahin,55,,Konya,Lise,Serbest,68867,696,3,363,5,1 Yıllık,PayPal,,2,Yes,IOS,0
CUS-100722,723,Elif Aydın,48,Kadın,Antalya,,tam zamanli,61578,571,97,2526,1,2 Yıllık,Banka Havalesi,2020-11-16,5,,IOS,0
CUS-101010,1011,Burak Kaya,45,Belirtmek istemiyor,Bursa,Bilinmiyor,Self-employed,22114,,70,697,2,24 AY,kredi karti,2025-09-24,3,,Tablet,0
CUS-101998,1999,Elif Şahin,61,Diğer,Adana,lisans ,Part-time,94560,,52,878,1,Aylık,Nakit,2022-10-25,10,Hayır,web ,0
CUS-100473,474,Ayşe Kurt,46,Male,Ankara,Y. Lisans,Yarı Zamanlı,34623,566,97,853,2,2 Yıllık,otomatik odeme,2018-07-28,12,hayir,iOS,0
CUS-100397,398,Zeynep Kurt,31,Belirtmek istemiyor,İzmir,,Self-employed,64628,611,85,1183,1,12 ay,kredi karti,2017-11-01,5,Hayır,Android,0
CUS-101656,1657,Burak Çelik,51,KADIN,antalya,Y. Lisans,Emekli,51743,576,42,757,0,Taahhütsüz,EFT,2023-09-20,9,No,Tablet,1
CUS-102050,2051,Ali Demir,31,Kadın,İstanbul,Ön Lisans,,45378,613,31,3046,1,12 ay,Banka Havalesi,2023-10-01,12,0,web ,0
CUS-101182,1183,Elif Koç,21,Belirtmek istemiyor,Unknown,lise,Emekli,35489,677,44,3209,45,,Banka Havalesi,2018-02-26,9,1,android,1
CUS-100134,135,Zeynep Şahin,45,KADIN,Ankara,lisans ,Yarı Zamanlı,32006,699,82,188,2,2 Yıllık,EFT,2022-10-13,10,EVET,IOS,0
CUS-100655,656,Derya Kaya,71,Kadın,istanbul,Y. Lisans,Yarı Zamanlı,,625,77,660,4,24 AY,Otomatik Ödeme,not_a_date,2,hayir,android,0
CUS-100762,763,Ali Kaya,46,kadın,İzmir,lise,Öğrenci,39382,759,89,1540,1,Aylık,kredi karti,2022-07-14,6,Evet,Tablet,0
CUS-101743,1744,Zeynep Demir,45,KADIN,Bursa,Doktora,Yarı Zamanlı,31395,641,119,2069,1,Taahhütsüz,otomatik odeme,2023-11-01,34,Evet,iOS,0
CUS-100740,741,Ali Kurt,52,Male,ankara ,Y. Lisans,İşsiz,22923,712,78,,2,Aylık,Kredi Kartı,2021-11-19,10,0,web ,0
CUS-101119,1120,Elif Çelik,32,erkek,ISTANBUL,Yüksek Lisans,Self-employed,55682,751,68,2623,0,12 ay,EFT,2019-07-17,4,1,web ,0
CUS-101044,1045,Merve Kurt,46,Erkek,BURSA,Yüksek Lisans,Tam Zamanlı,42617,606,103,918,0,,PayPal,2022-02-21,6,Hayır,Android,0
CUS-100800,801,Can Öz,37,KADIN,Gaziantep,Lisans,Tam Zamanlı,36405,496,36,1918,2,Aylık,Kredi Kartı,2021-10-19,7,Hayır,Web,0
CUS-100324,325,Ayşe Çelik,13,Male,antalya,Ön Lisans,Yarı Zamanlı,24553,655,12,1523,1,24 AY,Banka Havalesi,2021-01-07,9,Hayır,Android,0
CUS-100645,646,Can Koç,39,erkek,Adana,Yüksek Lisans,Yarı Zamanlı,187601,597,25,50,3,12 ay,PayPal,2018-01-09,4,Yes,iOS,0
CUS-101305,1306,Ali Koç,22,erkek,antalya,lise,tam zamanli,26184,581,83,2409,0,12 ay,kredi karti,2020-10-26,14,Yes,Tablet,0
CUS-100577,578,Merve Koç,48,Male,Adana,lisans ,Part-time,65372,793,34,1706,,24 AY,PayPal,2025-07-19,2,1,IOS,0
CUS-102075,2076,Zeynep Kurt,23,KADIN,ankara ,Lise,Self-employed,22670,671,117,3319,0,Aylık,Nakit,2023-09-27,5,Hayır,android,0
CUS-101700,1701,Zeynep Öz,19,Belirtmek istemiyor,antalya,Y. Lisans,Tam Zamanlı,61165,637,15,1883,1,aylik,otomatik odeme,2023-12-20,4,hayir,Unknown,0
CUS-101785,1786,Zeynep Yılmaz,45,Kadın,Adana,Yüksek Lisans,Serbest,38529,648,54,76,0,12 ay,kredi karti,2020-05-07,24,0,Tablet,0
CUS-100133,134,Ali Arslan,49,,Izmir,Doktora,Emekli,36455,779,10,,0,12 ay,Otomatik Ödeme,2021-11-06,9,Yes,Unknown,0
CUS-101582,1583,Ali Çelik,30,,Ankara,Yüksek Lisans,İşsiz,10510,731,100,557,2,12 ay,Otomatik Ödeme,2020-02-07,6,No,Web,0
CUS-101912,1913,Emre Koç,65,KADIN,Antalya,Yüksek Lisans,Yarı Zamanlı,34425,574,54,2217,0,Taahhütsüz,Otomatik Ödeme,2019-06-27,7,Evet,web ,0
CUS-101708,1709,Mehmet Şahin,63,erkek,Bursa,Lisans,Tam Zamanlı,41314,675,50,1955,3,aylik,PayPal,2018-02-09,15,EVET,web ,0
CUS-100476,477,Derya Koç,26,Erkek,Adana,Lise,Self-employed,,669,12,75,0,2 Yıllık,Kredi Kartı,2022-04-19,8,Hayır,Web,0
CUS-100141,142,Derya Çelik,60,KADIN,istanbul,Bilinmiyor,Emekli,,566,61,396,1,2 Yıllık,Otomatik Ödeme,,3,,web ,0
CUS-101756,1757,Emre Öz,11,Diğer,istanbul,Bilinmiyor,Tam Zamanlı,50015,717,42,2641,0,aylik,otomatik odeme,2020-08-25,5,No,android,0
CUS-101942,1943,Ali Öz,61,Diğer,BURSA,Yüksek Lisans,İşsiz,,648,41,55,1,Taahhütsüz,PayPal,2024-09-07,3,hayir,Unknown,0
CUS-101037,1038,Emre Çelik,63,Male,Ankara,lisans ,Tam Zamanlı,72970,812,37,2619,3,1 Yıllık,Banka Havalesi,2020-09-22,5,hayir,,0
CUS-101660,1661,Burak Çelik,43,Female,ankara ,Lise,Emekli,84924,,103,1234,,Aylık,Nakit,2018-11-08,4,Hayır,Android,0
CUS-101974,1975,Derya Demir,40,Kadın,İzmir,lisans ,Part-time,33278,877,68,50,3,aylik,,2022-08-09,3,0,web ,1
CUS-101629,1630,Ayşe Aydın,999,Kadın,ankara ,Lise,Part-time,35290,525,,798,0,aylik,PayPal,2018-02-15,7,Yes,android,0
CUS-102015,2016,Ali Arslan,63,Belirtmek istemiyor,Ankara,Y. Lisans,,74426,676,101,478,0,Taahhütsüz,EFT,2018-04-15,,Hayır,android,0
CUS-101675,1676,Zeynep Şahin,24,Male,ISTANBUL,Lisans,Tam Zamanlı,24525,552,50,552,1,Taahhütsüz,EFT,2021-01-20,3,,IOS,0
CUS-101067,1068,Mehmet Yılmaz,46,Kadın,ISTANBUL,Bilinmiyor,Part-time,31939,702,35,2574,3,aylik,Otomatik Ödeme,06/10/2024,5,Yes,Unknown,0
CUS-101064,1065,Ali Demir,46,Male,istanbul,Ön Lisans,Emekli,23325,730,66,564,0,2 Yıllık,Nakit,2023-09-25,2,hayir,android,0
CUS-101981,1982,Can Aydın,35,Diğer,ankara ,Ön Lisans,,15147,737,15,1234,0,1 Yıllık,EFT,2021-04-21,3,,web ,0
CUS-101807,1808,Ali Şahin,,Diğer,Bursa,Ön Lisans,Serbest,37894,791,98,1979,2,aylik,otomatik odeme,,7,hayir,Web,0
CUS-100125,126,Zeynep Demir,47,Diğer,Ankara,Yüksek Lisans,Emekli,42700,681,101,2351,2,Aylık,kredi karti,2024-05-22,2,EVET,web ,0
CUS-100933,934,Derya Yılmaz,27,Diğer,ISTANBUL,lisans ,Tam Zamanlı,139221,525,68,,2,Aylık,Kredi Kartı,2021-06-02,2,EVET,IOS,0
CUS-100376,377,Derya Yılmaz,45,kadın,antalya,Y. Lisans,Emekli,92504,621,88,1347,1,24 AY,Banka Havalesi,2022-11-16,13,No,IOS,0
CUS-100625,626,Ayşe Arslan,17,erkek,BURSA,Yüksek Lisans,Yarı Zamanlı,28776,881,54,2246,2,1 Yıllık,otomatik odeme,2021-03-10,2,hayir,Android,0
CUS-101217,1218,Mehmet Kurt,36,,ankara ,Ön Lisans,tam zamanli,24459,503,18,1038,1,1 Yıllık,otomatik odeme,,4,hayir,android,0
CUS-100783,784,Burak Arslan,20,kadın,Bursa,lisans ,Tam Zamanlı,48206,644,27,1623,2,aylik,EFT,2019-06-23,27,Yes,Android,1
CUS-100687,688,Emre Yılmaz,33,Male,Bursa,Lisans,Serbest,27464,619,111,1476,2,Aylık,,2023-04-18,4,EVET,Tablet,0
CUS-100466,467,Mehmet Demir,28,Female,istanbul,,tam zamanli,17619,749,63,997,0,aylik,EFT,2021-08-18,3,hayir,Android,0
CUS-102153,2154,Ali Kurt,28,erkek,istanbul,Lisans,İşsiz,12193,701,5,672,3,24 AY,kredi karti,2019-12-23,2,EVET,Android,0
CUS-101051,1052,Ali Arslan,29,Diğer,ISTANBUL,Lisans,,22439,622,115,318,2,aylik,kredi karti,,5,1,android,0
CUS-100532,533,Elif Kaya,33,kadın,Bursa,Bilinmiyor,Emekli,38576,561,51,2443,2,Taahhütsüz,Nakit,2018-03-03,4,EVET,Web,0
CUS-101008,1009,Emre Arslan,55,Male,Gaziantep,Lisans,,157219,691,,1503,3,1 Yıllık,Kredi Kartı,2021-03-03,4,0,web ,0
CUS-101519,1520,Merve Aydın,50,Male,Adana,lisans ,Part-time,86643,511,94,3207,3,Aylık,Nakit,2025-01-25,6,Yes,iOS,0
CUS-101188,1189,Merve Aydın,25,erkek,BURSA,lisans ,İşsiz,14032,566,86,375,1,Taahhütsüz,Kredi Kartı,2019-06-02,10,1,Tablet,0
CUS-102061,2062,Ayşe Aydın,44,Kadın,Adana,,Part-time,33267,640,87,1553,1,12 ay,Nakit,2025-12-11,7,0,web ,0
CUS-100385,386,Zeynep Arslan,,erkek,Izmir,,,27078,761,62,828,3,,Nakit,2022-05-07,2,No,Unknown,0
CUS-101450,1451,Mehmet Kaya,39,Erkek,Unknown,,Tam Zamanlı,66158,611,8,,0,Aylık,Nakit,2018-05-08,1,Hayır,IOS,0
CUS-101197,1198,Ali Demir,41,Diğer,Ankara,Bilinmiyor,İşsiz,10154,691,26,1910,4,1 Yıllık,,2022-01-01,10,1,android,0
CUS-101282,1283,Burak Kaya,45,Diğer,antalya,Yüksek Lisans,Yarı Zamanlı,17021,755,25,1428,0,1 Yıllık,Nakit,2023-06-27,,hayir,,0
CUS-102108,2109,Ayşe Arslan,34,erkek,Konya,Ön Lisans,İşsiz,31145,516,11,1826,0,aylik,Otomatik Ödeme,2023-02-26,12,0,,0
CUS-101773,1774,Mehmet Demir,28,Diğer,Izmir,Lisans,Self-employed,,717,85,1846,45,2 Yıllık,otomatik odeme,2024-07-27,29,hayir,Android,1
CUS-101123,1124,Elif Arslan,27,Female,BURSA,Y. Lisans,Part-time,26030,732,,2876,0,Aylık,EFT,2022-05-28,2,0,Android,0
CUS-101489,1490,Derya Çelik,47,Diğer,Gaziantep,Doktora,Serbest,70256,814,70,1926,1,1 Yıllık,Otomatik Ödeme,2022-03-28,4,EVET,Unknown,0
CUS-100021,22,Ali Demir,50,Diğer,Izmir,Lisans,Öğrenci,137853,701,32,1963,2,1 Yıllık,Kredi Kartı,2018-03-27,2,Yes,Android,1
CUS-102001,2002,Burak Yılmaz,37,Male,Izmir,,Emekli,18059,447,72,1170,1,aylik,Nakit,2021-09-20,5,EVET,Web,0
CUS-100793,794,Emre Aydın,36,kadın,Adana,Yüksek Lisans,tam zamanli,58961,533,81,2088,0,1 Yıllık,,2019-01-16,3,Hayır,,0
CUS-101581,1582,Merve Aydın,60,Kadın,BURSA,lisans ,Part-time,48180,711,116,698,3,1 Yıllık,otomatik odeme,2022-11-14,9,EVET,IOS,0
CUS-100588,589,Emre Koç,,Diğer,Izmir,Yüksek Lisans,Self-employed,55697,616,117,1934,2,1 Yıllık,otomatik odeme,2017-03-13,7,,Android,0
CUS-100277,278,Mehmet Arslan,63,Kadın,istanbul,Ön Lisans,Tam Zamanlı,109975,661,34,1416,4,12 ay,PayPal,2023-08-21,6,Evet,iOS,0
CUS-101095,1096,Ali Arslan,35,Female,Unknown,lisans ,Self-employed,95449,650,11,1274,0,1 Yıllık,,2024-01-08,3,Yes,Unknown,0
CUS-100510,511,Ali Demir,35,Female,BURSA,Lise,,41716,732,54,2535,0,24 AY,kredi karti,2020-10-18,22,0,web ,0
CUS-100636,637,Derya Çelik,34,Male,Antalya,lisans ,Öğrenci,30523,705,75,853,3,2 Yıllık,Banka Havalesi,2022-12-28,5,No,Tablet,0
CUS-101339,1340,Derya Yılmaz,29,Kadın,Antalya,lise,Yarı Zamanlı,60057,643,69,1677,0,2 Yıllık,Otomatik Ödeme,2022-01-11,9,No,,0
CUS-101002,1003,Ayşe Aydın,20,Erkek,Konya,Lisans,tam zamanli,107890,620,13,668,1,1 Yıllık,EFT,2020-04-25,9,,android,1
CUS-101297,1298,Zeynep Koç,23,Diğer,İzmir,Bilinmiyor,,18079,625,20,1837,0,1 Yıllık,Nakit,2021-03-09,7,hayir,Tablet,0
CUS-101672,1673,Burak Demir,26,Female,Unknown,Doktora,Part-time,43143,719,16,1939,2,aylik,Nakit,2022-10-02,7,1,iOS,0
CUS-101985,1986,Can Koç,55,Kadın,BURSA,lisans ,Yarı Zamanlı,11753,567,120,2193,4,2 Yıllık,Kredi Kartı,2022-09-12,8,0,Android,0
CUS-100196,197,Merve Yılmaz,48,kadın,antalya,Lisans,,53084,699,99,2090,0,Aylık,Kredi Kartı,2020-04-10,4,Evet,IOS,0
CUS-100773,774,Ali Demir,62,Diğer,Ankara,lisans ,Serbest,,685,45,1346,0,Aylık,PayPal,2021-05-17,14,EVET,Android,0
CUS-100399,400,Zeynep Arslan,31,Male,Izmir,Bilinmiyor,Part-time,32813,659,18,305,0,1 Yıllık,PayPal,2023-06-20,4,1,android,0
CUS-101928,1929,Ali Öz,32,Belirtmek istemiyor,,lisans ,tam zamanli,,760,,1695,0,24 AY,Banka Havalesi,2017-05-10,9,1,Unknown,0
CUS-101520,1521,Derya Şahin,18,KADIN,Bursa,lisans ,tam zamanli,24552,645,48,1606,0,1 Yıllık,Otomatik Ödeme,2024-01-09,6,EVET,Android,0
CUS-100853,854,Zeynep Yılmaz,39,Diğer,Konya,Ön Lisans,tam zamanli,20912,671,107,1554,0,2 Yıllık,Otomatik Ödeme,2017-07-08,2,Hayır,iOS,0
CUS-101258,1259,Zeynep Yılmaz,52,Erkek,İzmir,,tam zamanli,93875,726,17,711,2,aylik,Kredi Kartı,2025-07-20,1,,web ,0
CUS-102068,2069,Emre Aydın,30,Belirtmek istemiyor,Izmir,Doktora,,66974,654,117,533,0,12 ay,Nakit,2021-06-14,2,No,android,0
CUS-100053,54,Derya Aydın,31,Kadın,Unknown,Bilinmiyor,Tam Zamanlı,22916,655,,1969,2,2 Yıllık,PayPal,2023-11-28,7,1,web ,0
CUS-101435,1436,Zeynep Kaya,49,Erkek,Bursa,Doktora,İşsiz,26503,683,51,1088,2,Taahhütsüz,kredi karti,2017-12-14,9,Evet,Tablet,0
CUS-101704,1705,Elif Kaya,29,Female,İzmir,,Yarı Zamanlı,44322,389,80,1310,2,Aylık,Otomatik Ödeme,2022-07-04,28,EVET,Tablet,0
CUS-101156,1157,Ali Yılmaz,22,Male,İstanbul,Yüksek Lisans,Serbest,38946,,41,1827,1,,otomatik odeme,2021-02-14,,EVET,web ,0
CUS-101550,1551,Elif Kurt,44,erkek,Bursa,Y. Lisans,Yarı Zamanlı,24907,541,114,2952,3,1 Yıllık,Otomatik Ödeme,2022-01-21,3,1,IOS,0
CUS-101228,1229,Elif Şahin,39,Diğer,İstanbul,,İşsiz,13766,649,110,1384,0,1 Yıllık,Otomatik Ödeme,2020-09-21,13,hayir,Android,0
CUS-101057,1058,Can Kurt,31,Erkek,,Lisans,Self-employed,87206,775,99,1529,1,Taahhütsüz,EFT,2021-03-19,10,1,IOS,0
CUS-102099,2100,Merve Kurt,40,Erkek,Antalya,Lisans,,19237,546,32,1317,3,aylik,Nakit,2024-12-17,2,0,Web,0
CUS-100122,123,Merve Kurt,31,Female,istanbul,lise,Self-employed,39745,489,48,50,0,2 Yıllık,Kredi Kartı,2018-01-06,1,EVET,iOS,0
CUS-101532,1533,Mehmet Arslan,,KADIN,Adana,lisans ,,37664,579,55,645,0,aylik,Nakit,2023-12-02,4,Hayır,Unknown,0
CUS-101346,1347,Mehmet Koç,41,Belirtmek istemiyor,ISTANBUL,Bilinmiyor,,37633,690,28,1219,4,1 Yıllık,Kredi Kartı,2019-10-18,4,0,,0
CUS-101418,1419,Derya Yılmaz,45,,ISTANBUL,Ön Lisans,Serbest,47095,572,103,1512,2,aylik,kredi karti,2024-07-12,2,,web ,0
CUS-101860,1861,Ayşe Kurt,47,,Ankara,Doktora,Yarı Zamanlı,15001,949,0,1261,2,1 Yıllık,EFT,2025-08-22,2,1,IOS,0
CUS-100443,444,Merve Arslan,38,Kadın,,Doktora,Yarı Zamanlı,26807,504,73,728,1,aylik,PayPal,2017-08-10,6,EVET,web ,0
CUS-101324,1325,Burak Çelik,47,KADIN,Antalya,Lise,Serbest,23231,739,101,866,1,aylik,Kredi Kartı,2021-09-12,8,hayir,IOS,0
CUS-101711,1712,Mehmet Çelik,52,Male,antalya,Ön Lisans,İşsiz,31805,664,113,1531,,12 ay,kredi karti,2020-08-27,4,Hayır,IOS,0
CUS-100529,530,Ayşe Kurt,63,Belirtmek istemiyor,Gaziantep,Ön Lisans,Tam Zamanlı,33430,617,86,1205,0,aylik,EFT,2022-10-28,7,Yes,Tablet,0
CUS-100121,122,Zeynep Öz,38,Diğer,,Y. Lisans,İşsiz,29395,757,88,1999,,24 AY,Nakit,2017-10-17,9,hayir,,0
CUS-101797,1798,Zeynep Koç,36,kadın,Izmir,Lisans,Part-time,62353,504,96,50,3,,EFT,2021-04-17,2,Yes,iOS,0
CUS-101311,1312,Burak Demir,33,erkek,Izmir,Ön Lisans,İşsiz,,518,69,1895,2,1 Yıllık,otomatik odeme,2022-02-24,6,Yes,Tablet,0
CUS-100199,200,Emre Kurt,,Belirtmek istemiyor,ankara ,Y. Lisans,,38212,437,87,1484,3,Taahhütsüz,PayPal,2019-05-08,2,Evet,android,0
CUS-100545,546,Mehmet Şahin,25,erkek,Konya,Y. Lisans,Tam Zamanlı,68325,549,115,290,2,24 AY,EFT,2021-04-27,1,hayir,Tablet,0
CUS-100455,456,Merve Kurt,34,Erkek,ankara ,Ön Lisans,Öğrenci,14165,657,105,791,1,12 ay,otomatik odeme,2023-03-14,17,1,android,0
CUS-102121,2122,Burak Kurt,30,kadın,Gaziantep,Yüksek Lisans,Yarı Zamanlı,,635,70,3474,2,Aylık,Kredi Kartı,2024-07-12,,EVET,Web,0
CUS-101015,1016,Emre Yılmaz,32,kadın,Ankara,Bilinmiyor,Emekli,14928,,37,2080,1,24 AY,Kredi Kartı,2023-07-17,2,1,iOS,0
CUS-100617,618,Derya Öz,27,erkek,İstanbul,Lisans,tam zamanli,76936,696,19,1414,1,aylik,Nakit,2020-06-02,3,Yes,Web,0
CUS-101570,1571,Derya Aydın,15,Male,İstanbul,lise,Öğrenci,49449,821,,1764,,Taahhütsüz,Kredi Kartı,2020-12-08,7,No,android,0
CUS-101174,1175,Zeynep Çelik,52,Erkek,İzmir,Yüksek Lisans,Yarı Zamanlı,,683,18,3242,1,Taahhütsüz,Nakit,2018-08-08,3,0,android,0
CUS-100036,37,Can Koç,45,erkek,,Yüksek Lisans,Öğrenci,37798,477,110,2664,0,aylik,PayPal,2017-05-12,4,1,Unknown,0
CUS-101072,1073,Mehmet Arslan,25,KADIN,Antalya,Bilinmiyor,Tam Zamanlı,,581,119,,0,2 Yıllık,Kredi Kartı,2025-07-28,3,No,Tablet,0
CUS-101295,1296,Ali Arslan,65,KADIN,Adana,Y. Lisans,Part-time,76727,539,15,1295,2,2 Yıllık,Banka Havalesi,2017-09-12,3,hayir,web ,1
CUS-101544,1545,Zeynep Demir,26,Kadın,İstanbul,Y. Lisans,Tam Zamanlı,34982,564,17,1397,2,1 Yıllık,Banka Havalesi,2023-10-18,8,No,Android,0
CUS-100860,861,Mehmet Çelik,62,Female,Gaziantep,Doktora,İşsiz,18014,648,15,3161,1,Aylık,otomatik odeme,2019-04-12,11,0,IOS,0
CUS-101255,1256,Ayşe Yılmaz,50,KADIN,Konya,Lisans,Self-employed,49819,788,86,1945,3,1 Yıllık,otomatik odeme,2020-12-06,10,Evet,web ,0
CUS-101112,1113,Derya Yılmaz,18,Erkek,antalya,Yüksek Lisans,İşsiz,21777,679,109,1820,3,aylik,PayPal,2022-12-05,2,No,Web,0
CUS-101555,1556,Emre Koç,66,Diğer,ISTANBUL,Lisans,Tam Zamanlı,94023,744,14,457,0,24 AY,PayPal,2018-10-06,3,No,Unknown,0
CUS-100582,583,Derya Yılmaz,25,Female,Izmir,Ön Lisans,Öğrenci,51798,627,55,2352,0,aylik,EFT,23/02/2023,6,Yes,iOS,0
CUS-100606,607,Elif Kurt,35,Kadın,ISTANBUL,Lisans,Serbest,,564,48,1884,0,1 Yıllık,PayPal,2018-07-04,5,Evet,web ,0
CUS-101929,1930,Derya Öz,51,KADIN,Bursa,Ön Lisans,Öğrenci,39506,688,113,1777,2,24 AY,Kredi Kartı,2023-03-05,,,Unknown,0
CUS-101848,1849,Emre Arslan,55,Erkek,Bursa,Doktora,Self-employed,11913,783,15,654,4,1 Yıllık,,2024-11-05,10,Hayır,android,0
CUS-100701,702,Burak Demir,21,Belirtmek istemiyor,ankara ,Bilinmiyor,Emekli,27025,654,0,1798,0,24 AY,EFT,2017-09-25,4,1,Web,0
CUS-101900,1901,Can Öz,22,Male,antalya,Bilinmiyor,Yarı Zamanlı,101206,450,41,756,0,aylik,otomatik odeme,2020-04-15,7,EVET,Web,0
CUS-102147,2148,Emre Kurt,24,KADIN,Unknown,Y. Lisans,Yarı Zamanlı,30564,772,81,2683,0,24 AY,Kredi Kartı,2020-05-18,2,No,Unknown,0
CUS-102109,2110,Zeynep Arslan,43,kadın,ankara ,Yüksek Lisans,Part-time,24368,550,1,968,0,2 Yıllık,otomatik odeme,2022-08-17,4,hayir,IOS,0
CUS-101377,1378,Mehmet Arslan,21,Male,İzmir,lisans ,İşsiz,32971,508,70,1252,0,1 Yıllık,otomatik odeme,2017-03-19,9,hayir,Unknown,0
CUS-100639,640,Ali Demir,59,Erkek,İzmir,Ön Lisans,Self-employed,22611,500,99,1952,0,Aylık,Otomatik Ödeme,2023-05-06,12,Hayır,android,0
CUS-100037,38,Mehmet Aydın,54,Female,Antalya,Doktora,Emekli,47404,490,28,670,2,24 AY,kredi karti,2019-04-25,3,EVET,iOS,0
CUS-101359,1360,Zeynep Aydın,27,Diğer,ISTANBUL,lisans ,Yarı Zamanlı,41063,680,91,1860,3,12 ay,Kredi Kartı,2018-05-19,,hayir,android,0
CUS-101034,1035,Elif Kurt,51,Female,Gaziantep,Bilinmiyor,Tam Zamanlı,27213,690,78,656,0,aylik,,2024-03-13,10,hayir,iOS,0
CUS-100811,812,Elif Koç,44,KADIN,BURSA,lise,Self-employed,29177,626,11,939,1,aylik,PayPal,2019-08-07,10,Hayır,web ,0
CUS-100726,727,Burak Şahin,36,Diğer,BURSA,Ön Lisans,,58811,576,115,1047,1,Aylık,EFT,2023-09-22,7,hayir,web ,0
CUS-102132,2133,Ayşe Çelik,39,kadın,İstanbul,Yüksek Lisans,tam zamanli,18089,620,,507,1,24 AY,kredi karti,2022-08-15,4,hayir,Unknown,0
CUS-101453,1454,Ayşe Öz,31,Male,antalya,Lisans,,,603,13,,0,24 AY,otomatik odeme,2022-12-08,3,Yes,Unknown,0
CUS-100576,577,Ali Demir,61,Erkek,Bursa,Y. Lisans,Yarı Zamanlı,35317,612,51,1316,2,1 Yıllık,Otomatik Ödeme,2020-12-28,6,No,Android,0
CUS-100118,119,Emre Çelik,42,Female,Gaziantep,Lise,Part-time,18752,714,33,843,2,Taahhütsüz,,2022-10-13,15,EVET,IOS,0
CUS-101460,1461,Emre Yılmaz,32,Kadın,Antalya,Y. Lisans,Tam Zamanlı,39862,577,58,50,1,Aylık,Kredi Kartı,2024-12-15,3,Hayır,Web,0
CUS-101076,1077,Mehmet Yılmaz,63,Kadın,Unknown,Y. Lisans,İşsiz,62920,688,46,2690,1,2 Yıllık,Nakit,2019-04-15,17,,Unknown,0
CUS-100189,190,Burak Şahin,24,Male,ISTANBUL,Bilinmiyor,Tam Zamanlı,46273,735,106,1779,1,aylik,Kredi Kartı,2017-01-02,8,EVET,IOS,0
CUS-100458,459,Ayşe Yılmaz,30,Diğer,Bursa,Ön Lisans,Yarı Zamanlı,21655,416,91,1700,1,24 AY,otomatik odeme,2017-08-16,8,Hayır,Tablet,0
CUS-100870,871,Elif Kurt,36,Erkek,Gaziantep,Ön Lisans,Yarı Zamanlı,63480,366,97,419,1,aylik,Nakit,2025-05-06,7,EVET,Web,0
CUS-100256,257,Zeynep Öz,48,Diğer,ankara ,Ön Lisans,Self-employed,59932,681,68,799,0,,Nakit,2023-10-13,7,hayir,Web,0
CUS-100938,939,Ali Şahin,44,Diğer,İzmir,,Part-time,16360,614,48,1768,0,12 ay,Otomatik Ödeme,2021-04-18,25,EVET,IOS,0
CUS-100637,638,Can Şahin,39,Female,ISTANBUL,lisans ,Tam Zamanlı,79447,630,102,2308,1,1 Yıllık,Nakit,2018-09-20,3,0,android,0
CUS-101441,1442,Emre Arslan,44,Male,ISTANBUL,Lisans,tam zamanli,54901,768,1,1477,1,Taahhütsüz,Nakit,not_a_date,14,Evet,Tablet,0
CUS-100819,820,Burak Aydın,29,erkek,istanbul,Yüksek Lisans,Serbest,25449,714,100,2428,1,,kredi karti,2018-08-10,21,0,Android,0
CUS-100930,931,Zeynep Koç,40,Belirtmek istemiyor,Adana,Bilinmiyor,Part-time,26678,626,66,368,0,Taahhütsüz,PayPal,2019-06-05,7,1,android,0
CUS-100101,102,Elif Aydın,22,kadın,İzmir,Doktora,Öğrenci,38862,645,97,919,3,1 Yıllık,kredi karti,2022-02-10,1,No,web ,0
CUS-101165,1166,Mehmet Arslan,34,Erkek,İzmir,Y. Lisans,İşsiz,45599,,116,656,4,Aylık,Otomatik Ödeme,2022-04-22,3,EVET,web ,0
CUS-101720,1721,Burak Koç,16,erkek,Bursa,Doktora,Part-time,31490,801,37,1569,1,1 Yıllık,kredi karti,2025-04-16,3,EVET,android,0
CUS-100303,304,Can Arslan,54,erkek,İzmir,Ön Lisans,İşsiz,64943,851,98,,0,Aylık,Nakit,2018-03-21,16,Evet,Unknown,0
CUS-100478,479,Burak Şahin,27,erkek,antalya,Ön Lisans,Tam Zamanlı,48878,761,4,1299,1,,kredi karti,2023-01-27,12,hayir,iOS,0
CUS-101902,1903,Ayşe Yılmaz,45,kadın,istanbul,lise,Yarı Zamanlı,31276,588,72,2481,3,2 Yıllık,otomatik odeme,2020-08-05,12,0,android,0
CUS-100103,104,Ali Çelik,,erkek,Ankara,Doktora,Tam Zamanlı,29897,634,19,1665,1,Aylık,Banka Havalesi,2025-07-21,4,EVET,IOS,0
CUS-100218,219,Elif Şahin,66,erkek,Antalya,Lisans,,33617,616,32,1519,4,aylik,Banka Havalesi,,1,No,Tablet,0
CUS-101961,1962,Burak Çelik,35,Diğer,İzmir,lisans ,Yarı Zamanlı,56901,683,26,,3,Taahhütsüz,PayPal,2024-02-27,4,No,Android,1
CUS-101685,1686,Elif Arslan,31,Belirtmek istemiyor,Adana,lise,Emekli,60593,620,36,444,0,Taahhütsüz,Banka Havalesi,2018-07-23,2,Evet,IOS,0
CUS-101815,1816,Emre Şahin,50,kadın,ISTANBUL,lise,Öğrenci,28755,535,3,2483,1,Aylık,Kredi Kartı,2021-02-27,2,EVET,iOS,0
CUS-101276,1277,Can Arslan,47,kadın,Ankara,Lise,Emekli,48746,580,12,1486,0,aylik,,2024-07-14,,hayir,android,0
CUS-101679,1680,Emre Yılmaz,60,Diğer,Unknown,Doktora,Serbest,28080,633,20,1216,1,2 Yıllık,Kredi Kartı,2017-08-15,5,Hayır,Android,0
CUS-102009,2010,Burak Şahin,3,Female,Adana,Doktora,Part-time,22174,499,97,961,1,,EFT,2022-01-19,17,Hayır,Web,0
CUS-101294,1295,Derya Aydın,35,Erkek,İzmir,Doktora,Serbest,22868,761,,1732,2,12 ay,Nakit,2024-03-05,8,,iOS,0
CUS-101081,1082,Burak Demir,50,erkek,Bursa,Ön Lisans,Serbest,30638,682,30,1665,4,Aylık,Otomatik Ödeme,2024-02-20,8,Evet,Unknown,0
CUS-100470,471,Mehmet Yılmaz,29,,ankara ,Lise,Part-time,64906,649,109,742,0,Aylık,Nakit,2025-08-20,5,hayir,IOS,0
CUS-100022,23,Zeynep Öz,19,Diğer,Bursa,lise,Serbest,36104,542,4,937,3,2 Yıllık,PayPal,,3,1,iOS,0
CUS-101723,1724,Zeynep Çelik,28,Kadın,antalya,Lise,Serbest,,572,115,286,4,Taahhütsüz,,2021-02-22,13,No,Android,0
CUS-101778,1779,Elif Yılmaz,48,KADIN,Izmir,Lisans,Tam Zamanlı,36084,520,86,1550,0,12 ay,Otomatik Ödeme,2023-07-09,5,Hayır,iOS,0
CUS-101027,1028,Mehmet Şahin,37,Erkek,Ankara,lisans ,Öğrenci,,588,19,1338,3,aylik,EFT,,,hayir,IOS,0
CUS-100721,722,Mehmet Çelik,61,Erkek,ISTANBUL,Y. Lisans,İşsiz,38253,609,12,956,1,24 AY,Otomatik Ödeme,2022-10-04,,Evet,Web,1
CUS-100916,917,Burak Kaya,30,Belirtmek istemiyor,antalya,Ön Lisans,Öğrenci,119456,,22,50,3,Taahhütsüz,PayPal,2023-10-28,6,hayir,Android,0
CUS-101019,1020,Merve Kurt,30,Female,ankara ,Yüksek Lisans,Emekli,63010,663,69,854,1,aylik,otomatik odeme,2017-02-26,2,0,IOS,0
CUS-100235,236,Elif Öz,23,Male,İzmir,Lise,tam zamanli,21369,567,61,1459,0,1 Yıllık,otomatik odeme,2018-09-18,2,Hayır,Tablet,0
CUS-100030,31,Ali Şahin,,Belirtmek istemiyor,İzmir,Lisans,Emekli,51215,670,69,1506,1,12 ay,EFT,2021-07-21,27,Evet,iOS,0
CUS-100682,683,Elif Aydın,41,Diğer,Adana,lise,tam zamanli,30510,449,46,1592,1,Taahhütsüz,Kredi Kartı,2018-07-15,9,No,iOS,0
CUS-101361,1362,Derya Yılmaz,39,Diğer,Bursa,Ön Lisans,Emekli,59740,558,20,2256,0,12 ay,otomatik odeme,2017-02-01,13,No,Android,0
CUS-101524,1525,Emre Arslan,,erkek,Konya,Doktora,tam zamanli,89435,483,9,2857,1,12 ay,Nakit,2017-04-16,3,,Android,0
CUS-101406,1407,Emre Kurt,38,Belirtmek istemiyor,,Lise,Self-employed,21923,572,12,,0,aylik,kredi karti,2025-04-25,4,1,IOS,0
CUS-101200,1201,Merve Yılmaz,39,Kadın,antalya,,Self-employed,57784,507,16,1635,0,Taahhütsüz,Kredi Kartı,2021-04-22,18,0,IOS,0
CUS-101634,1635,Merve Yılmaz,34,Belirtmek istemiyor,ISTANBUL,lisans ,tam zamanli,22319,603,59,1212,3,1 Yıllık,kredi karti,2024-12-27,5,Yes,web ,0
CUS-101924,1925,Emre Şahin,22,KADIN,Unknown,,Part-time,20820,664,99,1537,1,,kredi karti,2021-04-25,3,hayir,IOS,0
CUS-100558,559,Can Aydın,21,Diğer,,lisans ,Tam Zamanlı,87060,,52,2214,0,Taahhütsüz,PayPal,2020-03-09,15,EVET,IOS,1
CUS-101689,1690,Zeynep Aydın,30,Male,Gaziantep,Bilinmiyor,Tam Zamanlı,16408,753,110,2270,0,Taahhütsüz,Kredi Kartı,2025-01-14,17,No,,0
CUS-101495,1496,Zeynep Çelik,35,kadın,Adana,Yüksek Lisans,Tam Zamanlı,43771,564,11,1645,0,Aylık,otomatik odeme,2019-03-15,4,EVET,IOS,0
CUS-101407,1408,Emre Koç,36,Belirtmek istemiyor,istanbul,lise,Tam Zamanlı,,860,2,285,,12 ay,Otomatik Ödeme,2023-01-03,8,hayir,IOS,0
CUS-101959,1960,Elif Şahin,41,KADIN,,Y. Lisans,Self-employed,32732,760,38,2209,0,1 Yıllık,EFT,2025-09-10,1,Evet,Web,0
CUS-101839,1840,Can Şahin,16,Erkek,Bursa,Lisans,tam zamanli,63274,584,74,2836,0,1 Yıllık,Otomatik Ödeme,2021-07-11,7,0,Unknown,0
CUS-101506,1507,Emre Kaya,28,KADIN,ankara ,lisans ,Yarı Zamanlı,16942,653,43,2318,,aylik,Otomatik Ödeme,2025-02-06,3,Yes,iOS,0
CUS-101007,1008,Zeynep Koç,28,Female,İzmir,Bilinmiyor,Self-employed,,663,108,,0,2 Yıllık,otomatik odeme,2019-11-02,4,0,IOS,0
CUS-100894,895,Derya Yılmaz,55,Female,Konya,lise,Tam Zamanlı,46877,652,6,13725,3,Aylık,,2018-05-15,5,1,Tablet,0
CUS-101068,1069,Emre Kaya,26,Belirtmek istemiyor,İzmir,lisans ,Emekli,20170,535,59,2103,1,Taahhütsüz,EFT,2017-04-24,12,Yes,web ,0
CUS-101751,1752,Ayşe Arslan,16,Diğer,istanbul,,Emekli,20312,764,4,1263,2,Aylık,Banka Havalesi,2018-03-08,2,Hayır,iOS,0
CUS-101421,1422,Merve Aydın,54,Kadın,ankara ,,Öğrenci,,634,82,1464,0,Taahhütsüz,Nakit,2025-03-07,5,Yes,iOS,0
CUS-100717,718,Ayşe Koç,19,Kadın,istanbul,Y. Lisans,Öğrenci,20137,623,93,1999,2,24 AY,Otomatik Ödeme,2022-02-21,6,EVET,Android,0
CUS-100748,749,Elif Demir,46,Diğer,ISTANBUL,Lisans,Part-time,41461,664,76,557,3,Aylık,PayPal,2025-08-23,3,hayir,IOS,0
CUS-100394,395,Ali Arslan,70,erkek,istanbul,Y. Lisans,Öğrenci,48822,720,12,2445,45,12 ay,kredi karti,2022-03-15,9,No,Android,1
CUS-100727,728,Merve Arslan,31,kadın,Antalya,Y. Lisans,Self-employed,87017,541,100,2144,3,Aylık,Kredi Kartı,2021-07-23,11,No,web ,0
CUS-100802,803,Derya Kaya,19,Belirtmek istemiyor,Bursa,Bilinmiyor,Öğrenci,37164,753,32,82,4,Taahhütsüz,PayPal,2021-02-22,6,0,iOS,0
CUS-101941,1942,Derya Demir,50,kadın,Unknown,Lisans,Serbest,32255,616,66,2299,3,24 AY,Kredi Kartı,2019-04-19,7,Evet,IOS,0
CUS-100858,859,Burak Kaya,46,erkek,Adana,Lise,,11748,647,18,658,0,Taahhütsüz,Otomatik Ödeme,2017-03-12,12,,IOS,0
CUS-100156,157,Merve Şahin,15,Male,Unknown,Lise,Part-time,44063,543,58,,3,2 Yıllık,Otomatik Ödeme,2023-01-17,13,1,Tablet,0
CUS-101739,1740,Burak Arslan,31,Kadın,Adana,Doktora,Yarı Zamanlı,37325,733,114,1590,3,Taahhütsüz,EFT,2025-08-10,6,Hayır,Tablet,0
CUS-101105,1106,Ayşe Şahin,31,Kadın,İstanbul,Yüksek Lisans,tam zamanli,25333,665,46,1572,1,Aylık,EFT,2020-07-19,10,1,Web,0
CUS-100901,902,Merve Arslan,17,kadın,antalya,Bilinmiyor,Self-employed,56925,512,63,2133,0,Aylık,Nakit,2017-05-20,4,Hayır,IOS,0
CUS-100946,947,Derya Şahin,16,erkek,Bursa,Y. Lisans,Tam Zamanlı,66494,670,16,1594,4,Taahhütsüz,otomatik odeme,2021-04-15,31,No,Tablet,0
CUS-102071,2072,Ali Yılmaz,36,Diğer,istanbul,Ön Lisans,,44398,808,84,955,2,2 Yıllık,Nakit,,8,EVET,IOS,0
CUS-101210,1211,Zeynep Çelik,39,Female,İstanbul,Bilinmiyor,İşsiz,51857,565,78,637,3,,kredi karti,2021-11-01,2,0,Tablet,0
CUS-100345,346,Merve Kurt,35,erkek,Antalya,lisans ,Serbest,51922,494,15,1845,0,2 Yıllık,PayPal,2022-06-15,11,No,android,0
CUS-101047,1048,Burak Öz,25,Erkek,istanbul,Lise,Serbest,36767,,67,1320,1,24 AY,Banka Havalesi,2023-01-22,5,1,web ,0
CUS-100170,171,Emre Yılmaz,10,erkek,Izmir,Lise,İşsiz,37493,689,8,3660,1,12 ay,otomatik odeme,2022-12-19,14,EVET,Web,0
CUS-101538,1539,Derya Öz,21,Kadın,ISTANBUL,Y. Lisans,Yarı Zamanlı,30911,653,105,2221,0,24 AY,PayPal,2023-06-04,11,Hayır,web ,0
CUS-100391,392,Can Aydın,28,Belirtmek istemiyor,Gaziantep,Ön Lisans,İşsiz,67470,585,85,806,1,Aylık,kredi karti,2022-10-18,10,Yes,Unknown,0
CUS-101754,1755,Zeynep Kaya,62,Kadın,Antalya,Bilinmiyor,Emekli,31740,561,103,1089,0,Aylık,Nakit,2020-09-27,,hayir,iOS,0
CUS-101983,1984,Can Çelik,25,Belirtmek istemiyor,istanbul,lisans ,İşsiz,20656,634,97,1227,4,Aylık,EFT,2023-08-24,,1,IOS,0
CUS-100340,341,Elif Öz,33,Belirtmek istemiyor,Adana,,Öğrenci,,687,101,2648,1,12 ay,kredi karti,2018-07-03,7,Yes,Android,0
CUS-101999,2000,Emre Koç,30,Kadın,Bursa,lisans ,Serbest,30820,561,81,50,2,12 ay,kredi karti,2024-12-15,,EVET,,0
CUS-100017,18,Merve Arslan,44,kadın,,Yüksek Lisans,,60447,537,110,2484,0,Taahhütsüz,Kredi Kartı,2019-12-25,1,EVET,IOS,0
CUS-101394,1395,Mehmet Aydın,63,kadın,Ankara,Lise,tam zamanli,24244,,103,3697,0,12 ay,Kredi Kartı,2017-03-28,7,hayir,IOS,0
CUS-100755,756,Mehmet Arslan,49,kadın,Konya,Yüksek Lisans,tam zamanli,36085,490,115,1717,1,1 Yıllık,PayPal,2024-07-06,3,Hayır,android,0
CUS-100486,487,Elif Şahin,35,KADIN,İzmir,Doktora,Emekli,65514,747,89,1371,0,aylik,kredi karti,2020-06-27,11,Hayır,Unknown,0
CUS-100108,109,Derya Aydın,35,erkek,Antalya,lisans ,Tam Zamanlı,56935,681,11,1744,2,1 Yıllık,EFT,2020-10-13,4,EVET,IOS,0
CUS-101607,1608,Merve Koç,34,Kadın,Bursa,Lisans,Self-employed,60488,580,59,1823,3,24 AY,Otomatik Ödeme,2025-02-11,3,Yes,Web,0
CUS-100846,847,Mehmet Öz,63,KADIN,Konya,lise,Yarı Zamanlı,33205,738,15,2407,0,24 AY,Banka Havalesi,2025-02-07,15,EVET,web ,0
CUS-100908,909,Ayşe Koç,56,KADIN,BURSA,lisans ,Yarı Zamanlı,95023,600,93,345,1,12 ay,EFT,2024-04-11,11,Evet,Unknown,0
CUS-102090,2091,Burak Öz,37,KADIN,Unknown,,Serbest,,533,113,2780,0,2 Yıllık,kredi karti,2018-07-14,9,EVET,Android,0
CUS-100868,869,Derya Koç,33,Female,İzmir,Lisans,Emekli,58155,690,98,345,0,12 ay,EFT,2023-05-27,3,0,iOS,0
CUS-101240,1241,Can Şahin,36,Female,İzmir,Ön Lisans,Öğrenci,23665,751,12,50,2,aylik,Banka Havalesi,2021-02-24,14,0,Web,0
CUS-101428,1429,Mehmet Öz,36,kadın,Unknown,Doktora,Yarı Zamanlı,48626,586,34,1851,0,24 AY,,2025-04-12,19,1,android,0
CUS-101475,1476,Mehmet Şahin,26,KADIN,Konya,Lisans,tam zamanli,36412,679,32,,3,1 Yıllık,PayPal,2025-10-08,16,1,android,0
CUS-101641,1642,Emre Şahin,66,KADIN,ankara ,Doktora,Serbest,98284,773,100,940,4,Taahhütsüz,Otomatik Ödeme,2023-01-03,12,1,Tablet,0
CUS-101004,1005,Derya Çelik,29,Female,Unknown,Doktora,Part-time,47212,667,78,562,3,12 ay,kredi karti,2019-11-23,5,Evet,Web,0
CUS-101694,1695,Zeynep Şahin,22,KADIN,Konya,Ön Lisans,Emekli,,595,20,857,0,,PayPal,2017-03-07,7,Hayır,android,0
CUS-100369,370,Burak Yılmaz,44,Male,ISTANBUL,Ön Lisans,Öğrenci,9024,547,54,1963,0,aylik,kredi karti,2024-01-24,5,Hayır,IOS,0
CUS-101300,1301,Emre Arslan,25,kadın,Gaziantep,Lise,Emekli,46422,515,38,1580,0,1 Yıllık,Otomatik Ödeme,2024-04-17,9,EVET,Android,0
CUS-100508,509,Derya Yılmaz,58,KADIN,İzmir,lisans ,Serbest,44208,331,50,766,1,Aylık,kredi karti,2023-05-15,13,1,iOS,0
CUS-100153,154,Zeynep Aydın,29,KADIN,İstanbul,Lise,,62665,515,97,3110,1,aylik,Banka Havalesi,2023-11-01,4,No,Unknown,0
CUS-101431,1432,Mehmet Çelik,38,Male,,,Yarı Zamanlı,34279,653,88,968,2,Taahhütsüz,Otomatik Ödeme,2023-01-18,21,Yes,Android,0
CUS-101707,1708,Emre Kaya,69,Erkek,Antalya,Y. Lisans,tam zamanli,,676,101,2356,0,1 Yıllık,Nakit,2019-12-04,4,Hayır,web ,0
CUS-100641,642,Elif Yılmaz,45,erkek,Bursa,lise,Tam Zamanlı,25336,762,87,1425,3,Taahhütsüz,otomatik odeme,2025-10-24,17,0,Android,1
CUS-100984,985,Ali Kaya,11,Male,Unknown,Ön Lisans,tam zamanli,33423,721,28,,2,12 ay,PayPal,2024-07-15,1,Yes,IOS,0
CUS-101725,1726,Derya Kurt,27,Female,Konya,,İşsiz,19254,723,15,3389,3,Aylık,Otomatik Ödeme,2019-08-22,1,Evet,Unknown,0
CUS-100716,717,Emre Şahin,42,kadın,ISTANBUL,Bilinmiyor,Serbest,44205,702,74,3672,3,12 ay,Otomatik Ödeme,2020-11-18,4,,web ,0
CUS-100934,935,Can Arslan,41,Belirtmek istemiyor,Konya,Y. Lisans,Öğrenci,,743,28,1146,1,Taahhütsüz,Kredi Kartı,2023-06-01,14,EVET,,0
CUS-100548,549,Merve Çelik,36,,İzmir,Doktora,Serbest,596370,839,13,811,1,1 Yıllık,kredi karti,2025-12-17,9,Yes,Unknown,0
CUS-100768,769,Mehmet Şahin,62,KADIN,Ankara,Y. Lisans,Yarı Zamanlı,52864,,84,1698,0,1 Yıllık,PayPal,2019-02-08,6,1,Unknown,0
CUS-100861,862,Mehmet Yılmaz,21,kadın,Bursa,,tam zamanli,44011,785,109,1358,1,aylik,EFT,2023-12-04,4,EVET,android,0
CUS-101940,1941,Derya Kurt,61,Diğer,Unknown,Bilinmiyor,,40131,568,99,1846,1,Taahhütsüz,EFT,04/09/2020,20,No,,0
CUS-101312,1313,Elif Aydın,57,Diğer,istanbul,Doktora,Öğrenci,59756,745,62,912,3,12 ay,EFT,2021-11-23,6,No,Unknown,0
CUS-100864,865,Merve Arslan,44,Kadın,Ankara,,Self-employed,,695,103,782,4,Aylık,Otomatik Ödeme,2025-09-05,24,Hayır,Tablet,0
CUS-100623,624,Elif Arslan,53,KADIN,Antalya,lise,Part-time,79268,574,31,564,0,aylik,Kredi Kartı,2021-07-19,3,hayir,Android,0
CUS-101373,1374,Mehmet Kurt,,KADIN,Unknown,Yüksek Lisans,,22484,587,42,1005,4,Taahhütsüz,Otomatik Ödeme,2017-08-17,8,EVET,Web,0
CUS-101476,1477,Derya Koç,56,Diğer,ISTANBUL,lise,Emekli,71955,674,45,258,0,2 Yıllık,Kredi Kartı,2022-06-26,4,0,Web,0
CUS-100628,629,Can Kaya,32,Male,istanbul,Bilinmiyor,Self-employed,44059,835,40,1058,3,Aylık,Otomatik Ödeme,2025-09-22,4,Evet,Tablet,0
CUS-101602,1603,Can Kaya,31,Kadın,,Ön Lisans,tam zamanli,33568,738,107,1534,2,Taahhütsüz,kredi karti,2019-04-01,7,No,IOS,0
CUS-101705,1706,Ayşe Öz,35,Female,İstanbul,Lise,Emekli,49158,921,47,625,1,12 ay,otomatik odeme,2017-06-08,9,Yes,Android,0
CUS-101473,1474,Can Kaya,17,KADIN,Bursa,Lisans,Yarı Zamanlı,47039,578,12,1868,0,aylik,Nakit,2019-08-27,4,0,web ,0
CUS-100983,984,Emre Koç,24,erkek,İzmir,,İşsiz,69772,685,26,2081,2,,PayPal,2025-02-24,5,Yes,web ,1
CUS-101737,1738,Emre Aydın,35,KADIN,Bursa,Bilinmiyor,Self-employed,27087,,32,1209,1,2 Yıllık,otomatik odeme,2024-04-23,4,Hayır,Web,1
CUS-102149,2150,Merve Arslan,52,Erkek,Ankara,Y. Lisans,Part-time,49137,705,112,1692,1,Taahhütsüz,Otomatik Ödeme,2022-02-16,4,Yes,android,0
CUS-102027,2028,Ali Demir,30,Male,BURSA,Yüksek Lisans,Tam Zamanlı,80960,674,82,2299,1,Aylık,Nakit,2025-04-26,7,1,Tablet,0
CUS-101183,1184,Ayşe Kaya,49,Belirtmek istemiyor,istanbul,lisans ,Tam Zamanlı,26302,542,63,,0,24 AY,otomatik odeme,2025-11-08,8,0,Tablet,0
CUS-100551,552,Can Demir,50,Diğer,Unknown,Bilinmiyor,Öğrenci,104021,754,7,954,1,2 Yıllık,Otomatik Ödeme,2020-09-27,4,0,Web,0
CUS-101517,1518,Merve Şahin,44,Erkek,BURSA,Ön Lisans,İşsiz,33840,670,18,2321,1,Taahhütsüz,Banka Havalesi,2022-04-19,2,Yes,iOS,0
CUS-101034,1035,Elif Kurt,51,Female,Gaziantep,Bilinmiyor,Tam Zamanlı,27213,690,78,656,0,aylik,,2024-03-13,10,hayir,iOS,0
CUS-100807,808,Merve Arslan,,kadın,Antalya,lisans ,Emekli,27092,640,30,1976,2,,PayPal,2018-01-03,6,Yes,android,0
CUS-101777,1778,Merve Şahin,42,erkek,Unknown,Y. Lisans,Yarı Zamanlı,104860,663,51,729,1,1 Yıllık,Banka Havalesi,2017-05-09,4,Evet,iOS,0
CUS-100794,795,Ali Yılmaz,41,erkek,Ankara,Bilinmiyor,Self-employed,36133,654,24,1890,2,Taahhütsüz,kredi karti,2023-12-11,9,No,iOS,0
CUS-101749,1750,Merve Kurt,22,Erkek,Ankara,Doktora,Part-time,90650,608,52,810,6,aylik,Nakit,2017-05-22,2,1,Unknown,0
CUS-101921,1922,Emre Arslan,59,Diğer,Antalya,Yüksek Lisans,Part-time,110201,914,10,3180,3,1 Yıllık,kredi karti,,8,hayir,web ,0
CUS-100512,513,Can Aydın,59,Kadın,Antalya,Y. Lisans,Serbest,76981,791,25,2670,5,24 AY,EFT,2024-07-14,4,Evet,Web,0
CUS-100598,599,Zeynep Kaya,52,Belirtmek istemiyor,Ankara,lise,Self-employed,55984,760,38,1095,2,24 AY,Otomatik Ödeme,2021-12-20,5,1,IOS,1
CUS-101121,1122,Derya Öz,52,Erkek,İzmir,lisans ,İşsiz,,761,102,2174,0,1 Yıllık,Otomatik Ödeme,2020-09-22,4,Hayır,Tablet,0
CUS-101904,1905,Emre Yılmaz,40,KADIN,Ankara,Doktora,Tam Zamanlı,70826,,37,1858,1,12 ay,Banka Havalesi,2022-03-01,6,hayir,Android,0
CUS-101090,1091,Elif Aydın,41,kadın,BURSA,Lisans,Part-time,69940,660,99,1081,3,Taahhütsüz,Otomatik Ödeme,2020-09-10,9,1,Unknown,0
CUS-101521,1522,Ayşe Demir,37,Female,antalya,Lise,Serbest,81454,639,88,1277,3,24 AY,otomatik odeme,2023-03-05,7,EVET,Web,0
CUS-100034,35,Zeynep Arslan,42,Diğer,Bursa,Bilinmiyor,Yarı Zamanlı,38929,664,66,929,0,aylik,Banka Havalesi,2018-03-23,5,1,web ,0
CUS-100670,671,Elif Aydın,41,Female,Gaziantep,Yüksek Lisans,Öğrenci,55821,663,12,1832,3,12 ay,kredi karti,2019-02-03,11,hayir,Tablet,0
CUS-101574,1575,Zeynep Demir,48,Male,Konya,lisans ,tam zamanli,34935,623,40,50,2,Taahhütsüz,EFT,2022-08-04,5,,Unknown,0
CUS-102037,2038,Burak Koç,36,Diğer,Gaziantep,,tam zamanli,,623,12,1338,4,24 AY,Banka Havalesi,19/04/2020,11,0,iOS,0
CUS-100960,961,Can Şahin,58,erkek,Antalya,Y. Lisans,Emekli,73590,,54,877,3,24 AY,kredi karti,2025-09-13,3,Yes,Tablet,0
CUS-100242,243,Can Çelik,51,Kadın,istanbul,Doktora,İşsiz,51310,,48,1260,1,12 ay,otomatik odeme,2025-03-21,9,Hayır,android,0
CUS-100197,198,Ali Şahin,41,Erkek,antalya,Lisans,Part-time,40377,675,41,888,78,aylik,otomatik odeme,2018-10-27,4,No,IOS,1
CUS-101637,1638,Burak Aydın,74,Kadın,Gaziantep,lisans ,Emekli,36744,578,61,1778,2,aylik,otomatik odeme,2023-02-28,4,No,Web,0
CUS-101320,1321,Ayşe Arslan,57,KADIN,İstanbul,Lisans,tam zamanli,47202,545,14,2809,3,,EFT,2018-07-16,8,hayir,web ,0
CUS-100451,452,Ayşe Kaya,20,erkek,Gaziantep,Y. Lisans,Tam Zamanlı,34450,713,13,820,1,1 Yıllık,Nakit,2018-10-19,3,Evet,Android,0
CUS-100651,652,Emre Koç,42,,Bursa,Y. Lisans,Self-employed,55070,655,13,56,3,12 ay,otomatik odeme,2025-06-27,4,hayir,web ,0
CUS-101144,1145,Burak Kaya,41,Male,antalya,lisans ,İşsiz,39737,,11,1201,1,12 ay,Nakit,2024-09-03,9,1,iOS,0
CUS-101142,1143,Burak Demir,16,erkek,Ankara,Doktora,Serbest,61418,547,111,604,0,aylik,Banka Havalesi,2017-02-28,2,0,IOS,0
CUS-100100,101,Derya Kurt,28,kadın,Antalya,Yüksek Lisans,tam zamanli,70811,385,17,1650,3,2 Yıllık,PayPal,2025-10-02,6,hayir,android,0
CUS-101225,1226,Merve Kaya,38,Kadın,İzmir,Y. Lisans,Yarı Zamanlı,37143,661,39,1320,1,24 AY,Banka Havalesi,2019-02-19,11,No,Web,0
CUS-101350,1351,Elif Öz,38,Male,istanbul,lisans ,tam zamanli,10027,755,71,1859,2,2 Yıllık,PayPal,2022-01-09,14,No,web ,0
CUS-100604,605,Mehmet Yılmaz,27,,İstanbul,lisans ,Part-time,18824,480,92,2246,0,Taahhütsüz,kredi karti,2019-10-15,4,1,Android,0
CUS-101869,1870,Elif Kaya,42,Belirtmek istemiyor,İstanbul,lise,Öğrenci,41636,471,62,2647,1,Aylık,Nakit,2024-11-24,6,No,Tablet,0
CUS-100961,962,Derya Kaya,49,Erkek,Gaziantep,Doktora,Emekli,23140,665,85,1427,0,24 AY,Banka Havalesi,2025-01-11,,Evet,Web,1
CUS-100982,983,Ayşe Arslan,32,,,Lise,Serbest,84420,690,109,1642,3,2 Yıllık,Kredi Kartı,2022-04-08,13,Hayır,Web,0
CUS-102069,2070,Merve Koç,40,Female,Unknown,Y. Lisans,Self-employed,19864,673,60,756,2,Aylık,Banka Havalesi,2021-12-15,7,Evet,web ,0
CUS-101472,1473,Merve Çelik,49,Male,Izmir,Bilinmiyor,Self-employed,,582,117,1569,4,Aylık,kredi karti,2024-11-16,2,0,android,0
CUS-100718,719,Derya Kurt,17,Male,Adana,Lisans,Tam Zamanlı,37501,735,,1791,0,aylik,Nakit,2022-11-28,1,1,IOS,0
CUS-100599,600,Burak Kaya,39,Erkek,,Yüksek Lisans,İşsiz,20509,538,104,1119,0,Aylık,kredi karti,2025-11-20,,1,Android,0
CUS-100974,975,Elif Kaya,45,erkek,,Y. Lisans,Yarı Zamanlı,33942,650,67,2169,3,12 ay,Otomatik Ödeme,2021-08-21,10,Yes,web ,0
CUS-101890,1891,Ayşe Öz,35,erkek,ankara ,Yüksek Lisans,Yarı Zamanlı,34464,564,,1351,2,12 ay,Otomatik Ödeme,2019-11-08,3,Evet,Unknown,0
CUS-100735,736,Zeynep Yılmaz,35,Kadın,İstanbul,Ön Lisans,Serbest,31964,638,17,803,2,2 Yıllık,EFT,2023-08-28,10,,Web,0
CUS-102111,2112,Mehmet Kurt,49,Erkek,Ankara,Y. Lisans,İşsiz,25088,575,12,,3,aylik,,2017-10-13,5,Yes,Android,0
CUS-102131,2132,Elif Şahin,26,KADIN,BURSA,Yüksek Lisans,tam zamanli,56166,640,31,1243,2,aylik,Banka Havalesi,,8,EVET,Unknown,0
CUS-100573,574,Burak Kaya,43,Kadın,ankara ,Yüksek Lisans,Tam Zamanlı,35133,474,13,973,2,Aylık,Kredi Kartı,2020-03-08,2,No,,0
CUS-100271,272,Ali Aydın,39,Female,Bursa,Y. Lisans,Emekli,31403,,58,2907,3,24 AY,Kredi Kartı,2025-10-05,3,1,IOS,0
CUS-101630,1631,Ayşe Demir,,Belirtmek istemiyor,BURSA,lise,Emekli,35540,,71,1857,0,2 Yıllık,PayPal,2019-09-26,9,hayir,Tablet,0
CUS-101410,1411,Ayşe Yılmaz,21,Erkek,ISTANBUL,lise,Yarı Zamanlı,15258,735,36,1684,1,Aylık,Otomatik Ödeme,2021-07-11,8,0,Web,0
CUS-100422,423,Ayşe Kurt,39,Erkek,istanbul,Y. Lisans,Emekli,22964,472,86,1894,4,Aylık,PayPal,2020-06-06,2500,1,Android,1
CUS-101109,1110,Emre Öz,23,Female,BURSA,Lise,Serbest,28604,555,12,1050,1,12 ay,Otomatik Ödeme,2018-03-02,8,0,iOS,0
CUS-101150,1151,Ali Aydın,17,Erkek,antalya,Lisans,Part-time,55569,754,34,703,0,Aylık,Otomatik Ödeme,2018-03-22,13,0,iOS,0
CUS-101203,1204,Ayşe Koç,14,Diğer,Adana,lise,Serbest,24178,646,87,1545,4,2 Yıllık,Otomatik Ödeme,2022-09-10,6,No,,0
CUS-100097,98,Mehmet Koç,45,erkek,,Doktora,Emekli,31255,524,96,910,1,12 ay,Nakit,26/05/2017,8,hayir,iOS,0
CUS-101647,1648,Burak Demir,29,Diğer,Izmir,Bilinmiyor,İşsiz,62565,748,,2382,1,24 AY,Otomatik Ödeme,,5,Yes,Tablet,0
CUS-100355,356,Derya Koç,41,Male,Gaziantep,,,37413,654,73,768,3,24 AY,Otomatik Ödeme,2022-02-04,7,Yes,Unknown,0
CUS-101125,1126,Elif Demir,44,kadın,,lisans ,Serbest,21630,682,79,1030,4,Aylık,Banka Havalesi,2025-11-05,3,,Web,0
CUS-101198,1199,Derya Çelik,69,Diğer,antalya,Bilinmiyor,Tam Zamanlı,22811,560,52,2808,1,Taahhütsüz,Otomatik Ödeme,,,1,Android,0
CUS-100380,381,Merve Arslan,21,Female,antalya,,Emekli,18625,457,11,1927,1,aylik,otomatik odeme,2022-07-23,3,No,Web,0
CUS-100603,604,Ayşe Arslan,18,kadın,Gaziantep,Bilinmiyor,Tam Zamanlı,18757,717,37,2661,2,1 Yıllık,Kredi Kartı,2020-02-08,36,Yes,Unknown,0
CUS-101235,1236,Elif Kaya,32,Diğer,istanbul,Yüksek Lisans,Yarı Zamanlı,47821,752,57,1430,1,24 AY,otomatik odeme,2024-05-16,6,EVET,Unknown,0
CUS-101162,1163,Ali Kurt,59,Male,İzmir,,Emekli,57182,609,,995,1,aylik,PayPal,2019-03-05,7,Hayır,android,0
CUS-101769,1770,Can Aydın,17,,ISTANBUL,,Self-employed,30171,808,113,1605,1,2 Yıllık,PayPal,2021-05-17,4,,Tablet,0
CUS-100098,99,Ayşe Yılmaz,39,Female,BURSA,lise,Self-employed,53571,756,37,1723,2,,Nakit,2022-04-20,4,1,iOS,0
CUS-100183,184,Ali Arslan,23,Female,Antalya,Yüksek Lisans,Tam Zamanlı,22252,551,17,2153,1,,otomatik odeme,2022-08-07,14,No,iOS,0
CUS-101426,1427,Burak Kurt,41,Erkek,Adana,Ön Lisans,Tam Zamanlı,23812,,42,1381,0,24 AY,EFT,2025-11-15,5,Yes,Unknown,0
CUS-101854,1855,Ayşe Demir,22,Kadın,İzmir,,İşsiz,54608,634,,,4,1 Yıllık,EFT,2022-06-14,11,hayir,Unknown,0
CUS-101781,1782,Mehmet Kurt,46,Diğer,Izmir,Lisans,Tam Zamanlı,1058070,580,42,2170,1,Aylık,kredi karti,2019-09-18,8,No,Web,0
CUS-101893,1894,Derya Kaya,20,Erkek,Izmir,Bilinmiyor,tam zamanli,33521,850,65,1264,0,12 ay,Kredi Kartı,2024-11-18,6,Yes,IOS,0
CUS-101330,1331,Merve Kurt,60,Belirtmek istemiyor,istanbul,Doktora,Part-time,28192,610,107,50,0,24 AY,Nakit,2017-09-24,12,No,Tablet,0
CUS-100929,930,Zeynep Yılmaz,44,KADIN,Konya,Ön Lisans,Tam Zamanlı,43895,714,7,2041,0,24 AY,,2018-02-26,7,1,iOS,0
CUS-100911,912,Ali Demir,53,erkek,Unknown,lise,Tam Zamanlı,19957,757,111,,2,2 Yıllık,EFT,2022-04-05,14,1,android,0
CUS-100175,176,Ayşe Koç,34,Male,istanbul,lisans ,tam zamanli,54347,446,37,1830,1,24 AY,otomatik odeme,2023-04-10,4,,web ,0
CUS-101351,1352,Burak Kaya,24,KADIN,BURSA,Lisans,Serbest,85073,960,40,1228,0,Aylık,,2022-10-16,,1,iOS,0
CUS-102114,2115,Emre Öz,,KADIN,ankara ,Y. Lisans,Yarı Zamanlı,,647,87,50,0,Taahhütsüz,Otomatik Ödeme,2019-07-18,10,1,IOS,0
CUS-100863,864,Can Kurt,10,Kadın,,,Yarı Zamanlı,34981,657,96,2190,1,2 Yıllık,kredi karti,2021-04-20,5,Yes,Tablet,0
CUS-101148,1149,Mehmet Kurt,39,Male,BURSA,lise,Tam Zamanlı,,601,54,582,0,24 AY,otomatik odeme,2019-10-14,15,No,Unknown,0
CUS-101396,1397,Mehmet Öz,41,Female,Bursa,Lise,Tam Zamanlı,40575,567,14,2868,3,24 AY,kredi karti,2024-04-09,7,EVET,Android,0
CUS-100947,948,Mehmet Şahin,52,KADIN,Gaziantep,Yüksek Lisans,Tam Zamanlı,42745,812,74,1106,0,2 Yıllık,Banka Havalesi,2019-06-19,3,1,web ,0
CUS-100099,100,Ali Kurt,28,kadın,ankara ,Ön Lisans,Yarı Zamanlı,42522,684,95,553,0,1 Yıllık,PayPal,2023-09-22,2,Evet,Unknown,0
CUS-100736,737,Can Yılmaz,33,Female,ISTANBUL,Yüksek Lisans,Tam Zamanlı,39324,704,72,,1,aylik,PayPal,2022-06-07,2,0,iOS,0
CUS-101410,1411,Ayşe Yılmaz,21,Erkek,ISTANBUL,lise,Yarı Zamanlı,15258,735,36,1684,1,Aylık,Otomatik Ödeme,2021-07-11,8,0,Web,0
CUS-101425,1426,Emre Koç,40,Female,Adana,,İşsiz,82718,708,14,2243,3,aylik,Otomatik Ödeme,2019-04-04,5,1,Web,0
CUS-100327,328,Derya Çelik,46,erkek,Konya,Lisans,tam zamanli,17178,635,,1316,2,2 Yıllık,Banka Havalesi,2021-11-01,6,Evet,IOS,0
CUS-101913,1914,Elif Koç,28,KADIN,ISTANBUL,Doktora,tam zamanli,24430,677,37,2373,1,aylik,otomatik odeme,2025-07-13,1,hayir,Web,0
CUS-100746,747,Ayşe Demir,44,kadın,Konya,lise,İşsiz,14822,765,35,1112,3,24 AY,kredi karti,2017-01-26,6,Evet,IOS,0
CUS-101547,1548,Mehmet Arslan,,erkek,ISTANBUL,Ön Lisans,Serbest,14159,704,64,2014,0,1 Yıllık,PayPal,2023-11-12,5,,Tablet,0
CUS-101674,1675,Elif Yılmaz,25,,Izmir,lisans ,Öğrenci,30609,673,59,860,,Taahhütsüz,otomatik odeme,2019-02-20,11,hayir,web ,0
CUS-100526,527,Merve Şahin,69,Belirtmek istemiyor,istanbul,,,41248,641,41,,1,1 Yıllık,EFT,2019-09-17,6,,IOS,0
CUS-101248,1249,Merve Demir,53,Male,Konya,Doktora,Tam Zamanlı,42214,498,26,972,0,24 AY,Otomatik Ödeme,2020-10-17,6,Hayır,Android,0
CUS-100284,285,Burak Çelik,67,Male,Bursa,Ön Lisans,Öğrenci,42160,428,17,1622,3,aylik,kredi karti,,7,1,iOS,0
CUS-101449,1450,Derya Koç,48,kadın,antalya,,İşsiz,34207,688,87,1280,0,12 ay,Otomatik Ödeme,2020-03-10,4,Yes,Android,0
CUS-102079,2080,Derya Çelik,27,Erkek,antalya,Bilinmiyor,Tam Zamanlı,40270,786,86,50,0,24 AY,,2019-03-09,4,hayir,Unknown,0
CUS-102077,2078,Derya Demir,46,Male,Gaziantep,Lise,,25661,572,116,,0,12 ay,EFT,2022-07-11,,EVET,IOS,0
CUS-100488,489,Mehmet Kaya,71,Kadın,,Ön Lisans,Emekli,16607,652,77,1950,2,24 AY,EFT,2024-08-03,8,Hayır,IOS,0
CUS-100704,705,Can Aydın,61,Female,Antalya,Ön Lisans,Serbest,43441,,45,1192,2,12 ay,Banka Havalesi,2023-02-06,3,1,web ,0
CUS-100351,352,Mehmet Koç,59,Kadın,Izmir,,Öğrenci,119745,640,65,1444,2,24 AY,otomatik odeme,2017-01-06,2,Hayır,Web,0
CUS-100770,771,Burak Demir,26,Belirtmek istemiyor,Unknown,lisans ,İşsiz,32214,,91,2099,0,Aylık,PayPal,2021-01-09,6,Hayır,Android,0
CUS-101768,1769,Merve Aydın,20,Female,Konya,Yüksek Lisans,Serbest,42149,714,,441,1,Aylık,PayPal,2020-03-09,1,No,Unknown,0
CUS-101870,1871,Emre Aydın,53,Female,Gaziantep,lisans ,Part-time,74205,723,91,50,3,Taahhütsüz,Banka Havalesi,2018-10-06,7,0,Android,0
CUS-100572,573,Can Arslan,,,ankara ,Yüksek Lisans,Yarı Zamanlı,28503,483,14,1807,3,,Kredi Kartı,2025-08-22,16,hayir,Android,0
CUS-100557,558,Emre Aydın,71,Male,İzmir,Lisans,Tam Zamanlı,39611,,63,2170,0,24 AY,otomatik odeme,2022-09-19,3,Yes,Web,0
CUS-101805,1806,Zeynep Kaya,46,Kadın,ankara ,Lise,Serbest,31650,777,106,611,0,1 Yıllık,Otomatik Ödeme,2017-01-14,3,Yes,Unknown,0
CUS-100159,160,Ayşe Aydın,34,Male,Antalya,Bilinmiyor,Serbest,61166,718,109,2586,0,12 ay,Nakit,2023-07-06,9,Evet,web ,0
CUS-101761,1762,Burak Demir,43,Kadın,Unknown,Yüksek Lisans,Öğrenci,38099,565,55,1903,2,Taahhütsüz,kredi karti,2017-06-25,3,Evet,IOS,0
CUS-100105,106,Elif Aydın,9,Belirtmek istemiyor,ankara ,Bilinmiyor,,58202,612,27,50,0,,,2021-08-27,8,hayir,web ,0
CUS-100923,924,Zeynep Demir,51,Erkek,ankara ,lise,Yarı Zamanlı,69311,486,43,2263,0,aylik,EFT,2019-07-12,9,hayir,IOS,0
CUS-100240,241,Zeynep Şahin,16,erkek,istanbul,,Yarı Zamanlı,61464,531,72,1635,1,aylik,Nakit,2020-12-21,11,Evet,Unknown,1
CUS-101134,1135,Ali Çelik,48,erkek,ankara ,Bilinmiyor,İşsiz,27172,649,118,1940,1,12 ay,PayPal,2021-01-23,14,No,Android,0
CUS-100753,754,Derya Kaya,42,KADIN,İzmir,lise,Emekli,81897,587,76,914,1,aylik,EFT,2023-03-04,11,No,Android,0
CUS-101111,1112,Mehmet Kurt,20,KADIN,ankara ,Y. Lisans,Emekli,29949,542,26,2897,0,1 Yıllık,EFT,2022-06-04,18,hayir,Web,0
CUS-100078,79,Merve Çelik,36,erkek,ankara ,Lisans,,33447,737,4,195,2,aylik,EFT,2018-08-07,2,Yes,IOS,0
CUS-101856,1857,Mehmet Demir,37,Male,ISTANBUL,Yüksek Lisans,tam zamanli,49450,646,104,554,1,24 AY,kredi karti,2021-09-21,2,Evet,IOS,0
CUS-101269,1270,Merve Çelik,41,kadın,ISTANBUL,,Emekli,44300,605,88,50,2,aylik,Kredi Kartı,2024-09-08,6,EVET,Web,0
CUS-100166,167,Mehmet Demir,51,Erkek,Konya,lisans ,Öğrenci,46939,652,103,1886,1,aylik,Otomatik Ödeme,2024-12-28,6,Hayır,Tablet,0
CUS-101444,1445,Mehmet Aydın,33,Male,ISTANBUL,Ön Lisans,Yarı Zamanlı,48079,,4,646,0,1 Yıllık,Otomatik Ödeme,2021-05-05,3,0,Tablet,0
CUS-101158,1159,Derya Çelik,47,Male,antalya,Yüksek Lisans,Part-time,11020,794,18,,2,Aylık,Otomatik Ödeme,,13,hayir,Unknown,0
CUS-100633,634,Ali Çelik,,Diğer,BURSA,Y. Lisans,tam zamanli,49918,710,80,50,2,12 ay,PayPal,2023-05-17,999,0,android,1
CUS-101070,1071,Mehmet Yılmaz,38,Kadın,İzmir,lisans ,Tam Zamanlı,12266,595,40,2877,2,Aylık,otomatik odeme,2025-03-01,1,Evet,web ,0
CUS-102014,2015,Ayşe Öz,50,Kadın,,Bilinmiyor,Öğrenci,,790,91,50,2,Aylık,Banka Havalesi,,4,No,web ,0
CUS-101211,1212,Derya Şahin,47,Male,Unknown,lisans ,Yarı Zamanlı,46979,579,88,1359,0,12 ay,Otomatik Ödeme,2022-06-05,20,1,Android,0
CUS-101549,1550,Burak Aydın,74,Female,Konya,Doktora,Yarı Zamanlı,36802,,94,997,1,1 Yıllık,PayPal,2023-12-20,9,0,IOS,0
CUS-101052,1053,Can Çelik,28,Male,Bursa,,Emekli,,504,,814,1,,Nakit,2022-10-08,6,0,web ,0
CUS-100198,199,Can Demir,52,KADIN,antalya,Bilinmiyor,Part-time,24013,,,1482,5,1 Yıllık,EFT,2022-05-19,4,Evet,Android,0
CUS-102058,2059,Ali Yılmaz,66,Erkek,istanbul,Bilinmiyor,,48036,632,44,1542,0,aylik,,2025-06-24,7,Evet,Tablet,0
CUS-100959,960,Zeynep Çelik,32,KADIN,istanbul,lise,Part-time,2957220,749,81,1796,2,Taahhütsüz,Nakit,2024-07-21,6,Yes,Android,0
CUS-100733,734,Derya Yılmaz,38,kadın,BURSA,lisans ,Yarı Zamanlı,50810,507,60,1418,2,2 Yıllık,kredi karti,2024-02-10,8,0,iOS,0
CUS-100346,347,Zeynep Öz,51,Male,antalya,lisans ,Serbest,30953,516,21,526,0,aylik,PayPal,2018-07-18,17,Yes,Web,0
CUS-101795,1796,Mehmet Şahin,23,Male,İstanbul,Yüksek Lisans,Self-employed,43913,614,,1089,1,Aylık,Banka Havalesi,,9,No,Tablet,0
CUS-101612,1613,Elif Kurt,32,,BURSA,Lise,Self-employed,73393,703,1,1879,0,1 Yıllık,Otomatik Ödeme,2022-05-13,15,hayir,web ,0
CUS-101722,1723,Merve Yılmaz,42,Erkek,Ankara,lise,Self-employed,119552,593,90,1007,0,24 AY,,2023-11-20,11,Hayır,IOS,0
CUS-100747,748,Mehmet Yılmaz,21,erkek,İstanbul,Doktora,İşsiz,33647,594,26,3553,3,aylik,Kredi Kartı,2018-06-18,3,0,android,1
CUS-100999,1000,Ayşe Demir,,Belirtmek istemiyor,ankara ,Lisans,Emekli,14073,643,100,788,2,24 AY,Otomatik Ödeme,2021-07-04,8,Evet,,0
CUS-100865,866,Ali Yılmaz,22,KADIN,Antalya,Ön Lisans,Yarı Zamanlı,21050,646,33,1698,1,,otomatik odeme,2024-10-20,3,Hayır,android,0
CUS-100204,205,Elif Demir,,KADIN,Bursa,Y. Lisans,tam zamanli,75824,520,59,1943,3,2 Yıllık,Banka Havalesi,2020-09-07,4,Evet,Web,0
CUS-102087,2088,Derya Kurt,8,Erkek,Adana,Yüksek Lisans,,72703,756,6,2937,0,12 ay,kredi karti,2017-04-10,9,Evet,android,0
CUS-101949,1950,Elif Yılmaz,53,kadın,,Doktora,tam zamanli,29692,615,59,1838,0,,EFT,2025-09-04,7,Evet,Unknown,0
CUS-101817,1818,Burak Aydın,,erkek,ISTANBUL,lise,İşsiz,29373,590,56,677,2,Aylık,otomatik odeme,2025-08-20,2,Hayır,,0
CUS-100294,295,Derya Kaya,38,,İstanbul,lise,Tam Zamanlı,40170,594,70,2247,2,12 ay,kredi karti,2024-04-24,4,Evet,IOS,0
CUS-100668,669,Derya Koç,22,Erkek,İstanbul,Lise,Part-time,48350,673,106,1995,0,1 Yıllık,,2020-02-09,3,Yes,web ,0
CUS-100749,750,Emre Kaya,29,kadın,ISTANBUL,Lisans,Serbest,47926,715,34,2671,1,24 AY,otomatik odeme,2024-04-28,11,Yes,Tablet,0
CUS-102017,2018,Burak Aydın,38,KADIN,Izmir,Lise,Part-time,15564,667,31,1311,1,Taahhütsüz,Nakit,2023-10-28,22,,web ,0
CUS-101245,1246,Merve Kurt,41,erkek,ISTANBUL,Doktora,Öğrenci,41780,697,17,1490,2,2 Yıllık,otomatik odeme,2018-02-23,3,0,iOS,0
CUS-100597,598,Elif Kurt,25,Belirtmek istemiyor,istanbul,Lisans,Self-employed,56708,512,78,2851,3,24 AY,Otomatik Ödeme,2017-05-28,10,hayir,Web,0
CUS-101266,1267,Ali Şahin,37,Female,Antalya,Bilinmiyor,İşsiz,102800,644,64,1165,0,24 AY,Nakit,2020-02-02,999,No,Unknown,1
CUS-100608,609,Ayşe Şahin,28,Diğer,istanbul,lisans ,Tam Zamanlı,20477,532,79,1281,4,2 Yıllık,kredi karti,2024-05-21,6,Hayır,Tablet,0
CUS-101662,1663,Derya Aydın,44,Belirtmek istemiyor,,lise,Öğrenci,30899,520,94,2147,2,2 Yıllık,PayPal,2019-03-16,25,Yes,android,0
CUS-102127,2128,Elif Arslan,52,Male,İstanbul,Bilinmiyor,İşsiz,45435,755,98,2102,0,2 Yıllık,PayPal,2017-08-06,4,1,iOS,0
CUS-102145,2146,Can Arslan,49,Kadın,Adana,,tam zamanli,22481,603,113,1259,3,Aylık,EFT,2023-04-27,14,EVET,IOS,0
CUS-100031,32,Can Şahin,54,Male,antalya,lise,Self-employed,50539,639,82,353,1,1 Yıllık,Nakit,2022-08-17,2,Evet,Tablet,0
CUS-100349,350,Can Koç,43,kadın,Konya,Y. Lisans,Part-time,25435,,76,1891,3,24 AY,kredi karti,2017-09-08,1,Hayır,Android,0
CUS-101901,1902,Elif Çelik,31,Female,ISTANBUL,Ön Lisans,İşsiz,46840,759,78,,2,12 ay,Banka Havalesi,2019-03-13,4,Yes,Unknown,0
CUS-102074,2075,Can Aydın,54,Male,ISTANBUL,lise,Tam Zamanlı,95759,672,75,1107,2,1 Yıllık,otomatik odeme,2024-09-17,8,Yes,Tablet,0
CUS-100223,224,Mehmet Şahin,35,Male,Ankara,Bilinmiyor,Self-employed,34258,583,15,547,0,24 AY,otomatik odeme,2023-08-18,5,1,iOS,0
CUS-101243,1244,Elif Çelik,,Diğer,antalya,,Emekli,17799,,52,3144,2,aylik,,2023-07-07,7,Hayır,Android,0
CUS-101260,1261,Merve Koç,41,Erkek,Antalya,Lisans,İşsiz,29642,672,20,3375,1,Taahhütsüz,kredi karti,2018-06-19,,1,web ,0
CUS-100995,996,Zeynep Koç,52,kadın,Konya,Lisans,tam zamanli,28445,504,98,942,3,24 AY,Banka Havalesi,2017-05-18,10,No,IOS,0
CUS-102144,2145,Emre Yılmaz,3,kadın,Adana,Lise,,40923,767,70,901,2,24 AY,otomatik odeme,2021-07-24,5,No,android,0
CUS-100434,435,Derya Koç,27,Kadın,ankara ,Y. Lisans,Yarı Zamanlı,48238,,96,2178,0,24 AY,Otomatik Ödeme,2025-03-17,5,0,Android,0
CUS-101917,1918,Burak Kurt,26,Kadın,Konya,Y. Lisans,Yarı Zamanlı,36292,548,63,961,1,,Nakit,2017-07-09,4,0,iOS,0
CUS-100962,963,Burak Yılmaz,53,Erkek,,Yüksek Lisans,Self-employed,29855,702,113,777,3,,PayPal,2023-06-22,14,0,web ,0
CUS-100262,263,Can Koç,20,KADIN,ankara ,lise,Part-time,42343,672,92,1972,4,12 ay,PayPal,not_a_date,18,No,android,0
CUS-101251,1252,Emre Yılmaz,27,Kadın,ISTANBUL,Ön Lisans,Self-employed,41783,778,32,2272,1,24 AY,otomatik odeme,2017-03-26,2,EVET,android,0
CUS-100495,496,Can Demir,40,erkek,Unknown,Yüksek Lisans,Yarı Zamanlı,73081,665,91,1237,3,2 Yıllık,,2020-10-25,2,1,web ,0
CUS-100951,952,Derya Kurt,42,Female,Ankara,Y. Lisans,Emekli,20661,779,102,1730,1,aylik,PayPal,2020-11-02,34,,Unknown,0
CUS-101820,1821,Zeynep Çelik,47,Diğer,BURSA,Lise,tam zamanli,46332,733,101,50,2,1 Yıllık,Banka Havalesi,2021-11-27,6,Yes,Web,0
CUS-100830,831,Can Şahin,52,Belirtmek istemiyor,ISTANBUL,Yüksek Lisans,Öğrenci,,592,64,321,0,Taahhütsüz,PayPal,2025-12-24,11,0,Android,0
CUS-100920,921,Zeynep Yılmaz,53,Belirtmek istemiyor,Adana,Bilinmiyor,tam zamanli,27717,602,101,1151,,12 ay,Otomatik Ödeme,2024-03-01,7,Hayır,Tablet,0
CUS-100613,614,Emre Öz,19,Erkek,Antalya,Lisans,Emekli,,,42,1325,1,aylik,otomatik odeme,2021-05-26,15,0,Android,1
CUS-100855,856,Elif Aydın,35,kadın,,Ön Lisans,,47014,501,,1336,3,2 Yıllık,kredi karti,2020-06-25,6,No,Tablet,0
CUS-101241,1242,Ali Aydın,35,KADIN,ankara ,Y. Lisans,Self-employed,,611,15,2415,1,Taahhütsüz,otomatik odeme,2021-09-27,2,hayir,web ,0
CUS-101199,1200,Derya Kurt,28,Belirtmek istemiyor,İstanbul,,Öğrenci,48304,667,104,1942,1,aylik,Kredi Kartı,2021-02-16,2,Yes,,0
CUS-100032,33,Derya Kaya,37,Male,Antalya,Bilinmiyor,Emekli,22292,524,77,1348,3,Aylık,,2018-02-22,8,0,Tablet,0
CUS-101758,1759,Derya Kurt,36,Male,Bursa,lisans ,Tam Zamanlı,37669,620,47,1543,2,12 ay,Otomatik Ödeme,,8,Hayır,,0
CUS-101385,1386,Ayşe Kaya,33,erkek,,Ön Lisans,Tam Zamanlı,86502,820,78,2439,0,12 ay,Kredi Kartı,2018-08-23,7,,Web,0
CUS-101899,1900,Derya Koç,30,Female,ankara ,lise,İşsiz,24904,567,22,3352,3,12 ay,Otomatik Ödeme,2021-04-28,999,hayir,Unknown,1
CUS-100481,482,Elif Kurt,36,Female,istanbul,Yüksek Lisans,tam zamanli,57663,586,105,1104,1,12 ay,Otomatik Ödeme,2024-05-11,1,Evet,Android,0
CUS-100114,115,Ali Kaya,56,KADIN,ISTANBUL,lisans ,Serbest,60600,665,100,692,3,1 Yıllık,Banka Havalesi,2021-06-15,6,Hayır,IOS,0
CUS-101022,1023,Ali Aydın,37,Erkek,ISTANBUL,Y. Lisans,tam zamanli,85263,642,44,502,1,,PayPal,2022-09-17,3,Hayır,Android,0
CUS-101968,1969,Merve Yılmaz,20,kadın,Antalya,lise,Yarı Zamanlı,28949,573,93,1901,1,12 ay,PayPal,2022-10-23,5,Hayır,Tablet,0
CUS-101541,1542,Zeynep Kurt,44,Belirtmek istemiyor,İstanbul,Ön Lisans,Emekli,22044,700,48,1318,0,Taahhütsüz,Nakit,2022-12-22,9,Evet,,0
CUS-101274,1275,Zeynep Aydın,37,Kadın,İzmir,Doktora,Yarı Zamanlı,25342,681,78,1502,0,Taahhütsüz,Nakit,2023-06-01,5,EVET,Web,0
CUS-100065,66,Derya Koç,58,erkek,ISTANBUL,Doktora,Serbest,41392,683,38,379,0,1 Yıllık,PayPal,2021-05-11,11,1,Tablet,0
CUS-100293,294,Derya Kurt,45,Female,Ankara,Bilinmiyor,İşsiz,17570,706,30,1485,4,24 AY,otomatik odeme,2020-11-05,7,hayir,android,0
CUS-101229,1230,Emre Koç,41,erkek,Konya,lise,Part-time,60311,773,62,1239,3,2 Yıllık,kredi karti,2018-08-26,9,0,iOS,0
CUS-101268,1269,Merve Koç,34,,antalya,lise,İşsiz,23499,629,50,1016,3,Aylık,Banka Havalesi,2022-10-10,12,EVET,,0
CUS-101691,1692,Derya Yılmaz,42,Erkek,İstanbul,Y. Lisans,Part-time,63416,682,67,1197,1,2 Yıllık,kredi karti,2017-09-17,2,Hayır,Tablet,0
CUS-101727,1728,Derya Öz,34,Erkek,İstanbul,,tam zamanli,29807,657,68,1106,0,12 ay,kredi karti,2017-06-21,8,No,Unknown,0
CUS-100504,505,Derya Şahin,34,KADIN,Gaziantep,lisans ,Tam Zamanlı,63140,625,36,2578,2,Taahhütsüz,Kredi Kartı,2025-05-05,3,EVET,Tablet,0
CUS-101530,1531,Merve Aydın,31,Erkek,Unknown,Ön Lisans,Serbest,28845,,55,1345,2,Aylık,EFT,2024-12-15,3,hayir,Android,1
CUS-100593,594,Derya Arslan,39,KADIN,İstanbul,Bilinmiyor,Öğrenci,36634,577,14,1593,2,1 Yıllık,kredi karti,2019-04-05,2,EVET,android,0
CUS-101534,1535,Mehmet Yılmaz,35,KADIN,,lisans ,Serbest,24004,755,117,3066,0,,Otomatik Ödeme,2023-01-07,5,No,Web,0
CUS-101075,1076,Merve Arslan,35,Erkek,Adana,Yüksek Lisans,Öğrenci,,783,13,2454,2,Taahhütsüz,Otomatik Ödeme,2023-04-14,14,0,Tablet,0
CUS-101430,1431,Merve Arslan,19,Diğer,Gaziantep,Doktora,,59682,627,28,538,1,1 Yıllık,Nakit,2025-09-24,10,Yes,Web,0
CUS-100661,662,Elif Şahin,48,kadın,İstanbul,Doktora,tam zamanli,47759,534,28,2207,2,Aylık,Nakit,2021-07-28,5,No,web ,0
CUS-101454,1455,Ayşe Çelik,44,kadın,Gaziantep,lisans ,Serbest,46712,469,18,1280,1,1 Yıllık,kredi karti,2020-01-06,8,Yes,web ,0
CUS-100922,923,Merve Çelik,38,Belirtmek istemiyor,Ankara,lisans ,Part-time,33349,693,22,1454,0,Taahhütsüz,kredi karti,2024-08-26,3,Evet,iOS,0
CUS-101185,1186,Can Koç,29,,İzmir,Lisans,,,,,1954,1,,kredi karti,2022-01-01,7,Evet,Tablet,0
CUS-102117,2118,Merve Öz,53,Female,Bursa,lisans ,Öğrenci,79355,650,34,1047,5,aylik,otomatik odeme,2019-09-14,5,0,Tablet,1
CUS-101964,1965,Derya Koç,46,Erkek,BURSA,Yüksek Lisans,Self-employed,15782,654,6,1835,0,Taahhütsüz,Nakit,2022-10-17,2,Hayır,web ,0
CUS-101250,1251,Burak Şahin,45,Male,Izmir,Ön Lisans,Öğrenci,54096,632,18,479,0,Aylık,EFT,,5,1,Android,0
CUS-100288,289,Burak Aydın,52,erkek,ankara ,lise,Yarı Zamanlı,38741,554,83,2611,2,Taahhütsüz,Nakit,2025-02-05,5,EVET,Web,0
CUS-101687,1688,Zeynep Şahin,33,Kadın,Antalya,Doktora,İşsiz,48267,586,120,1187,3,2 Yıllık,Otomatik Ödeme,2023-02-16,6,Yes,iOS,0
CUS-100295,296,Merve Kurt,40,erkek,Ankara,Ön Lisans,,74869,630,60,3152,1,Taahhütsüz,Otomatik Ödeme,2021-01-21,2,hayir,web ,0
CUS-100675,676,Emre Öz,32,Kadın,antalya,Ön Lisans,Tam Zamanlı,28071,691,109,1555,0,24 AY,otomatik odeme,2023-07-23,22,1,IOS,0
CUS-100634,635,Emre Çelik,67,KADIN,istanbul,Lisans,Tam Zamanlı,103710,872,70,,5,aylik,Banka Havalesi,2020-09-02,1,No,iOS,1
CUS-100059,60,Elif Öz,55,erkek,ISTANBUL,Ön Lisans,Emekli,33010,613,6,50,5,24 AY,Nakit,2020-04-13,7,1,Android,0
CUS-100760,761,Elif Aydın,34,KADIN,,Doktora,tam zamanli,60978,794,87,1647,2,2 Yıllık,Otomatik Ödeme,2018-01-01,5,1,android,0
CUS-101548,1549,Emre Öz,56,erkek,Konya,Bilinmiyor,,47202,669,22,2214,1,1 Yıllık,Otomatik Ödeme,2023-04-10,21,Yes,Android,0
CUS-100782,783,Emre Koç,22,Erkek,istanbul,lise,tam zamanli,18687,600,19,816,0,Taahhütsüz,Otomatik Ödeme,2021-05-21,14,EVET,Android,0
CUS-101770,1771,Mehmet Demir,49,Belirtmek istemiyor,İstanbul,Ön Lisans,Tam Zamanlı,28441,684,46,1833,0,12 ay,kredi karti,2020-06-06,15,1,web ,0
CUS-100169,170,Elif Arslan,31,Male,Antalya,lise,Emekli,105977,744,47,,0,Aylık,Kredi Kartı,2020-06-02,,hayir,Tablet,0
CUS-102123,2124,Derya Koç,8,Male,istanbul,Lisans,Part-time,16367,670,70,383,2,12 ay,PayPal,2017-07-26,7,Yes,web ,0
CUS-101585,1586,Mehmet Arslan,16,kadın,ISTANBUL,Lise,,30768,690,8,82,0,12 ay,otomatik odeme,2018-09-14,2,EVET,android,0
CUS-100276,277,Merve Koç,27,kadın,Ankara,Ön Lisans,Tam Zamanlı,,559,96,1287,0,Taahhütsüz,Otomatik Ödeme,2020-09-08,5,No,web ,0
CUS-101141,1142,Emre Şahin,20,kadın,antalya,Ön Lisans,Yarı Zamanlı,18430,9999,83,1081,3,2 Yıllık,Nakit,2018-04-02,,0,Unknown,0
CUS-101533,1534,Derya Kaya,,Kadın,Adana,lise,tam zamanli,67698,569,1,3752,2,24 AY,kredi karti,2023-03-23,3,No,iOS,0
CUS-100497,498,Elif Koç,27,Diğer,,lise,Emekli,10697,565,118,729,2,Taahhütsüz,Otomatik Ödeme,,,hayir,web ,0
CUS-101180,1181,Ali Aydın,43,erkek,Gaziantep,Lise,Tam Zamanlı,26225,512,115,970,3,Taahhütsüz,Kredi Kartı,2023-06-15,,1,iOS,0
CUS-102066,2067,Elif Aydın,28,kadın,BURSA,Lisans,Yarı Zamanlı,21710,480,47,2219,0,2 Yıllık,Nakit,2022-01-21,14,EVET,Unknown,0
CUS-101784,1785,Ali Şahin,45,Erkek,Konya,,İşsiz,17777,506,100,864,1,12 ay,EFT,2020-11-26,5,No,web ,0
CUS-102070,2071,Emre Demir,40,,istanbul,lisans ,Self-employed,149860,860,,1798,1,2 Yıllık,kredi karti,2018-08-15,5,Evet,Unknown,0
CUS-101738,1739,Can Öz,14,KADIN,Antalya,Yüksek Lisans,Tam Zamanlı,21644,732,98,1100,1,Aylık,,2025-06-16,7,Evet,iOS,0
CUS-101703,1704,Merve Şahin,58,KADIN,Konya,lise,Serbest,,624,48,1302,2,1 Yıllık,PayPal,not_a_date,4,Yes,Unknown,0
CUS-101164,1165,Burak Aydın,36,KADIN,ankara ,Ön Lisans,,35904,702,35,1837,0,2 Yıllık,,18/01/2025,10,No,web ,0
CUS-100657,658,Can Arslan,64,Belirtmek istemiyor,Gaziantep,Yüksek Lisans,Öğrenci,,712,105,861,0,2 Yıllık,,2017-05-20,5,0,web ,0
CUS-101560,1561,Zeynep Kaya,47,erkek,Antalya,Y. Lisans,tam zamanli,29359,539,8,1247,0,Taahhütsüz,PayPal,2020-06-19,,0,Android,0
CUS-101310,1311,Emre Kaya,50,Erkek,Antalya,Yüksek Lisans,Öğrenci,15602,686,119,2386,3,Aylık,Kredi Kartı,not_a_date,4,Yes,Android,0
CUS-101046,1047,Merve Çelik,33,KADIN,İzmir,Y. Lisans,Yarı Zamanlı,31529,606,61,3031,1,aylik,kredi karti,2023-12-18,,Evet,android,0
CUS-102028,2029,Ali Çelik,22,Diğer,Antalya,Bilinmiyor,İşsiz,43549,715,76,320,1,aylik,otomatik odeme,2019-08-17,12,Hayır,Web,0
CUS-101474,1475,Derya Aydın,43,Male,Adana,Lisans,Part-time,47352,698,56,,3,2 Yıllık,kredi karti,2024-12-19,7,Evet,Unknown,0
CUS-101138,1139,Burak Öz,46,Diğer,Unknown,lisans ,Emekli,30497,529,27,1749,0,24 AY,,2019-07-18,3,Evet,Tablet,0
CUS-102101,2102,Emre Çelik,,KADIN,Gaziantep,lise,Tam Zamanlı,63460,596,23,2115,0,Taahhütsüz,kredi karti,2020-01-18,2,EVET,web ,0
CUS-100005,6,Elif Demir,68,KADIN,Bursa,Y. Lisans,Tam Zamanlı,31816,482,17,1273,3,12 ay,Kredi Kartı,2022-02-19,5,No,android,1
CUS-100957,958,Burak Şahin,37,erkek,İzmir,lisans ,tam zamanli,30171,627,10,2067,0,1 Yıllık,Banka Havalesi,2023-02-03,3,Hayır,Web,1
CUS-101354,1355,Elif Arslan,14,Belirtmek istemiyor,ankara ,lisans ,tam zamanli,44150,668,16,762,0,1 Yıllık,Nakit,2024-10-21,,Evet,Android,0
CUS-101934,1935,Mehmet Yılmaz,57,kadın,Konya,lisans ,Öğrenci,24024,,22,1996,1,24 AY,otomatik odeme,2024-12-06,7,0,android,0
CUS-100128,129,Derya Koç,37,,Bursa,Yüksek Lisans,Tam Zamanlı,30658,626,56,1045,0,1 Yıllık,kredi karti,2017-02-06,3,1,android,0
CUS-100344,345,Ali Kurt,30,KADIN,Konya,lisans ,Part-time,27056,639,89,50,0,aylik,Kredi Kartı,2025-04-23,12,Evet,,0
CUS-101066,1067,Zeynep Çelik,33,Male,Unknown,Y. Lisans,,32031,732,41,853,0,24 AY,PayPal,2018-09-09,11,Yes,Unknown,0
CUS-101293,1294,Zeynep Kaya,48,kadın,,,Tam Zamanlı,25794,734,14,1493,1,,EFT,2020-10-15,2,hayir,iOS,0
CUS-100023,24,Elif Kurt,39,Diğer,İzmir,Ön Lisans,tam zamanli,24790,711,28,1290,4,aylik,Otomatik Ödeme,2018-06-07,32,No,Web,1
CUS-100612,613,Emre Aydın,46,Diğer,Konya,Yüksek Lisans,Öğrenci,26231,722,116,525,1,Aylık,kredi karti,2021-01-28,3,0,iOS,0
CUS-101006,1007,Emre Koç,43,Kadın,Adana,,Emekli,72741,702,46,2218,1,aylik,Banka Havalesi,2021-09-20,1,1,iOS,0
CUS-101468,1469,Mehmet Kaya,42,kadın,Unknown,lisans ,Serbest,17662,711,,2023,1,Aylık,Banka Havalesi,2018-12-23,12,No,web ,0
CUS-100906,907,Mehmet Kaya,29,Diğer,Antalya,Lise,Part-time,49233,597,92,1000,0,1 Yıllık,Nakit,2024-11-03,3,0,,0
CUS-100447,448,Burak Aydın,46,Diğer,istanbul,Y. Lisans,Part-time,53713,617,18,2250,7,12 ay,Banka Havalesi,2022-09-03,11,Evet,Unknown,0
CUS-100877,878,Elif Yılmaz,44,Diğer,Unknown,lisans ,Öğrenci,59003,,22,1401,2,Taahhütsüz,Banka Havalesi,2017-08-15,3,Yes,Android,0
CUS-101745,1746,Emre Koç,47,Male,Adana,Lise,İşsiz,27172,742,,,0,Taahhütsüz,Kredi Kartı,2021-01-08,7,No,iOS,0
CUS-100559,560,Derya Koç,23,kadın,,Lisans,Öğrenci,28512,517,102,50,2,Aylık,,2023-11-03,4,Evet,Tablet,1
CUS-101398,1399,Emre Yılmaz,44,Male,Unknown,Lise,,37521,474,67,1803,1,Taahhütsüz,Otomatik Ödeme,2022-07-10,5,hayir,Web,0
CUS-101713,1714,Zeynep Aydın,10,kadın,BURSA,lisans ,tam zamanli,18703,610,30,2267,2,,Otomatik Ödeme,2022-01-26,7,hayir,Android,1
CUS-101190,1191,Ali Kaya,48,Kadın,ISTANBUL,Bilinmiyor,Emekli,46151,638,61,1302,2,aylik,otomatik odeme,2021-01-02,3,No,Web,1
CUS-101838,1839,Ali Arslan,37,Diğer,İstanbul,Lise,Self-employed,29743,696,86,,4,aylik,Otomatik Ödeme,2019-03-22,18,hayir,android,0
CUS-100255,256,Merve Öz,28,Female,Gaziantep,Yüksek Lisans,tam zamanli,44856,770,33,1455,1,2 Yıllık,kredi karti,2021-04-25,9,Hayır,Tablet,0
CUS-102053,2054,Mehmet Demir,47,Belirtmek istemiyor,İstanbul,lise,Serbest,22531,,75,1503,1,Taahhütsüz,Banka Havalesi,2022-02-13,14,hayir,Tablet,0
CUS-101957,1958,Elif Öz,50,erkek,Adana,lise,Öğrenci,28010,738,86,1595,0,aylik,Nakit,2021-10-21,,Hayır,web ,0
CUS-101065,1066,Elif Şahin,39,Diğer,İstanbul,Y. Lisans,Emekli,23165,671,67,437,3,Taahhütsüz,Nakit,2022-05-25,2,1,android,0
CUS-100986,987,Elif Kurt,41,KADIN,Izmir,Lise,Emekli,62854,,113,738,,Taahhütsüz,Banka Havalesi,2017-10-08,11,hayir,web ,0
CUS-100610,611,Elif Aydın,14,Belirtmek istemiyor,İzmir,lise,Tam Zamanlı,106366,,75,2411,3,Aylık,Kredi Kartı,2019-04-13,6,Yes,Web,0
CUS-101625,1626,Zeynep Aydın,47,Diğer,antalya,lise,Serbest,57517,577,121,1597,1,Aylık,PayPal,2020-12-07,6,Yes,IOS,0
CUS-100224,225,Burak Şahin,47,erkek,BURSA,Ön Lisans,tam zamanli,37040,769,94,1246,1,1 Yıllık,EFT,2020-02-22,,EVET,Unknown,0
CUS-100806,807,Can Şahin,19,,istanbul,Doktora,Tam Zamanlı,26294,647,3,1356,3,aylik,,2018-08-11,3,Yes,Tablet,1
CUS-101411,1412,Elif Çelik,33,Female,Adana,Yüksek Lisans,Serbest,18055,,,1098,0,2 Yıllık,,2019-07-07,16,1,IOS,0
CUS-100076,77,Merve Aydın,52,Erkek,Adana,lisans ,Öğrenci,,679,76,857,5,24 AY,kredi karti,2018-07-16,10,No,Web,0
CUS-100534,535,Elif Demir,63,erkek,İzmir,Bilinmiyor,Öğrenci,55693,770,117,1797,0,24 AY,PayPal,2021-12-02,12,hayir,web ,0
CUS-101788,1789,Ali Yılmaz,26,Female,Izmir,Bilinmiyor,tam zamanli,39055,724,66,92880,2,Taahhütsüz,Otomatik Ödeme,2019-04-20,11,Evet,Tablet,0
CUS-102000,2001,Merve Demir,46,Kadın,ankara ,Bilinmiyor,Self-employed,13156,528,103,2103,2,,otomatik odeme,2018-02-04,10,Hayır,android,0
CUS-100759,760,Emre Öz,32,Erkek,ISTANBUL,Ön Lisans,Tam Zamanlı,29156,533,36,1366,1,24 AY,EFT,2022-11-14,12,Evet,Unknown,0
CUS-101535,1536,Derya Arslan,27,erkek,istanbul,Doktora,Öğrenci,46857,805,8,2708,0,aylik,,2025-12-27,4,Evet,iOS,0
CUS-101171,1172,Elif Şahin,31,Kadın,,Yüksek Lisans,Öğrenci,45478,642,92,3101,2,2 Yıllık,Otomatik Ödeme,2017-10-25,3,Yes,web ,1
CUS-100564,565,Merve Şahin,37,Belirtmek istemiyor,Adana,Y. Lisans,,44828,636,48,2122,1,24 AY,Nakit,2020-08-13,6,Evet,IOS,0
CUS-100157,158,Zeynep Şahin,43,Diğer,ankara ,Y. Lisans,tam zamanli,27864,538,54,1477,0,2 Yıllık,,2022-09-25,4,0,Web,0
CUS-100401,402,Emre Kaya,48,Belirtmek istemiyor,İstanbul,lise,Self-employed,33095,683,,2184,,12 ay,Otomatik Ödeme,2017-01-04,10,Hayır,Web,0
CUS-101857,1858,Burak Çelik,46,Belirtmek istemiyor,Gaziantep,lisans ,,22408,621,111,389,1,1 Yıllık,otomatik odeme,2024-10-27,2,1,web ,0
CUS-100206,207,Burak Çelik,42,Kadın,,Lise,Self-employed,23224,665,22,1624,0,Taahhütsüz,otomatik odeme,2025-06-05,7,Yes,iOS,0
CUS-100301,302,Zeynep Demir,43,Diğer,ankara ,Doktora,Yarı Zamanlı,24350,555,75,2736,0,Taahhütsüz,EFT,2018-03-16,4,Yes,Tablet,0
CUS-101569,1570,Mehmet Yılmaz,54,KADIN,ISTANBUL,Doktora,tam zamanli,46919,422,4,608,1,Aylık,EFT,2023-12-19,6,EVET,iOS,0
CUS-100824,825,Zeynep Aydın,22,Erkek,Gaziantep,lisans ,Part-time,10637,677,39,898,0,Taahhütsüz,Banka Havalesi,2021-10-28,15,0,iOS,1
CUS-101402,1403,Mehmet Arslan,32,Kadın,Adana,Doktora,Tam Zamanlı,26183,549,63,1148,2,12 ay,EFT,2017-09-28,15,1,Tablet,0
CUS-101577,1578,Merve Arslan,38,Male,İstanbul,lisans ,Tam Zamanlı,21647,632,62,179,2,Aylık,otomatik odeme,2022-01-03,2,0,,0
CUS-100376,377,Derya Yılmaz,45,kadın,antalya,Y. Lisans,Emekli,92504,621,88,1347,1,24 AY,Banka Havalesi,2022-11-16,13,No,IOS,0
CUS-102110,2111,Ayşe Yılmaz,37,kadın,Adana,Ön Lisans,Tam Zamanlı,19885,403,56,2531,2,1 Yıllık,otomatik odeme,2019-08-26,2500,hayir,web ,1
CUS-100589,590,Mehmet Aydın,59,kadın,Ankara,Lisans,Self-employed,66379,534,82,1210,3,aylik,otomatik odeme,2019-07-19,1,1,Android,1
CUS-101864,1865,Ali Demir,41,KADIN,İstanbul,lise,İşsiz,32894,,23,663,0,24 AY,PayPal,2025-07-18,11,0,Android,0
CUS-101153,1154,Ali Demir,44,kadın,Bursa,lise,Serbest,38049,791,24,2415,1,Aylık,PayPal,2018-03-18,27,No,Tablet,0
CUS-100517,518,Emre Çelik,24,erkek,Antalya,,Self-employed,32439,614,61,1735,1,,Otomatik Ödeme,2023-11-24,15,EVET,android,0
CUS-100232,233,Emre Arslan,62,Kadın,Konya,Yüksek Lisans,Self-employed,36134,629,106,1068,,,Kredi Kartı,2023-03-07,8,No,Tablet,0
CUS-101237,1238,Derya Çelik,6,kadın,antalya,Bilinmiyor,Emekli,42587,668,49,866,0,,,2025-07-22,,EVET,web ,0
CUS-101735,1736,Ali Çelik,39,Belirtmek istemiyor,Konya,lise,,30350,460,67,808,0,12 ay,EFT,2020-07-07,13,No,android,0
CUS-101315,1316,Elif Demir,29,Erkek,Bursa,Y. Lisans,Tam Zamanlı,18773,651,98,2833,2,24 AY,Kredi Kartı,2019-05-05,,Hayır,Unknown,0
CUS-100618,619,Ali Aydın,25,Erkek,Bursa,Lisans,Serbest,41161,737,109,1886,0,aylik,Kredi Kartı,2024-07-22,3,hayir,Web,0
CUS-101977,1978,Emre Şahin,60,erkek,Unknown,Lisans,Tam Zamanlı,59667,544,82,1531,1,1 Yıllık,,2018-05-23,1,1,Tablet,0
CUS-101580,1581,Elif Yılmaz,51,Erkek,Antalya,Doktora,tam zamanli,73539,725,61,2267,1,Taahhütsüz,PayPal,2017-05-17,2,hayir,Android,0
CUS-101221,1222,Elif Yılmaz,51,Diğer,Unknown,Yüksek Lisans,Tam Zamanlı,37950,528,106,2091,1,12 ay,Banka Havalesi,2022-09-06,11,1,Web,0
CUS-100533,534,Emre Kaya,47,Diğer,Unknown,Lise,Self-employed,86943,663,76,1773,0,Aylık,EFT,2018-10-24,3,Hayır,IOS,0
CUS-100070,71,Ali Öz,37,Male,Unknown,Y. Lisans,Serbest,21738,627,54,1229,0,Aylık,PayPal,2024-09-19,1,No,Android,0
CUS-101557,1558,Merve Aydın,44,Diğer,istanbul,Y. Lisans,Emekli,31930,342,21,1553,1,1 Yıllık,Kredi Kartı,2025-03-09,7,EVET,Tablet,0
CUS-101594,1595,Can Çelik,22,Belirtmek istemiyor,Ankara,Lisans,Serbest,50448,,61,1284,1,Aylık,kredi karti,2025-05-25,4,EVET,Web,0
CUS-101925,1926,Burak Yılmaz,53,kadın,istanbul,Ön Lisans,İşsiz,77438,748,18,310,1,2 Yıllık,EFT,2020-05-10,12,Evet,web ,0
CUS-100909,910,Can Şahin,,Erkek,Gaziantep,,Part-time,95870,723,85,672,5,Aylık,PayPal,2020-02-17,,hayir,web ,1
CUS-101948,1949,Burak Arslan,23,kadın,Izmir,Lise,Emekli,46204,736,56,1785,2,Aylık,Banka Havalesi,2024-10-23,6,0,web ,0
CUS-100809,810,Zeynep Arslan,24,erkek,BURSA,,Part-time,47708,620,11,59,1,,PayPal,2024-03-24,12,No,android,0
CUS-100266,267,Can Aydın,52,erkek,ISTANBUL,Y. Lisans,Tam Zamanlı,47155,634,67,1509,1,Taahhütsüz,PayPal,2022-07-03,5,Yes,Web,0
CUS-101215,1216,Emre Kaya,51,Erkek,ISTANBUL,lisans ,Emekli,57084,662,13,1428,2,Taahhütsüz,Banka Havalesi,2023-03-04,12,,IOS,0
CUS-101447,1448,Ali Kurt,28,Belirtmek istemiyor,Adana,Doktora,Yarı Zamanlı,30020,803,22,219,1,Taahhütsüz,Kredi Kartı,2020-01-19,9,hayir,Tablet,0
CUS-100027,28,Merve Öz,38,Diğer,Gaziantep,Lisans,tam zamanli,107622,719,69,1665,3,2 Yıllık,PayPal,2018-12-05,16,No,Android,1
CUS-101163,1164,Zeynep Aydın,64,erkek,BURSA,Lisans,Self-employed,31896,831,28,1566,2,1 Yıllık,otomatik odeme,2017-03-24,12,Yes,iOS,0
CUS-100425,426,Can Arslan,44,Erkek,Ankara,Lisans,tam zamanli,10816,413,35,2937,3,Taahhütsüz,kredi karti,2018-01-19,8,EVET,IOS,0
CUS-100048,49,Mehmet Arslan,31,Belirtmek istemiyor,Ankara,lisans ,İşsiz,54495,657,72,1985,4,12 ay,PayPal,2020-03-09,,No,IOS,0
CUS-102137,2138,Emre Şahin,37,Male,istanbul,lisans ,Part-time,21600,,60,2330,1,24 AY,PayPal,2021-07-08,11,Yes,android,0
CUS-102035,2036,Merve Şahin,49,Female,İstanbul,,Part-time,9128,722,88,2745,2,24 AY,Banka Havalesi,2017-07-06,,Yes,,0
CUS-101126,1127,Derya Demir,21,Diğer,Izmir,Bilinmiyor,Emekli,12836,651,98,1216,3,12 ay,,2020-09-21,20,EVET,web ,0
CUS-100799,800,Emre Arslan,22,Belirtmek istemiyor,ISTANBUL,Y. Lisans,Yarı Zamanlı,53800,609,30,2815,1,2 Yıllık,Kredi Kartı,2024-11-10,2,1,IOS,0
CUS-100674,675,Ayşe Kaya,39,Belirtmek istemiyor,BURSA,Doktora,Tam Zamanlı,46300,522,100,1481,3,1 Yıllık,Banka Havalesi,2023-01-13,9,No,web ,0
CUS-101220,1221,Derya Koç,31,KADIN,ankara ,Y. Lisans,Yarı Zamanlı,35442,625,103,1049,2,Taahhütsüz,Otomatik Ödeme,2017-12-06,7,0,Tablet,0
CUS-101030,1031,Merve Aydın,42,Kadın,ankara ,Ön Lisans,Self-employed,85532,699,51,1662,1,Taahhütsüz,,2021-05-19,13,,Web,0
CUS-102130,2131,Can Arslan,44,Male,Gaziantep,lise,tam zamanli,39267,508,118,1369,1,1 Yıllık,EFT,2022-07-26,2,Yes,web ,0
CUS-101610,1611,Ayşe Arslan,32,Male,ankara ,Lise,Öğrenci,25512,767,13,1960,1,Taahhütsüz,otomatik odeme,2018-01-28,2,Evet,Tablet,0
CUS-100093,94,Zeynep Öz,47,KADIN,Izmir,lisans ,Tam Zamanlı,,695,12,940,3,2 Yıllık,EFT,2023-02-12,4,1,android,0
CUS-100285,286,Emre Kurt,39,Belirtmek istemiyor,ISTANBUL,Doktora,Part-time,28963,716,35,1922,1,,,2023-07-18,29,hayir,Android,0
CUS-101709,1710,Merve Öz,48,KADIN,İstanbul,Y. Lisans,Yarı Zamanlı,11795,452,26,766,3,Taahhütsüz,PayPal,2023-02-13,2,1,Android,0
CUS-100889,890,Mehmet Aydın,27,Belirtmek istemiyor,Ankara,Y. Lisans,Yarı Zamanlı,21898,666,112,2344,2,12 ay,Nakit,2024-06-25,3,No,iOS,0
CUS-101617,1618,Ali Demir,46,kadın,BURSA,Ön Lisans,İşsiz,7564,625,115,1037,2,1 Yıllık,,2018-06-01,,EVET,web ,0
CUS-100186,187,Merve Çelik,41,Female,Unknown,,Part-time,35435,661,97,2399,2,Aylık,Nakit,2020-09-08,10,No,android,0
CUS-100056,57,Elif Demir,30,Erkek,Adana,,tam zamanli,24083,814,27,,1,aylik,Banka Havalesi,2019-06-07,3,Hayır,Web,0
CUS-101621,1622,Can Şahin,41,kadın,Unknown,lise,tam zamanli,50505,667,88,776,1,12 ay,Kredi Kartı,2022-10-10,3,hayir,android,0
CUS-101545,1546,Emre Kaya,32,Kadın,ankara ,Lise,,89062,654,75,2668,1,24 AY,EFT,2018-06-28,5,EVET,iOS,0
CUS-100437,438,Emre Çelik,43,Erkek,İstanbul,lisans ,Emekli,48457,572,80,2120,3,2 Yıllık,otomatik odeme,2020-06-25,4,Evet,Web,0
CUS-100899,900,Can Arslan,51,Female,Adana,lisans ,Emekli,52674,570,68,1619,0,aylik,PayPal,,22,Hayır,web ,0
CUS-101598,1599,Derya Yılmaz,32,Diğer,İstanbul,Bilinmiyor,Part-time,,,44,1400,0,12 ay,kredi karti,2025-01-14,7,,Tablet,0
CUS-100828,829,Zeynep Öz,12,Kadın,Gaziantep,lisans ,Yarı Zamanlı,59627,582,27,1061,2,24 AY,kredi karti,2019-01-26,9,EVET,web ,0
CUS-101832,1833,Ali Çelik,20,Male,Antalya,Bilinmiyor,Serbest,70507,563,45,2083,0,Taahhütsüz,EFT,2023-12-26,12,,iOS,0
CUS-100305,306,Burak Demir,62,Belirtmek istemiyor,antalya,lise,Self-employed,28934,549,22,2485,2,Taahhütsüz,Nakit,2020-02-10,4,No,Android,1
CUS-100484,485,Elif Aydın,49,kadın,İzmir,Ön Lisans,Tam Zamanlı,,688,102,2722,1,24 AY,Banka Havalesi,2019-06-07,1,Yes,android,0
CUS-100367,368,Emre Arslan,35,Kadın,ankara ,Yüksek Lisans,Self-employed,36092,730,87,1540,1,24 AY,EFT,2023-01-16,14,Hayır,Unknown,0
CUS-101455,1456,Can Aydın,55,KADIN,ISTANBUL,Yüksek Lisans,tam zamanli,16957,582,48,2482,0,24 AY,kredi karti,23/08/2018,8,hayir,web ,0
CUS-100792,793,Derya Aydın,10,Female,Izmir,Lise,Yarı Zamanlı,76576,662,107,970,2,24 AY,Kredi Kartı,2024-03-27,8,Yes,Unknown,0
CUS-102135,2136,Derya Öz,29,KADIN,İstanbul,Yüksek Lisans,Öğrenci,36909,710,28,474,3,12 ay,EFT,2019-07-27,4,,iOS,0
CUS-100286,287,Elif Yılmaz,70,kadın,Konya,lise,Self-employed,17443,688,73,1372,2,1 Yıllık,otomatik odeme,2024-12-26,8,,web ,0
CUS-101270,1271,Burak Kurt,3,Diğer,antalya,,Part-time,33760,696,14,1393,1,Taahhütsüz,kredi karti,2017-12-04,20,hayir,android,1
CUS-102039,2040,Burak Aydın,41,Kadın,Adana,Bilinmiyor,Tam Zamanlı,38940,700,37,525,3,Aylık,Banka Havalesi,2023-12-23,1,Evet,Android,0
CUS-100120,121,Zeynep Aydın,41,erkek,Konya,Bilinmiyor,Tam Zamanlı,62489,699,,2124,1,Aylık,EFT,2023-04-28,6,,Tablet,0
CUS-101721,1722,Burak Koç,25,Kadın,Ankara,Bilinmiyor,Serbest,29333,777,68,1960,4,2 Yıllık,Otomatik Ödeme,2019-11-15,4,No,Web,0
CUS-100821,822,Can Öz,52,Male,Unknown,Doktora,Self-employed,78732,510,95,1636,2,24 AY,EFT,2023-07-28,2,EVET,IOS,0
CUS-101392,1393,Derya Aydın,20,KADIN,İzmir,Bilinmiyor,Öğrenci,22637,627,28,214,0,2 Yıllık,Otomatik Ödeme,2024-10-16,,1,web ,0
CUS-100161,162,Elif Kaya,46,erkek,ISTANBUL,Ön Lisans,İşsiz,13195,639,35,1707,,Taahhütsüz,otomatik odeme,2024-12-06,5,Evet,Unknown,0
CUS-100767,768,Emre Arslan,36,Female,Adana,,İşsiz,81105,551,53,870,0,1 Yıllık,,2020-12-21,6,Yes,Tablet,0
CUS-102096,2097,Merve Koç,48,Belirtmek istemiyor,antalya,Y. Lisans,Öğrenci,26437,646,120,2079,2,aylik,otomatik odeme,not_a_date,,,iOS,0
CUS-100697,698,Can Aydın,31,Kadın,Unknown,Lise,Self-employed,28367,,61,897,4,2 Yıllık,Kredi Kartı,2020-02-26,5,Yes,Web,0
CUS-101845,1846,Zeynep Yılmaz,39,erkek,Antalya,Y. Lisans,İşsiz,38577,783,58,1723,0,1 Yıllık,Banka Havalesi,2025-12-17,7,Hayır,Web,0
CUS-100676,677,Zeynep Kaya,26,Belirtmek istemiyor,İstanbul,Y. Lisans,İşsiz,19235,519,16,50,0,24 AY,Otomatik Ödeme,2018-05-27,2,No,Web,0
CUS-100386,387,Ali Kurt,44,Female,Bursa,Yüksek Lisans,Emekli,35442,692,25,1209,1,1 Yıllık,Kredi Kartı,2020-03-27,4,hayir,Android,0
CUS-100518,519,Merve Öz,,KADIN,Izmir,Y. Lisans,Emekli,21448,698,,430,3,aylik,Nakit,2021-10-28,5,EVET,iOS,1
CUS-100937,938,Derya Arslan,47,Male,Konya,lise,Serbest,96623,721,41,2403,0,12 ay,PayPal,2017-07-22,12,EVET,Unknown,0
CUS-101995,1996,Merve Arslan,29,KADIN,Konya,Bilinmiyor,,88943,661,49,1686,2,12 ay,Otomatik Ödeme,2021-01-28,6,EVET,Android,0
CUS-100980,981,Derya Kaya,45,KADIN,BURSA,,Yarı Zamanlı,,625,109,1357,1,1 Yıllık,PayPal,2025-02-20,5,Hayır,Unknown,0
CUS-101317,1318,Derya Şahin,28,Erkek,İstanbul,Yüksek Lisans,İşsiz,44282,773,58,560,0,aylik,PayPal,2021-01-26,7,Yes,Android,0
CUS-101061,1062,Mehmet Kurt,25,erkek,antalya,Lisans,Tam Zamanlı,25907,770,76,1675,1,1 Yıllık,Nakit,2021-11-12,14,Yes,Tablet,0
CUS-100690,691,Ali Şahin,64,Diğer,İstanbul,Y. Lisans,,19363,717,55,2088,0,2 Yıllık,Nakit,2018-10-19,13,hayir,IOS,0
CUS-100886,887,Merve Demir,45,Diğer,Unknown,Doktora,Yarı Zamanlı,23554,453,40,2033,1,1 Yıllık,Nakit,2023-11-28,5,Hayır,web ,0
CUS-100761,762,Burak Aydın,31,Male,Izmir,Yüksek Lisans,Yarı Zamanlı,46049,632,49,1695,1,24 AY,EFT,2021-06-01,4,Yes,IOS,0
CUS-101443,1444,Merve Kaya,46,KADIN,ISTANBUL,Doktora,Serbest,38539,586,31,1303,1,1 Yıllık,kredi karti,2024-12-24,11,Evet,Tablet,0
CUS-101463,1464,Burak Kurt,54,kadın,Adana,Yüksek Lisans,İşsiz,,640,112,,0,1 Yıllık,Nakit,2021-10-14,2,,IOS,0
CUS-100432,433,Mehmet Çelik,,Female,Antalya,Y. Lisans,İşsiz,,599,32,1259,1,Aylık,Kredi Kartı,2017-10-15,11,0,iOS,0
CUS-100507,508,Ali Öz,,Belirtmek istemiyor,Unknown,Bilinmiyor,Emekli,25091,481,109,824,1,aylik,Otomatik Ödeme,2025-12-13,3,1,IOS,0
CUS-100123,124,Zeynep Öz,35,Female,İstanbul,Yüksek Lisans,İşsiz,57478,766,93,1083,2,24 AY,kredi karti,2018-12-19,3,hayir,Tablet,0
CUS-100147,148,Burak Kaya,32,Male,Ankara,Y. Lisans,Yarı Zamanlı,13205,659,83,,2,aylik,EFT,2018-03-03,4,hayir,Android,0
CUS-100579,580,Ali Kaya,33,Diğer,Bursa,lise,Serbest,28565,587,63,1517,4,12 ay,kredi karti,2020-03-21,6,EVET,android,0
CUS-100092,93,Can Demir,51,Erkek,BURSA,Lisans,Tam Zamanlı,36044,564,47,2241,3,1 Yıllık,Banka Havalesi,2020-06-14,2,0,Web,1
CUS-101609,1610,Derya Çelik,43,Belirtmek istemiyor,Adana,Lisans,Emekli,38634,673,93,1053,2,aylik,Nakit,2020-12-13,8,EVET,web ,0
CUS-101791,1792,Can Kaya,26,Belirtmek istemiyor,İzmir,Y. Lisans,Self-employed,48720,720,100,1136,2,Taahhütsüz,Otomatik Ödeme,2019-01-06,20,No,Web,0
CUS-101363,1364,Merve Çelik,33,Male,Antalya,Lisans,Self-employed,84016,765,44,3316,0,12 ay,otomatik odeme,2021-06-24,3,Yes,Tablet,0
CUS-101952,1953,Merve Şahin,33,kadın,İstanbul,Yüksek Lisans,,45910,747,97,1740,2,2 Yıllık,,2018-10-01,6,Hayır,Tablet,0
CUS-100875,876,Burak Çelik,43,KADIN,Antalya,,Emekli,17648,696,3,1391,3,,PayPal,2018-04-01,4,Hayır,,0
CUS-101583,1584,Zeynep Kaya,32,kadın,Adana,Lisans,Part-time,82511,509,93,871,0,1 Yıllık,Otomatik Ödeme,2024-02-04,7,0,IOS,0
CUS-101244,1245,Mehmet Şahin,45,Kadın,ankara ,Yüksek Lisans,Serbest,48660,498,23,1245,3,Aylık,Kredi Kartı,2021-07-18,1,1,iOS,0
CUS-100724,725,Ayşe Kurt,-7,Belirtmek istemiyor,Ankara,Bilinmiyor,Part-time,34523,694,4,2680,3,1 Yıllık,EFT,2019-07-16,2,Yes,android,0
CUS-101732,1733,Elif Yılmaz,40,erkek,Izmir,Lise,Öğrenci,26364,540,58,2140,0,12 ay,Banka Havalesi,2017-01-18,31,No,Unknown,0
CUS-100917,918,Ali Kaya,48,KADIN,Gaziantep,Bilinmiyor,Emekli,33752,688,101,50,2,12 ay,Kredi Kartı,not_a_date,,0,Unknown,0
CUS-100728,729,Ayşe Çelik,59,Belirtmek istemiyor,Konya,lise,,142166,543,18,1337,2,1 Yıllık,Nakit,2017-02-08,2,Evet,iOS,0
CUS-100404,405,Merve Demir,37,Diğer,Antalya,,İşsiz,33373,609,84,,0,2 Yıllık,Nakit,2025-11-04,2,hayir,web ,0
CUS-100696,697,Emre Öz,59,,İzmir,Ön Lisans,Yarı Zamanlı,51790,760,51,1811,2,2 Yıllık,PayPal,2020-07-16,2,Yes,android,0
CUS-101189,1190,Ali Çelik,21,kadın,Konya,Yüksek Lisans,Self-employed,69318,699,49,1495,0,24 AY,kredi karti,2023-08-15,8,EVET,,0
CUS-100172,173,Merve Yılmaz,34,kadın,İstanbul,lise,Emekli,40627,619,14,1416,0,1 Yıllık,Banka Havalesi,2025-02-26,3,,Tablet,0
CUS-101649,1650,Ali Şahin,27,Kadın,Ankara,Bilinmiyor,İşsiz,72479,613,38,2634,1,24 AY,,10/02/2018,3,Evet,iOS,0
CUS-100981,982,Mehmet Arslan,54,Belirtmek istemiyor,ankara ,lisans ,Self-employed,33157,576,96,499,0,2 Yıllık,Otomatik Ödeme,2022-06-26,5,Hayır,IOS,0
CUS-100400,401,Merve Koç,,Kadın,İstanbul,,Öğrenci,32793,480,77,2034,4,1 Yıllık,Kredi Kartı,2018-02-22,4,No,Tablet,0
CUS-100457,458,Elif Aydın,39,Male,istanbul,Doktora,Yarı Zamanlı,77506,666,15,1514,0,aylik,Nakit,2021-02-07,2,hayir,android,0
CUS-100430,431,Zeynep Koç,29,Male,İstanbul,Bilinmiyor,Öğrenci,46165,773,121,863,2,12 ay,Banka Havalesi,2021-05-19,1,EVET,Unknown,0
CUS-101752,1753,Merve Aydın,50,Female,ISTANBUL,Y. Lisans,Part-time,51544,526,83,1705,2,Aylık,,2017-12-27,3,Hayır,Tablet,0
CUS-101176,1177,Merve Şahin,34,Female,ankara ,Ön Lisans,Part-time,110087,680,13,646,0,2 Yıllık,kredi karti,2017-03-25,2,0,Android,0
CUS-100246,247,Merve Koç,,KADIN,Izmir,lise,Yarı Zamanlı,22569,624,118,1636,2,1 Yıllık,otomatik odeme,2019-04-13,4,1,iOS,0
CUS-101563,1564,Ayşe Şahin,,erkek,İzmir,Lise,Emekli,31642,470,35,624,2,24 AY,Otomatik Ödeme,2021-04-25,6,Yes,Tablet,0
CUS-100317,318,Derya Aydın,54,KADIN,Antalya,Lisans,Part-time,89128,511,59,,3,aylik,Nakit,2019-07-22,2,No,iOS,0
CUS-101984,1985,Ali Yılmaz,45,Kadın,istanbul,Doktora,Öğrenci,15147,675,100,839,2,1 Yıllık,kredi karti,2017-02-16,11,EVET,web ,0
CUS-100928,929,Mehmet Arslan,69,Kadın,,Bilinmiyor,İşsiz,18110,559,120,1091,2,2 Yıllık,kredi karti,2018-10-15,12,Yes,Web,0
CUS-101379,1380,Emre Öz,17,Erkek,Unknown,Yüksek Lisans,Self-employed,59760,584,46,50,78,Taahhütsüz,otomatik odeme,2022-01-22,8,hayir,Unknown,1
CUS-101327,1328,Burak Kurt,52,,İzmir,lisans ,Serbest,26162,524,105,1656,1,12 ay,kredi karti,2017-04-14,2,hayir,Tablet,0
CUS-100989,990,Burak Kaya,23,Belirtmek istemiyor,istanbul,Bilinmiyor,Part-time,48684,649,27,1212,0,2 Yıllık,Banka Havalesi,2019-11-27,,1,iOS,0
CUS-101319,1320,Ali Şahin,22,KADIN,istanbul,Y. Lisans,Yarı Zamanlı,15220,599,71,710,1,Taahhütsüz,EFT,2024-01-27,14,EVET,Android,0
CUS-100787,788,Zeynep Öz,54,kadın,,lise,İşsiz,62098,741,86,1916,1,12 ay,,2021-08-25,2,Hayır,Unknown,0
CUS-101342,1343,Ali Arslan,,KADIN,BURSA,Lisans,tam zamanli,55948,761,19,2527,5,Taahhütsüz,Nakit,2019-03-25,2,Evet,,0
CUS-100083,84,Ayşe Kurt,57,Female,istanbul,Lise,Öğrenci,36179,752,116,328,2,24 AY,Nakit,2020-01-25,6,Yes,web ,0
CUS-100201,202,Emre Kaya,,Belirtmek istemiyor,Gaziantep,lise,tam zamanli,20214,718,115,757,3,Taahhütsüz,Kredi Kartı,2021-09-13,,No,Unknown,0
CUS-100519,520,Can Demir,30,erkek,BURSA,Y. Lisans,Tam Zamanlı,31145,731,44,1616,0,1 Yıllık,Nakit,2020-10-28,2,EVET,Tablet,0
CUS-101053,1054,Zeynep Koç,30,Male,Izmir,Yüksek Lisans,Emekli,45406,,88,1792,1,12 ay,PayPal,2020-10-01,21,1,Tablet,0
CUS-100924,925,Can Koç,38,KADIN,,Yüksek Lisans,Yarı Zamanlı,170435,757,59,1065,3,12 ay,Banka Havalesi,2017-06-08,7,0,Android,0
CUS-100436,437,Derya Şahin,,kadın,BURSA,lise,İşsiz,,576,111,3040,1,24 AY,EFT,2017-02-08,3,1,android,0
CUS-100757,758,Elif Kaya,19,KADIN,ISTANBUL,Bilinmiyor,tam zamanli,45658,640,17,1772,0,12 ay,Nakit,2021-05-15,4,hayir,web ,0
CUS-100001,2,Emre Koç,27,Erkek,BURSA,lise,Emekli,23860,741,85,2900,2,1 Yıllık,Otomatik Ödeme,2020-09-16,5,0,IOS,0
CUS-101366,1367,Emre Kaya,40,Diğer,Ankara,Y. Lisans,Yarı Zamanlı,49408,745,17,1163,1,2 Yıllık,PayPal,2024-10-11,9,No,Tablet,0
CUS-102133,2134,Emre Kurt,13,Kadın,Izmir,Bilinmiyor,tam zamanli,68634,741,41,1440,1,1 Yıllık,kredi karti,2022-03-25,11,hayir,Android,0
CUS-101513,1514,Elif Kaya,24,kadın,Unknown,lisans ,,55108,642,15,2091,0,24 AY,Kredi Kartı,2023-09-12,3,Yes,IOS,0
CUS-101677,1678,Derya Arslan,32,Diğer,İstanbul,Ön Lisans,tam zamanli,71453,,4,2692,1,,Nakit,2024-05-27,2,1,web ,0
CUS-101382,1383,Derya Çelik,43,KADIN,Konya,Doktora,tam zamanli,49605,751,,2269,,Aylık,Nakit,2022-12-26,4,Yes,web ,0
CUS-101605,1606,Mehmet Arslan,48,Diğer,Gaziantep,,Emekli,24805,815,42,808,0,1 Yıllık,Banka Havalesi,,3,Yes,android,0
CUS-101755,1756,Ayşe Kaya,43,Male,Izmir,lisans ,Öğrenci,23721,709,24,1659,4,Taahhütsüz,EFT,2025-05-10,4,Evet,iOS,0
CUS-100231,232,Zeynep Arslan,51,KADIN,Unknown,Lise,Yarı Zamanlı,,457,32,1608,2,,Otomatik Ödeme,2017-12-09,4,Evet,Unknown,0
CUS-101234,1235,Derya Şahin,34,kadın,Antalya,Bilinmiyor,Part-time,12489,720,38,,0,2 Yıllık,kredi karti,2025-04-22,3,Hayır,Unknown,0
CUS-100609,610,Mehmet Arslan,38,Female,Adana,Bilinmiyor,tam zamanli,49921,538,42,1690,0,12 ay,PayPal,2019-02-25,5,0,Android,0
CUS-101591,1592,Elif Öz,44,KADIN,Bursa,Bilinmiyor,Part-time,46175,572,,444,2,2 Yıllık,Banka Havalesi,2025-05-25,8,0,iOS,0
CUS-100514,515,Mehmet Demir,34,Male,Ankara,Ön Lisans,Öğrenci,12892,810,94,1611,3,2 Yıllık,PayPal,2019-03-03,13,Evet,Tablet,0
CUS-101994,1995,Merve Şahin,28,KADIN,,Bilinmiyor,Tam Zamanlı,,791,49,1445,2,1 Yıllık,Banka Havalesi,2021-10-15,3,EVET,android,0
CUS-101896,1897,Can Demir,53,Male,Konya,Bilinmiyor,Emekli,72210,748,74,934,,12 ay,Banka Havalesi,2021-02-27,13,No,Tablet,0
CUS-101865,1866,Derya Öz,34,Female,Ankara,lise,tam zamanli,28104,729,55,893,4,2 Yıllık,EFT,2021-07-08,13,hayir,Android,0
CUS-101005,1006,Zeynep Aydın,,Erkek,ankara ,,Self-employed,11718,729,23,2815,3,2 Yıllık,Banka Havalesi,2021-07-01,2,hayir,Tablet,0
CUS-101420,1421,Zeynep Koç,38,Belirtmek istemiyor,Adana,Lise,Self-employed,20776,403,117,587,2,Aylık,Nakit,2024-06-03,10,1,android,0
CUS-100632,633,Can Kaya,63,erkek,İzmir,Doktora,Öğrenci,131472,689,,988,1,24 AY,EFT,2021-01-18,1,No,android,0
CUS-100499,500,Emre Öz,30,,ISTANBUL,lise,,29576,578,60,819,0,12 ay,Otomatik Ödeme,2021-06-24,2,Yes,iOS,0
CUS-101184,1185,Burak Aydın,46,Female,ankara ,Lise,Self-employed,159014,501,43,2485,2,12 ay,Banka Havalesi,2020-12-27,7,Hayır,Unknown,1
CUS-100241,242,Elif Şahin,46,Male,Bursa,Lise,Part-time,36292,627,2,50,0,2 Yıllık,otomatik odeme,2022-09-27,3,Evet,Unknown,0
CUS-100191,192,Derya Şahin,40,Kadın,Ankara,Y. Lisans,Emekli,17565,456,113,1168,1,aylik,PayPal,2025-07-08,2,Hayır,Android,0
CUS-100871,872,Derya Arslan,29,Male,BURSA,Bilinmiyor,tam zamanli,44562,587,63,1397,0,aylik,Otomatik Ödeme,2018-11-01,3,EVET,Tablet,0
CUS-101025,1026,Emre Aydın,23,Male,Adana,Bilinmiyor,Öğrenci,16140,762,85,985,0,24 AY,EFT,2024-10-08,2,1,iOS,0
CUS-100441,442,Ayşe Arslan,41,KADIN,Bursa,Bilinmiyor,Self-employed,27762,550,11,871,1,aylik,Nakit,2022-01-04,4,0,IOS,0
CUS-101564,1565,Derya Koç,51,Erkek,ISTANBUL,Lise,Öğrenci,11068,669,86,1703,1,,Banka Havalesi,2024-03-11,7,1,Android,0
CUS-101757,1758,Elif Demir,29,Erkek,antalya,Y. Lisans,Emekli,24057,634,120,1747,0,Aylık,Otomatik Ödeme,2024-07-05,2,EVET,IOS,0
CUS-100719,720,Zeynep Öz,55,erkek,antalya,Bilinmiyor,Serbest,157462,652,58,2783,3,2 Yıllık,Banka Havalesi,2021-04-27,14,hayir,Android,0
CUS-100804,805,Emre Şahin,42,Belirtmek istemiyor,ankara ,lisans ,Tam Zamanlı,19526,787,67,1055,2,,kredi karti,2018-03-22,18,Evet,android,0
CUS-100200,201,Ali Çelik,22,Erkek,antalya,Bilinmiyor,Yarı Zamanlı,24095,563,21,1107,3,2 Yıllık,kredi karti,2022-04-08,2,hayir,Tablet,1
CUS-100842,843,Elif Yılmaz,18,KADIN,Antalya,Y. Lisans,Part-time,49097,733,82,754,0,24 AY,PayPal,2021-02-19,5,Evet,,0
CUS-100852,853,Merve Kurt,,Male,Konya,Bilinmiyor,Yarı Zamanlı,34530,630,22,1791,2,Aylık,EFT,2021-02-28,7,Hayır,iOS,1
CUS-101207,1208,Elif Aydın,23,Male,antalya,Lisans,Part-time,32506,498,36,1397,1,2 Yıllık,EFT,2024-04-28,7,0,android,0
CUS-101527,1528,Ayşe Yılmaz,15,Diğer,Ankara,Y. Lisans,Tam Zamanlı,23864,582,11,1438,0,Aylık,,2024-07-26,8,No,iOS,0
CUS-101233,1234,Burak Arslan,44,Erkek,Adana,Lise,İşsiz,955260,659,80,3055,4,1 Yıllık,PayPal,2023-02-04,2,No,web ,0
CUS-102063,2064,Can Kaya,42,Belirtmek istemiyor,ISTANBUL,Lise,İşsiz,42419,789,17,724,1,2 Yıllık,EFT,2025-12-10,2,hayir,iOS,0
CUS-100010,11,Mehmet Kurt,45,Erkek,İzmir,Bilinmiyor,Part-time,32148,536,74,50,2,24 AY,EFT,2021-04-23,,hayir,web ,0
CUS-100390,391,Merve Yılmaz,56,kadın,BURSA,Y. Lisans,Serbest,,608,79,2800,0,1 Yıllık,PayPal,2019-06-11,4,Evet,web ,0
CUS-100966,967,Mehmet Yılmaz,35,Female,BURSA,Lisans,Öğrenci,22491,617,3,1666,4,Taahhütsüz,,2023-02-15,4,Evet,Unknown,0
CUS-101954,1955,Can Koç,37,kadın,Antalya,Yüksek Lisans,tam zamanli,,774,105,778,1,12 ay,Nakit,2022-09-03,5,Yes,android,0
CUS-100418,419,Merve Çelik,34,Male,BURSA,Lisans,Self-employed,,640,20,1904,0,Taahhütsüz,EFT,2023-02-08,,,android,0
CUS-102049,2050,Elif Öz,44,Erkek,ISTANBUL,Bilinmiyor,Yarı Zamanlı,,613,72,665,2,Taahhütsüz,otomatik odeme,2025-07-17,9,Yes,Tablet,0
CUS-101440,1441,Elif Kaya,24,KADIN,ISTANBUL,Lise,Part-time,,622,67,789,0,12 ay,Kredi Kartı,2018-10-10,4,hayir,IOS,0
CUS-101764,1765,Mehmet Arslan,55,Diğer,İzmir,Doktora,,27941,554,13,334,2,Taahhütsüz,Otomatik Ödeme,2021-06-15,3,1,android,1
CUS-100073,74,Ali Şahin,44,erkek,ankara ,Lise,Öğrenci,27715,626,35,1193,2,Taahhütsüz,PayPal,2020-02-22,1,0,web ,0
CUS-100672,673,Elif Kurt,42,,Izmir,Yüksek Lisans,Tam Zamanlı,11859,,85,717,1,Taahhütsüz,PayPal,2019-11-11,2,Yes,Web,0
CUS-100208,209,Derya Çelik,37,Male,Ankara,Yüksek Lisans,Öğrenci,48359,624,7,1854,0,24 AY,EFT,2025-10-07,4,,web ,0
CUS-100739,740,Emre Öz,50,Diğer,Ankara,Y. Lisans,tam zamanli,44670,499,48,1735,1,12 ay,Nakit,2024-09-19,6,0,Android,0
CUS-101789,1790,Elif Arslan,46,Kadın,İzmir,lise,Part-time,60916,,121,1445,1,1 Yıllık,PayPal,2019-01-15,2,Hayır,Unknown,0
CUS-100919,920,Emre Kaya,48,KADIN,ankara ,Ön Lisans,Öğrenci,,588,66,2700,1,2 Yıllık,Kredi Kartı,2017-04-04,2,,Android,0
CUS-100139,140,Mehmet Çelik,33,Belirtmek istemiyor,ankara ,Y. Lisans,Serbest,73264,586,38,364,0,aylik,otomatik odeme,2022-03-25,4,Yes,android,0
CUS-101531,1532,Ali Aydın,50,kadın,Gaziantep,Lise,Part-time,28340,683,29,435,,1 Yıllık,Kredi Kartı,2025-08-22,1,1,Android,0
CUS-101908,1909,Can Arslan,25,KADIN,,Doktora,İşsiz,9854,653,58,,0,aylik,Nakit,2017-12-12,4,1,iOS,0
CUS-101470,1471,Ayşe Şahin,33,Belirtmek istemiyor,Ankara,Lisans,Emekli,63092,586,46,1507,1,24 AY,Otomatik Ödeme,2025-05-12,19,1,web ,0
CUS-101661,1662,Emre Çelik,31,Female,Bursa,lisans ,Serbest,103753,669,,1504,0,2 Yıllık,kredi karti,2022-01-06,9,,Web,0
CUS-100772,773,Mehmet Kaya,24,erkek,Unknown,Bilinmiyor,Yarı Zamanlı,58927,619,44,2674,3,2 Yıllık,PayPal,2018-08-25,4,0,IOS,1
CUS-101252,1253,Zeynep Çelik,38,Diğer,Adana,Yüksek Lisans,Öğrenci,21547,545,,2181,4,Taahhütsüz,otomatik odeme,2020-04-14,5,Yes,Web,0
CUS-100912,913,Ali Kurt,43,KADIN,istanbul,Lisans,İşsiz,34010,669,118,417,0,12 ay,EFT,2021-02-21,20,0,Web,0
CUS-100116,117,Ali Koç,40,Male,antalya,Lise,Yarı Zamanlı,84112,694,4,1230,2,Aylık,EFT,2024-07-20,3,Yes,web ,0
CUS-100890,891,Elif Arslan,43,KADIN,ISTANBUL,Lisans,İşsiz,44852,535,34,2400,0,12 ay,EFT,2025-02-06,3,No,IOS,0
CUS-101500,1501,Emre Aydın,31,Kadın,Ankara,Bilinmiyor,Serbest,45750,625,75,736,1,12 ay,PayPal,2021-11-15,8,hayir,iOS,0
CUS-101597,1598,Elif Çelik,,Male,BURSA,,Self-employed,60291,729,120,1344,0,12 ay,PayPal,2022-12-19,1,Yes,iOS,0
CUS-101823,1824,Mehmet Demir,45,kadın,Konya,,Tam Zamanlı,37481,670,98,1903,2,2 Yıllık,Otomatik Ödeme,2025-05-24,11,Hayır,Unknown,0
CUS-102020,2021,Ali Kurt,37,Erkek,Ankara,Ön Lisans,Self-employed,59608,550,24,1887,0,2 Yıllık,Otomatik Ödeme,2022-02-20,,0,Unknown,0
CUS-100505,506,Burak Kurt,29,Erkek,Adana,Bilinmiyor,Serbest,31969,486,82,1039,0,Taahhütsüz,PayPal,2025-05-27,4,Evet,android,0
CUS-100862,863,Burak Şahin,53,erkek,Adana,Lisans,Tam Zamanlı,23760,,64,1471,2,Aylık,Otomatik Ödeme,2018-11-09,7,EVET,android,0
CUS-101484,1485,Mehmet Demir,,kadın,Bursa,Doktora,Öğrenci,53047,586,102,1809,2,24 AY,Banka Havalesi,2019-03-13,,Hayır,iOS,0
CUS-100042,43,Elif Çelik,52,Diğer,Gaziantep,Yüksek Lisans,tam zamanli,20854,487,56,138,0,2 Yıllık,Nakit,2023-02-05,2,Hayır,Tablet,0
CUS-101288,1289,Elif Şahin,48,Belirtmek istemiyor,Adana,Y. Lisans,İşsiz,17961,536,43,534,2,Aylık,otomatik odeme,2018-05-23,2,Hayır,Android,0
CUS-100691,692,Burak Şahin,44,Erkek,Gaziantep,Lise,Tam Zamanlı,94622,678,51,662,1,aylik,,2022-03-16,26,0,IOS,0
CUS-100342,343,Elif Arslan,38,Erkek,Adana,Ön Lisans,Serbest,30369,680,69,1178,0,12 ay,Banka Havalesi,2020-07-01,5,1,web ,0
CUS-101308,1309,Merve Kaya,48,Belirtmek istemiyor,BURSA,Lise,İşsiz,22076,652,5,50,1,12 ay,EFT,2022-02-14,10,EVET,web ,0
CUS-100994,995,Mehmet Aydın,23,KADIN,antalya,lisans ,Öğrenci,18351,409,68,2073,1,aylik,PayPal,2017-08-12,,hayir,,0
CUS-101746,1747,Merve Arslan,69,erkek,İzmir,Ön Lisans,Self-employed,35948,586,91,491,,12 ay,Otomatik Ödeme,25/11/2020,,Yes,Unknown,0
CUS-100680,681,Mehmet Arslan,36,Diğer,İzmir,Y. Lisans,İşsiz,,640,32,1195,0,Aylık,Otomatik Ödeme,,2,Evet,Android,0
CUS-100375,376,Elif Kurt,8,KADIN,ISTANBUL,lisans ,İşsiz,32087,530,67,532,0,12 ay,PayPal,,5,1,android,0
CUS-101587,1588,Mehmet Kurt,20,KADIN,,,Öğrenci,40097,536,47,2336,1,2 Yıllık,Kredi Kartı,2019-01-25,16,0,android,0
CUS-101405,1406,Merve Koç,21,Female,Unknown,Bilinmiyor,Emekli,61287,791,58,1252,2,12 ay,Nakit,2020-12-03,3,EVET,Android,0
CUS-101344,1345,Zeynep Arslan,58,KADIN,Ankara,Lise,Öğrenci,52650,584,97,1039,2,Aylık,Otomatik Ödeme,2024-02-21,2,Hayır,IOS,0
CUS-100370,371,Mehmet Demir,50,Female,Antalya,lisans ,tam zamanli,35528,400,102,1420,0,1 Yıllık,,2020-08-21,4,hayir,web ,0
CUS-100353,354,Elif Aydın,54,Kadın,Unknown,Bilinmiyor,İşsiz,25125,632,,50,2,24 AY,Banka Havalesi,2024-04-22,,No,android,0
CUS-100309,310,Ayşe Çelik,42,Diğer,antalya,lise,Self-employed,,780,119,717,1,12 ay,EFT,2023-01-03,11,EVET,iOS,0
CUS-101127,1128,Merve Öz,24,erkek,Antalya,Bilinmiyor,tam zamanli,27217,487,74,2511,3,Taahhütsüz,Banka Havalesi,2025-07-09,7,Evet,Tablet,0
CUS-101178,1179,Mehmet Öz,40,Erkek,Konya,Bilinmiyor,tam zamanli,34595,755,30,1481,3,2 Yıllık,EFT,2020-07-04,3,No,Android,0
CUS-100406,407,Zeynep Kaya,33,kadın,,Lise,Öğrenci,47439,756,11,685,3,2 Yıllık,Banka Havalesi,2017-10-08,5,Evet,,0
CUS-101771,1772,Can Kaya,44,kadın,ankara ,Y. Lisans,tam zamanli,36519,625,16,2238,1,1 Yıllık,EFT,2022-06-23,3,Yes,Android,0
CUS-101841,1842,Merve Kurt,45,erkek,Ankara,Doktora,Part-time,13010,,109,188,2,12 ay,,2020-10-22,5,Evet,Tablet,0
CUS-102134,2135,Ali Yılmaz,30,kadın,BURSA,Ön Lisans,Tam Zamanlı,31538,714,102,3050,1,1 Yıllık,PayPal,10/05/2023,6,0,IOS,0
CUS-101931,1932,Can Koç,31,Erkek,Gaziantep,lisans ,İşsiz,50254,514,117,572,0,Taahhütsüz,Banka Havalesi,2019-09-05,2,EVET,Web,0
CUS-101145,1146,Mehmet Koç,23,Female,İstanbul,lisans ,tam zamanli,21230,585,96,699,0,Taahhütsüz,Banka Havalesi,2017-01-28,17,EVET,Unknown,0
CUS-101043,1044,Mehmet Demir,41,erkek,Bursa,Yüksek Lisans,Tam Zamanlı,21528,496,28,61245,0,Taahhütsüz,otomatik odeme,2018-02-07,,0,Android,1
CUS-100299,300,Ayşe Şahin,,Erkek,,lisans ,,,646,60,1887,0,1 Yıllık,Nakit,2022-11-09,,Yes,,0
CUS-100743,744,Derya Koç,35,Male,Gaziantep,Bilinmiyor,Tam Zamanlı,40392,790,56,977,1,12 ay,Banka Havalesi,2019-02-14,12,Hayır,web ,0
CUS-101997,1998,Emre Arslan,71,Kadın,Konya,Doktora,Öğrenci,11896,680,83,650,2,aylik,EFT,2018-07-21,7,Yes,Android,0
CUS-100498,499,Mehmet Öz,38,Female,İzmir,Yüksek Lisans,İşsiz,61791,576,116,1189,4,1 Yıllık,PayPal,2022-06-17,7,Yes,iOS,0
CUS-102156,2157,Mehmet Kurt,36,Female,Ankara,Ön Lisans,İşsiz,24030,709,33,1856,4,2 Yıllık,PayPal,2020-04-03,5,Hayır,,0
CUS-100403,404,Elif Yılmaz,29,kadın,Ankara,lisans ,tam zamanli,38519,608,87,468,0,24 AY,otomatik odeme,2023-08-12,,1,Android,0
CUS-100282,283,Merve Çelik,62,Belirtmek istemiyor,Antalya,Doktora,,33933,624,48,1770,3,aylik,,2025-11-16,18,1,android,0
CUS-101029,1030,Elif Öz,44,,Ankara,lise,,24579,828,25,1434,1,12 ay,Banka Havalesi,2020-11-01,12,hayir,web ,0
CUS-102098,2099,Emre Öz,51,Erkek,istanbul,Ön Lisans,Öğrenci,65990,496,1,2288,0,aylik,EFT,2019-11-27,6,No,Unknown,0
CUS-100389,390,Zeynep Öz,49,Female,Konya,lise,Emekli,29806,714,64,1879,4,1 Yıllık,Otomatik Ödeme,2018-08-01,21,EVET,iOS,0
CUS-100333,334,Derya Yılmaz,39,Female,antalya,Lise,Öğrenci,,717,112,2827,1,aylik,Nakit,2018-02-27,6,hayir,web ,0
CUS-101438,1439,Zeynep Kaya,17,KADIN,Gaziantep,Doktora,İşsiz,75743,621,117,221,2,1 Yıllık,Otomatik Ödeme,2023-04-22,2,Hayır,iOS,0
CUS-100124,125,Ayşe Yılmaz,51,Erkek,Bursa,Doktora,tam zamanli,30698,766,1,1631,1,1 Yıllık,Otomatik Ödeme,2021-05-23,6,EVET,Web,0
CUS-101456,1457,Burak Şahin,21,Female,Konya,lise,Serbest,18001,653,117,1134,1,Aylık,EFT,2020-07-24,13,0,iOS,0
CUS-101642,1643,Can Arslan,24,kadın,ISTANBUL,Yüksek Lisans,Serbest,72821,728,12,1153,1,Taahhütsüz,otomatik odeme,2021-06-17,5,hayir,Tablet,0
CUS-100245,246,Can Arslan,60,KADIN,BURSA,Bilinmiyor,Yarı Zamanlı,20464,469,21,50,2,,Kredi Kartı,2022-11-22,6,EVET,Web,0
CUS-100583,584,Ayşe Öz,25,kadın,Bursa,Yüksek Lisans,Yarı Zamanlı,24498,726,112,1690,2,24 AY,Kredi Kartı,2018-03-26,3,Yes,android,0
CUS-100850,851,Can Öz,34,Diğer,Izmir,lisans ,Part-time,57330,677,78,572,2,2 Yıllık,Otomatik Ödeme,2025-11-02,9,Evet,web ,0
CUS-100142,143,Burak Koç,39,Male,ankara ,Doktora,Öğrenci,109120,770,57,2223,3,Taahhütsüz,kredi karti,2025-11-25,5,No,web ,0
CUS-100816,817,Burak Kaya,45,Belirtmek istemiyor,Unknown,lise,Yarı Zamanlı,44272,759,39,2271,0,24 AY,Banka Havalesi,2021-01-10,1,0,Tablet,0
CUS-101371,1372,Merve Çelik,20,KADIN,Bursa,lise,Tam Zamanlı,33162,686,77,1789,0,Taahhütsüz,Nakit,2022-05-02,10,hayir,IOS,0
CUS-100846,847,Mehmet Öz,63,KADIN,Konya,lise,Yarı Zamanlı,33205,738,15,2407,0,24 AY,Banka Havalesi,2025-02-07,15,EVET,web ,0
CUS-100915,916,Burak Çelik,,Diğer,İstanbul,Yüksek Lisans,Yarı Zamanlı,45044,654,82,1207,1,Aylık,Banka Havalesi,2021-06-25,7,0,web ,0
CUS-102076,2077,Merve Demir,30,Kadın,Konya,Y. Lisans,Öğrenci,50541,833,43,1052,4,aylik,Otomatik Ödeme,2023-03-11,9,hayir,android,0
CUS-100659,660,Ayşe Öz,40,Kadın,BURSA,,Emekli,11959,573,106,1958,0,24 AY,kredi karti,2021-02-18,8,hayir,iOS,0
CUS-100605,606,Burak Şahin,40,Belirtmek istemiyor,Antalya,Y. Lisans,Öğrenci,69827,519,32,1627,0,Taahhütsüz,otomatik odeme,2024-05-22,8,1,iOS,0
CUS-101363,1364,Merve Çelik,33,Male,Antalya,Lisans,Self-employed,84016,765,44,3316,0,12 ay,otomatik odeme,2021-06-24,3,Yes,Tablet,0
CUS-101063,1064,Zeynep Yılmaz,22,KADIN,Konya,Yüksek Lisans,Emekli,47208,560,96,884,1,aylik,PayPal,,10,1,Web,0
CUS-100658,659,Merve Aydın,68,erkek,ankara ,Lise,İşsiz,62036,568,51,2208,2,aylik,kredi karti,2020-10-28,2,Evet,web ,0
CUS-101060,1061,Burak Kurt,47,KADIN,Ankara,Yüksek Lisans,İşsiz,63208,713,110,2184,0,Aylık,Nakit,2018-06-15,15,hayir,android,0
CUS-101511,1512,Mehmet Arslan,73,KADIN,antalya,Y. Lisans,Part-time,28586,806,66,1724,3,Aylık,EFT,2025-03-09,3,No,IOS,0
CUS-100094,95,Burak Öz,34,Male,,Ön Lisans,İşsiz,39371,746,1,3067,2,24 AY,Banka Havalesi,2023-08-27,2,Yes,Android,0
CUS-100254,255,Derya Demir,47,kadın,İstanbul,Lise,Self-employed,82596,654,107,2184,3,12 ay,kredi karti,2024-04-20,8,0,Android,0
CUS-100991,992,Ali Çelik,41,Male,İstanbul,lise,tam zamanli,35857,688,80,1165,0,1 Yıllık,PayPal,2020-06-07,13,Hayır,IOS,0
CUS-100810,811,Can Aydın,39,Diğer,ISTANBUL,lise,Emekli,53505,652,90,1633,0,12 ay,Nakit,2023-12-08,3,EVET,iOS,0
CUS-101951,1952,Emre Arslan,43,kadın,,,Öğrenci,40604,437,83,1249,2,aylik,Banka Havalesi,2022-06-10,17,No,Tablet,0
CUS-100135,136,Mehmet Çelik,33,erkek,İstanbul,Lise,Öğrenci,21978,771,93,528,2,2 Yıllık,Kredi Kartı,2022-06-16,14,0,IOS,0
CUS-101833,1834,Emre Kurt,40,Female,BURSA,Lisans,Self-employed,,578,26,1116,0,2 Yıllık,Otomatik Ödeme,2021-08-22,,0,Tablet,0
CUS-100029,30,Zeynep Öz,38,KADIN,Konya,Yüksek Lisans,tam zamanli,20832,710,10,310,0,aylik,kredi karti,2017-09-16,8,hayir,android,0
CUS-101794,1795,Emre Demir,47,Male,Konya,Doktora,Yarı Zamanlı,41803,698,86,1388,0,Aylık,,2025-01-12,16,,IOS,0
CUS-100673,674,Burak Şahin,23,Belirtmek istemiyor,Gaziantep,Doktora,Yarı Zamanlı,67080,639,16,2915,3,24 AY,PayPal,2020-03-07,9,Yes,Web,1
CUS-101290,1291,Elif Şahin,60,Male,istanbul,Yüksek Lisans,,36830,632,75,1585,3,Taahhütsüz,otomatik odeme,2024-07-07,3,hayir,IOS,0
CUS-100700,701,Ayşe Kaya,23,Erkek,Izmir,lise,Öğrenci,65464,639,97,2397,0,2 Yıllık,Nakit,2024-07-09,1,EVET,IOS,0
CUS-101710,1711,Can Kaya,37,Belirtmek istemiyor,istanbul,lise,Emekli,23411,687,102,1483,3,aylik,Otomatik Ödeme,2021-12-17,12,Yes,Web,0
CUS-100216,217,Ali Kaya,27,erkek,Ankara,Bilinmiyor,Part-time,37545,494,34,1029,0,12 ay,PayPal,2025-10-07,10,EVET,Unknown,0
CUS-100416,417,Derya Kurt,49,Male,antalya,Lisans,Yarı Zamanlı,18369,540,55,724,0,2 Yıllık,PayPal,2018-09-14,11,0,Unknown,0
CUS-100044,45,Burak Çelik,28,Belirtmek istemiyor,Ankara,Doktora,İşsiz,24439,734,91,1439,1,Aylık,Banka Havalesi,2019-10-14,9,hayir,android,0
CUS-100066,67,Burak Arslan,44,Belirtmek istemiyor,İstanbul,Lise,Yarı Zamanlı,16076,848,104,2256,1,Aylık,kredi karti,2021-12-21,6,Hayır,,0
CUS-101914,1915,Burak Kaya,53,Male,Bursa,Lise,Self-employed,66492,690,86,1762,0,24 AY,PayPal,2020-01-07,3,Hayır,IOS,0
CUS-101485,1486,Ayşe Demir,59,Diğer,istanbul,Y. Lisans,Self-employed,28274,668,43,1812,1,Aylık,kredi karti,2021-08-03,11,EVET,Android,0
CUS-101069,1070,Merve Demir,32,,BURSA,Yüksek Lisans,Part-time,34372,561,51,2357,2,aylik,otomatik odeme,2020-02-18,24,Hayır,web ,0
CUS-101518,1519,Ayşe Arslan,34,KADIN,BURSA,lise,Öğrenci,,641,103,1538,0,Taahhütsüz,EFT,2017-04-04,31,0,Web,0
CUS-100745,746,Zeynep Çelik,21,Kadın,ankara ,Y. Lisans,Öğrenci,55092,473,42,2250,0,Aylık,Kredi Kartı,2022-05-02,7,No,Unknown,0
CUS-100944,945,Merve Yılmaz,47,Female,antalya,Y. Lisans,tam zamanli,9330,708,99,1229,0,1 Yıllık,PayPal,2017-12-23,,hayir,web ,0
CUS-100212,213,Merve Arslan,35,Male,Adana,Bilinmiyor,Tam Zamanlı,38937,789,,1387,2,12 ay,kredi karti,2023-02-15,2,No,Tablet,0
CUS-101943,1944,Can Aydın,43,Erkek,BURSA,Yüksek Lisans,tam zamanli,30073,688,46,1685,3,2 Yıllık,PayPal,2025-10-25,,Hayır,,0
CUS-100688,689,Derya Arslan,19,,ankara ,Lisans,Yarı Zamanlı,23149,567,19,1036,2,12 ay,kredi karti,2020-10-08,12,hayir,Unknown,0
CUS-100903,904,Ayşe Kurt,28,Kadın,Gaziantep,Bilinmiyor,İşsiz,46082,729,116,943,1,1 Yıllık,,2017-04-13,4,Yes,iOS,0
CUS-102023,2024,Merve Arslan,52,Female,Konya,lisans ,Part-time,49843,707,92,180,4,1 Yıllık,Nakit,2022-09-06,16,1,Tablet,0
CUS-101829,1830,Zeynep Kaya,25,Kadın,Gaziantep,Y. Lisans,Self-employed,64081,656,15,2921,3,aylik,Nakit,2018-06-03,13,hayir,Web,0
CUS-101026,1027,Elif Koç,34,KADIN,İzmir,Doktora,Serbest,29616,718,100,1848,3,,Banka Havalesi,2022-04-18,6,Hayır,android,1
CUS-101510,1511,Ali Koç,42,KADIN,Izmir,Ön Lisans,,75468,640,15,798,0,aylik,Kredi Kartı,2021-10-01,4,EVET,Web,0
CUS-100683,684,Burak Kurt,,Female,Gaziantep,Lise,tam zamanli,68279,688,46,3662,0,Aylık,EFT,2021-05-17,8,Evet,android,0
CUS-100535,536,Zeynep Şahin,40,Diğer,İstanbul,Ön Lisans,Öğrenci,124433,667,66,227,0,12 ay,PayPal,2022-06-17,13,0,,0
CUS-101439,1440,Derya Aydın,39,Female,ISTANBUL,Bilinmiyor,Tam Zamanlı,71999,723,60,3401,2,24 AY,kredi karti,,12,EVET,web ,0
CUS-102011,2012,Mehmet Şahin,49,Diğer,antalya,Y. Lisans,Self-employed,38539,706,91,1462,0,1 Yıllık,Nakit,2018-06-13,16,hayir,Web,0
CUS-101113,1114,Ayşe Yılmaz,39,erkek,,Lisans,İşsiz,,488,86,1395,2,2 Yıllık,EFT,2022-11-16,2,EVET,Android,0
CUS-101098,1099,Zeynep Kurt,30,Erkek,Izmir,Y. Lisans,,23699,514,29,691,1,Taahhütsüz,Kredi Kartı,2017-04-02,6,Hayır,IOS,0
CUS-102006,2007,Mehmet Şahin,28,Diğer,ISTANBUL,Yüksek Lisans,İşsiz,36609,677,65,,2,Taahhütsüz,PayPal,2021-12-05,4,No,web ,0
CUS-100446,447,Derya Kurt,48,Erkek,Adana,Bilinmiyor,Yarı Zamanlı,14036,607,117,1943,2,12 ay,PayPal,2017-05-23,5,Yes,IOS,0
CUS-102159,2160,Can Aydın,47,erkek,ankara ,Bilinmiyor,İşsiz,49746,557,100,900,1,12 ay,PayPal,2024-01-06,3,No,Unknown,0
CUS-101369,1370,Derya Arslan,44,kadın,İstanbul,lise,Yarı Zamanlı,54628,551,117,2659,0,24 AY,EFT,2017-12-18,14,No,android,0
CUS-100463,464,Burak Arslan,21,kadın,Antalya,lise,Tam Zamanlı,26725,618,45,1401,0,12 ay,,2021-12-26,28,1,Web,0
CUS-100274,275,Elif Çelik,48,Kadın,Adana,Ön Lisans,Self-employed,655440,741,108,541,0,aylik,kredi karti,2023-05-21,31,Yes,web ,0
CUS-101464,1465,Ali Arslan,42,Male,Gaziantep,lisans ,Self-employed,44186,796,12,685,3,24 AY,Otomatik Ödeme,2025-02-12,25,hayir,iOS,0
CUS-100907,908,Ayşe Çelik,40,erkek,istanbul,Yüksek Lisans,tam zamanli,62171,656,45,1988,4,Aylık,Kredi Kartı,2021-12-07,8,EVET,Tablet,0
CUS-101033,1034,Emre Öz,26,Belirtmek istemiyor,,Bilinmiyor,Part-time,78160,494,56,1537,0,1 Yıllık,otomatik odeme,2025-06-25,4,Evet,iOS,0
CUS-102056,2057,Mehmet Öz,42,Female,ISTANBUL,Ön Lisans,Yarı Zamanlı,86371,591,100,2306,1,Taahhütsüz,,2021-11-16,5,Hayır,iOS,0
CUS-101088,1089,Ayşe Aydın,54,Erkek,İzmir,Bilinmiyor,Yarı Zamanlı,19804,862,40,359,2,aylik,Kredi Kartı,2020-03-28,2,Yes,Web,0
CUS-100964,965,Can Öz,29,Female,Bursa,,İşsiz,111481,554,95,1375,3,2 Yıllık,otomatik odeme,,13,hayir,Unknown,0
CUS-100188,189,Can Öz,43,Kadın,BURSA,lisans ,Serbest,16131,725,80,2413,2,2 Yıllık,kredi karti,2017-11-15,4,hayir,IOS,0
CUS-100230,231,Can Arslan,42,Erkek,İzmir,Yüksek Lisans,Tam Zamanlı,,593,7,283,1,24 AY,otomatik odeme,2025-07-22,4,EVET,Web,0
CUS-102012,2013,Elif Arslan,49,Erkek,istanbul,Lise,Emekli,29945,790,50,444,2,24 AY,Otomatik Ödeme,,29,No,Android,0
CUS-100049,50,Derya Arslan,37,kadın,istanbul,Y. Lisans,Serbest,42850,672,20,878,1,24 AY,EFT,2023-06-13,3,Evet,,0
CUS-101080,1081,Mehmet Yılmaz,34,Erkek,Adana,Lisans,tam zamanli,33522,664,22,1845,1,Taahhütsüz,kredi karti,2022-04-15,9,,Android,0
CUS-101595,1596,Emre Koç,59,KADIN,istanbul,Ön Lisans,Self-employed,90369,699,60,2910,2,1 Yıllık,kredi karti,2019-08-20,2,0,android,0
CUS-101085,1086,Zeynep Çelik,,kadın,Konya,Bilinmiyor,Tam Zamanlı,62180,550,119,,2,2 Yıllık,kredi karti,2017-02-09,2,No,Tablet,0
CUS-102024,2025,Burak Demir,52,erkek,Konya,Yüksek Lisans,Emekli,61017,686,,1476,1,Taahhütsüz,otomatik odeme,2020-05-28,3,1,iOS,1
CUS-100415,416,Burak Koç,50,Erkek,ISTANBUL,Ön Lisans,,32365,649,28,1359,3,aylik,otomatik odeme,2022-05-14,4,0,android,0
CUS-101734,1735,Emre Aydın,52,Kadın,Ankara,,Part-time,28649,538,40,908,3,24 AY,Otomatik Ödeme,,4,hayir,iOS,0
CUS-100932,933,Zeynep Koç,,Kadın,İstanbul,Lisans,Part-time,15143,658,115,1859,3,12 ay,Otomatik Ödeme,2024-07-12,7,Yes,Android,0
CUS-100706,707,Burak Demir,18,erkek,Konya,lisans ,tam zamanli,80745,684,9,614,2,24 AY,PayPal,2020-11-13,11,hayir,web ,0
CUS-100171,172,Can Koç,52,Belirtmek istemiyor,ISTANBUL,lise,İşsiz,50481,668,92,1603,0,2 Yıllık,,2018-03-12,2,0,IOS,0
CUS-100287,288,Ayşe Çelik,25,KADIN,Antalya,Bilinmiyor,tam zamanli,43510,573,18,2975,0,2 Yıllık,EFT,2025-09-28,6,Evet,iOS,0
CUS-100228,229,Can Çelik,,erkek,Antalya,Bilinmiyor,,24528,694,67,1952,0,Aylık,Nakit,2019-06-14,8,Yes,Android,0
CUS-101996,1997,Ali Arslan,32,Male,,Lise,Öğrenci,42590,660,113,2565,2,1 Yıllık,otomatik odeme,2024-03-28,5,1,iOS,0
CUS-100322,323,Elif Şahin,19,Diğer,Izmir,lise,Self-employed,21468,,63,1424,0,aylik,otomatik odeme,2017-04-23,5,Evet,IOS,0
CUS-100244,245,Derya Demir,48,Belirtmek istemiyor,İstanbul,lisans ,Öğrenci,49478,851,106,1304,0,24 AY,Banka Havalesi,2018-10-17,6,1,Android,0
CUS-101508,1509,Zeynep Şahin,44,erkek,ankara ,Yüksek Lisans,Self-employed,54686,779,49,182,1,aylik,PayPal,2025-05-07,10,0,IOS,0
CUS-101103,1104,Ali Aydın,34,kadın,ISTANBUL,Ön Lisans,tam zamanli,27624,,87,1139,2,,Kredi Kartı,2018-02-09,3,No,,0
CUS-100561,562,Derya Öz,24,Belirtmek istemiyor,İstanbul,Bilinmiyor,Tam Zamanlı,41951,676,38,2471,1,2 Yıllık,otomatik odeme,2024-07-13,5,EVET,web ,0
CUS-101915,1916,Ayşe Şahin,34,KADIN,ankara ,Ön Lisans,İşsiz,71770,590,102,1040,0,Taahhütsüz,EFT,2020-05-22,14,hayir,Unknown,0
CUS-101572,1573,Burak Yılmaz,50,erkek,ankara ,Doktora,,97969,734,4,1656,2,1 Yıllık,PayPal,not_a_date,2,Evet,Web,0
CUS-101434,1435,Ayşe Kaya,46,KADIN,BURSA,,Öğrenci,31547,,82,3038,2,2 Yıllık,kredi karti,2023-05-05,26,EVET,Tablet,0
CUS-101884,1885,Zeynep Demir,,Diğer,ISTANBUL,Lise,Öğrenci,18633,634,40,579,2,24 AY,,2019-07-02,7,hayir,android,1
CUS-101862,1863,Ali Çelik,28,Male,ISTANBUL,Y. Lisans,,62406,558,17,1384,0,12 ay,Otomatik Ödeme,2018-09-06,,Yes,iOS,0
CUS-100419,420,Zeynep Çelik,43,erkek,Konya,Lise,Tam Zamanlı,35596,580,113,2789,2,Taahhütsüz,otomatik odeme,2019-01-05,13,Yes,Unknown,0
CUS-100115,116,Emre Şahin,26,Belirtmek istemiyor,Gaziantep,lise,İşsiz,35301,623,0,1452,0,,Kredi Kartı,2025-07-05,3,Hayır,Android,0
CUS-101673,1674,Merve Kaya,27,Diğer,Antalya,Doktora,Self-employed,31925,773,68,855,5,1 Yıllık,,2022-07-17,13,0,Web,0
CUS-101415,1416,Merve Kaya,20,Belirtmek istemiyor,antalya,Ön Lisans,Yarı Zamanlı,11104,,35,,0,Aylık,,2019-08-19,1,Yes,Tablet,0
CUS-100546,547,Elif Çelik,44,Male,istanbul,Bilinmiyor,Tam Zamanlı,69026,434,71,50,3,24 AY,Banka Havalesi,2018-07-06,15,Hayır,iOS,0
CUS-101187,1188,Ayşe Koç,32,kadın,İzmir,Y. Lisans,Tam Zamanlı,72756,709,110,572,3,24 AY,Nakit,2024-10-23,7,1,Unknown,0
CUS-100281,282,Zeynep Şahin,42,Male,ankara ,Yüksek Lisans,Part-time,45690,527,85,1594,0,aylik,Otomatik Ödeme,2022-03-23,,EVET,web ,0
CUS-100490,491,Burak Koç,32,Belirtmek istemiyor,Gaziantep,Yüksek Lisans,Self-employed,19058,576,39,1750,1,1 Yıllık,Otomatik Ödeme,2020-01-15,10,Yes,IOS,0
CUS-101651,1652,Elif Kurt,,Male,Izmir,Lisans,Part-time,37591,663,66,1818,4,2 Yıllık,PayPal,2021-08-09,1,Yes,iOS,0
CUS-100337,338,Merve Yılmaz,21,Diğer,İstanbul,,İşsiz,25467,641,16,1340,4,12 ay,Nakit,2021-03-16,2,Yes,iOS,0
CUS-100405,406,Derya Demir,27,erkek,antalya,Lise,Tam Zamanlı,25870,722,19,1748,2,Taahhütsüz,Banka Havalesi,2022-04-22,1,0,Web,1
CUS-101399,1400,Mehmet Demir,27,Diğer,Adana,Doktora,Self-employed,19072,709,38,1193,1,1 Yıllık,Nakit,2025-10-26,3,0,Android,0
CUS-101654,1655,Ali Kurt,,KADIN,İstanbul,Y. Lisans,Part-time,,551,85,621,4,Taahhütsüz,EFT,2025-04-02,11,Evet,Unknown,0
CUS-102059,2060,Ali Demir,55,erkek,İzmir,Yüksek Lisans,İşsiz,35177,641,85,2248,2,Aylık,PayPal,2019-02-23,19,No,Unknown,0
CUS-100849,850,Ayşe Kaya,48,Diğer,Konya,lisans ,,48416,579,81,432,0,Taahhütsüz,otomatik odeme,2017-12-12,5,Hayır,Tablet,0
CUS-100692,693,Elif Kaya,44,Female,ankara ,lisans ,Emekli,16162,870,95,1187,2,,Nakit,2025-08-10,21,Yes,IOS,0
CUS-101334,1335,Can Kurt,36,Kadın,ankara ,Yüksek Lisans,Self-employed,126766,628,116,2336,5,12 ay,otomatik odeme,2018-03-18,2,Hayır,Unknown,1
CUS-101818,1819,Ayşe Kurt,59,kadın,İstanbul,Doktora,Yarı Zamanlı,79976,388,93,2767,2,2 Yıllık,Otomatik Ödeme,2021-04-05,3,EVET,Unknown,0
CUS-100942,943,Burak Öz,47,Diğer,Bursa,Bilinmiyor,Self-employed,44138,632,96,2128,1,2 Yıllık,Nakit,2023-08-18,23,Yes,Web,0
CUS-100506,507,Derya Kurt,35,Kadın,Bursa,Ön Lisans,Serbest,43781,544,40,773,0,24 AY,kredi karti,2017-11-06,19,Hayır,,0
CUS-101301,1302,Mehmet Kaya,,Erkek,,Doktora,Emekli,45052,653,26,,0,24 AY,Banka Havalesi,2021-08-28,9,hayir,Web,0
CUS-102044,2045,Merve Kurt,40,Diğer,İstanbul,lise,Yarı Zamanlı,,694,35,975,0,aylik,PayPal,2020-01-02,6,0,web ,0
CUS-101313,1314,Ayşe Arslan,34,erkek,,Lise,Yarı Zamanlı,75950,709,106,,0,12 ay,Nakit,2019-06-27,2,hayir,IOS,0
CUS-101811,1812,Mehmet Yılmaz,43,Diğer,istanbul,Y. Lisans,Self-employed,91353,633,38,821,2,Taahhütsüz,PayPal,2020-09-07,9,1,IOS,1
CUS-100015,16,Elif Kaya,25,erkek,İzmir,Doktora,Part-time,78638,754,12,2248,0,Taahhütsüz,PayPal,2022-06-28,7,Yes,Unknown,0
CUS-101926,1927,Merve Yılmaz,24,Female,Adana,Y. Lisans,Serbest,86611,514,100,1929,0,1 Yıllık,EFT,2017-04-12,42,No,Android,0
CUS-100261,262,Zeynep Arslan,50,kadın,Bursa,Lisans,İşsiz,,552,91,1427,0,aylik,,2017-02-08,5,Evet,Tablet,0
CUS-100438,439,Ayşe Yılmaz,20,Male,Gaziantep,Yüksek Lisans,Emekli,25062,774,86,247,0,Aylık,,2025-07-23,16,EVET,iOS,0
CUS-100371,372,Burak Arslan,37,Erkek,Gaziantep,lise,Serbest,27510,886,51,2148,1,24 AY,,2024-09-09,12,Evet,iOS,0
CUS-100940,941,Emre Şahin,26,Female,ankara ,lisans ,Serbest,,618,101,1006,4,Aylık,kredi karti,2023-05-06,5,hayir,,0
CUS-102064,2065,Derya Aydın,44,Belirtmek istemiyor,ankara ,lisans ,Öğrenci,194106,619,13,1695,2,Aylık,Kredi Kartı,2019-03-03,20,Hayır,Web,0
CUS-101946,1947,Emre Kurt,56,erkek,Ankara,Lise,Serbest,23274,611,58,1636,3,1 Yıllık,Nakit,2017-10-02,6,0,web ,0
CUS-100516,517,Elif Çelik,,erkek,antalya,Ön Lisans,,26763,618,9,2042,0,Taahhütsüz,Otomatik Ödeme,2021-03-04,12,Evet,android,0
CUS-101935,1936,Mehmet Şahin,40,KADIN,ISTANBUL,Yüksek Lisans,İşsiz,35254,778,93,,2,,Banka Havalesi,2022-09-05,,Evet,Tablet,0
CUS-100856,857,Zeynep Arslan,37,erkek,Gaziantep,Lisans,Serbest,136835,450,119,1710,0,1 Yıllık,Nakit,2019-09-14,13,EVET,IOS,0
CUS-102082,2083,Ayşe Yılmaz,33,Belirtmek istemiyor,Unknown,Lisans,tam zamanli,10613,356,53,1568,2,Taahhütsüz,Kredi Kartı,2022-02-23,9,,android,0
CUS-101894,1895,Can Kurt,18,erkek,ankara ,lise,Öğrenci,144598,661,38,1023,4,Aylık,Otomatik Ödeme,2018-05-18,3,Hayır,android,0
CUS-101588,1589,Zeynep Yılmaz,18,Erkek,İstanbul,Y. Lisans,Öğrenci,65715,615,121,50,1,24 AY,kredi karti,2018-12-17,,Evet,Web,0
CUS-101611,1612,Zeynep Yılmaz,31,erkek,Ankara,Y. Lisans,Yarı Zamanlı,26582,685,50,405,2,2 Yıllık,EFT,2025-06-06,7,1,iOS,0
CUS-100297,298,Merve Şahin,,Female,,lise,Part-time,44080,688,23,2009,2,24 AY,Nakit,2022-08-08,4,Hayır,iOS,0
CUS-101774,1775,Can Demir,67,Male,Ankara,Doktora,Yarı Zamanlı,76553,704,40,1187,2,Aylık,EFT,2021-06-26,1,hayir,IOS,0
CUS-101905,1906,Derya Demir,58,Kadın,Gaziantep,lise,Öğrenci,56165,527,14,2050,2,aylik,Banka Havalesi,2019-03-21,10,0,web ,0
CUS-100823,824,Can Öz,66,Male,Antalya,Lise,Tam Zamanlı,30182,864,18,1530,2,Aylık,Otomatik Ödeme,2025-07-16,7,Yes,IOS,0
CUS-100012,13,Zeynep Kurt,,kadın,Unknown,Yüksek Lisans,tam zamanli,37359,600,60,50,2,24 AY,Otomatik Ödeme,2020-05-09,5,Evet,Web,0
CUS-100265,266,Ali Kurt,49,kadın,ankara ,Lise,Emekli,46634,672,51,1806,2,2 Yıllık,EFT,2024-05-18,,hayir,android,0
CUS-100016,17,Can Demir,33,erkek,ISTANBUL,Lise,Self-employed,67297,717,104,489,0,aylik,Otomatik Ödeme,2017-04-09,10,hayir,Tablet,0
CUS-101920,1921,Zeynep Kaya,52,kadın,Izmir,lise,Tam Zamanlı,17970,589,81,1542,2,24 AY,Banka Havalesi,2020-06-16,4,No,iOS,0
CUS-101868,1869,Emre Demir,47,Kadın,istanbul,,tam zamanli,24348,732,13,1977,1,Taahhütsüz,Nakit,2019-05-13,2,Hayır,android,0
CUS-101269,1270,Merve Çelik,41,kadın,ISTANBUL,,Emekli,44300,605,88,50,2,aylik,Kredi Kartı,2024-09-08,6,EVET,Web,0
CUS-100270,271,Burak Arslan,42,Erkek,Antalya,Y. Lisans,Tam Zamanlı,78598,669,18,2459,2,12 ay,,2025-04-06,4,No,Unknown,0
CUS-100627,628,Ali Demir,35,Erkek,antalya,lisans ,İşsiz,108518,649,10,1376,3,24 AY,otomatik odeme,2018-05-04,8,1,Unknown,0
CUS-100306,307,Elif Kurt,42,Belirtmek istemiyor,Adana,Yüksek Lisans,Emekli,66613,575,111,765,1,1 Yıllık,Kredi Kartı,2023-09-03,18,No,android,0
CUS-100955,956,Burak Demir,40,KADIN,BURSA,Yüksek Lisans,Serbest,77557,657,46,2037,1,1 Yıllık,Kredi Kartı,2018-12-25,8,Yes,web ,0
CUS-101930,1931,Derya Yılmaz,46,Female,Antalya,Ön Lisans,Emekli,48513,569,4,,2,Aylık,Banka Havalesi,2022-06-25,4,Hayır,web ,1
CUS-101082,1083,Can Şahin,50,Male,Gaziantep,Bilinmiyor,Tam Zamanlı,67855,478,84,1121,0,24 AY,otomatik odeme,2023-11-11,10,Evet,Tablet,0
CUS-100705,706,Derya Demir,33,Female,Adana,Bilinmiyor,Tam Zamanlı,46153,,102,869,0,,Banka Havalesi,2025-12-23,2,No,Android,0
CUS-102052,2053,Mehmet Kaya,38,kadın,Gaziantep,Bilinmiyor,Part-time,30033,677,43,1804,4,24 AY,Nakit,2019-11-13,21,1,android,0
CUS-100102,103,Can Çelik,15,erkek,Ankara,Doktora,,75983,789,2,298,1,2 Yıllık,kredi karti,2017-09-16,9,Evet,Web,0
CUS-101477,1478,Merve Yılmaz,41,Diğer,Izmir,Bilinmiyor,İşsiz,78445,478,13,1821,3,1 Yıllık,,2024-06-22,999,1,Web,1
CUS-100079,80,Emre Kaya,16,erkek,Antalya,Yüksek Lisans,Emekli,61817,735,5,706,3,12 ay,PayPal,2022-06-09,3,,iOS,0
CUS-100562,563,Zeynep Koç,63,kadın,ISTANBUL,Ön Lisans,Tam Zamanlı,68602,616,26,1554,2,Taahhütsüz,EFT,2022-02-03,17,hayir,iOS,0
CUS-100440,441,Merve Şahin,59,Erkek,Unknown,Lise,Self-employed,21445,,38,1278,0,Aylık,Otomatik Ödeme,2017-09-06,16,Hayır,web ,0
CUS-100550,551,Burak Yılmaz,48,Diğer,istanbul,lise,Serbest,34432,618,76,566,1,Aylık,Kredi Kartı,2017-11-09,4,Evet,Unknown,0
CUS-100878,879,Burak Yılmaz,42,kadın,Unknown,Lise,Tam Zamanlı,71878,583,84,1260,2,Aylık,otomatik odeme,,5,0,IOS,0
CUS-101169,1170,Can Öz,49,Female,İzmir,Lise,Serbest,53038,664,,2807,2,2 Yıllık,Nakit,2019-07-07,5,Yes,IOS,0
CUS-100264,265,Elif Aydın,27,erkek,Izmir,Yüksek Lisans,Emekli,34220,779,22,2107,3,12 ay,otomatik odeme,2024-05-18,5,EVET,iOS,0
CUS-100566,567,Elif Kaya,30,Diğer,Ankara,Doktora,Yarı Zamanlı,,690,112,1402,3,1 Yıllık,Banka Havalesi,2020-11-13,10,1,Unknown,0
CUS-101137,1138,Ali Yılmaz,34,Erkek,BURSA,Yüksek Lisans,tam zamanli,22819,,42,2286,0,,Nakit,2023-10-04,13,0,,0
CUS-101045,1046,Ali Çelik,30,Erkek,istanbul,Bilinmiyor,Tam Zamanlı,,643,4,1346,2,12 ay,Kredi Kartı,2024-04-05,14,hayir,IOS,0
CUS-100357,358,Can Demir,42,Female,Bursa,Doktora,Self-employed,30359,623,15,1559,2,aylik,Otomatik Ödeme,2017-04-09,4,Yes,iOS,0
CUS-100841,842,Mehmet Koç,39,Kadın,istanbul,Bilinmiyor,İşsiz,39792,791,39,2550,0,12 ay,Otomatik Ödeme,2022-12-22,,0,,0
CUS-101873,1874,Emre Arslan,42,Erkek,Konya,Yüksek Lisans,Yarı Zamanlı,41053,568,41,50,4,aylik,EFT,2019-09-22,2,Evet,android,0
CUS-101676,1677,Ali Öz,24,Belirtmek istemiyor,Konya,Lise,Tam Zamanlı,54174,738,65,173,3,Taahhütsüz,Banka Havalesi,,2,1,Android,0
CUS-102060,2061,Merve Çelik,39,kadın,antalya,Lise,İşsiz,22959,458,120,50,0,2 Yıllık,Otomatik Ödeme,2024-02-10,10,Hayır,android,0
CUS-101507,1508,Zeynep Aydın,44,erkek,BURSA,Bilinmiyor,Self-employed,645390,678,24,2153,2,12 ay,otomatik odeme,2017-07-02,8,Yes,Unknown,0
CUS-100096,97,Ali Öz,23,Belirtmek istemiyor,İstanbul,Lise,Tam Zamanlı,48279,475,43,905,4,1 Yıllık,Otomatik Ödeme,2024-03-06,,Hayır,iOS,0
CUS-100000,1,Emre Arslan,145,KADIN,ISTANBUL,Ön Lisans,Self-employed,607380,-120,70,124920,45,Aylık,kredi karti,17/10/2017,999,Evet,Web,1
CUS-101028,1029,Derya Koç,29,erkek,Ankara,lisans ,Tam Zamanlı,34671,497,48,2414,2,12 ay,EFT,2018-04-01,3,hayir,IOS,0
CUS-101584,1585,Mehmet Aydın,49,Erkek,,Ön Lisans,Part-time,44433,841,29,611,3,24 AY,Banka Havalesi,2024-04-14,6,hayir,Unknown,0
CUS-100891,892,Ali Öz,22,Belirtmek istemiyor,Ankara,Yüksek Lisans,Emekli,16169,666,20,1844,1,12 ay,PayPal,2024-07-14,1,No,web ,0
CUS-101963,1964,Ayşe Kurt,27,Erkek,Antalya,,Tam Zamanlı,24602,631,,1318,0,aylik,Nakit,2024-10-22,6,Hayır,Web,0
CUS-101937,1938,Mehmet Demir,48,Kadın,Unknown,lise,Öğrenci,,737,95,91485,2,Taahhütsüz,kredi karti,2025-03-16,16,0,web ,0
CUS-101553,1554,Merve Şahin,33,Kadın,İstanbul,Yüksek Lisans,Part-time,70737,624,118,1152,3,12 ay,Nakit,2024-11-03,5,hayir,IOS,0
CUS-101658,1659,Ayşe Kurt,40,Male,istanbul,Bilinmiyor,Tam Zamanlı,20148,526,49,881,1,,EFT,2021-11-26,15,0,web ,0
CUS-101040,1041,Emre Öz,18,Diğer,istanbul,Ön Lisans,Part-time,83491,587,85,1473,1,2 Yıllık,Nakit,2018-01-04,19,1,web ,0
CUS-101368,1369,Elif Şahin,16,Belirtmek istemiyor,istanbul,lisans ,Tam Zamanlı,,664,69,50,0,Aylık,Kredi Kartı,2017-02-13,6,Hayır,android,0
CUS-100840,841,Merve Öz,37,Erkek,İzmir,Ön Lisans,Yarı Zamanlı,73903,723,111,2302,3,24 AY,Otomatik Ödeme,2021-09-07,16,No,iOS,0
CUS-100428,429,Ali Kaya,22,Male,BURSA,lise,Öğrenci,22367,582,60,1064,0,2 Yıllık,Otomatik Ödeme,2020-07-26,3,Evet,IOS,0
CUS-101799,1800,Burak Yılmaz,,erkek,,Lise,Emekli,70605,,65,807,0,Taahhütsüz,Banka Havalesi,2024-05-27,3,No,iOS,0
CUS-101136,1137,Zeynep Demir,43,Diğer,Antalya,Doktora,Öğrenci,65378,661,50,1253,0,Aylık,EFT,2024-01-03,18,Evet,web ,0
CUS-101692,1693,Derya Çelik,36,Diğer,Izmir,Y. Lisans,Self-employed,,627,94,1357,4,12 ay,Nakit,2018-11-03,1,0,iOS,1
CUS-101667,1668,Can Şahin,17,kadın,İstanbul,lisans ,İşsiz,14994,431,,964,0,1 Yıllık,otomatik odeme,2024-06-25,0,1,Tablet,0
CUS-100642,643,Derya Aydın,33,Male,Bursa,lisans ,Öğrenci,22607,679,86,3209,3,12 ay,PayPal,2019-07-02,,1,Web,0
CUS-100556,557,Burak Öz,30,KADIN,antalya,Ön Lisans,Self-employed,28508,817,112,3322,0,24 AY,PayPal,2024-07-01,4,EVET,Tablet,0
CUS-101107,1108,Ali Çelik,34,kadın,Ankara,lisans ,,11838,605,37,2309,4,1 Yıllık,Nakit,2023-04-23,45,No,Unknown,0
CUS-100368,369,Burak Arslan,32,Kadın,Izmir,lisans ,Tam Zamanlı,18305,584,68,1987,2,24 AY,Otomatik Ödeme,2018-04-16,16,Evet,web ,0
CUS-101663,1664,Mehmet Kurt,39,KADIN,İstanbul,Bilinmiyor,Tam Zamanlı,,764,33,617,0,12 ay,otomatik odeme,2022-06-01,1,1,web ,0
CUS-101501,1502,Burak Şahin,26,Female,Izmir,Y. Lisans,tam zamanli,88474,619,121,50,1,aylik,Banka Havalesi,2021-12-08,3,Evet,Android,0
CUS-100744,745,Emre Şahin,35,erkek,Unknown,Doktora,Part-time,52584,690,,979,1,2 Yıllık,Kredi Kartı,2022-04-08,8,0,android,0
CUS-100663,664,Emre Kurt,42,erkek,İzmir,Ön Lisans,Öğrenci,24018,674,82,1297,,Taahhütsüz,Banka Havalesi,2023-10-28,8,Yes,iOS,0
CUS-101356,1357,Can Çelik,25,Diğer,Konya,Lisans,Serbest,31031,751,77,1322,4,24 AY,Nakit,2024-09-14,4,0,web ,0
CUS-100259,260,Can Yılmaz,26,KADIN,BURSA,Ön Lisans,Tam Zamanlı,48690,707,100,1668,1,aylik,otomatik odeme,2017-04-06,4,hayir,Tablet,0
CUS-101886,1887,Derya Çelik,41,Diğer,Ankara,lisans ,Öğrenci,66545,537,47,1593,1,2 Yıllık,PayPal,2024-06-07,2,0,iOS,0
CUS-100177,178,Elif Şahin,26,Erkek,Adana,,Self-employed,45268,601,118,3486,0,Taahhütsüz,PayPal,2019-04-17,5,Hayır,Tablet,0
CUS-100927,928,Derya Kurt,52,Belirtmek istemiyor,istanbul,Lisans,Emekli,102782,514,62,50,0,1 Yıllık,Nakit,2020-09-27,5,No,Unknown,0
CUS-101021,1022,Emre Kurt,22,erkek,antalya,Ön Lisans,İşsiz,53841,601,11,2570,1,2 Yıllık,EFT,2023-07-04,1,0,,0
CUS-100307,308,Derya Öz,77,Male,ISTANBUL,Yüksek Lisans,İşsiz,35651,682,77,1184,0,aylik,PayPal,2019-11-22,6,,web ,0
CUS-100077,78,Merve Koç,31,Erkek,Unknown,Lisans,Tam Zamanlı,106317,716,31,783,0,2 Yıllık,PayPal,2024-11-03,9,Hayır,Unknown,0
CUS-101345,1346,Derya Kurt,41,Kadın,antalya,Ön Lisans,Emekli,69192,828,99,1433,1,aylik,otomatik odeme,2025-08-23,10,Evet,Web,0
CUS-101397,1398,Can Şahin,38,Diğer,Konya,,Self-employed,,599,43,1150,1,24 AY,Banka Havalesi,2018-05-14,4,1,,0
CUS-101016,1017,Burak Çelik,21,Female,ankara ,Lisans,Yarı Zamanlı,26947,669,67,2081,3,Aylık,Otomatik Ödeme,2019-01-20,13,1,Android,0
CUS-100756,757,Merve Koç,34,Erkek,Adana,lise,,45387,609,50,2492,0,2 Yıllık,kredi karti,2020-06-13,1,0,Android,0
CUS-100471,472,Zeynep Kurt,27,KADIN,istanbul,Ön Lisans,tam zamanli,95323,,91,1728,1,24 AY,Otomatik Ödeme,2023-04-25,,Hayır,Android,0
CUS-100571,572,Burak Çelik,42,Erkek,İstanbul,Doktora,Self-employed,11401,449,10,1500,1,2 Yıllık,EFT,2022-04-22,5,Hayır,Unknown,1
CUS-100238,239,Mehmet Çelik,,kadın,ISTANBUL,Lise,İşsiz,20300,611,10,1954,0,12 ay,Kredi Kartı,2017-03-05,13,EVET,web ,0
CUS-101892,1893,Ayşe Şahin,32,Erkek,istanbul,Ön Lisans,Part-time,42448,915,56,1004,1,Aylık,EFT,2024-03-20,15,Evet,IOS,0
CUS-101093,1094,Derya Yılmaz,21,Erkek,Konya,lise,,66269,620,,2294,0,24 AY,Otomatik Ödeme,2025-09-20,31,0,Unknown,0
CUS-100935,936,Can Öz,39,Erkek,İstanbul,Y. Lisans,tam zamanli,26415,652,89,1007,2,aylik,Otomatik Ödeme,2018-12-09,6,hayir,Android,0
CUS-101092,1093,Zeynep Demir,24,Kadın,Adana,Yüksek Lisans,Part-time,47195,760,93,,2,1 Yıllık,Nakit,2021-07-06,6,Evet,IOS,0
CUS-100720,721,Ayşe Koç,,Female,Ankara,lisans ,Yarı Zamanlı,55239,772,73,3031,0,Aylık,Kredi Kartı,2025-12-13,13,1,Android,0
CUS-102126,2127,Derya Kurt,40,erkek,BURSA,Lise,Yarı Zamanlı,20169,714,64,600,0,aylik,kredi karti,2020-06-03,7,0,Tablet,0
CUS-100469,470,Ayşe Yılmaz,65,Kadın,Ankara,Bilinmiyor,Serbest,48019,686,52,1294,2,12 ay,kredi karti,2024-01-23,13,Yes,web ,0
CUS-101325,1326,Emre Demir,38,kadın,Gaziantep,Lisans,İşsiz,32571,520,,364,3,Taahhütsüz,otomatik odeme,2022-01-20,45,Evet,android,1
CUS-101876,1877,Elif Yılmaz,42,Kadın,Konya,Y. Lisans,Tam Zamanlı,83679,506,24,889,0,12 ay,otomatik odeme,2025-02-21,14,Hayır,IOS,0
CUS-101279,1280,Ali Yılmaz,26,Belirtmek istemiyor,Bursa,Doktora,Öğrenci,26807,617,83,1827,0,1 Yıllık,PayPal,2017-10-12,3,No,Tablet,0
CUS-100089,90,Emre Yılmaz,47,Female,Antalya,Y. Lisans,Öğrenci,47330,777,37,1764,0,1 Yıllık,Kredi Kartı,2020-03-06,10,,android,0
CUS-100560,561,Mehmet Öz,56,Belirtmek istemiyor,Adana,Y. Lisans,Serbest,43342,653,107,2078,1,24 AY,Otomatik Ödeme,2020-09-28,,Yes,web ,0
CUS-101232,1233,Merve Şahin,28,Belirtmek istemiyor,Unknown,Yüksek Lisans,Part-time,,628,28,1517,2,Aylık,Banka Havalesi,2023-03-21,3,EVET,Unknown,0
CUS-101140,1141,Ali Demir,38,KADIN,İzmir,Doktora,Emekli,21642,605,,1657,0,,kredi karti,2024-02-04,5,hayir,Tablet,0
CUS-101717,1718,Emre Yılmaz,33,kadın,antalya,Lise,Tam Zamanlı,35203,445,,2394,3,aylik,otomatik odeme,2018-01-02,3,,Tablet,0
CUS-100998,999,Mehmet Demir,36,erkek,İstanbul,Yüksek Lisans,tam zamanli,39686,607,107,1318,2,24 AY,EFT,2020-02-22,3,Yes,iOS,0
CUS-100584,585,Burak Demir,40,KADIN,BURSA,Doktora,,42103,663,101,1694,4,24 AY,Otomatik Ödeme,2019-05-26,3,1,android,0
CUS-100236,237,Merve Koç,39,Female,,Yüksek Lisans,Serbest,34357,591,97,1186,2,12 ay,kredi karti,2017-11-07,,No,Tablet,0
CUS-101433,1434,Ayşe Kurt,52,Erkek,Izmir,Lise,Emekli,34999,780,,,0,1 Yıllık,Kredi Kartı,2024-03-06,3,1,Web,0
CUS-101097,1098,Ayşe Demir,51,Female,BURSA,,Yarı Zamanlı,47530,866,43,1650,0,24 AY,otomatik odeme,2018-11-21,3,Yes,Android,0
CUS-100611,612,Mehmet Şahin,55,Belirtmek istemiyor,Izmir,Yüksek Lisans,Öğrenci,23270,360,59,166,0,24 AY,kredi karti,2024-02-13,6,0,web ,0
CUS-101833,1834,Emre Kurt,40,Female,BURSA,Lisans,Self-employed,,578,26,1116,0,2 Yıllık,Otomatik Ödeme,2021-08-22,,0,Tablet,0
CUS-101653,1654,Emre Kaya,35,,Gaziantep,Bilinmiyor,Self-employed,27910,632,24,,5,aylik,Kredi Kartı,2025-04-05,5,Hayır,android,1
CUS-101275,1276,Can Kurt,58,Erkek,ankara ,lisans ,İşsiz,77329,556,26,877,1,12 ay,Nakit,2021-03-12,2,Hayır,android,0
CUS-101395,1396,Mehmet Öz,37,Female,BURSA,Doktora,İşsiz,26912,737,,1532,2,Aylık,Nakit,2017-11-10,4,Yes,web ,0
CUS-100537,538,Derya Demir,54,KADIN,Ankara,Lisans,,73080,619,51,2554,3,Taahhütsüz,otomatik odeme,2019-10-23,9,EVET,web ,0
CUS-100336,337,Burak Öz,40,Belirtmek istemiyor,antalya,lise,Öğrenci,61568,530,32,1818,0,1 Yıllık,EFT,2021-09-02,,Evet,Unknown,0
CUS-101358,1359,Ali Aydın,30,Male,Konya,Lisans,Öğrenci,28303,613,69,944,2,Taahhütsüz,Otomatik Ödeme,19/03/2018,10,No,web ,0
CUS-101348,1349,Burak Arslan,34,erkek,Konya,Doktora,,192192,550,56,370,2,Aylık,Kredi Kartı,2020-07-11,12,hayir,web ,0
CUS-100876,877,Elif Kaya,49,KADIN,Ankara,Lisans,Öğrenci,15270,735,10,,,aylik,kredi karti,2025-07-15,17,Hayır,Android,1
CUS-101115,1116,Burak Çelik,50,erkek,Izmir,,Self-employed,19662,604,9,347,1,2 Yıllık,Banka Havalesi,2022-01-22,4,No,Web,0
CUS-100289,290,Derya Öz,25,Erkek,BURSA,Y. Lisans,İşsiz,96086,581,,,0,Taahhütsüz,Nakit,2019-02-26,6,No,IOS,0
CUS-101678,1679,Elif Şahin,21,erkek,Ankara,Y. Lisans,Part-time,62624,628,118,1112,1,Taahhütsüz,kredi karti,2017-10-20,12,hayir,iOS,0
CUS-100050,51,Derya Şahin,69,KADIN,İzmir,Bilinmiyor,Emekli,48589,,103,50,0,12 ay,Nakit,2022-07-20,21,Hayır,iOS,0
CUS-101224,1225,Ali Demir,52,KADIN,BURSA,Y. Lisans,Part-time,82269,667,102,1413,3,24 AY,,2025-02-09,3,,Tablet,0
CUS-101565,1566,Ayşe Yılmaz,20,KADIN,Antalya,lise,Yarı Zamanlı,,650,102,1985,0,aylik,kredi karti,2018-08-02,3,Hayır,IOS,0
CUS-101099,1100,Zeynep Şahin,48,Belirtmek istemiyor,Gaziantep,lise,Tam Zamanlı,37199,641,29,50,2,24 AY,Nakit,2019-01-24,7,hayir,android,0
CUS-102143,2144,Burak Koç,39,Kadın,antalya,Yüksek Lisans,Yarı Zamanlı,23588,618,8,1214,5,aylik,Nakit,2024-11-06,,,Android,0
CUS-100363,364,Elif Şahin,32,KADIN,Izmir,Yüksek Lisans,Tam Zamanlı,35138,622,51,3483,2,Taahhütsüz,Banka Havalesi,2025-06-02,2,Evet,Android,0
CUS-101502,1503,Mehmet Kaya,52,Belirtmek istemiyor,ankara ,Ön Lisans,Self-employed,47653,494,34,2257,1,1 Yıllık,PayPal,,3,hayir,web ,0
CUS-100304,305,Zeynep Arslan,32,Belirtmek istemiyor,antalya,,Part-time,26693,666,17,520,0,2 Yıllık,otomatik odeme,2022-10-11,,hayir,Unknown,1
CUS-101652,1653,Emre Çelik,44,KADIN,Izmir,Lise,Serbest,17680,728,12,1235,0,24 AY,Otomatik Ödeme,2022-04-12,3,No,Android,0
CUS-101638,1639,Ali Kurt,32,Male,İzmir,Y. Lisans,Serbest,44880,669,51,2070,1,2 Yıllık,Otomatik Ödeme,2018-12-06,6,hayir,IOS,0
CUS-101120,1121,Burak Kurt,28,Female,,Doktora,Yarı Zamanlı,30667,632,86,2233,2,1 Yıllık,otomatik odeme,2019-04-28,2,No,IOS,0
CUS-101891,1892,Derya Öz,33,Kadın,BURSA,lisans ,Emekli,22865,595,63,950,2,Taahhütsüz,otomatik odeme,2018-12-18,3,EVET,IOS,0
CUS-102034,2035,Zeynep Kurt,33,Diğer,antalya,lise,Tam Zamanlı,55390,839,65,413,3,24 AY,PayPal,2017-10-23,2,1,Unknown,0
CUS-100813,814,Ayşe Koç,62,Male,İzmir,Ön Lisans,İşsiz,,710,115,2113,3,Taahhütsüz,otomatik odeme,2025-04-12,9,Evet,iOS,0
CUS-100575,576,Elif Yılmaz,24,Male,Antalya,Ön Lisans,tam zamanli,18453,683,,1888,0,aylik,Otomatik Ödeme,2024-07-26,7,EVET,Unknown,0
CUS-101979,1980,Zeynep Demir,29,Erkek,antalya,Yüksek Lisans,tam zamanli,68728,607,77,,1,aylik,kredi karti,2017-05-24,14,EVET,iOS,0
CUS-102116,2117,Mehmet Öz,41,Male,Antalya,Lise,,34485,,117,50,3,1 Yıllık,PayPal,2017-07-13,2,Hayır,Tablet,0
CUS-101152,1153,Merve Demir,43,erkek,ankara ,lise,Self-employed,18826,524,6,620,0,aylik,Kredi Kartı,2021-10-14,5,EVET,iOS,0
CUS-100619,620,Emre Demir,39,KADIN,istanbul,Lise,Öğrenci,34075,649,118,50,2,1 Yıllık,,2025-07-23,2,Yes,android,1
CUS-101284,1285,Emre Şahin,36,Female,BURSA,,İşsiz,29522,568,84,2293,0,2 Yıllık,EFT,2018-03-05,25,,IOS,0
CUS-101927,1928,Zeynep Kurt,33,Male,Unknown,Doktora,Serbest,23113,636,87,2578,1,24 AY,Kredi Kartı,2024-09-18,3,No,IOS,0
CUS-101122,1123,Ali Kaya,24,Male,Antalya,Lisans,İşsiz,14565,588,11,1641,3,24 AY,Banka Havalesi,2021-03-05,7,EVET,iOS,0
CUS-101618,1619,Ali Yılmaz,40,Female,,Y. Lisans,Yarı Zamanlı,39005,510,10,704,0,12 ay,kredi karti,2019-09-22,7,0,web ,0
CUS-101014,1015,Burak Kurt,,kadın,ankara ,Ön Lisans,tam zamanli,44522,629,44,938,0,12 ay,Otomatik Ödeme,2020-10-27,7,Evet,web ,0
CUS-100347,348,Mehmet Yılmaz,30,Erkek,BURSA,Ön Lisans,,60715,687,82,783,0,Taahhütsüz,PayPal,2018-05-04,8,Evet,iOS,0
CUS-100926,927,Mehmet Şahin,35,Erkek,Ankara,lise,Self-employed,40996,698,40,2130,0,24 AY,Kredi Kartı,2022-12-19,5,Evet,Android,0
CUS-100647,648,Ayşe Öz,37,Male,istanbul,Y. Lisans,Tam Zamanlı,18304,795,79,1135,0,1 Yıllık,Banka Havalesi,2022-08-14,4,Evet,IOS,0
CUS-101903,1904,Burak Arslan,,erkek,,lise,,22247,,117,1465,4,12 ay,kredi karti,2024-11-25,19,0,android,0
CUS-101192,1193,Elif Yılmaz,48,Male,Antalya,lisans ,Part-time,33416,800,58,76860,2,Taahhütsüz,PayPal,,5,Yes,web ,0
CUS-101077,1078,Zeynep Kurt,61,Erkek,Adana,lise,Part-time,36694,478,57,2318,1,12 ay,kredi karti,2021-10-24,9,hayir,IOS,0
CUS-102112,2113,Derya Koç,35,kadın,İzmir,lise,Tam Zamanlı,32905,532,78,1789,0,2 Yıllık,kredi karti,2023-04-13,5,EVET,IOS,0
CUS-101916,1917,Emre Demir,,Diğer,İzmir,Lise,Tam Zamanlı,38900,741,66,2281,1,2 Yıllık,Nakit,2022-01-11,19,Hayır,IOS,0
CUS-100095,96,Elif Koç,41,Female,,,Öğrenci,20467,432,117,503,0,Taahhütsüz,EFT,2017-04-26,4,1,IOS,0
CUS-101422,1423,Mehmet Demir,42,,İzmir,lisans ,Self-employed,28614,613,50,1584,3,aylik,otomatik odeme,2021-10-27,17,EVET,iOS,1
CUS-101146,1147,Ali Koç,50,Belirtmek istemiyor,istanbul,Yüksek Lisans,Tam Zamanlı,22814,589,86,,3,Taahhütsüz,Banka Havalesi,,4,Hayır,Web,0
CUS-100833,834,Zeynep Koç,32,Belirtmek istemiyor,istanbul,Bilinmiyor,Emekli,36620,,43,1651,2,2 Yıllık,otomatik odeme,2018-04-07,8,No,Web,0
CUS-101627,1628,Burak Demir,7,Erkek,Izmir,Lisans,tam zamanli,53981,538,89,1273,0,Aylık,otomatik odeme,2022-02-14,5,1,android,0
CUS-101800,1801,Derya Kurt,67,erkek,BURSA,Ön Lisans,Öğrenci,25920,718,6,1564,6,aylik,Nakit,2025-05-10,21,hayir,Tablet,1
CUS-100776,777,Ali Koç,39,Diğer,istanbul,Bilinmiyor,Tam Zamanlı,44615,573,10,2607,0,Aylık,otomatik odeme,28/10/2025,3,0,android,0
CUS-101693,1694,Ali Öz,55,Kadın,,lise,Self-employed,21180,651,74,1814,1,aylik,PayPal,2021-09-26,2,1,android,0
CUS-101281,1282,Derya Kaya,33,kadın,Gaziantep,Yüksek Lisans,Self-employed,54622,590,46,964,2,1 Yıllık,kredi karti,2023-05-08,1,Hayır,Unknown,0
CUS-100176,177,Burak Demir,26,Kadın,ISTANBUL,,Yarı Zamanlı,27458,680,45,2162,2,1 Yıllık,Kredi Kartı,2022-02-20,4,1,android,0
CUS-101386,1387,Derya Kurt,7,Kadın,antalya,lisans ,tam zamanli,32771,645,4,191,2,2 Yıllık,Nakit,2024-03-03,2,No,Web,0
CUS-101419,1420,Can Öz,35,Female,,Y. Lisans,Serbest,65177,752,89,973,2,Aylık,Kredi Kartı,2025-08-15,2,Yes,Tablet,0
CUS-100712,713,Ali Arslan,43,Female,Unknown,Doktora,Yarı Zamanlı,,,21,1857,0,Aylık,Otomatik Ödeme,2021-12-20,7,Hayır,android,1
CUS-100190,191,Mehmet Kaya,27,Erkek,Izmir,Bilinmiyor,Emekli,87804,696,41,1198,0,24 AY,kredi karti,2017-09-27,3,1,android,0
CUS-100300,301,Can Demir,57,Kadın,Konya,Lise,Öğrenci,57202,537,54,1102,,Aylık,PayPal,2021-04-06,2,,Unknown,0
CUS-101400,1401,Zeynep Aydın,29,Female,Konya,Bilinmiyor,tam zamanli,91283,699,68,2344,0,12 ay,otomatik odeme,2020-03-17,1,No,web ,0
CUS-101058,1059,Zeynep Arslan,31,Belirtmek istemiyor,,Yüksek Lisans,İşsiz,15731,565,107,157,2,1 Yıllık,otomatik odeme,2023-06-06,7,hayir,Android,0
CUS-101448,1449,Emre Koç,,Erkek,Adana,Lisans,Emekli,32069,505,94,1419,1,Aylık,kredi karti,2018-01-11,14,Yes,Android,0
CUS-100544,545,Emre Aydın,,Belirtmek istemiyor,Adana,Lisans,tam zamanli,11643,655,96,1185,0,12 ay,,2021-06-19,3,Evet,web ,0
CUS-102107,2108,Merve Kurt,,Diğer,İstanbul,lise,Part-time,34335,682,35,754,1,Taahhütsüz,Kredi Kartı,2019-02-26,5,No,web ,0
CUS-101432,1433,Mehmet Öz,46,Kadın,BURSA,Doktora,Emekli,13305,,50,1764,3,24 AY,kredi karti,2024-03-11,,1,Web,0
CUS-101086,1087,Mehmet Yılmaz,3,Male,ISTANBUL,,Self-employed,45003,,34,1857,3,2 Yıllık,otomatik odeme,2021-08-16,2,No,web ,0
CUS-100973,974,Mehmet Aydın,49,Erkek,Konya,Doktora,İşsiz,78493,721,42,2644,2,24 AY,Otomatik Ödeme,2022-12-26,12,EVET,Web,0
CUS-100897,898,Mehmet Şahin,39,KADIN,antalya,lise,Öğrenci,37565,,39,2067,,aylik,Banka Havalesi,2022-07-02,3,EVET,android,0
CUS-101031,1032,Ayşe Kurt,34,Female,İstanbul,Yüksek Lisans,Emekli,17269,597,28,1694,2,2 Yıllık,Banka Havalesi,2024-10-03,5,hayir,Android,0
CUS-100563,564,Burak Aydın,31,Kadın,Adana,lisans ,Tam Zamanlı,25316,610,58,1207,0,Taahhütsüz,otomatik odeme,2019-12-13,4,0,android,0
CUS-100893,894,Ayşe Koç,49,,ISTANBUL,Yüksek Lisans,Yarı Zamanlı,25413,573,67,1084,4,Aylık,otomatik odeme,2019-03-28,2,1,IOS,1
CUS-100402,403,Zeynep Arslan,,Male,Konya,Bilinmiyor,İşsiz,59720,673,100,1855,1,Taahhütsüz,Otomatik Ödeme,,15,hayir,IOS,0
CUS-102154,2155,Derya Yılmaz,42,,Konya,Bilinmiyor,tam zamanli,45530,,79,1979,2,2 Yıllık,Kredi Kartı,2025-01-01,3,Evet,Web,0
CUS-100180,181,Merve Yılmaz,47,kadın,Ankara,Doktora,Tam Zamanlı,67519,789,93,2578,3,2 Yıllık,Kredi Kartı,2020-01-28,4,0,Android,0
CUS-100660,661,Can Koç,45,Diğer,ankara ,Bilinmiyor,Self-employed,44322,395,5,1489,1,Aylık,kredi karti,2017-10-10,13,Evet,,1
CUS-101264,1265,Ayşe Öz,50,Kadın,ISTANBUL,Y. Lisans,tam zamanli,26174,636,44,2486,1,24 AY,EFT,2020-01-11,10,0,IOS,0
CUS-100990,991,Emre Koç,36,Erkek,Gaziantep,Bilinmiyor,,35461,471,92,521,0,12 ay,Banka Havalesi,2023-07-15,5,No,Android,0
CUS-101682,1683,Emre Arslan,36,Belirtmek istemiyor,Unknown,lise,tam zamanli,55589,587,13,290,4,12 ay,Banka Havalesi,2018-10-21,3,1,Android,0
CUS-101775,1776,Ayşe Koç,38,kadın,ISTANBUL,,Tam Zamanlı,40731,673,18,2233,2,Taahhütsüz,Banka Havalesi,2017-07-14,12,Hayır,iOS,1
CUS-100913,914,Merve Demir,32,KADIN,Bursa,Lisans,Tam Zamanlı,29264,,101,1225,1,aylik,otomatik odeme,2018-06-28,3,No,Android,0
CUS-102072,2073,Ali Yılmaz,31,Diğer,Antalya,Yüksek Lisans,Tam Zamanlı,25222,828,105,50,2,Aylık,Banka Havalesi,2022-03-27,5,Hayır,android,0
CUS-100395,396,Zeynep Kaya,5,Male,Konya,Yüksek Lisans,Serbest,27028,781,3,1041,2,12 ay,Kredi Kartı,2022-02-17,3,0,iOS,0
CUS-100587,588,Can Koç,24,Belirtmek istemiyor,Bursa,Y. Lisans,Yarı Zamanlı,66116,585,75,2163,4,2 Yıllık,Nakit,2019-09-09,3,Evet,iOS,0
CUS-100445,446,Elif Demir,31,KADIN,Gaziantep,Lise,Tam Zamanlı,89900,564,74,1710,0,aylik,otomatik odeme,2022-07-10,8,EVET,IOS,0
CUS-100061,62,Elif Şahin,39,KADIN,İzmir,Lisans,Yarı Zamanlı,19615,721,36,1918,1,1 Yıllık,Nakit,2019-08-08,1,No,Unknown,0
CUS-100321,322,Ayşe Kurt,32,Diğer,Konya,Y. Lisans,Tam Zamanlı,31445,586,8,2263,2,Taahhütsüz,EFT,2023-12-01,9,hayir,Web,0
CUS-100014,15,Elif Demir,54,Belirtmek istemiyor,ankara ,lisans ,Emekli,62310,830,77,,1,24 AY,Nakit,2022-08-01,3,0,IOS,0
CUS-101601,1602,Ali Yılmaz,53,KADIN,İstanbul,,Serbest,44016,615,61,2519,3,2 Yıllık,Kredi Kartı,2025-11-28,11,1,IOS,0
CUS-100574,575,Emre Arslan,49,,ISTANBUL,Yüksek Lisans,Self-employed,24807,609,110,267,2,aylik,EFT,2025-11-21,4,1,Unknown,0
CUS-100873,874,Elif Koç,47,kadın,Ankara,Yüksek Lisans,Öğrenci,107062,625,105,50,0,12 ay,Nakit,01/06/2025,5,EVET,web ,0
CUS-100709,710,Mehmet Çelik,22,KADIN,Gaziantep,Doktora,Serbest,,688,117,1171,2,1 Yıllık,Otomatik Ödeme,2018-07-18,2,1,Tablet,0
CUS-101877,1878,Mehmet Arslan,39,erkek,ISTANBUL,Ön Lisans,Öğrenci,,767,91,2161,2,2 Yıllık,kredi karti,2018-08-04,7,Yes,Web,0
CUS-101514,1515,Derya Demir,49,KADIN,Ankara,Y. Lisans,Part-time,22567,529,19,1280,0,Taahhütsüz,Nakit,2023-04-28,4,Yes,Android,0
CUS-101528,1529,Burak Şahin,28,erkek,Izmir,Lisans,Öğrenci,23540,742,112,1045,3,aylik,EFT,,3,hayir,Android,0
CUS-100972,973,Zeynep Şahin,50,KADIN,istanbul,lise,Tam Zamanlı,56364,764,97,2765,1,1 Yıllık,EFT,2021-05-05,1,Evet,Android,0
CUS-102081,2082,Mehmet Aydın,27,KADIN,Antalya,Doktora,Tam Zamanlı,35534,608,81,,1,Taahhütsüz,Otomatik Ödeme,2021-08-21,9,0,iOS,0
CUS-102048,2049,Derya Koç,44,Male,Unknown,Lise,Öğrenci,11091,802,77,552,1,1 Yıllık,PayPal,2019-02-12,12,Hayır,IOS,0
CUS-101843,1844,Derya Arslan,,,BURSA,,Öğrenci,51109,731,114,2190,0,1 Yıllık,Banka Havalesi,09/04/2021,17,,Android,0
CUS-101613,1614,Can Çelik,25,Diğer,Adana,,İşsiz,41407,645,117,272,1,12 ay,EFT,2023-11-05,11,Yes,Tablet,0
CUS-100417,418,Elif Öz,55,kadın,istanbul,Lise,Serbest,27106,681,60,168,1,12 ay,EFT,2023-11-05,2,EVET,iOS,0
CUS-101261,1262,Derya Arslan,,Female,antalya,Bilinmiyor,Tam Zamanlı,26347,621,106,1516,3,12 ay,Banka Havalesi,26/11/2022,5,Hayır,iOS,0
CUS-100511,512,Mehmet Koç,41,Belirtmek istemiyor,Gaziantep,Doktora,,22727,655,80,910,0,aylik,EFT,2022-11-03,4,,web ,0
CUS-100384,385,Burak Arslan,39,Belirtmek istemiyor,ISTANBUL,Y. Lisans,tam zamanli,34534,723,41,3360,1,Aylık,Otomatik Ödeme,2020-05-03,2,0,Tablet,0
CUS-101503,1504,Derya Koç,47,Female,istanbul,Yüksek Lisans,,80407,610,76,805,1,12 ay,Kredi Kartı,2024-12-21,10,hayir,IOS,0
CUS-100925,926,Zeynep Yılmaz,35,Belirtmek istemiyor,Konya,Y. Lisans,tam zamanli,45466,649,25,1766,3,24 AY,Kredi Kartı,2017-09-12,2,hayir,Tablet,0
CUS-101680,1681,Merve Arslan,37,Female,Konya,,Yarı Zamanlı,34488,638,26,1891,0,12 ay,Otomatik Ödeme,2018-12-21,2,Yes,web ,0
CUS-101049,1050,Ayşe Çelik,61,KADIN,İzmir,lisans ,Emekli,36994,620,76,1286,2,1 Yıllık,kredi karti,2021-01-17,14,0,IOS,0
CUS-101247,1248,Ayşe Demir,51,erkek,ankara ,Lise,tam zamanli,55846,688,1,1021,1,aylik,otomatik odeme,2018-01-03,7,EVET,IOS,0
CUS-101879,1880,Emre Aydın,32,Belirtmek istemiyor,BURSA,Ön Lisans,Tam Zamanlı,22920,764,72,1856,4,Aylık,kredi karti,2022-12-02,13,Yes,Android,1
CUS-101193,1194,Mehmet Yılmaz,19,Belirtmek istemiyor,BURSA,,Part-time,57898,507,34,,2,1 Yıllık,otomatik odeme,2020-05-10,2,EVET,web ,0
CUS-100640,641,Mehmet Kurt,8,Female,,Bilinmiyor,Yarı Zamanlı,33695,764,90,859,4,,PayPal,2025-07-16,5,Evet,Tablet,1
CUS-100155,156,Zeynep Arslan,24,Male,,Lise,Part-time,108657,763,40,899,2,Taahhütsüz,Otomatik Ödeme,2025-10-03,18,,,0
CUS-102102,2103,Derya Kaya,39,KADIN,Antalya,Doktora,tam zamanli,65399,561,113,321,2,1 Yıllık,kredi karti,2017-03-26,8,Hayır,,0
CUS-100084,85,Ali Koç,47,KADIN,İzmir,lisans ,Tam Zamanlı,43891,630,5,2001,,24 AY,otomatik odeme,2018-12-08,5,Hayır,web ,0
CUS-101108,1109,Ayşe Yılmaz,46,Kadın,ISTANBUL,lise,Self-employed,26045,604,75,1769,0,1 Yıllık,Kredi Kartı,2019-05-05,7,No,web ,0
CUS-101988,1989,Ayşe Koç,34,kadın,Konya,lisans ,Part-time,32667,689,6,1054,0,24 AY,Nakit,2022-05-24,10,hayir,Tablet,0
CUS-100312,313,Emre Aydın,42,Female,antalya,Lisans,Serbest,47463,614,102,59,0,24 AY,Nakit,2017-03-12,2,0,Tablet,0
CUS-102104,2105,Ayşe Kaya,50,kadın,Konya,,Part-time,22980,,86,2027,1,Taahhütsüz,otomatik odeme,2022-08-01,5,Hayır,iOS,0
CUS-101803,1804,Derya Demir,37,Diğer,istanbul,Doktora,Emekli,27054,848,108,50,2,Taahhütsüz,Otomatik Ödeme,2021-04-13,2,No,web ,0
CUS-101084,1085,Zeynep Arslan,49,Kadın,BURSA,Lise,tam zamanli,10716,584,18,1538,3,2 Yıllık,Kredi Kartı,2017-07-24,16,,Android,0
CUS-100834,835,Derya Çelik,43,Belirtmek istemiyor,Ankara,Y. Lisans,Emekli,113831,564,47,1368,2,,Banka Havalesi,2018-01-18,4,EVET,web ,0
CUS-101457,1458,Can Aydın,50,Female,antalya,Doktora,Self-employed,70597,598,14,1583,2,12 ay,Kredi Kartı,2023-04-11,9,EVET,iOS,0
CUS-102025,2026,Ali Koç,56,,Bursa,lisans ,Self-employed,,740,,2261,2,2 Yıllık,EFT,2018-07-27,2,0,android,0
CUS-101898,1899,Can Kurt,46,Diğer,Antalya,Yüksek Lisans,Self-employed,17537,769,3,1180,2,,Nakit,2018-03-21,7,Hayır,web ,0
CUS-101273,1274,Ayşe Koç,43,Diğer,istanbul,Ön Lisans,Part-time,28431,598,97,1018,1,Aylık,Banka Havalesi,2021-08-21,14,Yes,Android,0
CUS-101590,1591,Derya Koç,55,Female,Adana,Lisans,Self-employed,26980,642,98,2212,0,Aylık,Kredi Kartı,2019-09-03,7,Yes,Android,0
CUS-101154,1155,Ayşe Öz,48,Erkek,ankara ,Doktora,tam zamanli,24013,701,54,2429,2,2 Yıllık,PayPal,2019-06-03,4,Hayır,Unknown,0
CUS-100058,59,Mehmet Demir,37,Erkek,Izmir,Ön Lisans,Yarı Zamanlı,37443,645,38,2512,2,2 Yıllık,otomatik odeme,2017-08-07,19,No,Web,0
CUS-100203,204,Mehmet Yılmaz,51,Diğer,Bursa,lise,Self-employed,107812,579,16,809,1,Taahhütsüz,Nakit,2018-03-24,3,hayir,web ,0
CUS-100182,183,Mehmet Yılmaz,51,Belirtmek istemiyor,Antalya,,Tam Zamanlı,27361,580,4,1384,2,12 ay,otomatik odeme,2024-10-20,26,Hayır,web ,0
CUS-100524,525,Can Koç,26,,Izmir,Lise,Serbest,41620,588,108,1685,3,Aylık,otomatik odeme,not_a_date,14,Yes,iOS,0
CUS-100047,48,Zeynep Demir,32,Male,BURSA,Doktora,Yarı Zamanlı,76360,,89,2132,0,aylik,PayPal,2018-03-16,11,Evet,android,0
CUS-100038,39,Derya Kaya,46,,Antalya,Ön Lisans,Yarı Zamanlı,31173,549,33,2337,0,1 Yıllık,EFT,2023-06-05,2,,iOS,0
CUS-100113,114,Burak Öz,29,Male,Ankara,Doktora,Tam Zamanlı,34610,,20,1888,1,aylik,,2020-03-07,3,,iOS,0
CUS-101529,1530,Emre Koç,50,Male,BURSA,Ön Lisans,İşsiz,42238,773,101,1256,1,aylik,kredi karti,2020-11-23,3,Evet,Android,0
CUS-100765,766,Mehmet Koç,28,erkek,antalya,Lise,Self-employed,43173,656,7,1395,2,Aylık,EFT,2019-06-17,,EVET,iOS,0
CUS-100784,785,Emre Demir,47,KADIN,Gaziantep,Bilinmiyor,Yarı Zamanlı,30177,448,98,1411,1,aylik,kredi karti,2019-01-20,7,Evet,Web,0
CUS-100396,397,Burak Arslan,39,Kadın,istanbul,Doktora,Tam Zamanlı,26097,607,25,2174,1,1 Yıllık,PayPal,2025-10-23,9,No,android,0
CUS-101036,1037,Zeynep Şahin,36,Diğer,Antalya,Bilinmiyor,Serbest,,,87,1418,1,Aylık,Kredi Kartı,2022-05-24,2,No,Tablet,0
CUS-101729,1730,Elif Koç,16,kadın,,lisans ,,23791,633,10,1394,3,12 ay,otomatik odeme,2017-06-18,10,1,Unknown,0
CUS-101246,1247,Merve Kaya,34,Male,Unknown,,Yarı Zamanlı,62893,588,9,1979,0,2 Yıllık,PayPal,2020-06-22,7,EVET,iOS,0
CUS-100146,147,Zeynep Şahin,34,erkek,Ankara,Lisans,İşsiz,35226,,117,921,3,2 Yıllık,Banka Havalesi,2018-11-18,9,1,Web,0
CUS-100028,29,Ali Kurt,30,Belirtmek istemiyor,Konya,Bilinmiyor,tam zamanli,29197,591,120,944,0,aylik,Banka Havalesi,2023-07-23,,1,Tablet,0
CUS-101173,1174,Zeynep Yılmaz,39,Erkek,İzmir,Y. Lisans,Part-time,77806,610,57,602,2,2 Yıllık,EFT,2018-03-10,1,Yes,Unknown,0
CUS-102065,2066,Burak Demir,43,Belirtmek istemiyor,Konya,Lisans,Yarı Zamanlı,72654,721,80,1721,2,aylik,Otomatik Ödeme,2024-06-26,,Evet,iOS,0
CUS-101505,1506,Emre Kurt,80,Kadın,Adana,Yüksek Lisans,İşsiz,23643,569,67,1671,0,12 ay,Nakit,2024-05-15,6,hayir,android,0
CUS-101147,1148,Zeynep Aydın,45,Erkek,İstanbul,Ön Lisans,Part-time,26083,567,38,2873,1,2 Yıllık,,2025-03-17,,0,Tablet,0
CUS-101104,1105,Elif Öz,31,,Adana,lisans ,Serbest,65288,608,42,2035,0,Taahhütsüz,otomatik odeme,2017-07-14,15,No,web ,0
CUS-100815,816,Emre Arslan,27,kadın,İzmir,lise,tam zamanli,32054,50,103,451,0,Aylık,EFT,2019-01-09,23,0,web ,0
CUS-102092,2093,Merve Şahin,15,Female,Adana,Bilinmiyor,Öğrenci,32360,593,35,1828,2,Taahhütsüz,Kredi Kartı,2018-09-20,1,No,,0
CUS-101748,1749,Mehmet Çelik,34,Erkek,Bursa,Lise,tam zamanli,17270,639,110,1643,0,Taahhütsüz,Nakit,2018-03-22,8,hayir,Web,0
CUS-101287,1288,Can Şahin,59,Male,BURSA,lise,Part-time,30816,,33,1233,0,1 Yıllık,,2021-11-13,30,hayir,iOS,1
CUS-100109,110,Mehmet Çelik,47,kadın,Gaziantep,Doktora,,35996,746,26,,0,12 ay,Kredi Kartı,,7,Yes,IOS,0
CUS-102013,2014,Ali Kurt,37,Diğer,ISTANBUL,lisans ,İşsiz,31920,552,25,1577,0,2 Yıllık,kredi karti,2025-12-15,8,0,,0
CUS-100008,9,Elif Şahin,50,erkek,ankara ,Bilinmiyor,Serbest,30969,586,31,1577,1,aylik,Otomatik Ödeme,2019-06-18,7,hayir,Web,0
CUS-100904,905,Derya Çelik,49,Belirtmek istemiyor,İzmir,Y. Lisans,Part-time,,615,98,213,2,1 Yıllık,Banka Havalesi,2024-06-12,8,0,iOS,0
CUS-100013,14,Elif Kurt,14,Belirtmek istemiyor,Izmir,lise,İşsiz,26401,600,42,826,0,Taahhütsüz,Kredi Kartı,2018-08-13,9,No,Tablet,0
CUS-101504,1505,Emre Arslan,17,Belirtmek istemiyor,İzmir,Bilinmiyor,Emekli,25680,688,55,2854,3,,Otomatik Ödeme,2025-06-14,4,No,Web,0
CUS-101482,1483,Merve Arslan,55,,BURSA,Lise,Part-time,54130,662,86,1066,0,12 ay,Banka Havalesi,2022-07-08,5,1,iOS,0
CUS-101923,1924,Derya Kurt,64,Kadın,İstanbul,,Emekli,80141,,2,864,2,2 Yıllık,Otomatik Ödeme,2022-04-18,2,EVET,iOS,0
CUS-100568,569,Derya Koç,37,Erkek,Gaziantep,lise,Yarı Zamanlı,30556,672,115,1551,0,Taahhütsüz,Otomatik Ödeme,2023-03-05,7,hayir,web ,0
CUS-101498,1499,Burak Çelik,,Male,ankara ,Y. Lisans,tam zamanli,34838,604,14,1299,1,12 ay,otomatik odeme,2017-03-22,3,Hayır,web ,0
CUS-101376,1377,Merve Demir,47,Female,İstanbul,Ön Lisans,Yarı Zamanlı,24785,726,72,2637,1,,EFT,2023-08-03,2,Yes,Web,0
CUS-100217,218,Burak Aydın,11,Belirtmek istemiyor,antalya,Y. Lisans,Tam Zamanlı,31292,671,59,1229,1,Aylık,EFT,2017-06-15,12,Evet,Web,0
CUS-100857,858,Ali Kaya,58,kadın,Unknown,Ön Lisans,Emekli,22430,441,62,50,0,2 Yıllık,Nakit,2018-01-28,8,hayir,Tablet,0
CUS-100771,772,Zeynep Çelik,57,kadın,Bursa,Y. Lisans,Part-time,,643,85,2534,3,aylik,Kredi Kartı,,4,Yes,Unknown,0
CUS-100844,845,Burak Aydın,23,Belirtmek istemiyor,BURSA,lise,,16651,614,21,1690,2,,Banka Havalesi,2019-06-25,999,EVET,Android,1
CUS-100485,486,Merve Kurt,15,Female,ankara ,Ön Lisans,Part-time,52260,582,116,1154,2,Taahhütsüz,Otomatik Ödeme,12/12/2023,4,EVET,iOS,0
CUS-101487,1488,Ayşe Yılmaz,41,kadın,Antalya,lise,Öğrenci,27049,697,46,999,2,Taahhütsüz,EFT,2022-06-02,7,EVET,Tablet,0
CUS-100699,700,Emre Aydın,57,Kadın,İstanbul,lisans ,,32656,,78,735,2,1 Yıllık,kredi karti,2021-09-11,8,hayir,IOS,0
CUS-100779,780,Derya Arslan,27,Kadın,BURSA,Bilinmiyor,Part-time,44424,693,23,1646,2,Aylık,Kredi Kartı,2020-08-02,3,hayir,Android,0
CUS-101081,1082,Burak Demir,50,erkek,Bursa,Ön Lisans,Serbest,30638,682,30,1665,4,Aylık,Otomatik Ödeme,2024-02-20,8,Evet,Unknown,0
CUS-101013,1014,Burak Demir,20,Female,ISTANBUL,Ön Lisans,,37869,763,116,1449,0,1 Yıllık,otomatik odeme,2022-07-07,3,Hayır,Tablet,0
CUS-101897,1898,Ali Yılmaz,57,Female,Unknown,Lise,Emekli,14209,752,13,1663,0,12 ay,PayPal,2022-04-01,9,hayir,IOS,0
CUS-101493,1494,Ayşe Çelik,41,Erkek,Bursa,Doktora,Öğrenci,18031,626,69,1649,1,2 Yıllık,otomatik odeme,2023-11-11,3,No,Tablet,0
CUS-100280,281,Zeynep Şahin,28,Male,Adana,Ön Lisans,Öğrenci,65249,594,33,2252,0,aylik,kredi karti,2020-03-16,20,Hayır,Tablet,1
CUS-100596,597,Ayşe Çelik,38,Male,Ankara,Lisans,Self-employed,91191,568,20,2250,,Aylık,EFT,2018-03-13,,Yes,IOS,0
CUS-101724,1725,Mehmet Çelik,47,Kadın,Adana,Yüksek Lisans,,,563,117,2083,0,Aylık,Nakit,2024-09-09,3,1,IOS,0
CUS-101222,1223,Can Koç,24,Diğer,Izmir,lise,Öğrenci,71509,506,110,2699,0,Aylık,Kredi Kartı,2022-06-16,8,1,Web,0
CUS-101911,1912,Emre Arslan,38,Erkek,,Y. Lisans,Emekli,35040,655,39,1505,0,Taahhütsüz,kredi karti,2025-06-26,12,Yes,Unknown,0
CUS-100695,696,Ayşe Yılmaz,36,Kadın,Antalya,Lisans,Self-employed,27549,600,14,1136,0,1 Yıllık,EFT,2025-09-13,9,hayir,android,0
CUS-101186,1187,Derya Arslan,30,Kadın,antalya,Doktora,Öğrenci,63436,486,70,815,0,1 Yıllık,otomatik odeme,2024-12-21,1,EVET,IOS,0
CUS-100943,944,Emre Kurt,47,Male,İzmir,Y. Lisans,tam zamanli,38695,594,85,870,1,1 Yıllık,kredi karti,2023-03-17,5,,web ,0
CUS-100356,357,Ali Yılmaz,33,Male,Konya,Y. Lisans,Öğrenci,25191,623,63,978,3,aylik,PayPal,2021-07-02,9,EVET,IOS,0
CUS-101011,1012,Elif Yılmaz,44,Male,Unknown,Lise,İşsiz,167304,672,31,,2,Aylık,kredi karti,2018-11-24,3,EVET,Android,1
CUS-100043,44,Ayşe Aydın,29,Kadın,Unknown,Doktora,tam zamanli,46559,663,11,2553,3,1 Yıllık,Nakit,2024-09-12,,0,IOS,0
CUS-100252,253,Merve Kaya,35,KADIN,Adana,,Serbest,29043,565,19,,5,2 Yıllık,EFT,2017-11-23,2,hayir,Web,0
CUS-100686,687,Burak Yılmaz,49,KADIN,Unknown,Yüksek Lisans,Öğrenci,48331,704,109,1251,0,Taahhütsüz,Otomatik Ödeme,2020-04-24,8,0,android,0
CUS-100956,957,Burak Kaya,39,KADIN,istanbul,Doktora,Yarı Zamanlı,21031,478,56,961,1,Aylık,Kredi Kartı,2020-06-19,10,1,IOS,0
CUS-101639,1640,Mehmet Aydın,16,KADIN,Bursa,Ön Lisans,Self-employed,51819,,104,74790,,2 Yıllık,Kredi Kartı,2021-08-25,5,Yes,iOS,0
CUS-101491,1492,Emre Arslan,,Belirtmek istemiyor,Izmir,Ön Lisans,Tam Zamanlı,,560,15,1846,4,24 AY,PayPal,2019-08-19,2,1,iOS,0
CUS-100949,950,Ali Çelik,42,Erkek,İzmir,Doktora,Emekli,42351,427,6,2774,0,2 Yıllık,Kredi Kartı,2018-01-26,22,,IOS,0
CUS-100467,468,Merve Koç,52,Diğer,İstanbul,Yüksek Lisans,Emekli,20932,610,86,1251,0,12 ay,Banka Havalesi,2024-02-25,4,0,Android,0
CUS-101598,1599,Derya Yılmaz,32,Diğer,İstanbul,Bilinmiyor,Part-time,,,44,1400,0,12 ay,kredi karti,2025-01-14,7,,Tablet,0
CUS-100364,365,Derya Çelik,37,KADIN,,lisans ,Emekli,,634,48,1009,1,24 AY,kredi karti,2021-11-14,3,EVET,Web,0
CUS-101706,1707,Merve Demir,28,,İzmir,lisans ,Part-time,36043,484,32,1824,1,24 AY,PayPal,,4,EVET,,0
CUS-101559,1560,Derya Kurt,31,kadın,Adana,Yüksek Lisans,,16947,474,68,1463,3,Aylık,Kredi Kartı,2022-12-27,13,hayir,Tablet,0
CUS-101907,1908,Merve Şahin,42,,Izmir,Lisans,Yarı Zamanlı,99767,726,68,646,2,Aylık,Banka Havalesi,,2,No,Android,0
CUS-101094,1095,Burak Şahin,39,Erkek,BURSA,lise,Part-time,43233,618,107,1010,2,2 Yıllık,Banka Havalesi,2019-10-05,2,,android,0
CUS-101825,1826,Elif Kaya,47,Erkek,ankara ,Y. Lisans,Tam Zamanlı,37184,797,87,732,2,1 Yıllık,Otomatik Ödeme,2017-09-10,7,0,Unknown,0
CUS-100965,966,Elif Demir,44,Kadın,İstanbul,Yüksek Lisans,Emekli,99090,407,1,1984,3,aylik,Banka Havalesi,,,No,Android,0
CUS-100426,427,Can Demir,76,Belirtmek istemiyor,BURSA,Lise,Part-time,30888,579,25,869,3,12 ay,Kredi Kartı,2019-02-17,10,Hayır,web ,0
CUS-100086,87,Ali Koç,48,Kadın,İzmir,Ön Lisans,Serbest,62392,685,112,447,0,1 Yıllık,kredi karti,2021-06-22,3,Evet,IOS,0
CUS-100866,867,Ayşe Arslan,47,Erkek,Ankara,Bilinmiyor,Self-employed,20672,593,1,2155,0,24 AY,Nakit,2024-02-26,13,Yes,web ,0
CUS-100493,494,Mehmet Şahin,46,Diğer,ankara ,Yüksek Lisans,Yarı Zamanlı,51970,,74,1852,3,Aylık,Kredi Kartı,2023-11-13,3,hayir,Tablet,0
CUS-100547,548,Ali Kurt,,Kadın,Unknown,lise,Serbest,48554,634,89,2110,2,Aylık,Kredi Kartı,2025-10-03,7,Evet,Tablet,0
CUS-101573,1574,Derya Aydın,29,Diğer,Konya,Doktora,tam zamanli,14198,702,109,1498,3,24 AY,Banka Havalesi,2021-02-20,8,hayir,Unknown,0
CUS-101772,1773,Burak Arslan,15,erkek,Antalya,lisans ,Emekli,38323,739,83,1664,2,aylik,EFT,2020-06-27,22,EVET,,0
CUS-101337,1338,Merve Yılmaz,18,Female,İzmir,Doktora,Serbest,26794,525,54,1139,3,aylik,kredi karti,2018-03-15,3,0,android,0
CUS-100292,293,Mehmet Kaya,42,Belirtmek istemiyor,Bursa,Y. Lisans,Serbest,46326,557,67,890,0,24 AY,EFT,2018-05-19,2,No,web ,0
CUS-100940,941,Emre Şahin,26,Female,ankara ,lisans ,Serbest,,618,101,1006,4,Aylık,kredi karti,2023-05-06,5,hayir,,0
CUS-101681,1682,Elif Aydın,34,Erkek,ankara ,Yüksek Lisans,Öğrenci,30476,642,112,1153,0,,kredi karti,2020-08-08,4,Yes,IOS,0
CUS-101568,1569,Mehmet Kurt,41,KADIN,Unknown,lisans ,Self-employed,31540,753,3,54,1,1 Yıllık,EFT,2024-09-02,26,EVET,Android,0
CUS-100520,521,Ayşe Çelik,49,kadın,Izmir,Ön Lisans,Self-employed,,712,56,492,0,Taahhütsüz,Banka Havalesi,2022-10-06,3,1,iOS,0
CUS-100723,724,Merve Arslan,34,Male,ankara ,Yüksek Lisans,,85972,584,17,1310,0,1 Yıllık,otomatik odeme,2022-10-19,30,EVET,web ,0
CUS-101393,1394,Mehmet Şahin,38,Belirtmek istemiyor,Adana,Lise,Yarı Zamanlı,48515,692,18,1927,1,Aylık,EFT,2023-10-24,8,Yes,Unknown,0
CUS-101972,1973,Burak Koç,34,Male,Antalya,Bilinmiyor,Part-time,47238,641,29,222,2,Aylık,otomatik odeme,2019-10-02,5,Hayır,Web,0
CUS-100883,884,Elif Çelik,52,kadın,antalya,Y. Lisans,İşsiz,14812,528,38,50,0,2 Yıllık,Kredi Kartı,2023-08-18,2,Yes,IOS,0
CUS-101966,1967,Merve Arslan,14,Male,İzmir,Yüksek Lisans,tam zamanli,,651,,3092,4,12 ay,Kredi Kartı,2017-10-06,6,Yes,IOS,1
CUS-101326,1327,Elif Çelik,79,KADIN,Gaziantep,Lisans,Tam Zamanlı,15393,712,85,1351,1,1 Yıllık,PayPal,2020-01-14,6,0,Web,0
CUS-102138,2139,Burak Çelik,36,Kadın,İstanbul,Lisans,Öğrenci,31343,666,100,1692,1,2 Yıllık,Nakit,2022-03-19,3,Hayır,Android,0
CUS-101167,1168,Merve Kaya,34,Female,ISTANBUL,Y. Lisans,tam zamanli,41020,586,25,2424,2,2 Yıllık,PayPal,2018-07-22,10,Hayır,android,0
CUS-101918,1919,Ayşe Kaya,35,erkek,İzmir,lisans ,Öğrenci,1427580,595,59,1944,4,2 Yıllık,Otomatik Ödeme,2021-10-17,12,Yes,android,0
CUS-100775,776,Emre Kaya,37,erkek,Adana,Ön Lisans,Yarı Zamanlı,83878,815,9,50,,aylik,Banka Havalesi,2020-05-20,15,,Android,1
CUS-100731,732,Can Çelik,37,Female,Antalya,Lisans,tam zamanli,76862,558,98,1802,0,24 AY,Nakit,2020-05-11,6,Hayır,iOS,0
CUS-100848,849,Mehmet Koç,45,KADIN,İzmir,lise,Part-time,25378,468,25,538,1,Taahhütsüz,Otomatik Ödeme,2022-03-14,4,No,Unknown,0
CUS-100540,541,Merve Öz,54,,,,tam zamanli,53687,536,32,81,0,2 Yıllık,EFT,2022-07-22,4,No,,0
CUS-101001,1002,Ali Şahin,42,KADIN,BURSA,Bilinmiyor,Self-employed,38666,608,36,1945,2,1 Yıllık,EFT,2024-12-11,15,Yes,Tablet,0
CUS-100279,280,Emre Şahin,22,kadın,BURSA,,Emekli,25710,715,114,1589,4,aylik,EFT,2023-04-13,3,EVET,Tablet,0
CUS-100803,804,Zeynep Kaya,,Diğer,BURSA,lisans ,tam zamanli,22367,499,51,1122,0,,Nakit,,2,EVET,iOS,0
CUS-101118,1119,Zeynep Çelik,35,Belirtmek istemiyor,Unknown,Lise,Self-employed,82362,751,72,1091,0,24 AY,kredi karti,2020-02-12,4,Hayır,Unknown,0
CUS-100444,445,Ali Öz,60,kadın,Antalya,Ön Lisans,Emekli,23037,683,66,2723,0,Aylık,,2022-08-05,2,hayir,Web,0
CUS-101195,1196,Elif Çelik,43,Belirtmek istemiyor,Unknown,lisans ,Tam Zamanlı,38038,661,107,1585,3,24 AY,Kredi Kartı,2021-05-08,12,Evet,IOS,0
CUS-101054,1055,Ayşe Demir,10,erkek,istanbul,Doktora,Serbest,76972,567,115,1691,2,24 AY,PayPal,2017-06-16,4,Yes,web ,0
CUS-100522,523,Ayşe Aydın,34,Male,Unknown,Yüksek Lisans,İşsiz,24347,771,102,1761,0,12 ay,Otomatik Ödeme,2020-01-05,13,1,android,0
CUS-100622,623,Elif Çelik,49,Male,ISTANBUL,Bilinmiyor,İşsiz,50398,547,88,1716,2,12 ay,otomatik odeme,2025-09-16,8,0,Tablet,0
CUS-100459,460,Burak Koç,40,Female,Bursa,Lise,Emekli,33411,430,34,1592,1,Taahhütsüz,Nakit,2018-07-08,4,hayir,Tablet,0
CUS-101645,1646,Burak Çelik,22,Belirtmek istemiyor,Unknown,Ön Lisans,tam zamanli,48187,741,52,1647,0,aylik,otomatik odeme,2018-11-14,10,Hayır,Android,0
CUS-102115,2116,Elif Kurt,25,,ISTANBUL,Lise,Emekli,31268,558,33,1169,0,Aylık,Nakit,2023-12-10,16,1,Unknown,0
CUS-101403,1404,Ayşe Kaya,42,Diğer,İstanbul,Yüksek Lisans,Part-time,52555,649,26,1853,3,24 AY,PayPal,2018-03-24,9,No,Web,1
CUS-101388,1389,Mehmet Yılmaz,13,erkek,ISTANBUL,lise,Emekli,24872,692,90,2876,4,12 ay,Kredi Kartı,2018-12-10,3,hayir,Tablet,0
CUS-101604,1605,Can Arslan,31,Diğer,Izmir,Y. Lisans,Part-time,37622,763,86,3068,2,24 AY,PayPal,2022-04-04,7,Yes,Tablet,0
CUS-100158,159,Burak Aydın,25,Diğer,Unknown,Yüksek Lisans,Self-employed,32615,527,63,1077,2,1 Yıllık,Nakit,2025-06-22,2,hayir,iOS,0
CUS-101039,1040,Burak Kurt,32,Erkek,,Ön Lisans,Yarı Zamanlı,56140,666,88,2296,3,Taahhütsüz,otomatik odeme,2020-12-13,8,EVET,,0
CUS-101291,1292,Mehmet Demir,47,erkek,ankara ,Ön Lisans,Emekli,27802,618,2,1880,2,Taahhütsüz,kredi karti,2023-07-10,20,Yes,Web,0
CUS-102088,2089,Can Şahin,33,erkek,istanbul,lisans ,Tam Zamanlı,37557,751,11,462,2,Taahhütsüz,kredi karti,2022-04-19,4,0,iOS,0
CUS-100523,524,Ayşe Kaya,39,Kadın,Gaziantep,lise,İşsiz,62597,689,54,1862,2,1 Yıllık,PayPal,2020-07-03,,Evet,IOS,0
CUS-102073,2074,Burak Çelik,31,Female,Unknown,Bilinmiyor,Tam Zamanlı,61334,728,90,,1,,Nakit,2021-06-22,6,EVET,IOS,0
CUS-101222,1223,Can Koç,24,Diğer,Izmir,lise,Öğrenci,71509,506,110,2699,0,Aylık,Kredi Kartı,2022-06-16,8,1,Web,0
CUS-101078,1079,Can Arslan,52,Female,Ankara,lise,Emekli,29340,661,50,966,2,1 Yıllık,Nakit,2023-09-24,4,,web ,0
CUS-101780,1781,Merve Arslan,32,Female,,Ön Lisans,Öğrenci,35634,611,65,,3,Taahhütsüz,PayPal,2018-04-08,1,hayir,Tablet,0
CUS-101055,1056,Elif Yılmaz,19,kadın,Unknown,Ön Lisans,İşsiz,19824,445,29,2178,5,aylik,,2024-11-01,999,hayir,android,1
CUS-100738,739,Merve Demir,53,Diğer,ankara ,lisans ,Emekli,40905,,79,1999,0,12 ay,otomatik odeme,2020-04-28,3,Hayır,IOS,0
CUS-101889,1890,Can Şahin,37,Belirtmek istemiyor,İzmir,Lisans,Emekli,26642,526,104,1458,4,1 Yıllık,Banka Havalesi,2024-06-26,2,No,IOS,0
CUS-100472,473,Merve Şahin,38,kadın,Izmir,lise,Yarı Zamanlı,62041,642,55,50,0,12 ay,Otomatik Ödeme,2020-06-14,4,1,android,0
CUS-100710,711,Emre Demir,18,Belirtmek istemiyor,istanbul,Bilinmiyor,Tam Zamanlı,23062,780,9,917,0,aylik,kredi karti,2021-07-23,2,Hayır,Android,0
CUS-101059,1060,Merve Kaya,43,Diğer,Ankara,Doktora,tam zamanli,28348,895,120,2401,2,2 Yıllık,EFT,2020-10-16,2,0,Unknown,0
CUS-100213,214,Burak Kaya,49,KADIN,İzmir,Bilinmiyor,Serbest,17448,661,51,3406,3,2 Yıllık,otomatik odeme,2023-07-19,12,hayir,Tablet,1
CUS-101526,1527,Ali Çelik,34,erkek,,lise,Emekli,33444,745,67,1166,2,,PayPal,2024-12-23,6,EVET,Unknown,0
CUS-102078,2079,Can Öz,49,Erkek,Ankara,Y. Lisans,Emekli,,696,70,2197,1,aylik,kredi karti,2022-03-01,10,Evet,IOS,0
CUS-101978,1979,Zeynep Yılmaz,23,kadın,Konya,Y. Lisans,tam zamanli,63222,704,45,2886,2,2 Yıllık,PayPal,2024-06-19,1,1,Web,0
CUS-101110,1111,Can Öz,38,Diğer,İzmir,Doktora,Tam Zamanlı,,644,39,2174,0,Taahhütsüz,kredi karti,2023-12-23,1,0,Web,0
CUS-102016,2017,Derya Çelik,58,erkek,ankara ,Lise,Emekli,66575,544,19,,1,2 Yıllık,otomatik odeme,2021-10-06,3,EVET,IOS,1
CUS-101254,1255,Emre Koç,30,Erkek,İstanbul,Ön Lisans,Emekli,63323,575,85,1727,3,aylik,PayPal,2017-03-20,3,Hayır,IOS,0
CUS-102003,2004,Burak Öz,34,,Adana,,tam zamanli,28287,539,81,633,4,aylik,kredi karti,2023-09-23,5,hayir,Tablet,0
CUS-101471,1472,Elif Arslan,7,Belirtmek istemiyor,Unknown,Doktora,Part-time,35245,698,44,1780,5,1 Yıllık,,2025-08-22,3,No,Web,0
CUS-101206,1207,Can Şahin,52,erkek,Konya,Yüksek Lisans,Emekli,52514,,8,1249,3,2 Yıllık,,2017-11-24,2,hayir,Android,0
CUS-101079,1080,Ayşe Kaya,36,Diğer,ISTANBUL,Ön Lisans,tam zamanli,34724,446,10,274,3,12 ay,otomatik odeme,2020-08-13,15,1,iOS,1
CUS-101087,1088,Ayşe Çelik,33,kadın,BURSA,Lisans,,29921,753,120,,0,24 AY,kredi karti,2025-12-08,6,No,Android,0
CUS-101333,1334,Zeynep Öz,31,Kadın,antalya,lise,İşsiz,44418,589,115,755,1,1 Yıllık,otomatik odeme,2023-08-18,5,1,iOS,0
CUS-101986,1987,Merve Çelik,35,Diğer,Adana,Bilinmiyor,Tam Zamanlı,39327,691,98,1098,0,1 Yıllık,PayPal,,6,Evet,IOS,0
CUS-100953,954,Merve Çelik,28,Diğer,İstanbul,lisans ,Part-time,109776,671,84,845,2,12 ay,kredi karti,,3,Hayır,Tablet,0
CUS-101436,1437,Mehmet Koç,,Diğer,BURSA,Ön Lisans,Part-time,31762,694,26,221,4,12 ay,otomatik odeme,2023-05-04,6,0,Unknown,0
CUS-100007,8,Elif Kaya,29,KADIN,İstanbul,Doktora,Emekli,82994,620,79,4182,2,24 AY,kredi karti,2023-04-19,28,EVET,,0
CUS-101509,1510,Zeynep Çelik,44,Belirtmek istemiyor,antalya,Lisans,Tam Zamanlı,46318,,38,51,0,12 ay,Nakit,2022-12-13,,hayir,Tablet,0
CUS-102046,2047,Derya Arslan,33,Female,İzmir,Doktora,,25700,639,92,1912,1,24 AY,Banka Havalesi,2018-12-07,7,EVET,Web,0
CUS-100211,212,Burak Çelik,18,KADIN,İstanbul,Bilinmiyor,Yarı Zamanlı,39261,547,69,,2,2 Yıllık,Nakit,2017-03-26,999,1,web ,1
CUS-100513,514,Derya Koç,74,Female,Izmir,,Part-time,29021,623,87,1670,1,aylik,Banka Havalesi,2018-10-17,4,hayir,Unknown,0
CUS-102094,2095,Ali Kaya,14,kadın,Unknown,Y. Lisans,Öğrenci,19494,523,100,2669,0,Taahhütsüz,Nakit,2017-03-13,5,Hayır,web ,0
CUS-100781,782,Ali Kaya,47,Erkek,Konya,Lisans,İşsiz,25086,695,49,2207,3,12 ay,Otomatik Ödeme,2017-04-06,4,EVET,IOS,0
CUS-101157,1158,Mehmet Öz,37,Kadın,antalya,Yüksek Lisans,Part-time,35383,727,25,50,4,1 Yıllık,EFT,2017-07-04,1,No,iOS,0
CUS-100820,821,Zeynep Çelik,39,kadın,İstanbul,Doktora,İşsiz,46815,698,31,2241,0,12 ay,Nakit,2025-03-05,4,EVET,Tablet,0
CUS-100119,120,Merve Şahin,47,Kadın,Ankara,Bilinmiyor,Öğrenci,,746,19,1228,0,1 Yıllık,otomatik odeme,2019-12-17,7,hayir,android,0
CUS-100489,490,Derya Şahin,37,kadın,BURSA,lisans ,Yarı Zamanlı,10985,9999,72,305,1,Aylık,Banka Havalesi,2022-01-04,,0,Unknown,0
CUS-100914,915,Emre Arslan,40,Kadın,Bursa,lisans ,Yarı Zamanlı,70092,550,98,2307,,24 AY,EFT,2025-04-06,22,EVET,Unknown,0
CUS-100971,972,Elif Şahin,44,Erkek,Konya,Lisans,Tam Zamanlı,,688,92,2251,4,aylik,kredi karti,2023-06-12,3,1,,0
CUS-100377,378,Ali Öz,14,erkek,Konya,Lise,Serbest,30168,666,31,50,1,,otomatik odeme,2024-12-17,2,Evet,Unknown,0
CUS-101973,1974,Burak Arslan,48,Kadın,Adana,,Tam Zamanlı,88325,702,63,3220,2,12 ay,EFT,2023-08-12,7,hayir,web ,0
CUS-102129,2130,Merve Aydın,41,Diğer,Adana,Lisans,Part-time,25931,622,85,1524,2,12 ay,Kredi Kartı,2024-08-03,5,hayir,iOS,0
CUS-101303,1304,Merve Arslan,35,Belirtmek istemiyor,İzmir,Y. Lisans,,49578,650,24,1681,3,2 Yıllık,Kredi Kartı,2022-10-25,12,0,Tablet,0
CUS-101445,1446,Ayşe Çelik,43,Female,Izmir,Ön Lisans,Emekli,31389,752,77,916,0,2 Yıllık,otomatik odeme,2018-07-08,,Yes,iOS,0
CUS-101776,1777,Zeynep Yılmaz,,erkek,istanbul,Bilinmiyor,Serbest,83166,512,47,2067,2,1 Yıllık,Kredi Kartı,2024-12-02,3,Yes,Unknown,0
CUS-101375,1376,Merve Demir,27,Kadın,İzmir,Y. Lisans,Emekli,47346,615,66,3390,0,1 Yıllık,Otomatik Ödeme,2023-06-24,1,Evet,android,0
CUS-100137,138,Emre Çelik,26,Diğer,ISTANBUL,Y. Lisans,Tam Zamanlı,606150,565,41,1824,3,aylik,otomatik odeme,2019-11-05,2,EVET,web ,1
CUS-100730,731,Elif Aydın,57,kadın,İstanbul,Lisans,Tam Zamanlı,45482,677,35,644,3,24 AY,otomatik odeme,2025-02-04,,EVET,android,0
CUS-101523,1524,Merve Arslan,43,Kadın,Izmir,Yüksek Lisans,Serbest,35321,744,72,1893,1,12 ay,Nakit,,2,hayir,Unknown,0
