Applicant_ID,Age,Monthly_Income_TL,Employment_Type,Employment_Tenure_Years,Education_Level,Marital_Status,Dependents,City,Home_Ownership,Credit_Score,Existing_Monthly_Debt_TL,Requested_Loan_Amount_TL,Loan_Term_Months,Loan_Purpose,Late_Payments_Last_2Y,Has_Guarantor,Loan_Approved
LA-00001,66,79643.03,Public_Sector,21,Bachelor,Single,3,Bursa,Owner,548,23048.25,263505.91,48,Debt_Consolidation,0,No,No
LA-00002,27,57432.73,Private_Sector,2,Bachelor,Divorced,0,Izmir,Mortgage,760,19122.91,610091.54,60,Vehicle,0,No,Yes
LA-00003,22,65897.61,Freelancer,4,Bachelor,Married,1,Bursa,Rent,601,26877.13,258797.45,36,Home,3,No,No
LA-00004,66,43989.89,Freelancer,27,Bachelor,Single,3,Antalya,Mortgage,585,23128.23,255098.11,12,Business,2,No,Yes
LA-00005,68,60924.81,Freelancer,31,Master,Married,1,Konya,Mortgage,758,16737.50,361874.58,120,Vehicle,0,No,Yes
LA-00006,58,47455.03,Private_Sector,10,Bachelor,Single,1,Istanbul,Owner,652,9635.05,383663.49,24,Home,1,No,No
LA-00007,49,58225.56,Self_Employed,8,High_School,Divorced,1,Ankara,Rent,527,32474.12,255225.81,60,Business,0,No,No
LA-00008,41,113592.22,Self_Employed,7,Master,Single,3,Izmir,Mortgage,777,26620.15,747364.22,60,Business,0,No,Yes
LA-00009,31,58958.22,Private_Sector,8,High_School,Single,0,Konya,Owner,689,4065.63,112682.87,120,Vehicle,1,No,Yes
LA-00010,55,57034.36,,20,High_School,Married,3,Bursa,Rent,,34428.60,363853.26,120,Business,2,No,No
LA-00011,62,44024.10,Self_Employed,16,High_School,Married,1,Bursa,Owner,611,13356.44,1191074.94,84,Vehicle,3,No,No
LA-00012,33,138819.49,Public_Sector,1,Bachelor,Single,2,Ankara,Mortgage,683,24823.28,411325.27,36,Business,1,No,No
LA-00013,31,24068.05,Self_Employed,6,Master,Married,0,Izmir,Owner,671,3002.82,289174.01,24,Other,4,No,Yes
LA-00014,39,30957.32,Private_Sector,9,Bachelor,Widowed,4,Izmir,Family_Home,599,16627.78,307408.27,24,Business,0,Yes,No
LA-00015,50,67553.84,Private_Sector,11,High_School,Divorced,2,Antalya,Owner,691,18013.32,392827.33,120,Business,0,Yes,Yes
LA-00016,63,22778.00,Private_Sector,23,Associate,Married,3,Adana,Rent,619,,1237038.19,60,Business,0,No,No
LA-00017,36,56584.55,Public_Sector,6,Doctorate,Married,4,Konya,Mortgage,,24765.56,95130.22,48,Vehicle,0,Yes,No
LA-00018,69,33055.38,Freelancer,25,Master,Married,4,Gaziantep,Owner,,6289.29,192026.48,120,Other,0,No,Yes
LA-00019,43,16338.29,Private_Sector,,Associate,Married,1,Antalya,Owner,693,3861.69,238221.34,84,Home,4,Yes,Yes
LA-00020,47,57570.38,Public_Sector,11,Bachelor,Married,1,Konya,Owner,615,25980.80,57110.56,48,Other,0,Yes,Yes
LA-00021,40,84335.22,Private_Sector,5,Bachelor,Married,1,Antalya,Rent,655,,91471.33,120,Other,2,No,No
LA-00022,37,118482.38,Private_Sector,5,High_School,Married,0,Istanbul,Rent,656,38684.81,420236.89,24,Business,1,No,Yes
LA-00023,69,59090.52,Self_Employed,10,Master,Single,1,Gaziantep,Mortgage,659,29092.74,445313.61,48,Other,0,No,Yes
LA-00024,36,21098.34,Freelancer,2,Bachelor,Single,0,Konya,Owner,608,7384.96,631331.36,120,Debt_Consolidation,0,No,No
LA-00025,43,69046.67,Private_Sector,8,Associate,Single,4,Izmir,Rent,707,147215.38,112735.47,120,Other,0,No,No
LA-00026,33,69693.50,Freelancer,4,Master,Married,0,Ankara,Mortgage,656,39059.43,272488.15,48,Debt_Consolidation,,No,Yes
LA-00027,35,34012.31,Public_Sector,1,Associate,Divorced,1,Izmir,Mortgage,689,8775.79,175367.28,24,Debt_Consolidation,2,No,Yes
LA-00028,69,99539.13,Freelancer,24,High_School,Single,1,Istanbul,Family_Home,820,32968.39,132429.75,84,Vehicle,0,No,Yes
LA-00029,54,66154.17,Public_Sector,16,Bachelor,Single,0,Izmir,Mortgage,657,26059.53,457488.13,120,Debt_Consolidation,0,No,No
LA-00030,55,83841.95,Private_Sector,13,Associate,Single,1,Ankara,Mortgage,715,45377.89,61964.38,36,Vehicle,0,Yes,Yes
LA-00031,29,70025.22,Private_Sector,8,Bachelor,Married,2,Izmir,Rent,718,19150.32,716449.24,24,Vehicle,3,No,No
LA-00032,58,90664.07,Public_Sector,21,Master,Married,2,Antalya,Rent,561,27841.83,529296.50,60,Debt_Consolidation,0,No,Yes
LA-00033,51,23976.14,Private_Sector,14,Bachelor,Divorced,0,Ankara,Rent,646,13839.46,457843.16,12,Other,0,Yes,No
LA-00034,40,48867.74,Public_Sector,1,Bachelor,Married,3,Adana,Rent,731,11791.71,877205.26,12,Debt_Consolidation,0,No,No
LA-00035,48,88023.00,Private_Sector,12,Bachelor,Divorced,2,Antalya,Mortgage,670,29487.71,266818.93,24,Business,0,No,Yes
LA-00036,44,47680.66,Public_Sector,17,Bachelor,Single,2,Bursa,Mortgage,770,29211.21,728854.42,48,Debt_Consolidation,0,No,Yes
LA-00037,43,77161.10,Self_Employed,9,Master,Single,1,Antalya,Mortgage,759,3861.11,127018.40,48,Debt_Consolidation,0,No,Yes
LA-00038,41,34455.32,Private_Sector,0,Bachelor,Married,2,Konya,Rent,701,4114.56,166422.66,84,Home,0,No,Yes
LA-00039,68,50633.78,Freelancer,17,Bachelor,Married,2,Bursa,Mortgage,764,29520.79,328103.25,24,Debt_Consolidation,,No,Yes
LA-00040,40,48607.02,Self_Employed,14,Associate,Married,4,Gaziantep,Mortgage,688,5422.25,191887.04,84,Education,0,No,Yes
LA-00041,30,22291.31,Freelancer,3,Doctorate,Married,3,Konya,Rent,570,10988.40,40584.19,84,Business,1,Yes,No
LA-00042,37,43722.34,Private_Sector,12,Master,Married,5,Bursa,Family_Home,398,2711.87,178710.64,84,Vehicle,0,Yes,No
LA-00043,62,107130.39,Freelancer,15,High_School,Married,0,Konya,Owner,814,48700.92,582637.46,36,Business,0,No,Yes
LA-00044,41,94146.02,Private_Sector,15,High_School,Divorced,2,Konya,Family_Home,776,44457.45,858273.78,24,Vehicle,1,No,Yes
LA-00045,39,41929.95,Private_Sector,8,Bachelor,Single,2,Izmir,Mortgage,445,13875.72,256289.89,36,Business,1,No,No
LA-00046,54,134624.22,Private_Sector,11,Associate,Single,1,Bursa,Rent,815,70138.32,210782.12,60,Other,3,No,Yes
LA-00047,63,44521.26,Freelancer,17,Master,Married,,Istanbul,Rent,593,22004.34,62768.90,24,Other,1,No,No
LA-00048,69,109094.98,Self_Employed,18,Master,Married,0,Konya,Mortgage,801,50879.83,602432.01,84,Debt_Consolidation,0,No,No
LA-00049,48,91625.81,Private_Sector,4,Associate,Married,2,Antalya,Rent,637,12953.40,572667.31,60,Other,0,No,Yes
LA-00050,53,69467.13,Public_Sector,17,Master,Married,2,Konya,Rent,601,6978.30,155884.40,24,Debt_Consolidation,0,No,No
LA-00051,34,25671.95,Private_Sector,7,Associate,Single,2,Bursa,Owner,592,11398.67,253089.95,84,Other,0,No,No
LA-00052,37,58871.98,Freelancer,1,Associate,Married,1,Antalya,Rent,606,11521.78,379194.51,120,Other,1,No,No
LA-00053,52,134750.28,Private_Sector,13,Bachelor,Single,0,Adana,Rent,,75442.76,501328.34,48,Education,1,No,Yes
LA-00054,31,28292.81,Private_Sector,13,Bachelor,Married,5,Ankara,Owner,667,6918.23,114477.51,60,Education,1,No,Yes
LA-00055,56,45124.31,Private_Sector,11,Bachelor,Single,1,Adana,Owner,808,24314.80,64254.04,12,Home,0,No,Yes
LA-00056,69,46110.64,Freelancer,18,Doctorate,Married,0,Istanbul,Owner,535,3830.46,66054.35,12,Education,1,No,No
LA-00057,27,50721.74,Freelancer,2,Associate,Single,0,Antalya,Mortgage,682,9212.92,170114.02,36,Other,0,No,Yes
LA-00058,61,52835.59,Public_Sector,18,Master,Single,0,Izmir,Mortgage,729,23783.15,270020.44,24,Education,0,No,Yes
LA-00059,34,59544.01,Private_Sector,8,Bachelor,Single,4,Gaziantep,Rent,,4551.70,60633.26,84,Vehicle,1,No,No
LA-00060,65,59318.67,Private_Sector,23,Master,Married,2,Antalya,Owner,649,6193.52,1617533.72,84,Home,2,No,No
LA-00061,50,67211.50,Self_Employed,14,Associate,Married,0,Ankara,Rent,721,33349.90,597675.51,12,Education,1,Yes,No
LA-00062,53,47829.91,Freelancer,14,Master,Single,0,Gaziantep,Rent,700,20678.81,376839.46,12,Other,0,No,No
LA-00063,34,36943.09,Private_Sector,0,Bachelor,Single,1,Ankara,Rent,593,20573.10,69906.52,84,Home,0,Yes,No
LA-00064,61,56077.35,Self_Employed,12,Master,Married,3,Bursa,Rent,668,,194610.93,36,Education,1,No,No
LA-00065,41,28724.83,Public_Sector,2,Bachelor,Single,2,Antalya,Mortgage,470,3371.30,90248.46,24,Business,5,No,No
LA-00066,36,37765.81,Private_Sector,14,Bachelor,Married,1,Antalya,Rent,677,10240.66,236071.53,24,Other,0,Yes,Yes
LA-00067,63,65820.41,Retired,14,Master,Divorced,1,Izmir,Rent,,10662.42,231319.60,36,Debt_Consolidation,1,No,No
LA-00068,46,64292.82,Private_Sector,9,High_School,Single,4,Antalya,Owner,723,38904.96,60029.64,12,Debt_Consolidation,0,No,Yes
LA-00069,38,44715.50,Self_Employed,2,High_School,Married,1,Izmir,Owner,563,25722.48,343508.14,84,Education,0,No,Yes
LA-00070,32,44119.86,Public_Sector,6,Master,Married,1,Izmir,Mortgage,710,20094.17,449963.14,60,Business,0,No,No
LA-00071,63,31645.74,Private_Sector,20,High_School,Single,0,Bursa,Rent,736,15948.08,38918.20,84,Vehicle,1,Yes,Yes
LA-00072,26,34783.88,Freelancer,6,High_School,Single,0,Adana,Mortgage,642,3174.96,1460868.76,60,Debt_Consolidation,1,No,No
LA-00073,28,58527.51,Private_Sector,3,Master,Married,3,Antalya,Mortgage,574,10536.71,625169.82,12,Other,2,No,No
LA-00074,48,47458.70,Retired,11,Bachelor,Married,0,Bursa,Owner,605,16400.11,550900.91,60,Debt_Consolidation,0,No,No
LA-00075,30,45951.18,Private_Sector,10,Associate,Single,3,Ankara,Owner,588,26050.91,136665.16,48,Business,2,No,No
LA-00076,62,66783.72,Self_Employed,21,High_School,Single,0,Gaziantep,Family_Home,708,32003.50,286388.97,12,Vehicle,4,No,No
LA-00077,65,65754.86,Self_Employed,16,Master,Married,3,Istanbul,Mortgage,705,13792.41,670417.69,120,Business,0,No,Yes
LA-00078,53,50948.37,Private_Sector,20,Bachelor,Married,1,Konya,Family_Home,503,8214.96,342958.02,48,Business,0,No,No
LA-00079,65,51923.24,Private_Sector,25,Bachelor,Married,1,Konya,Family_Home,673,14117.09,77841.52,24,Business,,No,Yes
LA-00080,55,33448.46,Self_Employed,9,Bachelor,Single,2,Antalya,Rent,757,9237.41,1182024.06,12,Vehicle,0,No,No
LA-00081,52,27945.13,Freelancer,19,Master,Married,2,Gaziantep,Owner,633,12703.35,403201.95,48,Business,0,Yes,Yes
LA-00082,34,48308.51,Freelancer,,Bachelor,Single,1,Antalya,Family_Home,466,28452.51,492489.90,12,Other,1,No,No
LA-00083,67,27795.88,Freelancer,10,Bachelor,Single,1,Gaziantep,Rent,633,7380.89,388822.83,24,Education,2,No,No
LA-00084,39,30793.06,Private_Sector,8,High_School,Single,2,Antalya,Mortgage,612,12918.27,237316.40,36,Other,0,No,No
LA-00085,27,48243.25,Private_Sector,6,Master,Married,3,Bursa,Mortgage,694,10245.31,306958.45,36,Debt_Consolidation,1,No,No
LA-00086,38,40515.83,Private_Sector,18,Bachelor,Married,1,Bursa,Mortgage,767,3933.96,638793.82,12,Other,0,No,Yes
LA-00087,48,22910.01,Private_Sector,20,High_School,Divorced,1,Izmir,Rent,697,11931.85,172798.91,36,Debt_Consolidation,6,No,No
LA-00088,44,70691.60,Private_Sector,12,Associate,Married,1,Adana,Rent,627,25637.74,684785.65,12,Home,0,Yes,No
LA-00089,50,84179.58,Public_Sector,12,High_School,Married,1,Ankara,Rent,480,15767.91,179738.38,84,Education,0,Yes,No
LA-00090,58,55328.54,Private_Sector,15,Master,Single,0,Izmir,Owner,667,30690.28,544262.40,24,Education,1,No,Yes
LA-00091,47,36868.06,Retired,17,High_School,Single,,Gaziantep,Owner,758,19473.00,314001.21,60,Other,0,No,Yes
LA-00092,43,33545.11,Freelancer,10,Master,Single,1,Izmir,Owner,749,17366.43,605938.62,84,Home,0,No,Yes
LA-00093,42,85581.71,Private_Sector,11,Bachelor,Married,1,Izmir,Mortgage,721,32101.75,210325.31,60,Business,0,No,Yes
LA-00094,41,,Private_Sector,7,Bachelor,Divorced,1,Izmir,Owner,840,35193.15,191051.12,24,Home,0,Yes,Yes
LA-00095,36,32777.03,Private_Sector,8,Associate,Widowed,2,Istanbul,Owner,619,17859.32,330401.92,60,Home,1,Yes,No
LA-00096,67,,Retired,29,Master,Divorced,2,Antalya,Mortgage,532,19237.12,283303.52,60,Home,0,No,No
LA-00097,53,95799.26,Private_Sector,15,Bachelor,Married,2,Izmir,Owner,697,23006.85,194641.67,24,Education,0,No,Yes
LA-00098,40,53825.90,Private_Sector,16,Bachelor,Single,3,Gaziantep,Mortgage,651,24649.88,105737.06,84,Other,3,No,No
LA-00099,45,59955.34,Private_Sector,16,Master,Single,3,Bursa,Rent,551,26450.56,561089.56,36,Home,1,No,No
LA-00100,63,73098.65,Self_Employed,12,Bachelor,Widowed,0,Gaziantep,Mortgage,690,40580.97,255961.88,120,Education,0,No,No
LA-00101,36,47884.09,Private_Sector,3,High_School,Married,0,Adana,Rent,585,29420.76,312356.70,48,Debt_Consolidation,3,Yes,No
LA-00102,57,38328.67,Private_Sector,15,Associate,Married,2,Antalya,Family_Home,594,4360.30,53940.54,60,Education,1,No,No
LA-00103,47,48698.49,Private_Sector,11,Master,Married,3,Bursa,Mortgage,677,28917.04,584714.98,84,Debt_Consolidation,0,Yes,Yes
LA-00104,31,57134.96,Private_Sector,7,High_School,Single,0,Bursa,Owner,738,30128.15,119748.66,120,Other,2,No,Yes
LA-00105,22,,Private_Sector,0,Doctorate,Married,2,Izmir,Rent,698,9010.37,429453.80,12,Business,0,No,Yes
LA-00106,66,60308.03,Self_Employed,19,Bachelor,Married,3,Adana,Family_Home,611,20457.71,137812.60,48,Education,0,Yes,No
LA-00107,68,17203.14,Freelancer,25,Master,Single,1,Gaziantep,Owner,,9705.63,812089.04,60,Business,0,No,No
LA-00108,59,63735.42,Private_Sector,13,Bachelor,Divorced,1,Antalya,Family_Home,,19033.53,154575.71,24,Other,0,No,Yes
LA-00109,68,58894.72,Private_Sector,15,Associate,Single,4,Gaziantep,Mortgage,734,27503.70,125097.72,120,Debt_Consolidation,0,No,Yes
LA-00110,64,107988.27,Public_Sector,19,Bachelor,Single,4,Gaziantep,Owner,649,7462.03,246626.45,120,Education,4,No,Yes
LA-00111,22,113256.31,Public_Sector,0,Associate,Married,4,Ankara,Family_Home,,44668.55,223311.09,48,Business,1,No,Yes
LA-00112,46,,Self_Employed,12,Bachelor,Single,1,Gaziantep,Mortgage,591,9443.82,114115.04,60,Education,1,No,Yes
LA-00113,36,21587.84,Self_Employed,0,Associate,Married,0,Istanbul,Mortgage,662,4303.46,255981.41,60,Debt_Consolidation,1,No,No
LA-00114,37,45060.97,Retired,11,Bachelor,Single,1,Ankara,Rent,860,10980.16,675002.70,12,Business,0,No,No
LA-00115,34,85474.99,Self_Employed,,High_School,Married,2,Istanbul,Rent,674,19680.30,255632.22,120,Business,0,Yes,Yes
LA-00116,57,73933.70,Private_Sector,14,High_School,Married,0,Istanbul,Rent,521,38616.65,211839.68,24,Home,1,Yes,Yes
LA-00117,66,48794.48,Self_Employed,20,Bachelor,Single,3,Ankara,Mortgage,865,9594.67,557151.44,36,Home,0,No,Yes
LA-00118,34,67705.51,Private_Sector,6,Bachelor,Married,1,Izmir,Owner,625,28031.22,329471.19,84,Education,1,No,Yes
LA-00119,48,63025.69,Public_Sector,15,Associate,Single,2,Bursa,Mortgage,657,4458.07,364829.82,48,Business,1,No,Yes
LA-00120,56,53789.36,Freelancer,18,Bachelor,Divorced,2,Izmir,Mortgage,497,19354.07,170311.06,24,Vehicle,2,No,No
LA-00121,48,59750.87,Public_Sector,15,Master,Married,2,Ankara,Owner,650,32097.96,261689.19,36,Business,0,No,No
LA-00122,53,44428.43,Private_Sector,7,Master,Married,0,Adana,Mortgage,480,21378.17,204186.50,48,Education,1,No,No
LA-00123,30,40509.68,Private_Sector,6,Bachelor,Single,0,Izmir,Mortgage,813,17179.74,320245.29,48,Business,0,No,Yes
LA-00124,67,31102.29,Public_Sector,22,Bachelor,Single,1,Istanbul,Mortgage,782,17911.08,386348.99,48,Home,0,No,Yes
LA-00125,63,34928.50,Public_Sector,17,High_School,Divorced,0,Bursa,Mortgage,698,3203.01,230871.85,84,Education,1,No,Yes
LA-00126,37,56035.44,Private_Sector,9,High_School,Single,0,Adana,Mortgage,799,15193.53,102777.37,36,Home,1,No,Yes
LA-00127,66,43947.32,Self_Employed,21,High_School,Single,2,Konya,Rent,574,3922.96,240188.01,120,Other,2,Yes,No
LA-00128,69,66005.02,Public_Sector,23,Bachelor,Married,1,Adana,Owner,818,14647.45,1631105.59,12,Business,0,No,Yes
LA-00129,34,52162.27,Private_Sector,4,High_School,Divorced,2,Izmir,Owner,692,,267530.27,48,Debt_Consolidation,0,No,Yes
LA-00130,46,40771.73,Private_Sector,7,Bachelor,Single,3,Adana,Owner,663,2649.87,565741.90,48,Home,0,No,Yes
LA-00131,46,28999.58,Private_Sector,12,Associate,Married,1,Adana,Rent,694,6235.69,437035.30,12,Vehicle,1,No,No
LA-00132,47,,Private_Sector,12,Master,Divorced,1,Izmir,Rent,765,15394.99,155397.94,84,Vehicle,1,Yes,Yes
LA-00133,35,38281.68,Self_Employed,4,High_School,Married,1,Izmir,Rent,661,15453.73,34292.17,36,Home,1,No,Yes
LA-00134,54,24961.11,Public_Sector,10,Bachelor,Married,2,Bursa,Mortgage,729,5556.45,166653.86,36,Debt_Consolidation,0,No,No
LA-00135,56,39987.97,Retired,25,High_School,Single,,Adana,Rent,722,7208.93,495055.39,36,Vehicle,0,Yes,No
LA-00136,49,35711.30,Public_Sector,15,High_School,Married,1,Istanbul,Rent,711,15500.23,233886.75,60,Home,2,No,No
LA-00137,32,146431.92,Private_Sector,1,Master,Married,1,Bursa,Family_Home,804,56020.40,93722.58,120,Business,0,No,Yes
LA-00138,38,84474.53,Public_Sector,16,Bachelor,Married,2,Bursa,Rent,580,49536.25,75003.76,36,Debt_Consolidation,0,Yes,No
LA-00139,43,23071.82,Public_Sector,16,Bachelor,Single,1,Izmir,Mortgage,689,2295.50,403949.40,48,Vehicle,0,No,No
LA-00140,37,54077.16,Public_Sector,8,Associate,Married,0,Konya,Owner,669,10575.39,203061.89,60,Home,0,Yes,Yes
LA-00141,34,52730.97,Private_Sector,3,Bachelor,Married,2,Izmir,Owner,641,9020.33,180496.48,12,Other,0,No,No
LA-00142,50,40269.12,Freelancer,14,High_School,Married,1,Istanbul,Mortgage,493,7530.55,442886.22,12,Other,1,No,No
LA-00143,36,24711.95,Private_Sector,8,High_School,Divorced,0,Konya,Family_Home,592,14418.57,175089.64,84,Other,0,No,No
LA-00144,52,26998.98,Private_Sector,10,Associate,Single,0,Adana,Rent,565,4512.36,379113.56,120,Business,0,No,No
LA-00145,51,61575.25,Private_Sector,15,High_School,Married,3,Izmir,Family_Home,650,17908.42,343526.14,60,Business,0,No,Yes
LA-00146,67,56576.07,Self_Employed,19,High_School,Married,5,Istanbul,Rent,608,28019.30,212737.38,12,Vehicle,0,No,No
LA-00147,36,19556.93,Private_Sector,4,High_School,Married,0,Izmir,Owner,649,5406.79,660490.47,36,Vehicle,1,No,No
LA-00148,46,49226.94,Private_Sector,13,Doctorate,Single,0,Bursa,Family_Home,625,3627.42,122821.94,36,Other,0,Yes,Yes
LA-00149,41,76331.78,Self_Employed,15,Bachelor,Single,1,Istanbul,Rent,610,6527.49,37030.07,60,Other,0,No,No
LA-00150,28,34463.55,Freelancer,6,Bachelor,Single,2,Antalya,Rent,,3214.15,599648.66,36,Home,1,No,No
LA-00151,56,60840.09,Public_Sector,14,Doctorate,Married,1,Bursa,Rent,658,16909.70,45831.56,12,Education,1,No,Yes
LA-00152,33,60425.91,Self_Employed,10,Master,Married,2,Istanbul,Family_Home,574,35477.09,44402.25,12,Vehicle,0,No,No
LA-00153,46,101323.54,Public_Sector,18,High_School,Single,5,Istanbul,Rent,834,13583.96,255927.76,36,Education,2,No,Yes
LA-00154,56,29901.95,Public_Sector,8,Master,Married,3,Gaziantep,Owner,716,17489.59,228872.59,36,Education,0,No,Yes
LA-00155,57,35024.04,Freelancer,7,High_School,Married,1,Ankara,Mortgage,663,13602.57,216693.84,84,Debt_Consolidation,0,No,Yes
LA-00156,24,53469.52,Public_Sector,0,High_School,Married,1,Gaziantep,Family_Home,733,26842.59,173435.04,36,Debt_Consolidation,0,No,No
LA-00157,58,56581.55,Private_Sector,19,Associate,Single,2,Ankara,Owner,759,18005.27,142165.18,24,Debt_Consolidation,1,Yes,No
LA-00158,21,78184.55,Self_Employed,0,Bachelor,Married,0,Antalya,Owner,710,,199000.48,48,Home,0,No,No
LA-00159,26,39208.73,Retired,8,Bachelor,Single,2,Istanbul,Rent,475,8698.21,256098.39,48,Vehicle,2,Yes,No
LA-00160,39,49170.91,Private_Sector,8,Bachelor,Single,2,Konya,Mortgage,790,13139.22,418297.47,48,Other,0,No,Yes
LA-00161,30,39499.39,Retired,12,Bachelor,Married,0,Antalya,Mortgage,634,10188.34,282761.40,12,Business,0,No,No
LA-00162,61,42810.77,Private_Sector,18,Bachelor,Married,2,Antalya,Family_Home,675,9940.15,144796.31,60,Education,,Yes,Yes
LA-00163,26,35414.62,Public_Sector,5,Bachelor,Married,3,Izmir,Mortgage,626,2588.23,279155.61,24,Business,1,No,Yes
LA-00164,35,48388.41,Freelancer,6,Bachelor,Single,2,Istanbul,Rent,652,11372.63,189631.72,120,Vehicle,0,No,Yes
LA-00165,56,87953.73,Self_Employed,18,High_School,Single,5,Bursa,Rent,614,32756.05,797167.50,60,Business,0,No,Yes
LA-00166,57,40167.17,Private_Sector,9,Associate,Married,3,Adana,Mortgage,555,21701.72,265431.02,84,Other,0,Yes,No
LA-00167,39,73866.33,Public_Sector,,Master,Married,3,Gaziantep,Rent,694,7719.41,143705.03,36,Education,1,Yes,Yes
LA-00168,45,77716.58,Self_Employed,16,Master,Single,4,Ankara,Owner,666,23588.64,70717.89,48,Other,0,No,Yes
LA-00169,53,36664.30,Private_Sector,13,Bachelor,Single,3,Istanbul,Rent,738,8867.75,137145.73,84,Business,0,No,Yes
LA-00170,57,68320.41,Private_Sector,20,Master,Married,2,Antalya,Mortgage,810,39820.28,73196.41,60,Home,0,Yes,Yes
LA-00171,67,81551.90,Public_Sector,23,Associate,Married,0,Bursa,Rent,696,28112.56,284523.66,48,Business,1,No,Yes
LA-00172,66,16187.93,Private_Sector,21,Bachelor,Single,4,Bursa,Owner,539,1065.91,229962.42,36,Home,1,Yes,No
LA-00173,49,98919.03,Private_Sector,15,Doctorate,Married,3,Bursa,Mortgage,881,30527.02,285247.05,36,Debt_Consolidation,0,No,Yes
LA-00174,44,32861.05,Freelancer,7,Bachelor,Single,4,Izmir,Owner,537,7623.06,435012.55,84,Other,0,No,No
LA-00175,26,29755.72,Private_Sector,3,High_School,Divorced,1,Istanbul,Owner,647,11464.04,189137.83,48,Business,0,No,Yes
LA-00176,55,,Private_Sector,24,Bachelor,Married,1,Antalya,Mortgage,678,17187.16,677110.27,12,Home,0,No,No
LA-00177,66,38068.02,Private_Sector,17,High_School,Single,0,Antalya,Mortgage,742,3017.29,278224.69,36,Debt_Consolidation,0,No,No
LA-00178,42,69126.62,Public_Sector,10,Master,Married,,Istanbul,Rent,609,38135.17,113658.72,84,Other,0,No,Yes
LA-00179,51,69255.21,Private_Sector,8,Associate,Single,1,Izmir,Rent,635,28774.79,179829.03,84,Business,0,No,Yes
LA-00180,69,46864.78,Private_Sector,17,Associate,Married,0,Istanbul,Family_Home,553,17776.56,261970.05,60,Debt_Consolidation,1,No,No
LA-00181,45,89458.77,Private_Sector,6,Bachelor,Single,2,Istanbul,Rent,495,36501.39,217814.65,60,Vehicle,2,No,Yes
LA-00182,48,23826.01,Private_Sector,19,Bachelor,Married,0,Konya,Rent,591,6549.25,180957.90,84,Home,0,No,No
LA-00183,62,59346.12,Freelancer,19,Master,Single,3,Antalya,Mortgage,737,21084.45,1345474.03,120,Education,1,Yes,Yes
LA-00184,39,43947.31,Private_Sector,2,Bachelor,Single,2,Antalya,Rent,420,8359.59,537552.75,48,Education,0,No,No
LA-00185,61,35090.02,Freelancer,19,Bachelor,Married,2,Antalya,Rent,583,4756.50,67748.69,36,Debt_Consolidation,1,Yes,No
LA-00186,31,39588.67,Private_Sector,6,Master,Married,2,Adana,Rent,676,6010.18,100837.94,84,Vehicle,0,No,Yes
LA-00187,65,47523.64,Self_Employed,16,Bachelor,Married,0,Bursa,Owner,591,8960.82,676679.47,24,Business,0,No,No
LA-00188,28,37280.33,Self_Employed,9,Associate,Widowed,0,Ankara,Mortgage,573,41275.57,74644.94,120,Home,0,No,No
LA-00189,35,28333.09,Self_Employed,5,Master,Married,1,Konya,Mortgage,620,10724.38,532746.48,12,Other,0,No,No
LA-00190,45,76534.61,Private_Sector,8,Bachelor,Divorced,3,Adana,Rent,592,30977.10,136746.29,60,Other,0,No,No
LA-00191,54,41825.44,Retired,11,Bachelor,Single,2,Ankara,Owner,678,2817.09,314906.83,24,Education,0,No,Yes
LA-00192,25,25337.53,Private_Sector,4,Master,Married,2,Ankara,Rent,584,1476.61,46126.72,24,Debt_Consolidation,0,No,No
LA-00193,61,103511.48,Public_Sector,24,Master,Single,0,Izmir,Owner,672,49317.59,125613.29,60,Home,0,No,Yes
LA-00194,60,40006.70,Public_Sector,26,Master,Single,,Bursa,Owner,640,23924.58,383151.25,60,Education,0,No,No
LA-00195,62,68276.36,Self_Employed,21,Bachelor,Married,3,Adana,Owner,809,8888.93,181480.00,12,Home,0,Yes,Yes
LA-00196,49,42564.72,Private_Sector,5,Master,Married,0,Bursa,Rent,714,11707.29,1292089.18,48,Home,1,No,No
LA-00197,42,48445.56,Public_Sector,15,Bachelor,Divorced,1,Ankara,Mortgage,676,6924.98,343780.09,24,Debt_Consolidation,0,No,No
LA-00198,37,31441.25,Self_Employed,8,High_School,Married,2,Istanbul,Family_Home,687,9753.22,408325.74,36,Debt_Consolidation,0,Yes,No
LA-00199,45,31559.79,Private_Sector,8,Master,Single,3,Konya,Mortgage,571,17221.50,37591.48,36,Vehicle,1,Yes,No
LA-00200,49,39283.64,Freelancer,14,Master,Married,1,Adana,Rent,646,18528.28,197689.95,84,Debt_Consolidation,1,No,No
LA-00201,40,86570.68,Private_Sector,5,Bachelor,Single,3,Bursa,Rent,748,24745.30,514932.28,120,Vehicle,0,Yes,Yes
LA-00202,56,62505.43,Public_Sector,16,Bachelor,Single,1,Gaziantep,Rent,624,35654.96,119814.49,12,Debt_Consolidation,1,No,No
LA-00203,65,28114.42,Freelancer,16,Bachelor,Married,1,Adana,Mortgage,733,8591.65,445888.50,48,Debt_Consolidation,1,No,Yes
LA-00204,36,42610.30,Public_Sector,5,High_School,Married,2,Istanbul,Family_Home,631,19889.07,189985.51,48,Home,0,No,Yes
LA-00205,54,51414.40,Retired,4,Master,Single,2,Ankara,Mortgage,731,3731.96,291454.51,24,Education,0,No,Yes
LA-00206,33,72951.18,Public_Sector,5,High_School,Married,4,Ankara,Rent,669,,730740.02,36,Debt_Consolidation,0,No,Yes
LA-00207,37,42554.48,Public_Sector,6,Master,Single,3,Antalya,Owner,728,3722.01,244990.10,24,Education,3,Yes,Yes
LA-00208,40,49962.48,Private_Sector,7,High_School,Single,1,Izmir,Owner,817,27342.12,628388.64,24,Home,0,No,No
LA-00209,67,43479.20,Private_Sector,19,Master,Single,2,Konya,Mortgage,584,8770.00,506957.79,24,Home,0,No,No
LA-00210,57,47581.32,Public_Sector,20,Bachelor,Single,5,Istanbul,Mortgage,,9663.68,530910.99,48,Education,0,No,Yes
LA-00211,36,107000.42,Freelancer,14,Associate,Divorced,2,Bursa,Rent,738,10009.29,44296.51,24,Business,1,Yes,Yes
LA-00212,22,51829.60,Private_Sector,0,Master,Divorced,1,Adana,Family_Home,632,12829.31,124694.96,36,Education,0,No,No
LA-00213,47,45375.35,Self_Employed,1,Bachelor,Married,2,Gaziantep,Mortgage,702,11588.91,2610509.28,36,Vehicle,0,No,No
LA-00214,37,60074.01,Private_Sector,8,Bachelor,Married,3,Bursa,Mortgage,565,31212.79,203646.85,24,Education,1,No,No
LA-00215,29,31213.86,Public_Sector,9,Bachelor,Married,5,Izmir,Rent,676,13278.62,67182.71,12,Debt_Consolidation,0,No,Yes
LA-00216,61,69303.79,Private_Sector,14,Master,Divorced,1,Bursa,Mortgage,622,7690.39,303481.70,120,Vehicle,0,No,No
LA-00217,62,82812.57,Private_Sector,18,Bachelor,Married,1,Antalya,Family_Home,837,38911.30,210307.41,120,Debt_Consolidation,0,No,Yes
LA-00218,64,77986.38,Public_Sector,18,High_School,Married,2,Adana,Owner,802,26288.97,538026.38,36,Business,6,No,No
LA-00219,36,45594.42,Public_Sector,3,Associate,Single,0,Konya,Family_Home,690,12865.12,351606.07,12,Other,0,No,No
LA-00220,35,77403.64,Public_Sector,8,Master,Married,2,Ankara,Owner,757,,263106.87,120,Other,0,Yes,Yes
LA-00221,45,26074.33,Private_Sector,13,Bachelor,Single,2,Gaziantep,Mortgage,710,8411.18,774702.23,12,Vehicle,0,No,No
LA-00222,21,87427.91,Freelancer,0,Bachelor,Single,1,Gaziantep,Rent,614,31648.31,129570.77,24,Home,0,No,Yes
LA-00223,28,37864.74,Self_Employed,0,Bachelor,Single,0,Bursa,Owner,711,,228642.06,60,Other,0,No,Yes
LA-00224,62,27939.70,Freelancer,13,Bachelor,Single,0,Gaziantep,Rent,624,16489.75,886474.84,12,Business,1,No,No
LA-00225,67,86024.68,,21,Bachelor,Single,4,Adana,Owner,722,,128986.40,12,Home,0,No,Yes
LA-00226,65,101726.71,Public_Sector,13,High_School,Married,1,Izmir,Mortgage,787,42822.78,238456.77,120,Education,5,No,Yes
LA-00227,68,29806.54,Public_Sector,25,High_School,Married,0,Izmir,Family_Home,690,12987.59,455841.14,120,Vehicle,1,Yes,Yes
LA-00228,55,,Self_Employed,18,Associate,Single,0,Izmir,Owner,592,9160.96,115001.64,36,Vehicle,1,No,Yes
LA-00229,25,71042.51,Public_Sector,2,High_School,Married,2,Konya,Owner,669,25337.18,401950.70,120,Education,0,No,No
LA-00230,26,64305.80,Self_Employed,3,Bachelor,Single,1,Gaziantep,Rent,640,24658.70,338456.59,24,Home,1,No,No
LA-00231,21,56346.17,Private_Sector,0,Bachelor,Married,1,Adana,Rent,649,18014.21,301051.54,120,Vehicle,1,No,No
LA-00232,41,32426.60,Public_Sector,9,Master,Single,1,Ankara,Owner,671,8672.34,326850.32,60,Business,0,No,Yes
LA-00233,59,56016.17,Private_Sector,19,Bachelor,Single,3,Ankara,Mortgage,616,29392.68,847022.92,48,Education,1,No,No
LA-00234,69,34394.14,Private_Sector,24,Master,Married,1,Izmir,Rent,577,11757.34,423546.62,60,Home,1,No,No
LA-00235,62,91424.22,Self_Employed,20,Associate,Single,1,Gaziantep,Owner,655,23970.19,213561.83,24,Vehicle,0,No,Yes
LA-00236,67,133927.60,Private_Sector,16,High_School,Married,1,Konya,Rent,704,43127.02,54479.93,36,Home,0,No,Yes
LA-00237,52,,Private_Sector,9,Master,Married,2,Antalya,Owner,655,2625.87,1184543.09,48,Debt_Consolidation,0,No,No
LA-00238,67,82342.28,Private_Sector,17,Master,Married,2,Izmir,Rent,753,26282.51,583560.34,36,Business,3,No,No
LA-00239,62,61056.38,Freelancer,13,High_School,Married,1,Adana,Mortgage,609,29897.92,142928.42,24,Other,0,No,No
LA-00240,38,41099.60,Public_Sector,9,Bachelor,Married,,Bursa,Owner,558,6887.19,425138.89,24,Home,3,No,No
LA-00241,64,65422.22,Private_Sector,,High_School,Single,0,Gaziantep,Owner,568,30013.22,353738.46,60,Home,3,No,No
LA-00242,50,43121.00,Public_Sector,17,Associate,Single,2,Izmir,Rent,,23778.01,2330270.99,24,Home,1,No,No
LA-00243,22,66902.89,Public_Sector,0,High_School,Married,0,Ankara,Mortgage,736,38914.33,235157.33,24,Vehicle,0,No,No
LA-00244,44,42431.37,Self_Employed,17,Master,Married,0,Ankara,Rent,768,4990.07,181926.56,12,Debt_Consolidation,2,No,No
LA-00245,51,63378.02,Freelancer,11,High_School,Single,1,Istanbul,Rent,637,27355.17,106027.64,84,Home,0,Yes,Yes
LA-00246,45,28600.20,Private_Sector,15,High_School,Married,1,Konya,Mortgage,721,16415.66,292467.08,48,Other,0,No,No
LA-00247,64,49484.76,Private_Sector,18,Master,Married,0,Istanbul,Mortgage,613,4430.07,288571.02,12,Business,0,Yes,No
LA-00248,52,44434.03,Self_Employed,15,Master,Married,0,Istanbul,Rent,707,9695.22,135675.84,36,Vehicle,0,Yes,Yes
LA-00249,47,68846.77,Private_Sector,11,Bachelor,Married,0,Gaziantep,Owner,676,4443.45,236521.93,120,Vehicle,2,No,Yes
LA-00250,45,71943.31,Private_Sector,10,Bachelor,Married,1,Izmir,Mortgage,555,3845.03,292209.40,48,Vehicle,2,Yes,No
LA-00251,55,38625.23,Private_Sector,19,Associate,Single,,Izmir,Family_Home,706,15230.75,184474.47,84,Other,0,No,Yes
LA-00252,55,51179.85,Freelancer,15,High_School,Married,2,Adana,Rent,725,8302.36,542429.22,24,Debt_Consolidation,1,Yes,No
LA-00253,41,33761.52,Private_Sector,8,Master,Married,0,Bursa,Family_Home,807,13925.54,468928.94,48,Home,0,No,Yes
LA-00254,68,100530.24,Private_Sector,18,Master,Married,2,Istanbul,Owner,522,53035.62,89816.32,120,Home,2,No,No
LA-00255,48,77776.04,Freelancer,13,Master,Divorced,0,Gaziantep,Rent,648,34038.26,1013259.06,36,Home,0,No,No
LA-00256,22,37628.77,Private_Sector,0,Master,Widowed,3,Gaziantep,Owner,827,20519.81,425273.23,120,Home,0,Yes,Yes
LA-00257,65,99892.22,Public_Sector,20,Associate,Divorced,1,Antalya,Rent,779,54957.04,5345827.83,84,Home,0,No,No
LA-00258,43,93318.24,Public_Sector,22,Bachelor,Divorced,0,Gaziantep,Mortgage,784,14585.80,78741.59,120,Business,0,No,Yes
LA-00259,69,21477.06,Freelancer,20,Bachelor,Single,0,Antalya,Mortgage,616,7777.00,370982.77,84,Debt_Consolidation,0,No,Yes
LA-00260,43,58897.38,Private_Sector,7,Bachelor,Single,0,Gaziantep,Mortgage,609,13830.82,597799.12,120,Vehicle,0,No,No
LA-00261,55,43022.66,Private_Sector,,Associate,Married,0,Istanbul,Rent,539,6204.24,154022.83,120,Education,1,No,No
LA-00262,64,43877.39,Private_Sector,23,Bachelor,Single,2,Gaziantep,Rent,597,23523.24,75461.32,36,Home,3,No,No
LA-00263,64,69844.91,Private_Sector,16,Bachelor,Married,2,Gaziantep,Rent,665,20284.25,214331.04,12,Education,0,No,No
LA-00264,34,79316.77,Private_Sector,7,High_School,Married,2,Ankara,Family_Home,698,16032.67,438829.19,60,Home,1,Yes,Yes
LA-00265,56,41117.30,Private_Sector,15,Bachelor,Single,1,Konya,Rent,672,20896.15,169862.89,48,Home,1,Yes,No
LA-00266,65,40941.91,Private_Sector,25,High_School,Married,1,Bursa,Mortgage,655,5524.50,255397.20,48,Education,1,No,No
LA-00267,54,68819.02,Private_Sector,18,High_School,Widowed,0,Izmir,Owner,706,39926.46,295348.35,24,Other,0,No,Yes
LA-00268,34,93186.39,Self_Employed,0,High_School,Married,1,Gaziantep,Rent,786,13752.21,91686.30,24,Business,0,No,Yes
LA-00269,54,62793.95,Private_Sector,9,High_School,Married,2,Izmir,Rent,773,36052.61,356940.97,24,Vehicle,0,Yes,No
LA-00270,64,42887.67,Private_Sector,24,Bachelor,Married,1,Istanbul,Mortgage,633,22942.13,205673.96,84,Home,1,No,Yes
LA-00271,56,41440.08,Public_Sector,17,High_School,Married,0,Konya,Owner,580,10363.82,108431.55,60,Vehicle,0,No,No
LA-00272,49,48093.87,Self_Employed,17,Bachelor,Married,2,Bursa,Mortgage,733,25730.50,155290.56,60,Business,0,Yes,Yes
LA-00273,60,49708.01,Public_Sector,24,Master,Married,1,Istanbul,Owner,,11978.12,462007.60,36,Vehicle,0,No,No
LA-00274,60,65297.92,Private_Sector,18,Bachelor,Married,0,Izmir,Owner,783,8351.65,85260.56,84,Education,0,No,Yes
LA-00275,46,62850.35,Private_Sector,23,High_School,Single,2,Gaziantep,Rent,593,15930.13,253117.10,12,Home,0,No,No
LA-00276,42,56995.07,Self_Employed,,High_School,Divorced,1,Adana,Rent,580,32492.77,888003.26,60,Business,2,Yes,No
LA-00277,55,20546.04,Private_Sector,21,Bachelor,Married,2,Antalya,Rent,602,3741.70,6914537.26,60,Vehicle,0,No,No
LA-00278,62,81065.59,Freelancer,21,Bachelor,Single,2,Izmir,Mortgage,740,,705984.85,60,Business,0,Yes,Yes
LA-00279,52,37477.85,Freelancer,13,Bachelor,Married,3,Konya,Rent,635,8733.44,184046.46,12,Education,0,Yes,No
LA-00280,32,67166.96,Private_Sector,8,High_School,Married,0,Bursa,Mortgage,619,5013.75,101666.40,36,Home,4,No,No
LA-00281,61,32162.62,Private_Sector,14,High_School,Single,1,Antalya,Family_Home,770,8986.62,151763.37,36,Other,1,Yes,Yes
LA-00282,69,71566.65,Private_Sector,30,High_School,Married,2,Istanbul,Mortgage,720,21797.46,262007.47,24,Business,0,No,Yes
LA-00283,49,42982.28,Private_Sector,16,Master,Single,3,Adana,Family_Home,496,15133.07,71242.75,48,Other,1,No,No
LA-00284,39,,Public_Sector,2,Associate,Married,1,Konya,Mortgage,555,3627.62,180216.13,12,Vehicle,1,No,No
LA-00285,55,43204.92,Retired,5,Bachelor,Married,5,Gaziantep,Rent,659,3785.82,599172.87,48,Other,0,No,Yes
LA-00286,48,37557.58,Private_Sector,15,Associate,Married,3,Bursa,Mortgage,527,4983.73,229425.38,48,Home,1,No,No
LA-00287,50,76029.83,Freelancer,6,Master,Single,0,Izmir,Rent,752,17548.84,55007.53,36,Other,0,Yes,Yes
LA-00288,52,34809.95,Private_Sector,13,Master,Single,5,Izmir,Mortgage,535,16750.80,792198.36,12,Business,0,No,Yes
LA-00289,24,69904.90,Private_Sector,6,High_School,Widowed,0,Konya,Mortgage,751,35871.18,468932.51,24,Other,0,No,Yes
LA-00290,58,56716.36,Retired,12,Doctorate,Single,1,Izmir,Mortgage,693,10424.24,434808.90,120,Education,1,Yes,Yes
LA-00291,22,30361.13,Private_Sector,0,Doctorate,Married,0,Bursa,Family_Home,716,8457.09,517525.82,60,Debt_Consolidation,0,No,No
LA-00292,57,19978.74,Retired,16,Bachelor,Married,0,Izmir,Owner,610,11570.35,114857.76,48,Debt_Consolidation,0,Yes,No
LA-00293,65,39310.88,Public_Sector,20,High_School,Single,1,Konya,Rent,710,7678.44,417991.04,120,Business,0,No,No
LA-00294,59,69211.34,Freelancer,13,High_School,Single,1,Konya,Mortgage,696,29784.43,270113.92,60,Other,3,No,Yes
LA-00295,22,60899.69,Public_Sector,0,High_School,Married,1,Istanbul,Owner,,14878.34,98691.24,84,Vehicle,0,No,Yes
LA-00296,62,15483.23,Self_Employed,12,Associate,Married,2,Konya,Family_Home,677,6270.17,182574.31,12,Other,0,No,No
LA-00297,63,58869.62,Private_Sector,,Master,Married,1,Istanbul,Rent,760,17390.31,545827.90,24,Debt_Consolidation,0,Yes,Yes
LA-00298,45,111707.18,Private_Sector,17,High_School,Married,0,Konya,Family_Home,805,32845.79,442614.22,48,Other,0,Yes,Yes
LA-00299,43,29737.59,Private_Sector,13,Bachelor,Married,2,Gaziantep,Family_Home,586,8453.50,74847.38,60,Education,2,No,No
LA-00300,66,44329.13,Self_Employed,18,High_School,Married,1,Izmir,Rent,673,24803.14,219973.94,24,Debt_Consolidation,0,No,No
LA-00301,32,51214.80,Private_Sector,2,Associate,Single,2,Ankara,Mortgage,618,4810.65,1217180.63,24,Other,2,No,No
LA-00302,57,42189.11,Retired,16,Bachelor,Single,2,Izmir,Mortgage,804,6816.10,457088.67,24,Other,0,No,Yes
LA-00303,38,93892.86,Public_Sector,9,Master,Single,4,Gaziantep,Family_Home,607,31159.26,407246.61,84,Debt_Consolidation,0,No,Yes
LA-00304,61,97776.67,Self_Employed,18,High_School,Married,2,Gaziantep,Rent,822,32992.52,316798.43,24,Business,0,No,Yes
LA-00305,32,56156.34,Public_Sector,1,Master,Single,2,Konya,Mortgage,592,29830.61,255713.92,120,Vehicle,0,No,No
LA-00306,23,18856.76,Self_Employed,1,High_School,Single,2,Bursa,Owner,679,1917.69,169979.37,12,Other,0,No,Yes
LA-00307,49,89972.46,Private_Sector,3,Master,Married,3,Konya,Owner,745,11529.89,1080037.14,36,Education,0,No,Yes
LA-00308,30,50258.96,Self_Employed,1,Bachelor,Married,2,Istanbul,Mortgage,778,25964.42,254146.47,36,Vehicle,0,No,Yes
LA-00309,56,29600.13,Public_Sector,14,Master,Married,1,Konya,Rent,809,14861.27,109244.66,84,Education,0,No,Yes
LA-00310,27,60643.23,Public_Sector,3,Associate,Married,1,Gaziantep,Rent,710,23333.80,616209.64,120,Other,1,No,Yes
LA-00311,22,64249.35,Self_Employed,,Bachelor,Single,3,Ankara,Rent,637,4612.51,695202.14,84,Vehicle,0,No,No
LA-00312,58,61751.38,Private_Sector,18,Associate,Single,3,Konya,Mortgage,685,33159.05,146690.95,60,Other,0,No,No
LA-00313,32,52520.77,Self_Employed,0,High_School,Married,2,Adana,Rent,649,26038.58,162384.16,60,Other,0,Yes,No
LA-00314,25,181678.47,Public_Sector,6,Master,Divorced,3,Ankara,Rent,811,22604.66,640946.85,36,Education,0,No,Yes
LA-00315,21,77891.99,Freelancer,1,Master,Single,0,Gaziantep,Family_Home,565,36274.45,277354.79,36,Other,0,No,No
LA-00316,50,33810.80,Public_Sector,14,Bachelor,Married,0,Gaziantep,Owner,656,19362.30,276191.27,48,Other,0,No,No
LA-00317,29,50038.60,Private_Sector,1,Associate,Divorced,3,Ankara,Mortgage,772,15923.80,312143.16,24,Business,0,No,Yes
LA-00318,45,33540.49,Private_Sector,13,Bachelor,Single,0,Istanbul,Mortgage,600,4736.85,762820.19,60,Home,0,No,Yes
LA-00319,56,72166.37,Private_Sector,21,Bachelor,Single,1,Konya,Rent,729,30747.70,370605.43,48,Home,4,No,Yes
LA-00320,36,51088.98,Private_Sector,12,Associate,Single,2,Adana,Rent,691,9465.20,770014.39,84,Debt_Consolidation,0,No,No
LA-00321,57,67933.22,Public_Sector,13,Master,Married,1,Ankara,Mortgage,659,32376.49,189682.30,120,Education,1,No,No
LA-00322,24,50790.62,Public_Sector,3,High_School,Single,0,Izmir,Mortgage,556,4013.01,173918.26,60,Vehicle,0,No,No
LA-00323,53,140982.79,Public_Sector,17,Associate,Single,2,Izmir,Owner,726,87338.72,242493.50,36,Education,0,No,Yes
LA-00324,40,63840.02,Freelancer,3,Bachelor,Divorced,4,Bursa,Rent,591,33010.61,323496.53,120,Education,0,No,No
LA-00325,52,35368.05,Private_Sector,9,Associate,Married,3,Gaziantep,Family_Home,672,11415.71,70651.90,84,Education,2,No,Yes
LA-00326,60,96450.31,Private_Sector,12,Bachelor,Married,0,Gaziantep,Rent,706,48080.21,552314.42,48,Vehicle,0,No,Yes
LA-00327,30,48660.15,Freelancer,2,High_School,Single,1,Adana,Owner,651,24301.96,182701.41,36,Business,1,Yes,Yes
LA-00328,59,30214.43,Private_Sector,23,High_School,Married,0,Antalya,Rent,657,17717.28,237664.15,12,Home,0,No,No
LA-00329,31,46344.13,Private_Sector,12,Associate,Single,4,Gaziantep,Owner,622,17473.45,306687.96,48,Business,0,No,Yes
LA-00330,49,56489.33,Self_Employed,9,Bachelor,Single,2,Antalya,Rent,777,5888.26,135256.92,36,Debt_Consolidation,0,Yes,Yes
LA-00331,54,50772.46,Private_Sector,20,High_School,Married,3,Konya,Family_Home,612,,366707.37,36,Business,0,No,No
LA-00332,69,44622.96,Freelancer,,Master,Married,1,Ankara,Rent,698,14376.15,369371.70,60,Business,0,No,Yes
LA-00333,51,61594.45,Private_Sector,11,High_School,Married,2,Antalya,Mortgage,714,8546.34,158988.32,48,Debt_Consolidation,0,No,No
LA-00334,55,63013.17,Private_Sector,20,Bachelor,Married,2,Antalya,Owner,545,23593.03,329124.56,60,Debt_Consolidation,2,No,No
LA-00335,38,29352.48,Private_Sector,7,Master,Divorced,1,Gaziantep,Rent,612,5090.39,112804.51,36,Business,0,Yes,No
LA-00336,24,33616.17,Public_Sector,0,Master,Single,0,Antalya,Rent,703,2342.49,279861.93,36,Vehicle,0,No,No
LA-00337,65,36868.85,Private_Sector,17,Associate,Single,2,Adana,Mortgage,821,,511038.27,12,Home,2,Yes,Yes
LA-00338,28,80720.76,Private_Sector,10,Master,Married,1,Bursa,Family_Home,900,28145.90,204490.00,84,Vehicle,0,No,Yes
LA-00339,39,59906.34,Retired,13,Master,Married,3,Ankara,Rent,673,27608.39,367358.44,24,Debt_Consolidation,6,No,No
LA-00340,52,86501.23,Private_Sector,,High_School,Married,2,Konya,Mortgage,619,16562.67,373220.13,120,Debt_Consolidation,1,Yes,Yes
LA-00341,45,68906.09,Private_Sector,11,High_School,Married,2,Konya,Family_Home,658,11670.88,227676.93,120,Education,0,Yes,Yes
LA-00342,27,46990.67,Public_Sector,0,High_School,Divorced,0,Antalya,Rent,668,8080.63,761858.87,12,Business,1,No,Yes
LA-00343,58,40642.89,Private_Sector,9,Associate,Married,0,Izmir,Mortgage,628,4119.80,326988.95,48,Home,1,No,No
LA-00344,52,53312.30,Private_Sector,19,Bachelor,Single,0,Gaziantep,Mortgage,660,32518.95,557440.66,60,Home,0,Yes,No
LA-00345,36,27559.54,Private_Sector,9,Bachelor,Single,0,Adana,Rent,583,4405.31,213928.73,120,Vehicle,1,Yes,No
LA-00346,60,41341.31,Private_Sector,21,Bachelor,Single,1,Konya,Owner,758,2616.06,336774.70,84,Education,0,No,Yes
LA-00347,34,24964.06,Private_Sector,4,High_School,Married,,Konya,Rent,580,13922.34,175230.23,24,Business,1,No,No
LA-00348,68,41755.46,Private_Sector,14,Master,Single,3,Istanbul,Mortgage,577,7996.17,397686.03,48,Vehicle,3,No,No
LA-00349,58,98419.92,Private_Sector,18,Bachelor,Single,2,Izmir,Family_Home,717,19342.10,472700.43,48,Education,0,Yes,Yes
LA-00350,30,42322.07,Private_Sector,6,Master,Divorced,2,Ankara,Rent,482,23941.04,78775.14,120,Other,4,No,No
LA-00351,58,59974.05,Private_Sector,8,Associate,Married,2,Konya,Family_Home,659,23017.49,128852.03,12,Vehicle,0,No,No
LA-00352,43,69765.02,Freelancer,12,Bachelor,Married,2,Konya,Family_Home,660,202897.64,84019.44,60,Business,1,No,No
LA-00353,52,67958.42,Private_Sector,14,Bachelor,Single,0,Konya,Mortgage,532,27148.86,338177.89,36,Debt_Consolidation,1,No,No
LA-00354,46,80449.25,Self_Employed,16,High_School,Single,2,Bursa,Rent,606,29631.81,273489.08,84,Business,1,No,No
LA-00355,42,40155.68,Self_Employed,12,High_School,Single,0,Izmir,Rent,585,19378.43,150749.80,36,Home,3,No,No
LA-00356,30,33395.08,Public_Sector,9,Associate,Single,2,Gaziantep,Rent,519,20365.33,80087.55,84,Debt_Consolidation,0,No,No
LA-00357,30,51983.96,Self_Employed,9,Doctorate,Married,0,Adana,Mortgage,605,22834.10,92191.96,84,Home,0,No,No
LA-00358,67,80613.47,Freelancer,21,Master,Single,0,Ankara,Family_Home,599,33497.79,144598.32,60,Other,1,No,Yes
LA-00359,36,41385.41,Private_Sector,7,Associate,Divorced,1,Bursa,Family_Home,656,14027.35,109051.82,48,Debt_Consolidation,1,No,Yes
LA-00360,24,62448.03,Public_Sector,6,Associate,Married,1,Bursa,Owner,576,,78645.43,12,Home,2,No,No
LA-00361,48,26200.97,,13,High_School,Married,2,Gaziantep,Mortgage,530,16171.63,119669.20,24,Home,0,No,No
LA-00362,24,110066.78,Self_Employed,2,Bachelor,Married,3,Konya,Mortgage,661,56930.68,719405.89,120,Education,1,No,Yes
LA-00363,41,61008.57,Private_Sector,6,High_School,Single,0,Izmir,Mortgage,708,20318.66,225798.10,60,Debt_Consolidation,,No,Yes
LA-00364,37,71044.67,Private_Sector,11,Doctorate,Single,4,Ankara,Mortgage,815,25031.48,1546797.41,60,Other,0,No,No
LA-00365,29,39681.85,Private_Sector,0,Associate,Single,,Antalya,Family_Home,482,14810.61,108706.40,24,Other,0,No,No
LA-00366,32,190137.98,Private_Sector,3,Associate,Married,2,Istanbul,Rent,885,74612.38,133713.83,24,Business,0,No,Yes
LA-00367,55,80178.74,Freelancer,19,High_School,Married,1,Antalya,Owner,678,46882.89,217775.39,36,Vehicle,0,Yes,Yes
LA-00368,46,47515.98,Self_Employed,19,Master,Single,,Adana,Family_Home,777,7985.56,397417.63,36,Home,3,No,Yes
LA-00369,22,32336.51,Self_Employed,1,High_School,Married,2,Gaziantep,Mortgage,568,10613.78,700800.20,12,Vehicle,2,No,No
LA-00370,37,66932.73,Private_Sector,11,Master,Widowed,0,Antalya,Owner,658,32117.95,315471.82,48,Debt_Consolidation,0,No,Yes
LA-00371,62,53292.55,Public_Sector,20,Associate,Married,0,Konya,Mortgage,711,32054.65,243847.92,48,Other,1,No,Yes
LA-00372,40,57557.96,Private_Sector,7,Master,Married,,Istanbul,Mortgage,735,11946.49,294298.23,36,Other,1,Yes,Yes
LA-00373,63,28143.15,Public_Sector,21,Bachelor,Married,2,Konya,Mortgage,562,12066.06,503481.46,48,Vehicle,0,Yes,No
LA-00374,26,45439.49,Public_Sector,6,High_School,Married,4,Ankara,Family_Home,587,16337.71,413693.32,36,Other,,No,No
LA-00375,35,70497.29,Private_Sector,6,Master,Married,1,Izmir,Mortgage,732,12397.41,998643.54,12,Education,0,No,Yes
LA-00376,42,40296.15,Public_Sector,10,Bachelor,Married,1,Istanbul,Rent,687,21167.07,766963.24,12,Home,1,No,No
LA-00377,61,46258.40,Public_Sector,15,High_School,Married,2,Bursa,Family_Home,622,8535.30,1575522.99,60,Education,1,No,No
LA-00378,35,37757.93,Freelancer,4,Associate,Divorced,1,Izmir,Rent,588,16023.47,206678.85,120,Vehicle,1,Yes,No
LA-00379,36,65460.77,Public_Sector,6,Bachelor,Married,1,Antalya,Owner,822,35314.50,187179.52,24,Business,0,No,No
LA-00380,42,33844.02,Private_Sector,6,High_School,Married,0,Adana,Family_Home,629,20145.92,164110.69,84,Other,1,No,No
LA-00381,53,63843.43,Private_Sector,16,High_School,Married,2,Bursa,Family_Home,717,8626.57,211482.89,120,Vehicle,0,No,Yes
LA-00382,45,59011.39,Self_Employed,16,Bachelor,Single,0,Antalya,Owner,687,,248444.45,24,Business,3,No,Yes
LA-00383,33,56251.10,Private_Sector,3,High_School,Married,3,Izmir,Owner,694,6178.76,528830.38,48,Vehicle,0,No,Yes
LA-00384,36,63894.76,Freelancer,0,Bachelor,Married,2,Istanbul,Rent,639,13365.65,236410.71,24,Debt_Consolidation,2,No,No
LA-00385,48,355785.80,Private_Sector,12,Master,Married,3,Istanbul,Mortgage,900,153643.81,419319.92,60,Education,0,Yes,Yes
LA-00386,28,74440.15,Private_Sector,9,Bachelor,Married,0,Antalya,Owner,,38888.60,227707.56,24,Business,0,No,No
LA-00387,45,64574.23,Self_Employed,8,Master,Married,0,Ankara,Owner,725,21864.19,200684.22,36,Debt_Consolidation,1,No,Yes
LA-00388,32,68921.90,Private_Sector,7,Bachelor,Married,1,Adana,Family_Home,581,20660.43,390167.70,48,Business,1,No,No
LA-00389,38,58533.34,Private_Sector,5,Bachelor,Widowed,3,Ankara,Mortgage,604,10715.93,70223.42,24,Education,0,No,Yes
LA-00390,37,78917.32,Freelancer,9,Master,Single,0,Istanbul,Rent,699,47779.53,121339.23,48,Home,1,No,Yes
LA-00391,39,45384.48,Self_Employed,20,Bachelor,Married,0,Adana,Rent,499,6423.03,659043.43,84,Debt_Consolidation,1,Yes,No
LA-00392,69,46785.81,Private_Sector,19,Bachelor,Single,1,Izmir,Owner,753,22636.45,338437.25,60,Vehicle,0,No,Yes
LA-00393,53,33125.60,Private_Sector,18,High_School,Married,1,Ankara,Owner,560,14254.13,623767.46,36,Debt_Consolidation,1,No,No
LA-00394,67,74312.27,Self_Employed,24,High_School,Single,1,Izmir,Mortgage,652,31704.97,308628.91,36,Business,2,No,No
LA-00395,40,39376.29,Self_Employed,7,High_School,Married,2,Gaziantep,Owner,527,3921.08,55586.06,12,Vehicle,2,No,Yes
LA-00396,66,79734.02,Private_Sector,23,High_School,Single,1,Bursa,Owner,541,31458.87,275951.36,24,Home,2,No,No
LA-00397,58,72995.21,Public_Sector,13,Master,Single,1,Ankara,Rent,811,17970.03,59271.60,120,Business,0,No,Yes
LA-00398,27,39488.51,Self_Employed,9,Doctorate,Married,3,Ankara,Rent,516,18040.30,343731.97,120,Debt_Consolidation,,No,No
LA-00399,51,36694.83,Private_Sector,14,Associate,Married,1,Istanbul,Mortgage,624,19665.06,42411.58,36,Home,,No,No
LA-00400,37,34023.27,Private_Sector,5,Master,Married,3,Bursa,Owner,505,8134.46,1313380.93,48,Home,1,No,No
LA-00401,31,116248.44,Private_Sector,6,Bachelor,Married,1,Konya,Rent,657,70352.67,718734.16,48,Business,,No,No
LA-00402,44,48582.76,Private_Sector,20,Associate,Married,1,Bursa,Mortgage,552,19061.27,396661.26,48,Business,2,No,No
LA-00403,37,60862.58,Private_Sector,3,Associate,Divorced,0,Konya,Owner,600,19815.57,307473.17,48,Other,3,Yes,No
LA-00404,28,23914.16,Public_Sector,6,High_School,Divorced,0,Ankara,Rent,597,10447.30,678888.37,48,Business,3,No,No
LA-00405,67,28948.15,,21,Master,Married,2,Izmir,Family_Home,745,7625.72,70218.84,24,Education,0,No,No
LA-00406,65,27306.78,Private_Sector,14,High_School,Single,2,Ankara,Mortgage,718,7715.71,301592.03,24,Vehicle,0,Yes,Yes
LA-00407,32,53162.36,Private_Sector,10,Bachelor,Married,0,Izmir,Owner,612,4239.93,104015.28,36,Other,1,Yes,Yes
LA-00408,40,28598.62,Public_Sector,13,Associate,Married,2,Adana,Family_Home,642,15334.69,539713.89,36,Vehicle,0,No,No
LA-00409,23,62499.50,Retired,0,High_School,Single,0,Istanbul,Owner,725,22707.74,585685.39,120,Debt_Consolidation,0,No,Yes
LA-00410,33,46204.56,Private_Sector,1,Master,Married,0,Antalya,Rent,586,19611.67,211972.86,24,Other,0,No,No
LA-00411,25,96927.02,Public_Sector,0,Bachelor,Single,2,Ankara,Rent,581,17970.01,148326.19,60,Debt_Consolidation,0,No,Yes
LA-00412,43,27123.86,Private_Sector,9,Associate,Single,1,Gaziantep,Rent,589,2277.79,108767.45,48,Vehicle,1,Yes,Yes
LA-00413,31,71427.91,Freelancer,5,Bachelor,Married,0,Konya,Owner,801,15353.69,170141.63,12,Business,0,No,Yes
LA-00414,38,53284.57,Private_Sector,1,Bachelor,Single,0,Izmir,Rent,585,27001.57,465863.10,60,Vehicle,2,No,No
LA-00415,40,36992.40,Public_Sector,6,Master,Single,2,Konya,Mortgage,671,4407.90,510768.74,24,Other,0,No,No
LA-00416,66,74630.36,Private_Sector,29,Bachelor,Divorced,0,Adana,Rent,670,6176.89,191826.32,24,Debt_Consolidation,1,Yes,Yes
LA-00417,43,151162.17,Self_Employed,18,Associate,Single,3,Ankara,Rent,711,32394.76,175845.35,36,Debt_Consolidation,2,No,Yes
LA-00418,59,23428.38,Private_Sector,19,Master,Widowed,1,Konya,Owner,678,13607.41,133654.01,12,Debt_Consolidation,1,No,No
LA-00419,61,57305.34,Freelancer,18,Associate,Married,1,Izmir,Mortgage,720,34468.38,85581.22,24,Education,1,No,Yes
LA-00420,49,42693.61,Private_Sector,10,High_School,Single,5,Konya,Rent,665,12281.11,819279.32,60,Business,1,No,No
LA-00421,40,48179.68,Private_Sector,11,Associate,Married,1,Antalya,Family_Home,638,,464111.38,24,Debt_Consolidation,1,No,No
LA-00422,63,85461.58,Freelancer,19,High_School,Married,3,Istanbul,Mortgage,,7353.19,202092.43,48,Debt_Consolidation,1,No,Yes
LA-00423,23,28719.22,Freelancer,3,Bachelor,Single,3,Ankara,Owner,,14728.61,262037.68,48,Other,0,Yes,No
LA-00424,27,75591.82,Private_Sector,7,Associate,Single,3,Izmir,Rent,755,28586.02,105605.66,36,Debt_Consolidation,0,No,No
LA-00425,55,42052.05,Private_Sector,18,High_School,Married,0,Izmir,Owner,613,3856.19,679806.14,36,Other,2,No,No
LA-00426,31,87097.95,Self_Employed,0,Bachelor,Married,0,Izmir,Mortgage,695,8374.72,80930.38,24,Other,0,No,Yes
LA-00427,56,38718.04,Public_Sector,14,Bachelor,Single,0,Adana,Family_Home,665,12798.22,84810.35,120,Education,0,No,Yes
LA-00428,52,55184.01,,22,Bachelor,Single,0,Istanbul,Owner,735,26356.04,237999.15,36,Debt_Consolidation,0,No,Yes
LA-00429,22,82810.09,Self_Employed,4,High_School,Single,2,Adana,Mortgage,607,46446.36,196307.60,48,Other,0,Yes,No
LA-00430,25,46286.47,Self_Employed,3,Bachelor,Single,1,Antalya,Rent,730,8067.57,760231.02,24,Business,0,No,No
LA-00431,68,42864.50,Private_Sector,20,Master,Single,0,Izmir,Rent,625,12184.89,530099.09,84,Business,0,No,No
LA-00432,54,,Self_Employed,14,Associate,Married,0,Ankara,Owner,714,22389.04,1019423.50,60,Debt_Consolidation,0,Yes,Yes
LA-00433,27,70715.45,Private_Sector,4,Master,Married,1,Gaziantep,Mortgage,731,38210.88,261950.27,24,Debt_Consolidation,0,No,Yes
LA-00434,25,75517.46,Private_Sector,0,Associate,Single,2,Istanbul,Family_Home,675,18485.64,170002.05,48,Vehicle,4,No,No
LA-00435,25,44796.50,Freelancer,0,Bachelor,Married,3,Ankara,Rent,613,22759.70,102353.36,120,Vehicle,0,No,No
LA-00436,55,89208.28,Private_Sector,21,Bachelor,Married,2,Gaziantep,Owner,823,19794.57,88978.56,36,Debt_Consolidation,3,No,Yes
LA-00437,23,87393.18,Self_Employed,0,High_School,Divorced,2,Ankara,Owner,722,9841.46,133337.41,84,Education,0,No,Yes
LA-00438,52,34616.65,Public_Sector,21,Associate,Single,2,Antalya,Mortgage,739,13009.41,213864.58,48,Business,1,No,No
LA-00439,30,65449.92,Private_Sector,10,Bachelor,Single,2,Adana,Rent,674,19258.68,115283.97,84,Home,1,No,No
LA-00440,64,43103.38,Freelancer,17,High_School,Married,2,Konya,Mortgage,599,19294.20,398383.53,36,Business,0,No,No
LA-00441,60,25795.27,Public_Sector,10,Bachelor,Single,1,Konya,Owner,,13616.08,431855.65,12,Vehicle,2,Yes,Yes
LA-00442,67,99031.13,Public_Sector,25,Bachelor,Single,2,Antalya,Rent,845,47717.87,278026.47,24,Other,0,No,Yes
LA-00443,35,78137.06,Self_Employed,5,Associate,Married,1,Istanbul,Mortgage,834,32492.31,365031.59,48,Other,0,Yes,Yes
LA-00444,34,21467.60,Private_Sector,4,Bachelor,Widowed,0,Istanbul,Owner,628,9321.11,110473.39,60,Business,0,No,Yes
LA-00445,52,23199.09,Public_Sector,20,Bachelor,Married,2,Izmir,Rent,683,7255.73,98425.50,24,Vehicle,2,No,No
LA-00446,63,56414.78,Public_Sector,10,Master,Single,2,Gaziantep,Mortgage,728,27237.19,420675.69,120,Vehicle,0,Yes,Yes
LA-00447,31,28937.76,Private_Sector,7,Bachelor,Single,0,Ankara,Owner,589,6520.12,170559.02,48,Business,1,No,Yes
LA-00448,48,41741.53,Public_Sector,11,Bachelor,Married,4,Antalya,Owner,609,10795.06,133493.78,12,Other,1,No,Yes
LA-00449,65,73634.29,Private_Sector,20,Bachelor,Married,3,Bursa,Rent,712,13456.58,133888.07,24,Home,1,No,Yes
LA-00450,59,40946.74,Public_Sector,17,Bachelor,Single,1,Istanbul,Rent,722,20721.43,190603.45,84,Other,0,No,Yes
LA-00451,25,84825.14,Public_Sector,0,Master,Single,0,Gaziantep,Mortgage,723,35960.95,489355.39,60,Education,1,No,No
LA-00452,45,67851.04,Private_Sector,11,High_School,Single,3,Antalya,Family_Home,,20047.22,415513.64,120,Debt_Consolidation,0,No,Yes
LA-00453,44,32766.33,Private_Sector,7,Bachelor,Married,1,Adana,Owner,569,2366.62,165876.45,48,Business,3,No,No
LA-00454,46,57591.16,Private_Sector,13,Master,Married,1,Gaziantep,Owner,646,11114.53,384947.68,48,Education,0,Yes,Yes
LA-00455,64,27155.94,Private_Sector,26,Bachelor,Married,4,Istanbul,Rent,627,16417.34,122218.00,84,Education,1,No,No
LA-00456,37,59600.98,Public_Sector,9,Bachelor,Married,2,Izmir,Rent,710,31257.75,906919.58,60,Home,0,Yes,Yes
LA-00457,23,61544.41,Private_Sector,5,High_School,Married,1,Bursa,Rent,761,29950.79,374156.43,84,Vehicle,0,No,Yes
LA-00458,57,62092.41,Private_Sector,13,Bachelor,Married,4,Izmir,Mortgage,597,27386.90,230431.34,60,Other,2,No,No
LA-00459,63,25546.71,Private_Sector,20,Bachelor,Single,1,Adana,Rent,681,2464.01,183943.19,60,Home,3,Yes,No
LA-00460,69,40284.94,Public_Sector,23,Bachelor,Single,2,Adana,Mortgage,738,9217.90,210693.41,24,Business,0,No,No
LA-00461,48,54595.71,Private_Sector,10,Bachelor,Divorced,3,Antalya,Rent,673,31767.10,103068.37,84,Debt_Consolidation,2,No,Yes
LA-00462,67,91114.73,Public_Sector,24,Bachelor,Married,1,Ankara,Mortgage,790,50764.07,41670.85,60,Education,0,No,Yes
LA-00463,41,122234.63,Public_Sector,4,High_School,Married,1,Adana,Owner,798,74206.38,262762.56,84,Education,0,No,Yes
LA-00464,43,41690.36,Public_Sector,12,Bachelor,Married,2,Ankara,Family_Home,654,20610.61,197961.69,24,Debt_Consolidation,0,Yes,Yes
LA-00465,47,23352.09,Private_Sector,13,High_School,Single,1,Adana,Rent,529,6718.68,213802.27,12,Vehicle,2,Yes,No
LA-00466,47,57295.57,Public_Sector,6,High_School,Single,0,Konya,Mortgage,,15078.93,148307.67,120,Education,0,No,No
LA-00467,37,57279.40,Self_Employed,0,Bachelor,Married,3,Ankara,Owner,625,8818.82,221343.38,48,Business,1,No,No
LA-00468,47,33793.29,Private_Sector,11,Bachelor,Married,4,Gaziantep,Owner,702,14985.81,453483.74,120,Debt_Consolidation,0,No,No
LA-00469,25,,Self_Employed,6,Master,Single,0,Bursa,Owner,779,18285.48,214380.03,12,Debt_Consolidation,2,No,Yes
LA-00470,32,55772.67,Public_Sector,12,Associate,Single,3,Istanbul,Rent,626,26135.20,121222.71,24,Business,0,No,No
LA-00471,51,68265.88,Self_Employed,13,High_School,Single,3,Adana,Family_Home,652,29416.80,930832.23,120,Vehicle,0,No,Yes
LA-00472,54,63309.74,Private_Sector,12,Bachelor,Single,3,Bursa,Family_Home,728,27397.49,98448.34,84,Business,1,No,No
LA-00473,35,105249.41,Public_Sector,6,Master,Single,4,Konya,Rent,750,57798.31,89224.47,48,Debt_Consolidation,0,No,Yes
LA-00474,45,75081.49,Self_Employed,6,Bachelor,Married,1,Ankara,Family_Home,707,35185.90,207154.30,12,Business,0,Yes,Yes
LA-00475,31,89647.94,Private_Sector,2,Bachelor,Single,3,Gaziantep,Rent,758,53175.68,115543.48,84,Vehicle,0,Yes,No
LA-00476,62,30166.10,,14,Bachelor,Married,3,Istanbul,Family_Home,734,14102.39,254329.75,24,Education,0,Yes,No
LA-00477,57,78147.74,Private_Sector,14,High_School,Single,,Bursa,Rent,692,13809.71,585740.08,24,Home,2,No,Yes
LA-00478,30,84765.59,Self_Employed,7,High_School,Married,1,Izmir,Rent,778,41651.52,309294.67,12,Home,0,No,Yes
LA-00479,51,38514.52,,17,Bachelor,Divorced,4,Ankara,Rent,618,20806.35,192368.66,120,Other,2,No,No
LA-00480,41,37747.68,Public_Sector,12,Bachelor,Widowed,0,Izmir,Mortgage,499,23369.96,293016.72,12,Other,2,No,No
LA-00481,58,103851.86,Self_Employed,17,Bachelor,Married,1,Ankara,Mortgage,793,37837.67,97842.41,120,Debt_Consolidation,0,No,Yes
LA-00482,30,21849.84,Self_Employed,2,Master,Single,1,Bursa,Rent,722,8314.66,454129.16,60,Education,0,No,No
LA-00483,63,52812.83,Freelancer,19,Bachelor,Single,1,Konya,Mortgage,582,14309.73,189733.83,84,Debt_Consolidation,0,Yes,No
LA-00484,30,29232.34,Private_Sector,0,High_School,Married,0,Ankara,Owner,545,8807.45,176006.58,48,Home,0,No,Yes
LA-00485,40,91446.68,Public_Sector,0,Bachelor,Single,1,Istanbul,Owner,723,13607.24,309203.06,84,Home,0,No,Yes
LA-00486,41,56403.13,Public_Sector,8,Master,Single,5,Bursa,Owner,616,30597.55,748336.06,48,Business,0,No,Yes
LA-00487,60,53369.02,Private_Sector,15,Master,Married,2,Izmir,Family_Home,567,31265.24,474463.90,36,Home,0,No,No
LA-00488,53,51186.19,Private_Sector,12,Bachelor,Widowed,3,Konya,Rent,603,29105.54,549900.39,60,Debt_Consolidation,0,No,No
LA-00489,51,51926.62,Retired,18,Bachelor,Divorced,3,Adana,Rent,661,31665.65,652855.93,120,Business,1,No,No
LA-00490,45,26461.25,Private_Sector,13,Bachelor,Married,0,Istanbul,Owner,655,7882.38,232518.86,48,Vehicle,0,No,No
LA-00491,37,103091.54,Public_Sector,1,High_School,Single,2,Bursa,Owner,581,14590.42,561692.29,84,Vehicle,0,No,Yes
LA-00492,33,53300.29,Self_Employed,0,High_School,Married,1,Bursa,Owner,696,26761.91,882209.68,12,Business,0,No,No
LA-00493,68,83900.18,Self_Employed,20,High_School,Married,3,Gaziantep,Family_Home,553,49963.87,386771.77,36,Education,2,No,No
LA-00494,27,32349.93,Public_Sector,4,Bachelor,Single,0,Ankara,Mortgage,493,19724.27,71039.13,12,Business,0,No,No
LA-00495,49,79105.93,Private_Sector,16,Bachelor,Divorced,1,Izmir,Rent,694,7298.75,456507.30,12,Vehicle,0,No,Yes
LA-00496,23,65239.74,Private_Sector,0,Bachelor,Single,3,Istanbul,Rent,,11043.24,94565.00,48,Other,1,Yes,Yes
LA-00497,46,26927.61,Private_Sector,12,Associate,Married,2,Ankara,Mortgage,675,66229.79,96025.70,120,Other,0,Yes,No
LA-00498,65,61567.78,Private_Sector,20,Bachelor,Single,1,Antalya,Mortgage,832,17417.46,207174.02,60,Education,0,No,Yes
LA-00499,25,119518.01,Retired,7,High_School,Single,3,Ankara,Rent,775,28464.21,437330.52,48,Debt_Consolidation,0,No,Yes
LA-00500,35,37543.67,Private_Sector,6,Bachelor,Married,4,Istanbul,Rent,527,20635.09,171008.12,36,Debt_Consolidation,0,No,No
LA-00501,39,47239.74,Private_Sector,9,Master,Married,3,Gaziantep,Mortgage,656,77309.27,124478.52,84,Vehicle,0,No,No
LA-00502,36,,Self_Employed,8,Bachelor,Married,5,Ankara,Owner,509,25738.07,398018.81,60,Other,,No,No
LA-00503,56,38928.43,Self_Employed,14,Bachelor,Single,2,Antalya,Mortgage,745,22866.82,207985.80,24,Home,0,No,Yes
LA-00504,22,47090.02,Public_Sector,1,Bachelor,Married,2,Konya,Family_Home,542,14888.28,122162.61,48,Home,0,No,No
LA-00505,45,61941.22,Freelancer,12,Bachelor,Married,0,Ankara,Rent,599,16073.85,233441.47,24,Other,0,No,Yes
LA-00506,44,35070.01,Private_Sector,7,Master,Single,0,Izmir,Mortgage,625,6057.76,247323.14,36,Business,1,No,No
LA-00507,37,69645.32,Public_Sector,5,Bachelor,Single,0,Bursa,Mortgage,637,,62908.16,48,Debt_Consolidation,0,No,No
LA-00508,21,45110.39,Freelancer,3,High_School,Married,4,Gaziantep,Owner,590,16764.81,78466.96,120,Home,0,No,No
LA-00509,25,60821.45,Public_Sector,0,Bachelor,Single,1,Istanbul,Family_Home,690,11087.35,368517.48,24,Other,1,Yes,No
LA-00510,29,48837.84,Private_Sector,2,Associate,Single,1,Adana,Rent,599,3211.84,730829.00,12,Education,1,No,No
LA-00511,36,29212.88,Private_Sector,6,Master,Married,0,Adana,Owner,577,12234.88,133503.13,12,Business,0,No,Yes
LA-00512,36,108086.25,Private_Sector,2,Master,Married,1,Istanbul,Family_Home,570,62801.24,221961.80,48,Education,1,No,Yes
LA-00513,66,26849.77,Private_Sector,25,Master,Married,0,Konya,Rent,691,14621.46,595456.45,36,Vehicle,2,Yes,Yes
LA-00514,55,49053.79,Freelancer,22,Master,Married,2,Antalya,Owner,684,27957.13,1056260.01,120,Business,2,No,Yes
LA-00515,27,306916.84,Private_Sector,1,Bachelor,Married,1,Izmir,Rent,757,107815.53,216842.53,84,Debt_Consolidation,0,No,Yes
LA-00516,25,56959.65,Private_Sector,,Bachelor,Divorced,1,Izmir,Owner,772,19368.97,647754.09,60,Debt_Consolidation,0,No,Yes
LA-00517,31,41156.33,Freelancer,4,Bachelor,Married,1,Istanbul,Mortgage,726,14497.76,621255.75,84,Other,2,No,Yes
LA-00518,30,25427.24,Self_Employed,8,Master,Widowed,3,Gaziantep,Owner,512,3031.36,289584.84,36,Education,2,No,Yes
LA-00519,68,78544.84,Public_Sector,14,Bachelor,Married,1,Istanbul,Rent,644,28950.09,95954.80,12,Home,0,No,Yes
LA-00520,27,42977.92,Private_Sector,1,Associate,Single,2,Bursa,Mortgage,586,2726.04,225681.84,12,Business,1,No,No
LA-00521,65,45077.30,Private_Sector,17,Bachelor,Married,2,Izmir,Rent,664,27260.96,183061.66,24,Debt_Consolidation,0,No,No
LA-00522,55,112125.31,Public_Sector,16,Master,Single,1,Izmir,Family_Home,678,38369.47,113397.57,60,Other,1,No,Yes
LA-00523,51,61348.06,,8,Associate,Divorced,0,Ankara,Mortgage,657,23495.89,296721.41,120,Debt_Consolidation,6,Yes,No
LA-00524,27,39372.17,Private_Sector,9,Associate,Married,4,Ankara,Owner,588,17950.09,209127.35,36,Business,2,No,Yes
LA-00525,48,87348.52,Freelancer,13,Bachelor,Single,2,Adana,Mortgage,678,17053.89,147295.30,24,Other,1,Yes,Yes
LA-00526,22,76240.02,Freelancer,4,High_School,Married,3,Antalya,Mortgage,631,6662.29,983966.26,12,Home,1,Yes,No
LA-00527,24,44158.94,Self_Employed,2,Bachelor,Single,1,Bursa,Rent,,17512.27,130263.34,84,Vehicle,0,Yes,No
LA-00528,65,84340.48,Private_Sector,18,Master,Married,0,Istanbul,Family_Home,582,22574.67,662392.42,12,Debt_Consolidation,0,No,No
LA-00529,59,42590.00,Private_Sector,18,High_School,Married,2,Bursa,Family_Home,690,24128.48,208583.04,12,Home,0,Yes,Yes
LA-00530,30,74894.55,Freelancer,6,High_School,Single,2,Gaziantep,Family_Home,696,14285.83,480551.11,84,Other,0,No,No
LA-00531,27,55407.94,Private_Sector,5,Bachelor,Married,2,Konya,Rent,820,15524.36,318682.38,48,Home,0,Yes,Yes
LA-00532,28,,Freelancer,3,Master,Married,2,Ankara,Rent,735,11734.47,192946.99,36,Business,0,No,Yes
LA-00533,58,70570.42,Public_Sector,19,High_School,Single,3,Istanbul,Mortgage,789,16095.36,269120.66,12,Debt_Consolidation,0,Yes,Yes
LA-00534,65,75166.85,Private_Sector,16,Bachelor,Married,1,Konya,Family_Home,660,35185.46,199420.36,36,Business,1,No,No
LA-00535,35,43085.67,Private_Sector,8,Master,Married,0,Adana,Mortgage,826,23759.52,148779.63,120,Education,2,No,Yes
LA-00536,46,57550.77,Public_Sector,18,Associate,Married,0,Gaziantep,Mortgage,812,28817.48,250575.88,24,Vehicle,1,Yes,Yes
LA-00537,60,83521.61,Self_Employed,16,High_School,Single,1,Antalya,Owner,533,24646.16,329174.45,12,Other,1,No,No
LA-00538,26,62083.46,Private_Sector,3,Master,Married,,Antalya,Rent,501,6844.70,1568994.35,84,Education,0,No,No
LA-00539,62,53194.71,Private_Sector,17,Associate,Married,,Istanbul,Rent,641,7734.71,541972.50,120,Education,1,No,Yes
LA-00540,43,44554.30,Freelancer,4,Bachelor,Married,2,Antalya,Mortgage,511,16246.27,246168.01,36,Vehicle,1,No,No
LA-00541,51,38623.10,Freelancer,8,Bachelor,Married,3,Adana,Mortgage,694,13053.02,311230.10,24,Vehicle,0,Yes,Yes
LA-00542,43,53189.98,Freelancer,7,Bachelor,Single,0,Gaziantep,Rent,639,17924.67,598106.68,12,Home,2,No,No
LA-00543,40,72710.95,Private_Sector,12,Bachelor,Widowed,2,Antalya,Owner,684,4546.20,438301.98,24,Other,1,No,Yes
LA-00544,60,51059.55,Private_Sector,10,Bachelor,Married,1,Ankara,Mortgage,649,13754.56,238990.53,120,Debt_Consolidation,3,No,Yes
LA-00545,65,38656.13,Retired,24,Master,Married,1,Antalya,Mortgage,,16666.64,409177.14,84,Education,0,No,No
LA-00546,42,44713.96,Self_Employed,9,Associate,Single,1,Antalya,Rent,581,4961.38,1940282.44,120,Business,0,No,No
LA-00547,65,62474.65,Freelancer,15,Associate,Married,1,Bursa,Rent,544,33464.67,103228.20,48,Debt_Consolidation,0,No,No
LA-00548,54,63950.79,Private_Sector,12,Master,Married,2,Istanbul,Mortgage,726,20013.01,137899.46,24,Education,0,No,Yes
LA-00549,29,46109.04,Private_Sector,4,Bachelor,Single,4,Antalya,Rent,577,9697.09,346320.96,12,Other,2,No,Yes
LA-00550,52,23008.97,Private_Sector,22,High_School,Married,3,Konya,Mortgage,770,7073.48,113109.88,12,Business,0,No,Yes
LA-00551,35,68734.10,Private_Sector,1,High_School,Single,2,Adana,Rent,547,26747.55,801477.59,84,Education,0,No,Yes
LA-00552,67,45328.84,,19,Associate,Divorced,2,Izmir,Owner,679,8777.70,153026.63,36,Vehicle,1,Yes,No
LA-00553,56,35189.02,Public_Sector,17,Bachelor,Married,2,Adana,Owner,615,1934.49,309541.33,48,Business,0,No,Yes
LA-00554,22,71353.46,Private_Sector,,Bachelor,Single,0,Ankara,Family_Home,705,34071.99,250993.30,24,Other,0,No,Yes
LA-00555,66,92792.07,Self_Employed,17,High_School,Single,1,Antalya,Family_Home,608,11054.41,385170.05,48,Home,1,Yes,Yes
LA-00556,51,97861.69,Private_Sector,20,Master,Widowed,1,Bursa,Rent,719,33019.45,325944.23,36,Debt_Consolidation,0,No,Yes
LA-00557,36,49227.22,Private_Sector,5,Master,Married,3,Ankara,Rent,533,15683.36,250185.33,48,Business,1,No,No
LA-00558,28,40588.17,Freelancer,2,Master,Single,3,Gaziantep,Rent,574,14066.11,124252.01,84,Home,0,No,No
LA-00559,26,62147.20,Private_Sector,5,Bachelor,Single,1,Istanbul,Rent,690,7387.64,227518.12,24,Other,0,No,No
LA-00560,50,39576.47,Private_Sector,12,Bachelor,Married,2,Antalya,Family_Home,682,3945.33,287906.85,84,Vehicle,2,No,No
LA-00561,66,30897.70,Private_Sector,19,Associate,Married,0,Gaziantep,Owner,676,4726.45,179843.69,12,Other,1,No,Yes
LA-00562,21,38157.69,Private_Sector,2,High_School,Single,3,Konya,Owner,574,13820.23,232766.24,36,Home,0,No,No
LA-00563,47,38878.31,,14,Master,Single,3,Antalya,Family_Home,590,3661.12,218670.83,36,Education,1,No,No
LA-00564,45,17502.84,Private_Sector,12,Bachelor,Single,3,Konya,Family_Home,583,8797.83,409560.63,120,Other,2,Yes,No
LA-00565,30,21179.74,Self_Employed,8,High_School,Married,4,Istanbul,Owner,600,4758.09,1387292.78,48,Vehicle,0,No,No
LA-00566,30,48700.67,Self_Employed,0,Bachelor,Single,1,Ankara,Rent,717,11308.81,184418.75,12,Debt_Consolidation,0,Yes,No
LA-00567,51,75320.89,Self_Employed,16,Bachelor,Single,2,Izmir,Family_Home,702,18708.08,178077.36,84,Vehicle,0,No,Yes
LA-00568,35,87485.93,Private_Sector,3,High_School,Single,1,Bursa,Rent,543,340855.62,238365.68,36,Business,2,No,No
LA-00569,65,49548.93,Freelancer,14,Associate,Divorced,0,Ankara,Owner,577,28561.34,329107.93,48,Business,2,Yes,Yes
LA-00570,56,,Public_Sector,9,Bachelor,Widowed,1,Istanbul,Family_Home,758,26140.47,198929.95,36,Debt_Consolidation,0,No,Yes
LA-00571,52,57780.97,Freelancer,13,High_School,Married,2,Konya,Family_Home,564,35302.88,278785.31,36,Business,2,No,No
LA-00572,32,41017.97,Self_Employed,0,Master,Single,1,Istanbul,Owner,561,2534.73,351693.28,24,Debt_Consolidation,0,No,No
LA-00573,64,87104.19,Public_Sector,18,Bachelor,Married,0,Antalya,Family_Home,749,30759.00,111183.65,12,Other,0,No,Yes
LA-00574,25,116700.27,Self_Employed,0,Bachelor,Married,2,Gaziantep,Mortgage,688,58751.70,97157.85,60,Home,2,No,No
LA-00575,36,49294.37,Private_Sector,12,Bachelor,Married,2,Antalya,Rent,,7155.61,133614.56,24,Debt_Consolidation,0,No,No
LA-00576,57,71470.51,Freelancer,15,High_School,Married,1,Adana,Owner,728,42388.11,89784.33,24,Debt_Consolidation,0,No,Yes
LA-00577,69,25470.63,Private_Sector,25,Bachelor,Single,2,Antalya,Owner,716,11526.98,102090.56,12,Home,0,No,No
LA-00578,43,95747.56,Private_Sector,10,Associate,Single,4,Antalya,Owner,697,30151.31,219582.67,24,Business,0,No,Yes
LA-00579,37,97918.46,Public_Sector,0,High_School,Married,2,Konya,Family_Home,,7832.67,298220.57,60,Debt_Consolidation,0,No,Yes
LA-00580,44,58949.11,Private_Sector,5,Bachelor,Married,1,Istanbul,Owner,773,6932.75,325717.86,48,Other,0,No,Yes
LA-00581,35,43872.27,Freelancer,0,Bachelor,Single,1,Adana,Family_Home,620,20913.58,379931.88,24,Education,1,No,No
LA-00582,38,24607.11,Self_Employed,6,High_School,Married,3,Izmir,Mortgage,610,37584.28,874113.40,24,Vehicle,3,No,No
LA-00583,41,71317.31,Self_Employed,,High_School,Single,1,Izmir,Rent,821,26646.12,736210.74,84,Education,0,No,Yes
LA-00584,60,35708.91,Private_Sector,13,Bachelor,Married,1,Konya,Rent,660,5464.34,432103.19,24,Other,0,Yes,No
LA-00585,37,87696.90,Private_Sector,3,Bachelor,Single,,Antalya,Owner,722,13814.46,659315.16,24,Business,0,Yes,Yes
LA-00586,59,58919.23,Private_Sector,8,Bachelor,Married,1,Adana,Mortgage,663,31497.70,43403.85,48,Other,3,Yes,No
LA-00587,41,35232.67,Self_Employed,6,High_School,Single,1,Gaziantep,Owner,481,8799.06,403898.01,120,Business,0,Yes,No
LA-00588,29,45266.22,Private_Sector,6,Associate,Married,1,Izmir,Owner,572,23350.72,1119385.21,120,Debt_Consolidation,0,No,No
LA-00589,56,19046.01,Retired,19,Bachelor,Single,1,Ankara,Mortgage,630,7437.89,170782.93,36,Other,2,Yes,No
LA-00590,65,72416.05,Self_Employed,23,High_School,Married,2,Konya,Owner,741,32284.11,448235.58,120,Vehicle,0,No,Yes
LA-00591,31,46965.52,Public_Sector,3,High_School,Single,2,Gaziantep,Owner,549,22957.00,50400.93,48,Vehicle,0,No,No
LA-00592,38,107402.85,Freelancer,9,High_School,Married,,Antalya,Family_Home,657,53188.54,269410.79,120,Debt_Consolidation,0,Yes,Yes
LA-00593,35,75082.00,Public_Sector,10,Master,Widowed,0,Gaziantep,Owner,571,14797.04,208913.30,24,Education,0,Yes,No
LA-00594,34,61527.64,Public_Sector,1,Bachelor,Single,0,Antalya,Owner,678,18695.01,767774.05,60,Business,0,No,Yes
LA-00595,60,48155.82,Private_Sector,21,High_School,Single,0,Izmir,Mortgage,458,25990.70,751305.23,12,Home,1,No,No
LA-00596,38,33116.03,Private_Sector,13,High_School,Married,3,Gaziantep,Owner,664,9567.06,153262.82,24,Education,0,No,No
LA-00597,35,90017.90,Self_Employed,7,Bachelor,Single,0,Izmir,Rent,754,13400.30,159765.87,120,Other,0,No,Yes
LA-00598,45,41931.71,Private_Sector,6,Bachelor,Single,3,Antalya,Mortgage,511,22882.16,172885.32,12,Debt_Consolidation,0,No,No
LA-00599,40,35035.08,Private_Sector,8,Master,Married,1,Antalya,Mortgage,542,17787.48,277871.24,48,Business,0,No,No
LA-00600,49,56113.31,Private_Sector,9,Master,Married,0,Gaziantep,Rent,612,12153.06,490583.16,12,Business,0,No,No
LA-00601,66,51702.27,Private_Sector,21,Bachelor,Married,5,Konya,Family_Home,620,23529.59,157916.46,24,Vehicle,0,Yes,No
LA-00602,33,50879.40,Public_Sector,7,Master,Single,,Antalya,Family_Home,653,29053.79,662529.62,24,Debt_Consolidation,3,No,No
LA-00603,46,,Self_Employed,8,Bachelor,Single,1,Adana,Mortgage,716,23089.94,280854.63,60,Other,1,No,No
LA-00604,66,36275.05,Private_Sector,21,High_School,Married,1,Adana,Owner,649,9926.11,272979.18,12,Other,0,Yes,Yes
LA-00605,31,77180.20,,3,High_School,Married,0,Antalya,Mortgage,674,45381.36,166577.42,24,Business,2,No,Yes
LA-00606,42,38855.51,Private_Sector,15,High_School,Single,0,Ankara,Rent,708,11623.29,212765.49,60,Debt_Consolidation,0,No,Yes
LA-00607,43,41235.11,Self_Employed,13,High_School,Married,3,Gaziantep,Owner,686,2377.87,295706.55,24,Education,0,No,Yes
LA-00608,58,42869.22,Public_Sector,10,High_School,Single,0,Konya,Owner,719,23172.61,739532.41,36,Other,0,Yes,No
LA-00609,67,49009.45,Public_Sector,26,Master,Single,0,Istanbul,Family_Home,797,27135.07,129350.23,120,Debt_Consolidation,0,Yes,No
LA-00610,42,55121.33,Private_Sector,9,High_School,Single,0,Bursa,Owner,723,4676.78,206981.00,48,Education,1,No,Yes
LA-00611,48,42880.67,Private_Sector,17,Master,Married,1,Izmir,Mortgage,723,9092.07,592204.15,60,Business,0,No,Yes
LA-00612,41,25837.75,Freelancer,14,Master,Single,1,Ankara,Rent,728,3013.98,343317.81,24,Other,0,No,No
LA-00613,61,34289.23,Private_Sector,16,Bachelor,Single,2,Bursa,Rent,751,20793.58,390941.64,120,Debt_Consolidation,0,No,Yes
LA-00614,57,19115.94,Private_Sector,25,Associate,Divorced,1,Gaziantep,Owner,,3355.27,440011.43,60,Business,0,No,Yes
LA-00615,50,51967.82,Retired,15,Associate,Single,1,Adana,Rent,603,7680.53,71996.27,120,Education,4,Yes,No
LA-00616,67,58474.53,Private_Sector,19,Doctorate,Single,1,Bursa,Rent,591,28315.15,746973.18,120,Vehicle,1,No,No
LA-00617,62,101718.55,Freelancer,13,High_School,Single,1,Ankara,Owner,735,13507.29,39699.95,24,Business,0,No,Yes
LA-00618,51,,Private_Sector,12,Bachelor,Single,1,Istanbul,Rent,735,14026.67,406467.34,24,Debt_Consolidation,0,Yes,No
LA-00619,32,62441.98,Self_Employed,4,Master,Single,1,Istanbul,Mortgage,622,22107.15,627515.70,36,Business,3,No,No
LA-00620,36,62181.87,Private_Sector,7,High_School,Married,0,Bursa,Mortgage,551,34754.65,341720.88,60,Debt_Consolidation,1,No,No
LA-00621,59,113160.58,Public_Sector,13,Associate,Single,0,Ankara,Owner,738,39505.16,1212718.40,84,Home,0,No,Yes
LA-00622,41,62414.30,Private_Sector,6,Master,Married,2,Adana,Mortgage,598,25508.48,168515.72,84,Education,3,Yes,No
LA-00623,22,52310.77,Self_Employed,2,Bachelor,Single,2,Adana,Rent,,27336.13,196319.51,48,Vehicle,0,No,Yes
LA-00624,44,30258.89,Private_Sector,6,Bachelor,Married,3,Antalya,Mortgage,832,17262.64,261663.82,24,Education,0,No,Yes
LA-00625,29,50652.84,Private_Sector,0,High_School,Married,2,Gaziantep,Rent,709,12172.98,220319.91,60,Debt_Consolidation,0,No,No
LA-00626,23,31314.47,Self_Employed,2,Master,Married,3,Adana,Mortgage,605,18161.72,279990.23,84,Home,0,No,No
LA-00627,37,,Public_Sector,12,Bachelor,Married,2,Istanbul,Owner,492,23379.97,135760.01,60,Debt_Consolidation,3,Yes,No
LA-00628,35,66598.59,Freelancer,0,Associate,Married,0,Gaziantep,Owner,627,26699.20,174849.60,36,Education,1,No,Yes
LA-00629,42,46241.05,Private_Sector,11,Master,Single,1,Konya,Rent,655,20396.16,623426.45,60,Home,1,No,No
LA-00630,41,78357.55,,7,Bachelor,Single,1,Gaziantep,Mortgage,653,6723.25,136229.62,120,Education,0,No,No
LA-00631,53,133734.54,Private_Sector,28,Doctorate,Married,1,Konya,Owner,628,35442.95,367997.75,12,Business,0,No,Yes
LA-00632,55,42656.84,Public_Sector,15,High_School,Married,0,Istanbul,Rent,799,16073.41,164459.51,24,Vehicle,0,No,Yes
LA-00633,34,58333.42,Private_Sector,10,Master,Single,4,Ankara,Rent,668,27488.36,110085.34,48,Business,1,Yes,No
LA-00634,25,94054.38,Public_Sector,0,Bachelor,Married,2,Istanbul,Family_Home,741,41853.26,212771.93,24,Other,0,No,Yes
LA-00635,48,314972.14,Private_Sector,10,High_School,Single,2,Konya,Family_Home,897,34386.53,102031.54,120,Education,1,Yes,Yes
LA-00636,66,,Private_Sector,16,High_School,Married,1,Bursa,Rent,614,24753.40,118460.98,120,Debt_Consolidation,,No,Yes
LA-00637,47,66974.32,Public_Sector,1,Master,Single,1,Antalya,Mortgage,700,29255.35,60744.24,12,Other,0,No,Yes
LA-00638,33,95118.30,Freelancer,3,High_School,Married,0,Ankara,Rent,773,12100.13,91414.44,60,Home,0,Yes,Yes
LA-00639,27,74437.55,Private_Sector,8,High_School,Widowed,2,Izmir,Family_Home,772,21796.60,232616.73,84,Debt_Consolidation,1,No,Yes
LA-00640,66,57293.00,Private_Sector,21,High_School,Single,2,Izmir,Rent,627,13020.24,292463.97,12,Home,1,No,No
LA-00641,38,15000.00,Private_Sector,5,High_School,Single,0,Gaziantep,Rent,715,7436.84,282704.65,24,Debt_Consolidation,1,No,No
LA-00642,55,35799.53,Private_Sector,20,Bachelor,Married,,Antalya,Owner,597,21802.56,196673.49,36,Home,0,No,No
LA-00643,60,42154.06,Self_Employed,20,Bachelor,Single,1,Antalya,Mortgage,693,20541.06,389829.03,60,Business,2,No,No
LA-00644,43,21182.71,Freelancer,11,Doctorate,Married,0,Bursa,Rent,600,1972.09,277022.17,36,Vehicle,1,No,No
LA-00645,35,46972.48,Self_Employed,0,Master,Married,1,Ankara,Owner,760,20796.75,121399.34,84,Home,0,No,No
LA-00646,29,55178.86,Public_Sector,4,High_School,Widowed,0,Antalya,Rent,701,13018.26,485948.20,12,Debt_Consolidation,0,No,No
LA-00647,46,62691.42,Private_Sector,11,Bachelor,Married,4,Ankara,Family_Home,761,16249.07,57004.37,120,Home,0,No,Yes
LA-00648,68,34153.97,Public_Sector,22,Bachelor,Married,1,Antalya,Mortgage,758,6001.52,300524.26,36,Other,0,No,No
LA-00649,61,180487.82,Private_Sector,19,Associate,Married,0,Adana,Rent,840,40732.02,204057.17,48,Business,0,No,Yes
LA-00650,31,42833.81,Private_Sector,1,Bachelor,Married,0,Bursa,Mortgage,681,20836.56,762734.06,24,Education,0,No,No
LA-00651,38,65887.55,Private_Sector,,Bachelor,Single,2,Antalya,Owner,719,23077.80,144726.27,60,Other,0,No,Yes
LA-00652,31,48957.43,Private_Sector,3,High_School,Married,2,Konya,Owner,527,9225.41,412599.09,84,Other,0,No,No
LA-00653,65,40304.08,Self_Employed,21,Bachelor,Married,2,Istanbul,Owner,625,12096.18,116496.57,48,Home,2,No,Yes
LA-00654,56,116405.33,Private_Sector,7,High_School,Married,0,Konya,Owner,797,66442.29,383645.37,36,Other,0,No,Yes
LA-00655,50,32684.43,Private_Sector,15,Bachelor,Single,3,Konya,Owner,596,55887.88,245713.65,120,Debt_Consolidation,0,Yes,No
LA-00656,56,62243.73,Freelancer,10,Master,Married,3,Bursa,Family_Home,498,30619.65,321912.64,12,Vehicle,3,No,No
LA-00657,66,43632.79,Private_Sector,16,Bachelor,Single,1,Antalya,Mortgage,688,3701.17,531678.60,36,Education,0,No,No
LA-00658,61,26374.79,Public_Sector,19,Bachelor,Married,1,Istanbul,Family_Home,520,8747.62,284316.12,48,Education,4,No,No
LA-00659,35,28059.48,Private_Sector,6,Associate,Married,4,Ankara,Owner,617,9832.05,433552.66,12,Education,0,No,No
LA-00660,27,27086.81,Private_Sector,4,Bachelor,Married,0,Konya,Owner,660,12545.87,376337.24,36,Debt_Consolidation,2,No,Yes
LA-00661,32,45062.70,Self_Employed,1,Bachelor,Married,2,Istanbul,Mortgage,719,23756.13,138245.21,24,Debt_Consolidation,1,No,No
LA-00662,45,27705.32,Private_Sector,6,Bachelor,Married,1,Gaziantep,Mortgage,682,3058.61,501056.36,120,Business,2,No,No
LA-00663,40,25293.10,Freelancer,11,Bachelor,Single,1,Konya,Rent,667,8858.73,62620.16,84,Vehicle,0,No,Yes
LA-00664,57,24193.08,Private_Sector,16,Bachelor,Married,1,Istanbul,Rent,575,8453.92,414266.04,24,Vehicle,1,Yes,No
LA-00665,27,101372.28,Freelancer,7,Associate,Married,0,Bursa,Rent,717,9452.94,500034.55,12,Vehicle,0,No,Yes
LA-00666,36,67244.43,Retired,1,High_School,Single,1,Istanbul,Mortgage,595,24231.55,220583.08,120,Education,2,No,No
LA-00667,54,87980.77,Private_Sector,22,Bachelor,Single,3,Ankara,Mortgage,718,7809.43,331731.63,48,Other,0,No,Yes
LA-00668,47,33454.95,Freelancer,12,Bachelor,Divorced,2,Konya,Mortgage,697,4404.62,362006.81,60,Home,1,No,Yes
LA-00669,26,48149.25,Self_Employed,1,Bachelor,Single,2,Adana,Rent,635,20841.12,797033.03,36,Debt_Consolidation,0,No,No
LA-00670,55,35250.81,Public_Sector,17,Master,Married,1,Adana,Mortgage,672,7598.33,214287.61,36,Education,6,No,No
LA-00671,49,47102.10,Private_Sector,7,Master,Married,2,Antalya,Owner,601,17267.01,181514.02,84,Debt_Consolidation,0,No,No
LA-00672,31,38588.50,Self_Employed,1,Master,Married,1,Antalya,Owner,582,4699.15,211772.22,36,Business,0,No,No
LA-00673,26,25350.55,Private_Sector,1,Bachelor,Single,1,Antalya,Family_Home,697,2232.41,92839.42,36,Vehicle,0,No,No
LA-00674,65,93986.12,Private_Sector,19,High_School,Married,1,Bursa,Mortgage,695,51550.80,253314.26,36,Business,0,No,No
LA-00675,36,133895.63,Private_Sector,11,Master,Single,0,Konya,Family_Home,637,21222.08,34767.24,60,Business,1,No,Yes
LA-00676,39,55522.22,Freelancer,11,High_School,Single,,Konya,Owner,570,23766.18,409522.51,60,Education,4,No,No
LA-00677,44,80156.81,Private_Sector,9,High_School,Married,0,Antalya,Rent,712,10837.20,323412.10,36,Vehicle,0,No,Yes
LA-00678,38,59679.30,Self_Employed,13,High_School,Married,3,Izmir,Owner,644,11831.57,139963.93,48,Education,0,No,Yes
LA-00679,46,45287.86,Private_Sector,6,Bachelor,Married,0,Konya,Mortgage,735,19961.45,712148.44,48,Business,0,No,Yes
LA-00680,37,77071.78,Private_Sector,4,High_School,Single,2,Konya,Mortgage,734,30600.89,222746.01,12,Education,0,Yes,Yes
LA-00681,54,66998.49,Private_Sector,17,High_School,Married,3,Antalya,Rent,638,21858.37,791805.99,48,Business,4,No,No
LA-00682,39,77037.85,Public_Sector,11,Master,Married,1,Antalya,Mortgage,,23794.45,130165.30,60,Education,0,No,Yes
LA-00683,33,48664.27,Private_Sector,5,Bachelor,Married,0,Adana,Family_Home,587,23319.85,231772.40,12,Other,0,No,No
LA-00684,44,59906.05,Public_Sector,14,Master,Married,3,Gaziantep,Rent,738,34945.89,665615.01,120,Business,0,No,No
LA-00685,58,92693.61,Private_Sector,13,Bachelor,Single,0,Konya,Mortgage,716,20669.69,117622.30,84,Business,0,No,Yes
LA-00686,33,89810.17,Self_Employed,0,Bachelor,Married,0,Ankara,Family_Home,686,27020.57,158513.57,48,Vehicle,0,No,No
LA-00687,30,,Self_Employed,7,Bachelor,Single,1,Antalya,Rent,680,34000.88,363761.05,12,Vehicle,1,No,No
LA-00688,43,48408.31,Private_Sector,14,Bachelor,Married,3,Antalya,Mortgage,541,17020.52,268617.25,36,Business,1,Yes,No
LA-00689,29,29051.67,Self_Employed,9,High_School,Married,1,Izmir,Owner,672,16822.97,358682.26,84,Business,0,No,Yes
LA-00690,25,76183.38,Private_Sector,0,Associate,Single,3,Gaziantep,Owner,676,14901.65,379549.38,60,Business,1,No,Yes
LA-00691,65,22292.63,Private_Sector,23,Bachelor,Married,3,Gaziantep,Mortgage,637,11601.99,564590.39,36,Business,0,No,No
LA-00692,43,42245.94,Private_Sector,5,Master,Single,3,Izmir,Rent,693,10907.65,165606.97,24,Education,2,No,Yes
LA-00693,63,76923.52,Private_Sector,21,High_School,Married,1,Antalya,Family_Home,752,34197.74,102419.42,60,Home,1,No,Yes
LA-00694,60,33791.97,Private_Sector,,Bachelor,Divorced,1,Antalya,Rent,675,12200.42,250536.56,24,Debt_Consolidation,1,No,No
LA-00695,22,61906.99,Private_Sector,0,High_School,Single,1,Ankara,Rent,779,,132944.35,48,Debt_Consolidation,0,No,Yes
LA-00696,54,46660.81,Private_Sector,23,Bachelor,Single,0,Gaziantep,Owner,603,14563.29,220068.63,120,Home,0,No,No
LA-00697,25,57251.09,Private_Sector,0,High_School,Single,1,Izmir,Mortgage,753,8124.77,193384.80,12,Vehicle,0,No,No
LA-00698,47,30254.60,Private_Sector,6,Bachelor,Married,0,Izmir,Rent,655,5598.54,89493.51,60,Other,3,No,Yes
LA-00699,68,74786.31,Private_Sector,20,High_School,Single,1,Konya,Owner,703,,396931.08,84,Other,1,No,Yes
LA-00700,38,77383.56,Private_Sector,8,Associate,Married,3,Antalya,Mortgage,628,39819.11,285176.28,36,Business,0,No,Yes
LA-00701,28,34399.29,Private_Sector,0,Bachelor,Single,1,Konya,Mortgage,606,15722.36,290695.34,36,Other,0,No,No
LA-00702,51,101950.33,Freelancer,15,High_School,Divorced,1,Ankara,Rent,863,11265.06,89743.25,48,Education,4,No,Yes
LA-00703,43,33474.50,Private_Sector,14,Master,Married,0,Bursa,Mortgage,568,20183.07,144731.70,84,Debt_Consolidation,0,No,Yes
LA-00704,45,69834.77,Public_Sector,5,High_School,Single,2,Antalya,Rent,883,29018.86,716201.30,24,Other,0,No,Yes
LA-00705,64,111442.24,Private_Sector,17,Bachelor,Single,3,Izmir,Family_Home,755,62563.04,296989.73,120,Other,1,No,Yes
LA-00706,65,46127.91,Public_Sector,21,High_School,Single,0,Izmir,Rent,645,24134.66,570643.78,84,Home,,No,No
LA-00707,23,27964.28,Private_Sector,2,Associate,Married,0,Konya,Owner,632,16696.44,138574.58,12,Vehicle,0,No,Yes
LA-00708,52,78116.92,Public_Sector,11,Associate,Married,0,Antalya,Mortgage,654,21569.09,332310.43,84,Business,2,No,Yes
LA-00709,30,23031.32,Self_Employed,9,High_School,Married,2,Gaziantep,Family_Home,599,8290.25,201808.87,36,Other,0,No,No
LA-00710,40,66331.33,Private_Sector,11,High_School,Married,2,Gaziantep,Rent,570,22269.04,360648.20,60,Education,1,No,Yes
LA-00711,22,33950.42,Public_Sector,4,Master,Divorced,1,Antalya,Family_Home,560,4592.60,210916.58,60,Education,0,No,No
LA-00712,39,55891.89,Freelancer,4,Master,Single,2,Antalya,Mortgage,707,13092.98,639184.37,24,Home,0,No,Yes
LA-00713,28,82675.91,Private_Sector,0,Master,Married,0,Konya,Mortgage,612,44091.05,80712.76,60,Vehicle,3,No,No
LA-00714,22,51482.32,Public_Sector,1,Master,Married,5,Izmir,Owner,741,3547.69,509368.26,84,Education,0,No,Yes
LA-00715,61,36875.12,Private_Sector,17,Master,Single,2,Gaziantep,Rent,591,21967.79,257675.53,120,Vehicle,2,No,No
LA-00716,58,30485.85,Freelancer,18,Bachelor,Single,1,Bursa,Rent,684,,535752.14,24,Vehicle,0,No,No
LA-00717,39,61792.12,Self_Employed,10,Bachelor,Divorced,2,Gaziantep,Owner,649,20793.40,238288.97,12,Other,2,Yes,Yes
LA-00718,31,69023.07,Private_Sector,6,Bachelor,Single,0,Konya,Family_Home,773,41755.33,1469499.97,24,Vehicle,0,No,No
LA-00719,61,476224.95,Self_Employed,13,Bachelor,Single,0,Adana,Family_Home,900,143165.83,297863.87,12,Vehicle,,No,Yes
LA-00720,47,31426.79,Private_Sector,11,Bachelor,Divorced,2,Antalya,Rent,703,19806.56,300644.15,60,Vehicle,0,No,No
LA-00721,61,56158.87,Freelancer,20,High_School,Married,1,Istanbul,Rent,597,28439.42,568833.58,84,Education,1,No,No
LA-00722,26,103731.98,Private_Sector,0,Bachelor,Divorced,4,Antalya,Owner,684,56934.67,230276.77,24,Other,0,No,Yes
LA-00723,60,62249.47,Private_Sector,17,Bachelor,Single,1,Adana,Family_Home,719,18350.88,215627.43,84,Debt_Consolidation,0,No,Yes
LA-00724,27,98234.11,Self_Employed,4,Bachelor,Married,2,Ankara,Mortgage,672,30393.32,82336.11,24,Debt_Consolidation,1,No,Yes
LA-00725,54,40308.60,Private_Sector,14,Bachelor,Married,1,Konya,Owner,680,6522.28,110562.50,60,Education,2,No,No
LA-00726,46,64668.29,Public_Sector,12,High_School,Widowed,2,Ankara,Mortgage,561,3299.02,262712.50,84,Business,2,No,No
LA-00727,32,63694.07,Private_Sector,5,Master,Single,1,Gaziantep,Family_Home,745,29660.88,87196.21,84,Vehicle,2,Yes,Yes
LA-00728,32,144708.54,Self_Employed,8,Bachelor,Single,1,Ankara,Mortgage,733,74462.63,579207.52,60,Business,0,No,Yes
LA-00729,30,59169.62,Self_Employed,2,High_School,Single,1,Gaziantep,Mortgage,624,10437.13,183000.31,60,Vehicle,5,Yes,No
LA-00730,35,32343.12,Private_Sector,2,Bachelor,Married,4,Bursa,Mortgage,697,10312.86,550264.44,120,Business,0,No,Yes
LA-00731,61,180623.77,Public_Sector,10,High_School,Single,0,Konya,Mortgage,789,110614.89,164659.55,120,Debt_Consolidation,0,No,Yes
LA-00732,64,112887.15,Public_Sector,15,Master,Married,0,Ankara,Owner,786,64700.92,269735.25,84,Debt_Consolidation,3,No,Yes
LA-00733,28,101041.91,Self_Employed,1,Bachelor,Single,1,Konya,Mortgage,697,34160.26,68423.12,120,Business,0,Yes,Yes
LA-00734,51,53183.15,Private_Sector,19,Bachelor,Single,1,Adana,Family_Home,699,17007.07,246176.45,12,Other,0,No,No
LA-00735,25,68768.63,Self_Employed,6,Associate,Divorced,3,Konya,Mortgage,621,36930.34,732233.09,36,Vehicle,2,No,No
LA-00736,41,32461.68,Public_Sector,16,High_School,Married,1,Antalya,Family_Home,756,2066.04,175045.29,60,Other,0,No,Yes
LA-00737,53,25905.78,Freelancer,7,Bachelor,Married,0,Gaziantep,Owner,616,2739.97,208038.53,12,Home,1,No,No
LA-00738,55,21065.41,Self_Employed,16,Bachelor,Married,1,Adana,Mortgage,623,11360.01,340199.55,24,Vehicle,0,No,No
LA-00739,28,51372.44,Private_Sector,8,Master,Single,1,Antalya,Family_Home,709,29131.22,366224.97,120,Business,0,No,No
LA-00740,36,65262.89,Private_Sector,0,Master,Married,2,Konya,Owner,628,25746.16,120018.08,24,Business,0,No,Yes
LA-00741,30,40773.16,Private_Sector,7,High_School,Married,2,Izmir,Family_Home,685,15987.19,239011.73,60,Business,1,No,No
LA-00742,37,29088.99,Self_Employed,8,High_School,Married,0,Bursa,Mortgage,679,3556.18,1043525.40,48,Business,0,No,No
LA-00743,22,34658.48,Self_Employed,0,Bachelor,Married,2,Antalya,Family_Home,657,12691.55,747775.52,120,Business,4,No,No
LA-00744,35,31877.23,Public_Sector,7,Bachelor,Married,1,Gaziantep,Family_Home,639,15567.61,1689235.17,12,Debt_Consolidation,1,No,No
LA-00745,51,53372.29,Private_Sector,,Bachelor,Married,2,Ankara,Mortgage,646,9946.79,599986.14,60,Business,0,No,No
LA-00746,58,65281.96,Public_Sector,12,Bachelor,Single,2,Bursa,Family_Home,676,9941.94,88655.16,12,Debt_Consolidation,4,No,No
LA-00747,32,81209.73,Public_Sector,0,Bachelor,Married,1,Adana,Owner,609,27381.80,252456.44,60,Home,3,No,No
LA-00748,31,50917.59,Freelancer,1,Master,Single,0,Konya,Mortgage,711,,560057.31,60,Debt_Consolidation,0,No,Yes
LA-00749,63,62300.85,Public_Sector,21,Bachelor,Single,1,Antalya,Rent,699,18442.58,789090.57,36,Vehicle,4,No,No
LA-00750,69,32158.63,Public_Sector,29,Master,Single,0,Izmir,Mortgage,554,18494.88,36982.50,48,Home,0,No,No
LA-00751,65,34049.89,Retired,16,High_School,Single,3,Ankara,Family_Home,625,5801.28,95744.93,12,Vehicle,0,Yes,Yes
LA-00752,45,86384.29,Freelancer,17,Bachelor,Married,2,Antalya,Family_Home,765,,213998.55,48,Other,0,No,Yes
LA-00753,31,24427.82,Private_Sector,4,Bachelor,Divorced,0,Antalya,Rent,681,11280.04,313709.84,24,Vehicle,0,No,No
LA-00754,30,56409.26,Public_Sector,8,High_School,Married,2,Izmir,Owner,802,24627.42,833312.17,48,Debt_Consolidation,0,Yes,Yes
LA-00755,31,33844.28,Private_Sector,3,Associate,Married,3,Antalya,Mortgage,727,6506.09,450732.47,36,Vehicle,0,Yes,No
LA-00756,44,78629.77,Freelancer,,Bachelor,Single,2,Antalya,Rent,782,24528.03,392721.81,120,Debt_Consolidation,0,No,Yes
LA-00757,23,52118.60,Private_Sector,0,Bachelor,Married,1,Ankara,Rent,586,27427.62,748026.92,24,Education,0,Yes,No
LA-00758,28,25686.36,Freelancer,4,High_School,Married,0,Ankara,Owner,706,1518.04,486906.80,60,Other,0,No,No
LA-00759,40,82334.35,Self_Employed,3,High_School,Single,1,Izmir,Rent,743,42626.40,187342.12,24,Home,1,No,No
LA-00760,35,59957.07,Public_Sector,7,High_School,Married,0,Izmir,Mortgage,716,8416.20,53960.25,48,Debt_Consolidation,0,No,Yes
LA-00761,61,62988.78,Self_Employed,23,Master,Married,2,Istanbul,Rent,633,34091.13,243250.21,84,Education,2,Yes,No
LA-00762,66,26280.76,Private_Sector,21,Associate,Widowed,2,Ankara,Rent,697,3839.63,301185.51,24,Other,0,No,No
LA-00763,53,121876.44,Private_Sector,12,Master,Single,2,Konya,Owner,,56852.75,319791.07,36,Other,4,No,Yes
LA-00764,48,47154.53,Freelancer,7,Bachelor,Divorced,1,Istanbul,Owner,710,16293.52,125232.20,48,Business,0,No,Yes
LA-00765,29,120135.69,Public_Sector,3,Master,Married,2,Antalya,Rent,720,60587.51,76175.12,12,Business,0,Yes,Yes
LA-00766,29,46416.79,Private_Sector,7,High_School,Married,0,Bursa,Owner,624,13619.08,308614.55,84,Debt_Consolidation,0,No,No
LA-00767,42,78632.47,Self_Employed,6,Bachelor,Single,0,Izmir,Owner,629,8225.78,149869.13,36,Home,1,No,Yes
LA-00768,35,27418.07,Freelancer,13,Bachelor,Married,0,Istanbul,Family_Home,669,14565.80,194220.63,12,Business,0,No,No
LA-00769,45,41249.11,Private_Sector,15,Master,Single,1,Antalya,Rent,673,9228.66,199001.82,60,Other,1,No,No
LA-00770,62,54098.27,Private_Sector,15,Bachelor,Married,2,Konya,Owner,564,21280.13,203869.55,12,Education,0,No,No
LA-00771,53,30681.75,Public_Sector,19,High_School,Married,0,Ankara,Owner,731,2263.47,264464.90,120,Education,0,No,Yes
LA-00772,34,71708.67,Private_Sector,9,High_School,Divorced,3,Bursa,Mortgage,651,4662.11,121517.38,12,Education,1,No,Yes
LA-00773,65,54496.37,Public_Sector,20,High_School,Married,2,Antalya,Rent,692,28109.73,1086378.03,48,Debt_Consolidation,0,Yes,No
LA-00774,39,57457.87,Private_Sector,7,Associate,Married,2,Adana,Owner,598,6827.99,119753.36,120,Home,0,No,Yes
LA-00775,23,48320.31,Private_Sector,0,High_School,Married,2,Bursa,Mortgage,626,12435.36,851131.83,84,Business,1,No,Yes
LA-00776,23,47783.62,Retired,0,High_School,Married,1,Konya,Family_Home,681,28679.99,533997.02,60,Business,1,Yes,No
LA-00777,29,53824.67,Self_Employed,0,Bachelor,Single,1,Istanbul,Mortgage,658,20096.62,762780.92,48,Vehicle,0,No,No
LA-00778,62,51290.88,Private_Sector,19,Master,Married,3,Istanbul,Owner,598,13980.65,763988.65,60,Business,0,Yes,Yes
LA-00779,36,45816.15,Freelancer,10,Master,Married,1,Ankara,Mortgage,607,2975.71,425941.52,36,Education,1,No,No
LA-00780,49,54485.94,Freelancer,15,High_School,Married,0,Izmir,Mortgage,835,17259.01,298448.20,36,Debt_Consolidation,0,Yes,Yes
LA-00781,32,45588.81,Private_Sector,5,High_School,Single,2,Gaziantep,Owner,745,11914.27,152112.23,120,Business,0,No,Yes
LA-00782,43,49961.68,Public_Sector,14,Bachelor,Married,2,Izmir,Rent,,12460.40,269464.74,120,Education,1,No,No
LA-00783,25,,Public_Sector,2,Master,Married,2,Istanbul,Family_Home,631,22980.87,372064.62,36,Vehicle,1,Yes,Yes
LA-00784,28,56964.30,Private_Sector,4,High_School,Married,1,Izmir,Mortgage,,20428.88,402253.83,48,Business,0,No,No
LA-00785,41,82009.39,Private_Sector,9,Bachelor,Married,0,Gaziantep,Mortgage,510,11692.48,178969.73,120,Other,0,No,Yes
LA-00786,32,30747.59,Retired,11,High_School,Single,3,Izmir,Mortgage,504,13336.07,511400.65,48,Business,1,No,No
LA-00787,29,62273.34,Private_Sector,,Master,Single,1,Ankara,Rent,519,26120.11,425542.29,48,Business,4,No,No
LA-00788,26,84546.65,Public_Sector,5,Bachelor,Married,1,Adana,Family_Home,669,39655.20,67701.48,12,Vehicle,1,No,Yes
LA-00789,32,63882.74,Public_Sector,13,Master,Single,1,Adana,Owner,471,35519.03,390846.19,84,Other,1,No,No
LA-00790,55,15000.00,Private_Sector,20,High_School,Single,1,Ankara,Mortgage,639,5884.08,105425.10,36,Other,4,No,No
LA-00791,69,40710.00,Private_Sector,23,Master,Married,2,Adana,Mortgage,624,24503.74,184958.96,48,Other,0,No,Yes
LA-00792,52,66977.34,Public_Sector,13,Bachelor,Single,0,Antalya,Owner,636,22180.82,248686.19,12,Education,1,No,No
LA-00793,62,36179.59,Freelancer,13,High_School,Single,2,Izmir,Family_Home,605,11320.55,237807.39,24,Home,1,No,No
LA-00794,38,81537.25,Self_Employed,4,Bachelor,Divorced,3,Ankara,Rent,609,22852.47,961800.73,24,Debt_Consolidation,0,No,No
LA-00795,55,40424.87,Self_Employed,13,Bachelor,Single,0,Adana,Rent,614,11199.30,182388.68,60,Debt_Consolidation,0,No,No
LA-00796,31,54842.99,Private_Sector,6,Bachelor,Married,3,Adana,Family_Home,571,10636.89,188937.75,24,Education,6,No,No
LA-00797,42,58056.40,Private_Sector,4,Bachelor,Single,0,Adana,Mortgage,690,30497.66,324677.46,24,Vehicle,0,No,Yes
LA-00798,40,39581.99,Self_Employed,2,Master,Widowed,3,Izmir,Owner,689,9061.37,172075.13,60,Vehicle,0,No,Yes
LA-00799,41,34969.14,Private_Sector,8,High_School,Single,2,Adana,Rent,614,4338.42,288339.13,24,Education,1,No,Yes
LA-00800,58,26225.05,Retired,21,Bachelor,Single,2,Gaziantep,Owner,633,15211.12,245396.94,24,Education,0,No,No
LA-00801,64,32973.31,Private_Sector,23,Master,Single,2,Antalya,Rent,641,2695.08,432929.96,120,Home,0,No,Yes
LA-00802,66,92013.68,Public_Sector,20,High_School,Married,1,Bursa,Rent,568,34445.90,87402.50,24,Business,0,No,No
LA-00803,47,53719.56,Retired,21,High_School,Married,3,Adana,Rent,762,32804.04,131544.48,36,Vehicle,0,No,No
LA-00804,34,50265.68,Public_Sector,5,Associate,Divorced,0,Adana,Mortgage,701,9570.57,371856.60,84,Vehicle,0,No,Yes
LA-00805,64,29737.09,Self_Employed,23,Bachelor,Married,2,Antalya,Family_Home,491,11619.24,1600830.09,60,Vehicle,1,Yes,No
LA-00806,21,34938.70,Private_Sector,,Master,Married,1,Bursa,Owner,570,13291.63,243029.80,84,Debt_Consolidation,2,No,No
LA-00807,42,66577.65,Private_Sector,16,High_School,Married,2,Ankara,Family_Home,729,21625.98,532640.19,60,Debt_Consolidation,0,No,Yes
LA-00808,63,51207.48,Freelancer,17,Bachelor,Married,3,Ankara,Mortgage,713,27682.57,70274.78,24,Home,0,No,Yes
LA-00809,21,42937.34,Freelancer,1,High_School,Married,0,Izmir,Rent,726,3643.29,528156.06,84,Debt_Consolidation,0,No,No
LA-00810,57,43259.27,Public_Sector,23,Bachelor,Single,4,Adana,Rent,489,12975.67,109600.48,36,Business,0,No,No
LA-00811,61,48177.31,Private_Sector,12,Master,Divorced,0,Konya,Owner,559,15868.08,317471.52,12,Business,1,No,No
LA-00812,56,90535.76,Self_Employed,9,Master,Single,2,Bursa,Rent,757,24931.34,209805.58,12,Vehicle,0,Yes,Yes
LA-00813,36,44628.19,Private_Sector,6,High_School,Married,1,Antalya,Owner,824,7976.07,213971.94,84,Business,,No,Yes
LA-00814,46,52169.03,Private_Sector,10,Associate,Married,2,Konya,Mortgage,586,22395.77,147609.78,24,Business,0,Yes,No
LA-00815,23,42297.10,Public_Sector,0,High_School,Married,1,Konya,Mortgage,,3876.16,166725.64,24,Business,1,No,Yes
LA-00816,32,69663.88,Private_Sector,5,Bachelor,Married,1,Istanbul,Rent,644,3584.04,330722.29,48,Other,5,No,No
LA-00817,25,46853.24,Self_Employed,2,Doctorate,Married,2,Antalya,Owner,780,26576.09,606459.45,48,Other,0,No,No
LA-00818,31,40935.91,Private_Sector,0,Master,Married,3,Konya,Rent,770,6793.57,252809.71,12,Vehicle,0,Yes,Yes
LA-00819,38,55004.19,Public_Sector,10,Bachelor,Married,3,Ankara,Mortgage,666,23136.35,310180.99,12,Business,1,No,No
LA-00820,28,32383.27,Private_Sector,6,Associate,Divorced,2,Izmir,Family_Home,616,4795.52,225250.04,120,Education,1,No,No
LA-00821,33,35632.35,Freelancer,8,High_School,Single,4,Ankara,Mortgage,620,,332834.87,60,Other,0,No,No
LA-00822,22,61067.67,Public_Sector,4,Bachelor,Married,0,Antalya,Rent,599,33716.94,151826.91,24,Debt_Consolidation,0,No,Yes
LA-00823,49,52310.84,Private_Sector,18,Bachelor,Married,2,Adana,Rent,673,18998.95,98353.94,12,Other,2,No,No
LA-00824,24,30998.72,Private_Sector,6,Master,Divorced,3,Adana,Owner,511,17644.90,738912.58,60,Vehicle,3,No,No
LA-00825,61,,Public_Sector,15,Bachelor,Single,2,Konya,Mortgage,582,6691.31,141008.92,24,Education,1,No,No
LA-00826,33,68045.55,Private_Sector,5,Bachelor,Married,2,Istanbul,Rent,709,10214.36,295167.05,12,Debt_Consolidation,0,No,Yes
LA-00827,37,40071.50,Private_Sector,13,Bachelor,Married,0,Antalya,Family_Home,641,10203.83,211130.87,24,Vehicle,1,No,No
LA-00828,23,30515.20,Public_Sector,2,Doctorate,Married,1,Antalya,Rent,628,17310.44,943391.76,24,Debt_Consolidation,2,No,No
LA-00829,28,36657.03,Private_Sector,4,Master,Single,1,Gaziantep,Mortgage,634,19243.20,206752.62,60,Home,0,No,No
LA-00830,61,45024.67,Self_Employed,17,High_School,Married,2,Gaziantep,Mortgage,628,20356.08,71200.38,120,Business,0,No,Yes
LA-00831,62,116308.18,Public_Sector,24,High_School,Married,2,Ankara,Mortgage,748,30026.64,67043.83,84,Debt_Consolidation,0,No,Yes
LA-00832,69,45719.84,Public_Sector,14,Associate,Single,1,Ankara,Owner,782,28084.96,286158.62,48,Vehicle,0,No,Yes
LA-00833,29,37266.78,Public_Sector,0,Bachelor,Married,4,Gaziantep,Owner,786,16431.77,417481.44,24,Education,0,No,Yes
LA-00834,40,78471.23,Private_Sector,7,Associate,Single,3,Bursa,Family_Home,727,19175.00,153048.04,120,Debt_Consolidation,0,No,Yes
LA-00835,68,22741.07,Private_Sector,22,Bachelor,Single,2,Adana,Family_Home,626,8916.17,249911.03,24,Other,0,No,No
LA-00836,30,54073.84,Private_Sector,10,Bachelor,Divorced,0,Adana,Rent,519,32366.29,259955.50,84,Business,1,Yes,No
LA-00837,42,50910.56,Private_Sector,9,Master,Married,0,Adana,Mortgage,825,26041.94,58589.35,24,Education,3,No,Yes
LA-00838,46,47219.36,Self_Employed,19,Bachelor,Married,0,Ankara,Rent,861,21524.29,158482.09,24,Business,0,No,Yes
LA-00839,30,38815.60,Public_Sector,0,Master,Married,0,Bursa,Family_Home,649,9143.92,276288.12,12,Home,1,No,No
LA-00840,50,,Freelancer,9,Associate,Single,2,Antalya,Rent,761,45349.30,88932.07,24,Home,1,No,Yes
LA-00841,37,31928.32,Private_Sector,13,Master,Married,1,Gaziantep,Mortgage,646,16431.73,516499.46,60,Education,0,No,Yes
LA-00842,67,92050.83,,20,Bachelor,Married,1,Izmir,Owner,747,17862.35,224941.50,60,Home,3,No,Yes
LA-00843,30,76626.60,Private_Sector,12,High_School,Divorced,2,Istanbul,Owner,613,15469.58,181452.62,36,Business,1,No,No
LA-00844,48,,Retired,13,Bachelor,Married,2,Adana,Rent,637,3349.39,190471.13,60,Home,3,No,No
LA-00845,34,137378.74,Freelancer,10,Doctorate,Married,3,Gaziantep,Rent,900,64270.58,444894.22,120,Home,0,No,Yes
LA-00846,42,73896.13,Public_Sector,6,Bachelor,Married,1,Antalya,Rent,645,45799.68,273309.51,84,Home,0,No,No
LA-00847,56,58603.42,Private_Sector,10,Bachelor,Married,1,Gaziantep,Rent,712,15620.82,652068.23,120,Other,0,No,Yes
LA-00848,61,76515.16,Private_Sector,17,Associate,Single,5,Antalya,Mortgage,531,44469.98,239585.58,120,Education,0,No,No
LA-00849,35,55206.14,Private_Sector,7,Master,Single,1,Konya,Rent,764,31234.95,132231.92,24,Debt_Consolidation,0,No,Yes
LA-00850,45,31596.79,Freelancer,11,Master,Single,,Istanbul,Rent,661,16917.23,111772.06,60,Debt_Consolidation,1,No,Yes
LA-00851,34,41798.86,Retired,10,Bachelor,Single,2,Konya,Rent,582,15716.73,298729.36,48,Other,1,No,No
LA-00852,61,20617.18,Private_Sector,12,High_School,Single,1,Gaziantep,Mortgage,715,4065.12,250230.00,12,Vehicle,0,No,Yes
LA-00853,57,61138.13,Freelancer,17,Doctorate,Single,3,Bursa,Rent,743,,654714.78,24,Home,0,No,Yes
LA-00854,27,33172.74,Retired,6,Bachelor,Single,1,Konya,Rent,673,4907.74,154954.47,36,Business,0,No,No
LA-00855,62,56285.28,Private_Sector,17,High_School,Married,3,Istanbul,Family_Home,664,32957.07,476966.52,84,Vehicle,1,Yes,No
LA-00856,68,29776.06,Private_Sector,27,High_School,Single,0,Antalya,Owner,679,10550.15,294391.61,60,Vehicle,0,No,No
LA-00857,63,52613.68,Private_Sector,21,Bachelor,Single,2,Gaziantep,Owner,545,8238.84,1236044.68,24,Education,0,Yes,No
LA-00858,42,66658.95,Self_Employed,9,Bachelor,Married,2,Antalya,Owner,638,12104.18,269427.36,48,Vehicle,1,No,Yes
LA-00859,59,61355.51,Private_Sector,22,High_School,Single,2,Istanbul,Rent,703,79827.03,256395.82,120,Debt_Consolidation,0,Yes,No
LA-00860,59,38706.74,Private_Sector,12,Bachelor,Single,0,Konya,Rent,731,31773.26,195776.88,60,Education,0,No,No
LA-00861,42,59550.88,Private_Sector,3,Master,Married,1,Ankara,Rent,545,14563.09,323820.92,48,Business,1,No,Yes
LA-00862,48,60332.33,Private_Sector,12,Master,Single,0,Izmir,Family_Home,608,35208.47,721984.82,12,Home,0,No,No
LA-00863,50,99256.58,Public_Sector,5,Bachelor,Single,4,Gaziantep,Mortgage,672,6871.09,492906.07,24,Debt_Consolidation,0,No,Yes
LA-00864,21,58975.13,Public_Sector,,Master,Married,3,Izmir,Family_Home,753,22860.03,371800.26,60,Business,0,No,Yes
LA-00865,34,75608.43,Public_Sector,10,Bachelor,Single,1,Bursa,Owner,581,43339.44,9179726.09,12,Other,0,No,No
LA-00866,42,45108.73,Self_Employed,10,High_School,Married,2,Izmir,Owner,618,10538.75,152412.22,36,Education,0,No,Yes
LA-00867,51,77659.61,Private_Sector,13,Bachelor,Single,4,Adana,Rent,749,19053.60,187888.69,84,Business,0,No,Yes
LA-00868,54,18174.58,Public_Sector,12,Bachelor,Single,3,Antalya,Rent,622,3073.15,199321.14,120,Education,0,Yes,No
LA-00869,45,69200.48,Private_Sector,,High_School,Married,0,Bursa,Rent,601,5198.63,130665.10,24,Home,1,No,Yes
LA-00870,26,39057.45,Self_Employed,8,Bachelor,Married,2,Bursa,Rent,793,11171.71,273473.53,12,Debt_Consolidation,1,No,Yes
LA-00871,47,47880.79,Private_Sector,,High_School,Divorced,0,Ankara,Mortgage,616,,702387.78,84,Debt_Consolidation,0,No,No
LA-00872,62,24129.43,,16,Bachelor,Married,1,Ankara,Rent,666,1293.66,98802.63,60,Home,1,No,Yes
LA-00873,43,48204.42,Public_Sector,8,Bachelor,Married,2,Adana,Owner,581,18024.95,457622.08,48,Business,1,Yes,No
LA-00874,42,74642.57,Private_Sector,13,Associate,Married,1,Bursa,Mortgage,649,12549.84,1357797.96,84,Debt_Consolidation,1,No,Yes
LA-00875,52,44554.32,Private_Sector,10,Bachelor,Married,3,Konya,Owner,643,4479.94,545695.99,48,Other,0,Yes,No
LA-00876,21,57407.87,Private_Sector,3,Master,Married,2,Bursa,Owner,454,10549.02,217648.59,84,Business,0,No,No
LA-00877,35,62922.18,Self_Employed,9,Bachelor,Single,2,Izmir,Rent,630,24750.53,115413.49,36,Other,0,No,No
LA-00878,57,54358.72,Private_Sector,17,Master,Married,4,Bursa,Rent,867,32038.26,1066374.98,120,Debt_Consolidation,4,No,Yes
LA-00879,36,60729.26,Retired,1,Bachelor,Single,3,Gaziantep,Family_Home,684,21526.52,111779.52,36,Other,0,No,Yes
LA-00880,44,,Self_Employed,16,Doctorate,Divorced,2,Bursa,Mortgage,647,7429.37,628198.64,120,Debt_Consolidation,1,No,No
LA-00881,43,64625.30,Private_Sector,8,High_School,Married,2,Adana,Rent,569,17375.58,268934.32,84,Debt_Consolidation,0,No,Yes
LA-00882,45,56775.51,Private_Sector,15,Bachelor,Married,3,Konya,Owner,659,29395.13,321368.99,48,Vehicle,0,No,No
LA-00883,43,22748.20,Private_Sector,12,Bachelor,Married,0,Ankara,Rent,668,12497.95,330487.92,24,Debt_Consolidation,2,No,No
LA-00884,50,19273.55,Self_Employed,22,Associate,Married,1,Istanbul,Rent,646,3173.12,426170.18,48,Debt_Consolidation,0,No,No
LA-00885,35,62583.93,,5,Associate,Married,0,Konya,Mortgage,612,,122389.18,36,Education,0,Yes,Yes
LA-00886,23,56620.81,Freelancer,0,Bachelor,Single,1,Istanbul,Owner,712,13279.81,126669.36,48,Other,0,Yes,Yes
LA-00887,27,38197.90,Public_Sector,8,Bachelor,Married,2,Antalya,Family_Home,663,2010.17,309901.94,24,Other,2,No,Yes
LA-00888,32,81047.20,Freelancer,9,High_School,Married,0,Gaziantep,Family_Home,733,,85279.47,120,Other,0,No,Yes
LA-00889,57,74038.08,Self_Employed,21,High_School,Married,3,Antalya,Owner,,35487.36,292412.63,12,Other,0,No,No
LA-00890,65,44267.97,Self_Employed,25,Master,Married,,Izmir,Family_Home,703,13620.33,169996.43,24,Debt_Consolidation,0,No,No
LA-00891,63,83762.76,Self_Employed,18,Bachelor,Single,4,Konya,Rent,722,38699.79,54277.46,48,Home,0,No,No
LA-00892,57,30506.47,Private_Sector,15,High_School,Single,3,Konya,Owner,735,2749.34,352906.64,24,Business,0,No,No
LA-00893,50,84313.62,Public_Sector,10,Bachelor,Married,0,Adana,Family_Home,748,15550.93,67278.29,48,Education,0,No,Yes
LA-00894,61,64854.15,Private_Sector,16,Associate,Widowed,1,Bursa,Owner,627,3259.72,335897.16,36,Debt_Consolidation,1,Yes,Yes
LA-00895,44,93777.84,Private_Sector,14,Bachelor,Married,1,Izmir,Mortgage,661,5317.16,254561.45,84,Debt_Consolidation,,No,No
LA-00896,42,42525.11,Self_Employed,11,High_School,Single,3,Antalya,Owner,648,21965.14,85936.02,60,Other,4,Yes,No
LA-00897,60,51218.03,Private_Sector,20,Master,Married,2,Adana,Mortgage,629,23588.48,180597.60,120,Education,0,No,Yes
LA-00898,36,59511.70,Public_Sector,5,High_School,Divorced,1,Antalya,Owner,720,29011.63,164037.76,24,Vehicle,2,No,No
LA-00899,36,64748.04,Public_Sector,8,Bachelor,Single,1,Ankara,Family_Home,691,27026.95,525674.42,24,Other,1,No,Yes
LA-00900,67,76067.66,Public_Sector,19,High_School,Married,2,Gaziantep,Mortgage,826,36132.89,97918.40,60,Education,,No,Yes
LA-00901,30,72765.28,Public_Sector,3,High_School,Single,3,Adana,Rent,657,35312.41,757735.32,24,Business,0,No,No
LA-00902,48,64408.20,Private_Sector,11,High_School,Married,2,Adana,Rent,631,28228.01,271836.58,48,Business,8,No,No
LA-00903,43,75153.11,Self_Employed,11,Associate,Divorced,3,Adana,Rent,,4341.71,644625.44,60,Debt_Consolidation,0,Yes,No
LA-00904,48,75187.44,Public_Sector,13,Bachelor,Married,0,Adana,Family_Home,743,5952.39,574781.99,36,Vehicle,0,No,Yes
LA-00905,25,75924.97,Private_Sector,1,Master,Single,0,Ankara,Owner,603,38512.44,250051.56,36,Debt_Consolidation,0,No,No
LA-00906,61,56445.92,Public_Sector,26,High_School,Single,0,Istanbul,Mortgage,645,3862.06,389766.88,36,Other,0,No,Yes
LA-00907,24,88425.96,Self_Employed,4,Bachelor,Married,2,Adana,Owner,823,46023.13,150568.82,36,Education,0,No,Yes
LA-00908,41,196248.15,Self_Employed,7,Master,Married,2,Ankara,Owner,796,59440.31,466753.74,60,Vehicle,0,Yes,Yes
LA-00909,39,43679.20,Private_Sector,6,Bachelor,Divorced,0,Antalya,Rent,540,10217.28,947787.11,36,Debt_Consolidation,1,Yes,No
LA-00910,42,86481.63,Public_Sector,11,Bachelor,Single,1,Istanbul,Owner,782,23869.59,87953.09,24,Other,0,No,Yes
LA-00911,65,30285.35,Public_Sector,20,Bachelor,Married,4,Izmir,Family_Home,631,13552.46,169824.61,84,Business,0,No,Yes
LA-00912,22,408841.96,Private_Sector,4,Bachelor,Married,0,Bursa,Family_Home,900,29250.81,162536.35,84,Other,0,No,Yes
LA-00913,56,72990.24,Freelancer,11,Bachelor,Single,3,Izmir,Mortgage,688,19565.96,93217.91,48,Other,0,No,Yes
LA-00914,28,81114.20,Freelancer,3,High_School,Single,1,Istanbul,Mortgage,671,11335.61,388222.30,120,Business,0,No,No
LA-00915,24,22512.77,Private_Sector,0,Bachelor,Single,4,Konya,Mortgage,583,3039.19,257520.60,84,Other,5,Yes,No
LA-00916,39,35823.41,Private_Sector,1,High_School,Single,2,Izmir,Owner,612,135653.72,365135.97,84,Home,0,No,No
LA-00917,50,33205.20,Public_Sector,13,Bachelor,Single,3,Antalya,Family_Home,647,8234.99,426222.49,84,Business,0,Yes,No
LA-00918,36,46633.72,Private_Sector,13,Bachelor,Married,1,Istanbul,Mortgage,609,13105.90,122001.33,84,Home,1,No,Yes
LA-00919,64,44885.26,Public_Sector,28,Bachelor,Married,1,Adana,Rent,561,14520.14,475594.11,120,Vehicle,0,No,No
LA-00920,36,22373.47,Private_Sector,10,High_School,Married,1,Izmir,Family_Home,610,10407.58,532777.00,24,Other,4,No,No
LA-00921,25,88288.15,Private_Sector,1,Bachelor,Single,0,Konya,Family_Home,627,45416.04,986363.55,12,Home,0,No,No
LA-00922,55,43950.93,Private_Sector,13,Bachelor,Divorced,1,Gaziantep,Family_Home,,13554.71,251481.80,48,Business,0,No,Yes
LA-00923,25,108671.44,Self_Employed,5,Master,Married,2,Konya,Rent,732,19981.85,309244.10,36,Education,0,No,Yes
LA-00924,46,70300.00,Public_Sector,12,High_School,Married,2,Istanbul,Owner,,40771.38,234666.18,60,Education,0,No,Yes
LA-00925,29,62400.22,Self_Employed,8,Bachelor,Married,2,Antalya,Rent,760,35436.47,249034.21,12,Other,0,No,Yes
LA-00926,44,22762.94,Private_Sector,9,Master,Widowed,4,Izmir,Rent,611,12888.24,65063.46,24,Business,1,No,No
LA-00927,68,62027.06,Freelancer,19,Master,Single,2,Istanbul,Family_Home,503,28897.28,152088.07,84,Debt_Consolidation,1,No,No
LA-00928,67,41062.47,Self_Employed,14,High_School,Single,1,Bursa,Rent,650,23942.81,595533.77,60,Debt_Consolidation,1,Yes,No
LA-00929,41,31412.72,Private_Sector,5,Bachelor,Married,1,Antalya,Family_Home,715,16330.16,228406.94,84,Debt_Consolidation,0,No,No
LA-00930,44,75335.47,Public_Sector,10,High_School,Single,1,Ankara,Family_Home,717,24674.15,284985.24,36,Business,0,No,Yes
LA-00931,50,86676.01,Public_Sector,15,Bachelor,Single,1,Gaziantep,Mortgage,654,18420.55,410882.73,120,Education,0,No,Yes
LA-00932,50,55456.75,Private_Sector,7,Master,Single,2,Izmir,Family_Home,660,23872.38,278526.25,120,Business,1,No,Yes
LA-00933,51,46989.22,Public_Sector,15,High_School,Single,0,Bursa,Owner,670,18242.40,275950.75,84,Debt_Consolidation,0,No,Yes
LA-00934,27,,Public_Sector,8,Associate,Single,2,Bursa,Mortgage,713,21799.24,222089.75,48,Home,0,No,Yes
LA-00935,67,49798.75,Private_Sector,28,Bachelor,Married,0,Gaziantep,Mortgage,,4285.21,366451.77,120,Vehicle,1,No,Yes
LA-00936,61,53359.19,Private_Sector,,Bachelor,Married,0,Antalya,Family_Home,675,19736.27,175784.41,60,Education,1,No,No
LA-00937,47,45044.84,Private_Sector,11,High_School,Widowed,0,Konya,Mortgage,641,22454.33,395486.07,36,Other,1,No,No
LA-00938,58,64097.82,Self_Employed,22,Bachelor,Divorced,0,Adana,Owner,731,3504.31,390930.25,60,Other,3,No,Yes
LA-00939,45,101615.91,Self_Employed,12,High_School,Married,0,Izmir,Rent,591,31612.42,298991.65,84,Education,1,No,Yes
LA-00940,64,51142.47,Private_Sector,18,Associate,Single,0,Gaziantep,Mortgage,652,21800.12,98884.20,84,Other,0,Yes,Yes
LA-00941,66,112971.52,Private_Sector,15,Bachelor,Married,2,Konya,Owner,707,45858.28,185410.84,120,Home,0,No,Yes
LA-00942,29,73681.38,Private_Sector,0,Bachelor,Married,1,Gaziantep,Rent,793,20495.63,83281.21,48,Debt_Consolidation,0,No,Yes
LA-00943,60,38359.72,Private_Sector,14,Bachelor,Single,2,Konya,Rent,679,4436.00,468470.08,24,Education,2,Yes,Yes
LA-00944,41,46420.46,Private_Sector,9,Bachelor,Single,0,Istanbul,Rent,740,25763.74,214426.92,120,Business,0,Yes,No
LA-00945,65,22865.67,Self_Employed,17,Master,Married,1,Antalya,Family_Home,545,1737.64,127151.18,36,Other,1,Yes,No
LA-00946,22,108901.69,Private_Sector,2,Associate,Single,2,Adana,Rent,732,51048.15,614206.67,36,Debt_Consolidation,0,No,Yes
LA-00947,28,43342.50,Private_Sector,0,Associate,Married,1,Konya,Owner,502,10649.92,379621.67,36,Business,2,Yes,No
LA-00948,31,73792.46,Private_Sector,8,Master,Married,2,Izmir,Rent,715,9710.11,1314397.09,36,Business,0,No,No
LA-00949,57,63806.12,Public_Sector,19,Bachelor,Married,0,Adana,Family_Home,548,36713.10,277821.98,84,Debt_Consolidation,2,No,No
LA-00950,39,40342.70,Public_Sector,12,High_School,Married,1,Ankara,Rent,478,24439.64,881984.84,120,Business,0,No,No
LA-00951,69,30902.02,Self_Employed,30,High_School,Married,4,Ankara,Rent,782,13155.29,544232.55,120,Business,0,No,Yes
LA-00952,42,71053.73,Freelancer,5,Master,Single,3,Istanbul,Family_Home,745,37495.70,563742.65,48,Debt_Consolidation,0,Yes,Yes
LA-00953,36,32288.51,Private_Sector,8,High_School,Single,2,Konya,Rent,711,6953.79,339969.38,60,Other,2,No,Yes
LA-00954,23,23994.77,Private_Sector,0,Associate,Single,2,Adana,Mortgage,637,13345.61,56223.05,24,Vehicle,0,No,No
LA-00955,60,52042.06,Self_Employed,14,High_School,Married,0,Istanbul,Owner,590,29404.12,136627.13,24,Debt_Consolidation,0,No,No
LA-00956,22,27167.53,Private_Sector,3,Bachelor,Married,1,Bursa,Mortgage,475,9940.34,167291.11,60,Other,0,No,No
LA-00957,54,66561.24,Public_Sector,20,Bachelor,Single,1,Ankara,Owner,657,23949.11,120472.22,24,Other,0,No,Yes
LA-00958,52,52642.54,Private_Sector,10,Master,Married,2,Adana,Mortgage,638,15011.65,470014.10,36,Education,3,Yes,No
LA-00959,67,52986.87,Private_Sector,20,Bachelor,Divorced,0,Adana,Rent,781,6444.97,255688.47,12,Education,0,No,Yes
LA-00960,53,,Freelancer,17,Bachelor,Married,2,Antalya,Rent,679,3249.83,153628.20,60,Vehicle,0,No,No
LA-00961,57,35061.72,Freelancer,21,Bachelor,Married,1,Konya,Owner,556,21217.86,103305.82,120,Vehicle,3,No,No
LA-00962,38,,Private_Sector,9,High_School,Single,1,Antalya,Rent,721,8198.98,105237.38,36,Vehicle,0,No,Yes
LA-00963,35,73066.22,Private_Sector,13,Master,Married,0,Konya,Rent,471,20978.69,233445.19,120,Other,1,Yes,No
LA-00964,32,53860.92,Private_Sector,9,Master,Single,2,Bursa,Mortgage,562,33327.51,345391.41,36,Business,0,Yes,No
LA-00965,26,41499.55,Private_Sector,7,Master,Divorced,1,Izmir,Mortgage,636,14911.57,409894.88,60,Debt_Consolidation,0,Yes,No
LA-00966,50,18532.01,Self_Employed,16,Master,Married,0,Gaziantep,Rent,467,6544.40,247738.49,60,Debt_Consolidation,1,No,No
LA-00967,43,40350.36,Public_Sector,12,Master,Married,1,Ankara,Rent,539,3789.66,109870.27,120,Vehicle,0,No,Yes
LA-00968,45,68855.38,Public_Sector,9,High_School,Married,0,Adana,Family_Home,772,37925.59,310377.21,120,Education,0,No,Yes
LA-00969,41,56563.97,Public_Sector,11,Bachelor,Married,0,Konya,Mortgage,732,10576.47,770411.06,60,Debt_Consolidation,0,No,Yes
LA-00970,45,74784.07,Freelancer,,Doctorate,Married,2,Gaziantep,Rent,752,4704.12,881836.98,60,Other,0,No,Yes
LA-00971,67,226671.04,Private_Sector,21,Bachelor,Married,1,Istanbul,Owner,880,72436.33,143666.47,84,Business,5,No,Yes
LA-00972,53,64107.31,Private_Sector,16,Bachelor,Divorced,2,Istanbul,Mortgage,674,25599.01,286946.68,60,Debt_Consolidation,0,No,Yes
LA-00973,38,74928.20,Public_Sector,9,High_School,Single,1,Gaziantep,Rent,569,14316.99,353141.08,36,Vehicle,0,No,Yes
LA-00974,43,33825.45,Private_Sector,12,High_School,Single,1,Antalya,Family_Home,,7667.21,365104.07,24,Business,,No,No
LA-00975,67,54240.88,Private_Sector,18,High_School,Married,0,Bursa,Family_Home,804,20985.05,620096.79,12,Education,0,No,Yes
LA-00976,55,31704.96,Freelancer,17,Associate,Single,1,Izmir,Mortgage,604,7346.43,202545.43,48,Debt_Consolidation,1,No,No
LA-00977,40,28793.78,Private_Sector,3,Master,Married,1,Ankara,Family_Home,493,16725.20,120425.19,120,Business,4,No,No
LA-00978,55,431191.98,Freelancer,7,High_School,Married,4,Adana,Mortgage,828,75619.53,656809.95,60,Business,0,No,Yes
LA-00979,68,137963.39,Public_Sector,24,Associate,Divorced,4,Ankara,Rent,892,11171.73,118407.74,84,Other,0,Yes,Yes
LA-00980,44,71753.74,Self_Employed,15,High_School,Married,1,Istanbul,Family_Home,,39470.76,65114.91,36,Home,3,Yes,No
LA-00981,21,52674.88,Freelancer,0,High_School,Married,2,Istanbul,Owner,689,7278.61,960429.98,12,Vehicle,0,No,No
LA-00982,59,51479.32,Private_Sector,14,Bachelor,Married,2,Konya,Family_Home,676,3939.85,325114.03,24,Debt_Consolidation,0,No,No
LA-00983,65,59279.93,Private_Sector,18,Bachelor,Married,1,Antalya,Family_Home,681,33350.75,420880.64,84,Business,2,No,Yes
LA-00984,40,27336.99,Private_Sector,5,Associate,Single,0,Konya,Owner,727,9347.30,185225.55,120,Other,0,No,Yes
LA-00985,44,93725.46,Private_Sector,12,Associate,Married,1,Izmir,Family_Home,700,28642.57,333058.21,36,Debt_Consolidation,0,No,Yes
LA-00986,55,50989.58,Public_Sector,16,Master,Divorced,2,Antalya,Family_Home,723,23072.62,351888.38,60,Home,,No,No
LA-00987,34,37365.56,Public_Sector,9,High_School,Single,2,Izmir,Mortgage,616,16771.59,33768.28,120,Home,0,No,No
LA-00988,51,46849.06,Public_Sector,19,Bachelor,Married,2,Bursa,Mortgage,649,21969.85,382605.86,36,Vehicle,2,No,No
LA-00989,37,42838.68,Private_Sector,9,Doctorate,Married,0,Konya,Mortgage,568,21825.71,213104.83,12,Home,1,No,No
LA-00990,24,31037.22,Private_Sector,1,High_School,Married,3,Adana,Owner,743,11204.18,511384.02,48,Education,0,No,Yes
LA-00991,39,38023.53,Freelancer,9,Bachelor,Married,2,Izmir,Mortgage,603,8529.80,63770.67,84,Business,0,No,No
LA-00992,68,32146.53,Self_Employed,,Bachelor,Married,2,Istanbul,Owner,576,2694.29,175333.70,36,Debt_Consolidation,0,No,No
LA-00993,65,43488.73,Public_Sector,19,High_School,Married,,Gaziantep,Family_Home,528,22506.67,248239.86,36,Debt_Consolidation,1,No,No
LA-00994,51,48122.30,Freelancer,14,Bachelor,Married,2,Adana,Family_Home,602,4485.83,460093.62,48,Business,2,No,No
LA-00995,66,77349.23,Private_Sector,17,High_School,Married,3,Izmir,Mortgage,785,43151.23,778919.98,36,Home,2,No,Yes
LA-00996,50,35026.09,Private_Sector,4,Associate,Married,2,Antalya,Mortgage,585,17051.32,229944.97,12,Home,0,Yes,No
LA-00997,21,136064.61,Private_Sector,3,Master,Married,2,Konya,Mortgage,900,20407.63,119603.29,120,Other,0,No,Yes
LA-00998,31,45390.95,Public_Sector,3,High_School,Married,1,Bursa,Mortgage,687,28006.92,312158.47,120,Education,0,No,Yes
LA-00999,24,66733.72,Private_Sector,0,Bachelor,Married,2,Izmir,Mortgage,494,6221.57,414862.49,12,Home,1,No,No
LA-01000,68,36048.24,Retired,26,Bachelor,Married,0,Gaziantep,Family_Home,696,5589.19,1011078.40,120,Home,1,Yes,Yes
LA-01001,60,66085.32,Freelancer,20,Bachelor,Married,2,Gaziantep,Rent,587,22622.74,94110.35,48,Home,0,No,Yes
LA-01002,48,49745.04,Public_Sector,10,Master,Single,1,Ankara,Rent,733,30099.72,398335.02,12,Home,2,No,No
LA-01003,56,46734.90,Self_Employed,17,High_School,Married,3,Bursa,Owner,,17844.00,194301.75,120,Education,1,No,No
LA-01004,27,60183.59,Private_Sector,0,Master,Single,0,Adana,Rent,737,15392.01,215643.69,48,Education,0,No,Yes
LA-01005,64,23200.02,Self_Employed,23,Associate,Married,1,Konya,Rent,600,7618.68,1208357.17,36,Debt_Consolidation,1,No,No
LA-01006,27,38286.88,Private_Sector,9,Master,Married,1,Istanbul,Mortgage,717,14084.83,289403.55,60,Business,0,No,Yes
LA-01007,41,44177.49,Private_Sector,8,High_School,Single,0,Bursa,Owner,802,23045.07,207212.88,60,Home,0,No,No
LA-01008,54,36716.11,Public_Sector,13,High_School,Married,1,Adana,Owner,620,14323.20,850476.23,12,Debt_Consolidation,0,No,No
LA-01009,28,58098.19,Private_Sector,0,Master,Married,1,Antalya,Mortgage,641,7319.23,109502.96,60,Debt_Consolidation,0,No,Yes
LA-01010,49,109790.83,Private_Sector,11,Bachelor,Single,1,Konya,Rent,858,5715.22,386980.90,36,Debt_Consolidation,0,No,Yes
LA-01011,34,52206.29,Private_Sector,0,Bachelor,Married,2,Istanbul,Owner,588,15229.29,804349.09,12,Business,0,No,No
LA-01012,33,32545.53,Private_Sector,6,Associate,Married,2,Gaziantep,Mortgage,661,37762.44,84405.57,84,Business,0,No,No
LA-01013,22,22759.98,Public_Sector,0,Bachelor,Divorced,0,Bursa,Owner,,12582.83,72992.19,120,Business,4,No,No
LA-01014,54,27590.69,Public_Sector,12,Doctorate,Married,4,Izmir,Mortgage,629,16652.96,223089.07,60,Vehicle,0,No,No
LA-01015,67,32562.21,Private_Sector,21,High_School,Married,1,Konya,Rent,609,19995.54,111946.17,120,Vehicle,0,Yes,Yes
LA-01016,37,32946.87,Self_Employed,13,High_School,Married,1,Izmir,Rent,499,17605.68,264943.06,120,Education,0,No,No
LA-01017,56,54135.10,Freelancer,20,High_School,Single,2,Istanbul,Rent,753,20564.59,108533.59,60,Debt_Consolidation,0,No,Yes
LA-01018,52,73565.05,,16,Associate,Married,2,Antalya,Owner,662,36268.39,116385.18,24,Debt_Consolidation,0,No,No
LA-01019,39,85289.52,Private_Sector,2,Master,Divorced,1,Antalya,Mortgage,578,21951.93,344108.45,60,Debt_Consolidation,0,No,No
LA-01020,38,53457.23,Private_Sector,4,High_School,Married,1,Izmir,Family_Home,824,25033.76,791970.03,12,Other,2,No,Yes
LA-01021,46,41462.71,Private_Sector,8,High_School,Married,0,Istanbul,Mortgage,622,,1552701.58,48,Other,0,No,No
LA-01022,30,68111.79,Private_Sector,0,Bachelor,Single,2,Antalya,Rent,655,,354458.52,36,Education,1,No,Yes
LA-01023,56,32599.67,Private_Sector,7,Bachelor,Married,1,Antalya,Owner,622,18117.04,315489.68,84,Debt_Consolidation,0,No,Yes
LA-01024,44,133060.52,Private_Sector,10,Master,Married,2,Izmir,Mortgage,683,77944.69,313924.21,24,Other,1,No,Yes
LA-01025,62,29884.72,Self_Employed,21,Master,Married,1,Ankara,Rent,636,,198638.05,84,Business,1,Yes,No
LA-01026,57,46084.76,Private_Sector,20,Master,Married,2,Gaziantep,Owner,652,17530.17,101804.66,60,Other,4,No,No
LA-01027,25,47084.86,Private_Sector,0,Bachelor,Single,1,Izmir,Rent,728,11074.52,43427.17,36,Home,0,Yes,Yes
LA-01028,54,54169.01,Private_Sector,17,High_School,Single,2,Istanbul,Owner,708,30888.17,50207.09,48,Other,0,No,Yes
LA-01029,49,49542.30,Public_Sector,14,Master,Married,1,Istanbul,Rent,707,24417.26,170166.81,120,Vehicle,0,No,No
LA-01030,36,28817.75,Freelancer,9,High_School,Single,,Bursa,Mortgage,672,3275.42,57802.59,36,Education,2,No,No
LA-01031,37,67263.56,Public_Sector,6,High_School,Single,3,Antalya,Owner,613,32352.76,175365.40,24,Education,1,No,No
LA-01032,24,29176.18,Private_Sector,0,Bachelor,Single,2,Gaziantep,Mortgage,515,13071.89,225236.56,48,Home,0,Yes,No
LA-01033,36,63151.63,Self_Employed,6,Bachelor,Single,1,Ankara,Family_Home,,27126.92,619885.49,12,Business,0,No,No
LA-01034,43,100741.66,Private_Sector,11,Associate,Married,2,Adana,Owner,755,9456.94,69955.17,60,Home,0,No,Yes
LA-01035,39,79013.64,Private_Sector,7,High_School,Married,2,Adana,Family_Home,698,21024.91,126278.35,84,Education,0,No,Yes
LA-01036,69,88944.05,Retired,21,Bachelor,Single,1,Konya,Mortgage,647,34856.74,1522153.81,120,Vehicle,0,No,Yes
LA-01037,46,32661.64,Public_Sector,9,Master,Single,0,Bursa,Rent,,17214.33,171911.86,120,Vehicle,0,No,No
LA-01038,63,37318.17,Private_Sector,13,High_School,Single,0,Adana,Owner,557,13572.85,191446.15,12,Home,0,No,Yes
LA-01039,38,69400.52,Private_Sector,7,Bachelor,Married,2,Ankara,Family_Home,649,22681.47,185178.67,84,Home,0,No,No
LA-01040,45,37763.36,Retired,9,High_School,Single,0,Ankara,Owner,677,11319.02,98618.71,24,Home,0,No,Yes
LA-01041,53,45773.24,Private_Sector,13,High_School,Married,3,Konya,Owner,504,21474.99,330545.45,12,Other,0,No,No
LA-01042,31,43634.00,Public_Sector,0,Bachelor,Single,2,Adana,Owner,705,11004.87,140945.89,84,Education,1,No,No
LA-01043,42,63479.25,Public_Sector,8,Doctorate,Single,1,Antalya,Rent,665,39314.14,362008.95,48,Other,2,Yes,Yes
LA-01044,66,53438.69,Private_Sector,20,Associate,Single,1,Konya,Mortgage,824,9581.49,87931.31,60,Home,0,No,Yes
LA-01045,68,60487.27,Private_Sector,12,Master,Widowed,3,Konya,Rent,622,14461.81,278233.18,36,Debt_Consolidation,0,No,Yes
LA-01046,29,71625.85,Public_Sector,4,Associate,Married,5,Ankara,Mortgage,656,28756.12,705689.86,36,Business,0,No,No
LA-01047,37,45738.11,Private_Sector,7,Bachelor,Single,0,Ankara,Mortgage,644,16760.20,178502.49,36,Education,0,No,No
LA-01048,48,78838.82,Freelancer,16,High_School,Single,0,Izmir,Family_Home,624,,206562.08,120,Home,0,Yes,No
LA-01049,32,42820.18,,5,Master,Married,2,Antalya,Mortgage,607,12441.02,265260.73,120,Business,1,No,No
LA-01050,61,109854.68,,25,High_School,Single,1,Istanbul,Mortgage,691,,143315.71,60,Business,0,No,Yes
LA-01051,59,81372.94,Private_Sector,18,Master,Married,2,Istanbul,Family_Home,800,19462.02,159231.14,24,Other,0,Yes,Yes
LA-01052,43,48148.98,Private_Sector,6,High_School,Married,3,Konya,Family_Home,619,10996.37,174844.61,24,Vehicle,0,No,No
LA-01053,24,64532.69,Self_Employed,6,Associate,Married,1,Gaziantep,Owner,647,19144.71,113700.84,36,Business,0,Yes,Yes
LA-01054,22,50896.92,Private_Sector,0,High_School,Married,1,Adana,Mortgage,557,30287.71,624410.95,24,Other,1,No,No
LA-01055,42,46859.13,Public_Sector,10,Master,Single,2,Gaziantep,Owner,547,15385.75,145755.21,84,Education,2,No,No
LA-01056,60,76748.70,Private_Sector,,Master,Divorced,0,Istanbul,Rent,719,20799.06,215826.97,24,Debt_Consolidation,0,No,Yes
LA-01057,66,56239.84,Freelancer,20,High_School,Married,3,Izmir,Owner,751,9599.61,208065.21,36,Education,0,No,Yes
LA-01058,27,71766.29,Private_Sector,4,Bachelor,Single,5,Gaziantep,Mortgage,650,,174658.24,12,Business,1,No,No
LA-01059,37,31273.87,Freelancer,4,High_School,Married,3,Ankara,Rent,572,10329.25,173309.57,60,Education,1,No,No
LA-01060,36,44172.51,Public_Sector,6,Bachelor,Single,0,Antalya,Owner,612,23402.89,256437.19,48,Business,1,No,Yes
LA-01061,24,110466.43,Public_Sector,1,Associate,Divorced,0,Istanbul,Owner,709,36047.03,346509.08,36,Home,2,No,No
LA-01062,56,47475.85,Self_Employed,17,High_School,Married,1,Izmir,Mortgage,587,6973.32,402107.29,36,Vehicle,0,No,No
LA-01063,58,42321.22,Private_Sector,16,Bachelor,Single,2,Gaziantep,Owner,573,21327.61,281961.12,84,Vehicle,1,No,No
LA-01064,30,119246.81,Public_Sector,4,Bachelor,Single,2,Bursa,Mortgage,728,27103.43,138266.61,60,Vehicle,0,No,Yes
LA-01065,44,37466.31,Private_Sector,6,Associate,Married,1,Adana,Rent,624,20130.36,269815.98,60,Home,0,No,No
LA-01066,54,40421.36,Private_Sector,11,Bachelor,Married,1,Istanbul,Owner,,19981.79,216523.56,12,Vehicle,1,No,Yes
LA-01067,31,75591.15,Private_Sector,3,Bachelor,Single,0,Istanbul,Family_Home,817,34334.59,68459.21,84,Home,1,Yes,Yes
LA-01068,36,60447.08,Public_Sector,7,Bachelor,Single,0,Izmir,Rent,713,19554.92,450234.37,84,Other,0,No,Yes
LA-01069,22,34381.74,Private_Sector,4,High_School,Single,2,Izmir,Family_Home,762,7326.91,642260.90,24,Vehicle,0,No,Yes
LA-01070,60,42457.80,Private_Sector,14,Bachelor,Married,4,Izmir,Mortgage,801,12652.18,330792.42,24,Home,0,No,Yes
LA-01071,43,38590.17,Private_Sector,5,Master,Widowed,0,Ankara,Mortgage,754,5753.35,260743.22,60,Home,0,No,Yes
LA-01072,33,43122.01,Private_Sector,0,High_School,Single,2,Izmir,Rent,540,26442.21,183819.45,24,Other,0,Yes,No
LA-01073,48,59721.55,Self_Employed,11,Master,Single,2,Izmir,Mortgage,559,33236.10,361920.55,120,Debt_Consolidation,2,No,No
LA-01074,68,35200.02,Self_Employed,28,Doctorate,Single,3,Izmir,Family_Home,663,10124.82,633764.70,36,Debt_Consolidation,0,No,Yes
LA-01075,21,31663.48,Freelancer,0,Associate,Married,4,Istanbul,Mortgage,654,14971.46,655987.50,24,Other,2,No,No
LA-01076,30,21889.61,Self_Employed,7,Bachelor,Married,3,Istanbul,Owner,582,3263.83,80731.85,48,Home,0,No,No
LA-01077,35,79372.52,Freelancer,16,High_School,Married,1,Ankara,Owner,704,,142885.25,84,Debt_Consolidation,0,No,Yes
LA-01078,25,35179.34,Public_Sector,7,Bachelor,Single,0,Gaziantep,Rent,574,9456.60,408685.30,12,Debt_Consolidation,0,No,No
LA-01079,31,59499.75,Private_Sector,6,Bachelor,Single,0,Adana,Mortgage,556,114616.60,144895.55,12,Other,1,No,No
LA-01080,25,36831.08,Private_Sector,3,Bachelor,Single,1,Konya,Rent,544,12447.42,344567.88,24,Business,0,No,No
LA-01081,39,26104.87,Private_Sector,9,Master,Divorced,0,Konya,Owner,591,13274.04,536662.38,24,Business,0,No,No
LA-01082,69,81449.66,Self_Employed,,Master,Single,5,Gaziantep,Mortgage,674,21655.25,330921.05,48,Business,5,Yes,No
LA-01083,37,35618.45,Freelancer,5,Bachelor,Divorced,2,Istanbul,Owner,695,15626.22,152229.36,120,Business,0,No,Yes
LA-01084,64,56747.87,Private_Sector,18,Master,Single,4,Izmir,Rent,666,6261.93,462062.73,36,Other,0,Yes,Yes
LA-01085,59,44404.33,Private_Sector,21,High_School,Married,1,Konya,Owner,749,12166.71,132741.93,12,Other,0,No,Yes
LA-01086,65,82727.95,Public_Sector,25,Bachelor,Married,1,Bursa,Rent,740,6109.97,170281.40,60,Business,0,Yes,Yes
LA-01087,48,71618.99,Private_Sector,14,Associate,Divorced,0,Adana,Family_Home,760,13311.39,1015502.71,48,Home,0,No,Yes
LA-01088,36,30930.05,Private_Sector,7,Master,Married,1,Antalya,Rent,620,16232.87,244029.79,36,Business,0,No,No
LA-01089,58,126266.65,Self_Employed,17,Associate,Divorced,2,Antalya,Owner,739,53816.01,149248.62,48,Home,0,No,Yes
LA-01090,63,43051.17,Private_Sector,,Bachelor,Single,2,Bursa,Mortgage,553,6819.06,1140270.05,12,Education,0,No,No
LA-01091,67,32750.21,Self_Employed,18,Master,Married,1,Gaziantep,Mortgage,666,7967.56,247194.05,60,Debt_Consolidation,4,No,No
LA-01092,41,43145.95,Freelancer,7,High_School,Single,1,Bursa,Owner,622,21259.85,149428.16,24,Debt_Consolidation,5,No,Yes
LA-01093,36,45604.25,Private_Sector,4,Master,Single,2,Konya,Owner,601,21153.39,814664.20,24,Education,1,Yes,No
LA-01094,46,50173.35,Retired,13,Bachelor,Married,0,Ankara,Mortgage,828,15532.57,142577.98,48,Education,1,No,Yes
LA-01095,61,38773.78,Private_Sector,,Master,Single,3,Izmir,Owner,811,18889.50,127738.05,12,Debt_Consolidation,0,No,Yes
LA-01096,55,78615.57,Private_Sector,7,Bachelor,Married,0,Adana,Rent,691,20135.95,282370.67,12,Vehicle,0,No,Yes
LA-01097,44,92131.60,Private_Sector,8,Associate,Married,1,Izmir,Family_Home,778,19888.27,61417.90,12,Debt_Consolidation,,No,Yes
LA-01098,59,35662.24,Self_Employed,17,Bachelor,Single,2,Antalya,Rent,614,21603.23,96397.59,36,Business,0,No,No
LA-01099,34,29860.69,Private_Sector,4,High_School,Divorced,3,Izmir,Rent,713,8820.17,228080.29,120,Education,1,No,Yes
LA-01100,68,90253.00,Private_Sector,14,High_School,Single,0,Antalya,Mortgage,786,14493.33,627461.97,36,Home,0,No,Yes
LA-01101,66,60747.07,Freelancer,22,Bachelor,Single,4,Istanbul,Owner,882,18231.90,358513.89,36,Debt_Consolidation,2,Yes,Yes
LA-01102,63,39703.27,Self_Employed,18,High_School,Single,4,Gaziantep,Rent,663,7552.95,149812.10,60,Business,1,No,Yes
LA-01103,60,,Self_Employed,19,Master,Married,2,Konya,Mortgage,500,25499.34,247624.35,84,Debt_Consolidation,1,No,No
LA-01104,45,53752.46,Private_Sector,14,Bachelor,Married,1,Ankara,Mortgage,676,30099.55,155558.40,12,Other,0,No,Yes
LA-01105,39,56475.99,Public_Sector,3,Bachelor,Divorced,0,Izmir,Owner,655,5938.87,855387.86,120,Home,0,No,Yes
LA-01106,31,52537.45,Public_Sector,6,Associate,Married,2,Gaziantep,Mortgage,658,27065.93,138103.57,48,Home,1,Yes,Yes
LA-01107,57,19980.89,Public_Sector,14,Master,Divorced,1,Istanbul,Owner,603,12098.84,61503.07,12,Debt_Consolidation,0,No,No
LA-01108,25,52508.20,Private_Sector,4,Bachelor,Divorced,1,Gaziantep,Family_Home,675,27508.65,228782.08,120,Education,0,No,Yes
LA-01109,59,55869.08,Freelancer,20,Bachelor,Married,2,Istanbul,Rent,650,7558.71,479677.93,60,Education,0,No,No
LA-01110,35,68075.96,Freelancer,2,Bachelor,Married,0,Ankara,Owner,728,9994.67,124193.95,36,Other,1,No,Yes
LA-01111,39,21069.56,Private_Sector,12,Master,Single,4,Antalya,Mortgage,630,3632.31,311163.40,36,Debt_Consolidation,0,Yes,No
LA-01112,25,65117.21,Public_Sector,3,Master,Single,2,Konya,Rent,690,4551.15,85091.09,120,Other,0,No,No
LA-01113,57,52503.43,Public_Sector,19,High_School,Married,2,Ankara,Rent,683,28717.35,475826.03,36,Other,0,Yes,Yes
LA-01114,34,37556.64,Private_Sector,8,Master,Married,0,Ankara,Rent,638,19490.05,482210.25,84,Education,4,No,No
LA-01115,57,57603.60,Freelancer,15,High_School,Single,3,Konya,Mortgage,740,19152.17,191905.41,12,Home,3,No,Yes
LA-01116,28,67210.24,Freelancer,7,Associate,Married,1,Gaziantep,Rent,695,21926.51,153630.09,12,Home,1,No,No
LA-01117,58,143324.77,Private_Sector,17,Bachelor,Single,2,Ankara,Mortgage,721,30691.66,224712.94,60,Other,0,No,Yes
LA-01118,55,51766.79,Self_Employed,8,Bachelor,Married,0,Istanbul,Rent,536,16814.55,67379.42,36,Vehicle,1,Yes,No
LA-01119,58,25339.45,Freelancer,10,Associate,Married,2,Adana,Rent,558,11791.23,132263.20,24,Vehicle,0,Yes,No
LA-01120,49,62274.45,Private_Sector,13,Master,Married,2,Gaziantep,Owner,732,12536.04,329793.67,120,Other,0,No,Yes
LA-01121,29,76328.49,Self_Employed,3,High_School,Single,3,Adana,Mortgage,599,34425.91,71760.61,12,Home,0,Yes,No
LA-01122,51,47149.68,Retired,11,Bachelor,Single,0,Ankara,Mortgage,639,27279.66,210094.27,120,Debt_Consolidation,1,No,No
LA-01123,51,65418.38,Public_Sector,16,High_School,Single,0,Izmir,Owner,668,31615.93,485726.36,60,Debt_Consolidation,,Yes,Yes
LA-01124,47,44088.83,Self_Employed,14,Bachelor,Married,4,Konya,Rent,643,7119.75,2456897.58,120,Business,1,No,No
LA-01125,53,78267.19,Public_Sector,15,Master,Married,1,Konya,Rent,615,18185.53,437918.27,24,Education,3,No,Yes
LA-01126,27,40603.68,Public_Sector,0,Bachelor,Married,0,Gaziantep,Owner,728,2971.16,272021.08,60,Other,0,Yes,Yes
LA-01127,57,53834.11,Public_Sector,22,Bachelor,Single,0,Ankara,Mortgage,677,28055.85,940139.58,48,Business,0,No,Yes
LA-01128,47,41189.22,Private_Sector,16,Master,Married,0,Konya,Rent,607,5711.44,160525.71,120,Education,0,No,Yes
LA-01129,53,41636.68,Private_Sector,19,Bachelor,Widowed,1,Konya,Owner,644,13254.00,87886.94,24,Debt_Consolidation,0,No,Yes
LA-01130,66,26509.68,Private_Sector,29,Master,Married,2,Konya,Rent,611,10721.57,141645.33,84,Education,1,No,No
LA-01131,65,83748.25,Self_Employed,,Bachelor,Single,1,Ankara,Mortgage,637,44862.77,85779.01,24,Home,0,No,Yes
LA-01132,54,58258.53,Private_Sector,13,Bachelor,Married,2,Konya,Rent,720,22134.05,360964.02,48,Education,0,No,Yes
LA-01133,35,75535.56,Private_Sector,6,Doctorate,Single,4,Bursa,Family_Home,619,29413.53,477454.46,36,Business,0,No,Yes
LA-01134,45,53307.12,Freelancer,11,High_School,Married,2,Adana,Rent,597,13055.56,408276.47,24,Business,0,No,No
LA-01135,39,39546.05,Public_Sector,8,Bachelor,Divorced,3,Gaziantep,Family_Home,580,9016.65,175429.13,48,Home,0,Yes,No
LA-01136,29,57155.19,Private_Sector,5,Bachelor,Single,1,Bursa,Rent,568,27003.94,349303.98,12,Business,0,No,No
LA-01137,43,21454.09,Retired,7,Bachelor,Married,1,Ankara,Rent,551,7954.08,148046.75,24,Debt_Consolidation,1,No,No
LA-01138,35,43564.84,Retired,3,Bachelor,Married,0,Izmir,Rent,549,7715.11,397298.80,12,Debt_Consolidation,0,Yes,No
LA-01139,65,42596.39,Public_Sector,21,Bachelor,Single,1,Istanbul,Rent,673,2403.33,351099.86,48,Debt_Consolidation,,Yes,Yes
LA-01140,44,68310.28,Public_Sector,15,High_School,Married,1,Ankara,Rent,696,10809.26,214278.40,12,Business,1,No,Yes
LA-01141,49,51113.95,Private_Sector,12,High_School,Married,1,Istanbul,Owner,556,19475.87,160349.92,84,Education,0,No,No
LA-01142,46,56268.48,Self_Employed,13,High_School,Divorced,0,Ankara,Family_Home,773,6041.77,132283.22,84,Vehicle,0,No,Yes
LA-01143,62,184632.30,Self_Employed,28,Bachelor,Married,1,Izmir,Mortgage,900,76617.12,630412.16,24,Education,0,No,Yes
LA-01144,61,46274.09,Private_Sector,,Bachelor,Married,1,Bursa,Mortgage,610,26880.94,231192.23,84,Education,0,No,No
LA-01145,41,30479.18,Private_Sector,6,Master,Married,0,Izmir,Mortgage,553,15179.17,126169.67,120,Debt_Consolidation,1,No,No
LA-01146,32,38478.55,Private_Sector,9,High_School,Single,5,Antalya,Rent,596,6224.87,474172.66,12,Other,1,No,No
LA-01147,50,64618.50,Freelancer,,Bachelor,Married,1,Izmir,Mortgage,649,35666.09,173024.46,12,Education,2,No,No
LA-01148,50,61244.16,Public_Sector,12,Doctorate,Divorced,2,Gaziantep,Mortgage,740,16228.53,303180.06,48,Business,0,No,No
LA-01149,54,49288.80,Private_Sector,10,Bachelor,Single,2,Konya,Rent,624,17705.05,224375.84,36,Business,3,No,Yes
LA-01150,30,87006.55,Private_Sector,6,Master,Married,1,Antalya,Owner,660,31358.43,121547.32,120,Debt_Consolidation,0,No,Yes
LA-01151,27,40516.59,Public_Sector,5,High_School,Married,0,Antalya,Family_Home,620,8005.22,306586.63,36,Business,4,No,No
LA-01152,24,70575.35,Public_Sector,0,Bachelor,Widowed,2,Izmir,Family_Home,530,37133.78,124817.17,36,Other,1,No,No
LA-01153,21,51655.29,Private_Sector,0,Bachelor,Divorced,1,Izmir,Owner,554,29105.45,387550.35,24,Vehicle,2,No,Yes
LA-01154,69,95238.72,Self_Employed,15,Master,Married,1,Konya,Rent,561,57225.29,420124.05,12,Education,0,Yes,Yes
LA-01155,35,66695.64,Private_Sector,5,High_School,Single,3,Bursa,Family_Home,688,22861.02,690758.36,120,Business,0,No,Yes
LA-01156,41,79556.98,Private_Sector,10,Bachelor,Single,0,Konya,Mortgage,690,9192.05,199627.15,84,Other,1,No,Yes
LA-01157,39,36776.66,Private_Sector,12,Associate,Single,3,Izmir,Family_Home,691,15875.73,1284476.88,48,Education,0,Yes,Yes
LA-01158,21,54059.25,Private_Sector,0,Associate,Married,3,Istanbul,Rent,573,11236.81,511773.54,60,Debt_Consolidation,1,Yes,No
LA-01159,21,152523.82,Public_Sector,0,High_School,Single,3,Antalya,Owner,691,7975.83,481191.11,84,Other,4,No,Yes
LA-01160,23,66845.29,Freelancer,0,Associate,Married,1,Ankara,Owner,584,29635.42,224235.41,84,Home,0,No,Yes
LA-01161,24,45923.13,Private_Sector,6,Bachelor,Married,2,Antalya,Mortgage,746,25006.15,173984.32,24,Debt_Consolidation,0,No,Yes
LA-01162,57,40826.78,Private_Sector,9,High_School,Single,2,Gaziantep,Mortgage,714,13422.19,209081.49,48,Business,0,No,No
LA-01163,67,37043.85,Private_Sector,20,Master,Single,1,Istanbul,Family_Home,499,5812.41,918388.07,84,Business,0,No,No
LA-01164,21,39162.53,Self_Employed,2,High_School,Divorced,0,Antalya,Mortgage,730,23078.64,211402.69,120,Vehicle,0,No,No
LA-01165,22,42520.05,Private_Sector,0,Bachelor,Married,2,Adana,Family_Home,669,9230.15,303346.18,24,Home,0,No,No
LA-01166,57,33359.18,Private_Sector,15,Bachelor,Single,0,Adana,Family_Home,560,3472.40,378513.08,84,Education,2,No,No
LA-01167,29,50051.11,Public_Sector,4,Associate,Married,1,Antalya,Owner,589,6494.39,128194.68,120,Vehicle,1,No,No
LA-01168,25,57434.23,Private_Sector,1,High_School,Married,1,Bursa,Family_Home,557,22894.09,226569.84,84,Home,0,No,No
LA-01169,24,55309.64,,0,Bachelor,Married,2,Istanbul,Family_Home,693,,268132.67,84,Other,0,No,Yes
LA-01170,28,47101.57,Private_Sector,0,High_School,Divorced,1,Gaziantep,Rent,552,12562.97,202069.36,24,Other,1,No,No
LA-01171,32,73498.15,Private_Sector,13,Bachelor,Divorced,2,Bursa,Family_Home,578,5413.91,482834.10,120,Home,1,No,No
LA-01172,36,40512.50,Private_Sector,4,Bachelor,Married,1,Antalya,Family_Home,814,22522.66,794519.57,120,Other,2,Yes,No
LA-01173,25,45824.76,Retired,2,High_School,Married,0,Adana,Family_Home,626,20733.01,243620.19,12,Business,0,No,No
LA-01174,43,42936.62,Freelancer,11,High_School,Divorced,4,Istanbul,Rent,581,11605.13,798959.27,60,Vehicle,3,No,No
LA-01175,52,44473.48,Freelancer,10,High_School,Single,0,Gaziantep,Mortgage,699,13968.85,177567.15,120,Other,0,No,No
LA-01176,27,36434.95,Public_Sector,2,Master,Widowed,5,Ankara,Mortgage,555,1943.86,152395.81,60,Other,2,No,No
LA-01177,42,33889.28,Public_Sector,7,Bachelor,Married,2,Ankara,Mortgage,549,9191.32,368301.60,36,Education,0,No,No
LA-01178,40,73393.28,Private_Sector,5,Doctorate,Single,4,Ankara,Mortgage,692,39759.08,132328.31,24,Education,1,No,Yes
LA-01179,24,69382.05,Private_Sector,4,Master,Married,0,Antalya,Owner,620,,122562.38,24,Vehicle,1,No,No
LA-01180,50,36630.57,Self_Employed,11,Bachelor,Married,0,Antalya,Mortgage,479,11104.53,727224.66,48,Business,1,No,No
LA-01181,62,89565.76,Private_Sector,17,High_School,Divorced,2,Adana,Rent,761,45606.76,468893.54,36,Vehicle,0,Yes,Yes
LA-01182,26,35700.85,Self_Employed,3,High_School,Single,2,Adana,Mortgage,566,14614.06,384769.72,36,Debt_Consolidation,3,No,No
LA-01183,35,39617.60,Public_Sector,10,Master,Married,0,Istanbul,Rent,696,4919.00,180304.84,24,Other,0,Yes,Yes
LA-01184,37,57492.87,Public_Sector,11,Master,Single,0,Konya,Mortgage,732,14854.67,576987.12,36,Business,0,No,Yes
LA-01185,45,24795.22,Public_Sector,9,Master,Married,2,Izmir,Family_Home,791,14933.24,86959.36,12,Debt_Consolidation,0,No,No
LA-01186,46,72580.38,Private_Sector,2,Bachelor,Single,1,Gaziantep,Mortgage,690,16528.57,412586.63,60,Vehicle,0,No,Yes
LA-01187,56,104615.23,Freelancer,9,Associate,Married,1,Bursa,Mortgage,755,36154.93,102632.83,84,Education,0,Yes,Yes
LA-01188,58,39268.65,Self_Employed,9,Bachelor,Single,0,Istanbul,Owner,607,4010.49,143164.60,36,Vehicle,0,No,No
LA-01189,29,39258.28,Private_Sector,1,Associate,Single,0,Istanbul,Family_Home,640,22830.82,211555.14,36,Debt_Consolidation,1,Yes,No
LA-01190,22,85779.70,Freelancer,4,High_School,Married,0,Ankara,Mortgage,694,23203.63,133576.54,12,Other,0,Yes,Yes
LA-01191,60,87166.68,Private_Sector,12,High_School,Divorced,0,Izmir,Owner,679,47642.52,613861.48,48,Debt_Consolidation,1,No,Yes
LA-01192,25,27964.28,Private_Sector,3,Associate,Married,4,Gaziantep,Rent,624,1870.53,475254.31,120,Debt_Consolidation,2,No,No
LA-01193,28,96903.06,Private_Sector,0,Bachelor,Single,0,Konya,Rent,772,30832.37,311224.77,24,Education,0,No,Yes
LA-01194,61,68704.77,Freelancer,12,Associate,Married,0,Antalya,Family_Home,846,18226.42,321611.16,84,Business,0,Yes,Yes
LA-01195,50,99769.98,Freelancer,17,High_School,Divorced,0,Adana,Rent,,11138.00,248156.78,36,Vehicle,0,No,No
LA-01196,35,29715.83,Private_Sector,11,Bachelor,Married,1,Istanbul,Mortgage,628,17825.49,310628.89,120,Home,1,No,No
LA-01197,56,49603.41,Public_Sector,17,Master,Single,5,Istanbul,Rent,647,10502.71,198039.41,48,Vehicle,1,No,No
LA-01198,46,58898.86,Private_Sector,14,Bachelor,Married,4,Gaziantep,Owner,697,31539.24,452344.08,120,Education,0,No,No
LA-01199,47,58301.46,Public_Sector,4,Bachelor,Single,0,Ankara,Rent,678,35277.60,594813.45,12,Business,0,No,No
LA-01200,57,96049.56,Private_Sector,18,High_School,Single,2,Adana,Rent,714,48460.57,188476.33,24,Education,0,No,No
LA-01201,33,64999.97,Private_Sector,3,High_School,Married,1,Izmir,Owner,717,28818.65,84390.16,24,Business,0,Yes,No
LA-01202,49,49416.49,Private_Sector,8,Doctorate,Married,3,Antalya,Rent,738,3340.54,161246.71,120,Debt_Consolidation,1,Yes,Yes
LA-01203,45,53194.82,Public_Sector,9,High_School,Single,2,Bursa,Rent,483,5292.66,348248.98,60,Other,2,No,No
LA-01204,68,77301.17,Private_Sector,20,Master,Married,2,Konya,Mortgage,720,29765.71,643090.42,120,Vehicle,0,Yes,Yes
LA-01205,63,30451.89,Private_Sector,10,Bachelor,Married,1,Gaziantep,Owner,599,6406.11,154183.60,60,Business,0,Yes,No
LA-01206,62,151705.96,Self_Employed,15,Bachelor,Married,1,Konya,Rent,795,11511.60,570527.08,12,Other,0,No,Yes
LA-01207,29,43716.80,Public_Sector,4,High_School,Single,0,Adana,Rent,611,21309.99,308626.85,36,Education,1,No,No
LA-01208,31,,Retired,0,Master,Married,2,Konya,Rent,591,11690.89,586309.37,48,Debt_Consolidation,3,No,No
LA-01209,29,54274.92,Private_Sector,6,Bachelor,Married,0,Izmir,Rent,586,18072.82,481190.42,24,Vehicle,3,No,No
LA-01210,24,33625.08,Private_Sector,6,High_School,Married,1,Ankara,Rent,616,,94439.73,84,Other,1,No,No
LA-01211,49,35508.63,Public_Sector,10,Master,Single,1,Ankara,Mortgage,698,8211.39,251624.12,12,Other,6,No,No
LA-01212,42,23532.87,Public_Sector,11,Associate,Single,,Adana,Rent,618,2766.36,312979.52,36,Education,4,No,No
LA-01213,48,48891.66,Private_Sector,10,Bachelor,Single,1,Antalya,Rent,577,23435.98,410368.91,24,Business,2,No,No
LA-01214,69,57214.26,Private_Sector,25,Bachelor,Married,2,Ankara,Mortgage,626,4451.31,161624.80,48,Education,0,No,Yes
LA-01215,26,36542.44,Public_Sector,0,Master,Married,2,Gaziantep,Owner,630,18362.10,132360.22,60,Home,0,No,Yes
LA-01216,40,40815.85,Private_Sector,11,Master,Single,2,Konya,Mortgage,680,22635.90,614303.01,36,Business,0,No,No
LA-01217,35,108610.71,Public_Sector,9,Associate,Married,3,Ankara,Owner,629,48753.16,444421.25,36,Education,1,No,No
LA-01218,56,,Private_Sector,11,High_School,Married,3,Bursa,Owner,649,29245.86,247042.09,60,Vehicle,0,Yes,No
LA-01219,57,36834.25,Private_Sector,8,Master,Married,2,Ankara,Rent,592,11900.81,68814.90,120,Debt_Consolidation,4,Yes,No
LA-01220,53,99962.58,Private_Sector,17,Master,Married,2,Istanbul,Rent,823,19156.42,145832.50,60,Debt_Consolidation,,No,Yes
LA-01221,64,46891.45,Public_Sector,17,Associate,Single,2,Antalya,Mortgage,700,16537.28,247720.01,48,Education,0,No,Yes
LA-01222,34,105863.37,Private_Sector,0,High_School,Single,0,Istanbul,Mortgage,836,56881.39,174184.06,12,Home,0,No,Yes
LA-01223,34,30677.49,Public_Sector,14,High_School,Married,2,Istanbul,Owner,509,15292.64,182536.88,84,Vehicle,0,No,No
LA-01224,68,74765.56,Self_Employed,22,High_School,Married,2,Bursa,Owner,645,32142.98,86171.98,60,Business,0,No,Yes
LA-01225,32,21215.49,Retired,0,High_School,Single,0,Konya,Owner,661,12369.44,414622.16,120,Education,1,No,No
LA-01226,58,52104.88,Private_Sector,22,Associate,Divorced,0,Bursa,Rent,726,27623.62,595816.03,48,Vehicle,0,No,No
LA-01227,27,42895.84,Retired,0,Associate,Married,0,Istanbul,Owner,578,14827.85,267422.60,48,Debt_Consolidation,2,Yes,No
LA-01228,68,42456.28,Freelancer,20,Master,Single,0,Istanbul,Family_Home,665,16702.50,270286.98,120,Other,0,No,Yes
LA-01229,44,87412.24,Freelancer,12,Bachelor,Single,2,Izmir,Owner,743,20755.90,188483.18,36,Other,0,No,Yes
LA-01230,43,52724.64,Private_Sector,11,High_School,Single,2,Istanbul,Family_Home,795,24888.12,113528.17,60,Business,0,No,Yes
LA-01231,30,23598.84,,1,Master,Widowed,2,Ankara,Mortgage,566,7650.62,871831.21,12,Home,1,No,No
LA-01232,28,51894.29,Private_Sector,,Associate,Married,2,Izmir,Rent,779,14698.69,167767.58,60,Other,1,No,Yes
LA-01233,42,111272.72,Self_Employed,7,Bachelor,Single,1,Konya,Rent,680,65057.31,582487.23,48,Education,0,No,Yes
LA-01234,21,42337.27,Self_Employed,0,Bachelor,Married,1,Izmir,Mortgage,595,13908.95,150397.02,84,Education,1,No,No
LA-01235,41,47659.65,Private_Sector,5,Master,Single,4,Ankara,Mortgage,608,25445.10,134298.34,120,Vehicle,0,No,No
LA-01236,38,36994.96,Self_Employed,3,High_School,Single,1,Izmir,Owner,563,9336.17,575008.19,60,Debt_Consolidation,0,No,No
LA-01237,51,39786.83,Private_Sector,16,Master,Married,1,Antalya,Rent,628,24336.97,375454.18,60,Business,1,No,No
LA-01238,21,47532.48,Private_Sector,0,Bachelor,Single,3,Antalya,Rent,797,25658.00,380468.86,24,Debt_Consolidation,0,No,Yes
LA-01239,23,50744.39,Self_Employed,2,Master,Single,2,Izmir,Family_Home,665,21396.27,507178.47,48,Education,4,No,No
LA-01240,51,34073.14,Self_Employed,16,Master,Single,1,Bursa,Mortgage,656,11857.05,307850.64,48,Business,2,Yes,Yes
LA-01241,60,31228.17,Self_Employed,15,Associate,Single,1,Ankara,Rent,740,11571.48,321461.18,48,Debt_Consolidation,1,No,Yes
LA-01242,65,42956.71,Freelancer,18,High_School,Single,1,Izmir,Rent,683,2349.50,210143.27,84,Home,1,No,No
LA-01243,33,,Private_Sector,0,High_School,Married,,Konya,Rent,733,5746.84,275086.71,24,Business,,No,Yes
LA-01244,46,26784.70,Private_Sector,10,Master,Single,3,Ankara,Family_Home,763,13777.22,363884.73,12,Business,0,Yes,Yes
LA-01245,33,66866.81,Freelancer,2,Bachelor,Married,1,Ankara,Owner,625,36297.99,232324.82,12,Other,2,No,No
LA-01246,66,75379.79,Private_Sector,25,Bachelor,Single,2,Ankara,Family_Home,708,12437.36,719845.17,120,Business,0,Yes,No
LA-01247,31,82765.68,Self_Employed,10,High_School,Widowed,2,Gaziantep,Owner,561,50040.38,496849.35,24,Business,0,No,Yes
LA-01248,41,56966.99,Private_Sector,11,Associate,Single,4,Adana,Rent,832,31901.28,304309.86,84,Other,0,No,No
LA-01249,34,380381.71,Self_Employed,5,Bachelor,Married,4,Adana,Rent,900,219457.62,386717.53,24,Debt_Consolidation,0,No,Yes
LA-01250,36,53171.12,Public_Sector,4,Bachelor,Married,0,Izmir,Rent,658,28856.70,334509.12,36,Education,1,No,Yes
LA-01251,35,89538.96,Private_Sector,4,Associate,Married,1,Ankara,Mortgage,699,33981.91,324803.51,12,Vehicle,0,No,Yes
LA-01252,21,32348.23,Public_Sector,0,Master,Married,1,Bursa,Rent,527,5091.92,428461.91,12,Other,0,No,No
LA-01253,50,107059.33,Self_Employed,11,High_School,Single,2,Ankara,Owner,752,39296.07,232710.86,24,Vehicle,0,No,Yes
LA-01254,31,134538.95,Self_Employed,7,Master,Single,2,Antalya,Rent,746,77168.69,198366.92,24,Education,0,No,Yes
LA-01255,58,25567.82,Self_Employed,13,Master,Single,0,Bursa,Family_Home,674,9270.93,723711.93,24,Education,0,Yes,No
LA-01256,44,50874.44,Private_Sector,12,High_School,Married,1,Adana,Rent,595,22759.46,236727.52,36,Other,1,Yes,No
LA-01257,50,59881.10,Private_Sector,10,High_School,Married,2,Antalya,Family_Home,788,17786.33,326921.99,120,Education,0,No,Yes
LA-01258,37,90168.04,Public_Sector,2,High_School,Married,3,Konya,Rent,699,15878.04,314827.46,60,Business,0,No,Yes
LA-01259,49,99401.58,Private_Sector,11,Bachelor,Single,2,Konya,Owner,765,202243.18,168416.85,84,Business,0,No,No
LA-01260,54,104795.30,Public_Sector,12,Doctorate,Married,1,Istanbul,Owner,656,58407.40,347649.21,120,Vehicle,6,Yes,Yes
LA-01261,40,37845.58,,2,Bachelor,Married,2,Bursa,Family_Home,736,20793.96,214097.23,48,Education,1,Yes,No
LA-01262,52,30171.08,Self_Employed,14,Doctorate,Widowed,0,Gaziantep,Family_Home,569,18253.94,65306.93,36,Education,0,No,Yes
LA-01263,29,44972.46,Private_Sector,5,Bachelor,Single,0,Konya,Rent,614,13427.00,168217.43,36,Education,0,Yes,No
LA-01264,23,65550.79,Public_Sector,0,Bachelor,Divorced,1,Adana,Mortgage,779,32545.04,136708.32,12,Education,0,Yes,Yes
LA-01265,66,,Freelancer,22,Master,Married,1,Antalya,Owner,606,6451.78,161132.75,60,Debt_Consolidation,2,Yes,Yes
LA-01266,48,51671.50,Private_Sector,12,Master,Single,0,Antalya,Owner,680,19937.55,222158.54,12,Vehicle,0,No,Yes
LA-01267,41,43182.85,Public_Sector,2,High_School,Married,2,Konya,Owner,709,8146.60,254254.10,36,Debt_Consolidation,0,No,Yes
LA-01268,45,100732.87,Private_Sector,14,Bachelor,Single,1,Adana,Rent,674,59766.20,179784.32,24,Home,0,No,Yes
LA-01269,53,,Self_Employed,15,Bachelor,Married,1,Gaziantep,Rent,751,31732.90,104645.75,12,Debt_Consolidation,0,Yes,Yes
LA-01270,52,26152.31,Self_Employed,16,Associate,Single,2,Adana,Owner,723,1786.37,94634.08,120,Other,0,No,No
LA-01271,58,59750.54,Self_Employed,16,Master,Married,1,Bursa,Mortgage,718,22169.20,451888.38,12,Business,3,No,Yes
LA-01272,56,65382.21,Self_Employed,23,Doctorate,Single,0,Istanbul,Mortgage,631,23665.99,442947.75,36,Home,1,No,No
LA-01273,49,35909.63,Private_Sector,18,Bachelor,Married,0,Ankara,Family_Home,663,5474.68,464916.33,60,Business,0,Yes,Yes
LA-01274,66,34198.28,Private_Sector,24,High_School,Married,2,Antalya,Family_Home,679,20640.36,316761.83,84,Vehicle,0,No,Yes
LA-01275,66,47295.20,Public_Sector,23,Bachelor,Married,0,Istanbul,Family_Home,628,4424.21,135912.01,84,Business,0,No,Yes
LA-01276,23,61809.79,Retired,2,Bachelor,Married,3,Gaziantep,Rent,650,18259.35,637401.19,60,Education,0,No,Yes
LA-01277,65,44099.19,Public_Sector,17,Doctorate,Single,0,Bursa,Owner,619,12955.83,202347.17,120,Home,0,No,No
LA-01278,56,43828.14,Self_Employed,17,Bachelor,Single,1,Izmir,Rent,623,2632.81,64674.65,60,Business,0,No,Yes
LA-01279,67,24376.19,Private_Sector,24,High_School,Single,1,Antalya,Owner,596,13990.11,856852.80,24,Debt_Consolidation,3,No,No
LA-01280,49,,Private_Sector,10,Associate,Single,1,Bursa,Rent,664,,182621.40,84,Debt_Consolidation,0,Yes,Yes
LA-01281,51,56892.63,Self_Employed,19,Associate,Married,0,Ankara,Mortgage,,9689.01,252561.00,120,Vehicle,1,No,No
LA-01282,58,82800.78,Self_Employed,13,High_School,Married,1,Izmir,Owner,689,35160.38,282951.47,48,Business,0,No,Yes
LA-01283,43,35392.17,Public_Sector,2,Bachelor,Married,2,Bursa,Rent,629,8066.72,500075.46,24,Education,1,No,No
LA-01284,69,41126.48,Public_Sector,18,Bachelor,Married,1,Konya,Rent,735,3100.05,372332.70,24,Home,0,No,Yes
LA-01285,23,64385.01,Public_Sector,4,Bachelor,Single,1,Izmir,Owner,737,11402.66,183974.74,24,Home,0,No,Yes
LA-01286,34,76481.72,Private_Sector,12,Doctorate,Married,5,Gaziantep,Owner,638,43100.62,363276.89,12,Vehicle,1,No,Yes
LA-01287,63,40415.61,Public_Sector,15,High_School,Single,2,Istanbul,Family_Home,,23687.38,294807.08,120,Education,0,No,Yes
LA-01288,53,60637.84,Private_Sector,,Bachelor,Divorced,1,Istanbul,Mortgage,555,31148.22,448181.66,12,Business,0,No,Yes
LA-01289,30,,Self_Employed,10,High_School,Married,2,Ankara,Owner,627,26855.07,681375.75,12,Business,2,No,No
LA-01290,43,49823.74,Freelancer,9,Bachelor,Divorced,1,Gaziantep,Mortgage,724,24434.56,672553.32,84,Business,0,No,No
LA-01291,55,32567.85,Public_Sector,13,Bachelor,Single,4,Istanbul,Mortgage,718,11648.40,242120.30,84,Other,0,No,Yes
LA-01292,50,,Retired,16,Bachelor,Single,0,Izmir,Family_Home,666,23571.55,571401.37,84,Education,1,No,No
LA-01293,47,25831.65,Public_Sector,11,Bachelor,Married,0,Ankara,Mortgage,692,7258.95,1007738.58,36,Business,0,No,No
LA-01294,43,,Private_Sector,9,Bachelor,Married,2,Adana,Owner,645,32380.31,410655.19,120,Education,0,Yes,Yes
LA-01295,60,,Freelancer,17,Master,Married,1,Izmir,Owner,679,18835.03,262505.80,48,Education,1,No,Yes
LA-01296,46,44371.08,Self_Employed,7,High_School,Married,1,Izmir,Owner,671,12914.42,137932.45,12,Other,4,No,No
LA-01297,52,66597.03,Retired,17,Bachelor,Single,1,Izmir,Mortgage,672,7902.18,293463.00,120,Business,0,Yes,Yes
LA-01298,35,41223.71,Private_Sector,4,Associate,Single,1,Gaziantep,Mortgage,651,20707.58,1100424.21,24,Debt_Consolidation,1,Yes,Yes
LA-01299,44,39280.50,Freelancer,2,Associate,Married,1,Izmir,Owner,612,16815.27,424955.83,36,Education,0,No,No
LA-01300,53,62826.67,Private_Sector,16,Master,Married,2,Konya,Rent,640,33968.68,144391.85,84,Business,1,No,Yes
LA-01301,30,41266.11,Private_Sector,5,Bachelor,Married,3,Istanbul,Owner,701,14491.84,50698.83,48,Debt_Consolidation,0,No,Yes
LA-01302,48,30631.13,Private_Sector,,Bachelor,Married,1,Bursa,Owner,521,15524.03,122051.28,120,Home,1,No,No
LA-01303,49,44304.57,Self_Employed,13,Bachelor,Married,2,Antalya,Rent,662,20261.50,438493.35,60,Education,0,No,Yes
LA-01304,29,67412.07,Retired,10,Bachelor,Single,1,Izmir,Owner,583,38692.56,386626.78,84,Business,1,No,No
LA-01305,23,44381.22,Self_Employed,,Master,Married,2,Adana,Owner,672,26215.53,221442.60,36,Debt_Consolidation,1,No,No
LA-01306,34,49610.07,Private_Sector,2,Bachelor,Divorced,2,Gaziantep,Mortgage,862,27378.49,797150.09,60,Home,0,No,Yes
LA-01307,49,27704.40,Freelancer,17,High_School,Single,4,Gaziantep,Family_Home,639,4425.74,845109.78,12,Home,0,No,No
LA-01308,29,32763.48,Private_Sector,11,High_School,Married,1,Izmir,Owner,746,3964.95,87359.58,48,Other,1,No,No
LA-01309,46,67608.33,Self_Employed,10,Associate,Divorced,0,Ankara,Rent,720,5963.01,161951.79,48,Vehicle,3,No,No
LA-01310,66,56099.32,Self_Employed,17,Bachelor,Widowed,0,Istanbul,Rent,696,9414.19,316567.10,36,Debt_Consolidation,0,No,Yes
LA-01311,23,46656.86,Public_Sector,5,Master,Married,1,Istanbul,Mortgage,587,6783.40,212749.28,36,Other,0,No,Yes
LA-01312,52,48748.42,Private_Sector,20,Bachelor,Single,4,Bursa,Rent,684,7887.79,206580.83,36,Education,0,No,Yes
LA-01313,40,17272.51,Private_Sector,11,Associate,Married,2,Adana,Rent,707,8630.73,165610.54,84,Debt_Consolidation,0,No,No
LA-01314,58,126675.57,,18,High_School,Married,2,Antalya,Rent,803,22980.41,222225.05,84,Business,0,Yes,Yes
LA-01315,66,144668.07,Freelancer,18,Bachelor,Divorced,1,Konya,Mortgage,730,19771.66,471193.99,12,Business,0,No,Yes
LA-01316,44,111181.77,Freelancer,12,Bachelor,Married,3,Ankara,Owner,696,67315.44,1431303.66,24,Vehicle,1,No,Yes
LA-01317,46,45317.97,Self_Employed,12,Bachelor,Single,1,Ankara,Rent,695,14443.28,173291.02,84,Education,1,No,No
LA-01318,48,75242.35,Private_Sector,14,Bachelor,Married,1,Ankara,Rent,656,23394.29,136733.73,48,Other,1,No,No
LA-01319,59,26876.95,Private_Sector,10,Bachelor,Single,2,Izmir,Rent,673,1999.28,336781.74,120,Other,0,No,No
LA-01320,65,64231.21,Private_Sector,14,High_School,Married,1,Konya,Rent,821,26889.71,163197.36,24,Other,1,No,No
LA-01321,50,98813.06,Public_Sector,14,High_School,Single,4,Bursa,Mortgage,715,31350.11,548519.13,60,Education,0,Yes,Yes
LA-01322,33,68041.82,Private_Sector,4,Bachelor,Married,1,Konya,Owner,717,20561.44,99198.03,84,Home,0,No,Yes
LA-01323,53,104349.53,Private_Sector,20,Associate,Single,1,Istanbul,Owner,,40323.41,354387.83,36,Debt_Consolidation,0,No,Yes
LA-01324,60,59093.36,Private_Sector,12,High_School,Single,1,Gaziantep,Mortgage,582,23993.88,440527.85,36,Home,0,No,No
LA-01325,40,75185.21,Private_Sector,7,High_School,Married,4,Bursa,Rent,703,21363.07,248127.08,48,Education,2,No,Yes
LA-01326,27,24811.95,Freelancer,3,Master,Divorced,1,Konya,Rent,486,2022.27,135193.74,12,Business,0,No,No
LA-01327,35,69853.58,Private_Sector,9,Bachelor,Divorced,0,Istanbul,Mortgage,777,31205.62,772935.23,24,Vehicle,0,No,Yes
LA-01328,68,61496.44,Private_Sector,20,High_School,Single,0,Gaziantep,Owner,724,16068.81,269383.97,24,Home,0,No,Yes
LA-01329,61,57281.53,Private_Sector,16,Bachelor,Married,3,Adana,Rent,673,4176.75,612288.71,84,Home,0,No,No
LA-01330,29,100718.11,Private_Sector,3,Master,Married,0,Gaziantep,Rent,800,11982.06,911596.75,60,Business,0,No,Yes
LA-01331,22,43633.53,Private_Sector,0,High_School,Married,3,Bursa,Rent,693,14531.53,66591.60,120,Vehicle,0,No,No
LA-01332,39,67026.22,Freelancer,9,High_School,Widowed,0,Izmir,Mortgage,601,36880.78,137806.04,12,Other,0,No,No
LA-01333,24,60983.18,Self_Employed,4,Bachelor,Married,1,Adana,Mortgage,834,10982.46,83325.06,12,Other,2,No,No
LA-01334,51,58497.42,Self_Employed,13,Associate,Widowed,0,Gaziantep,Mortgage,653,31023.30,156502.55,24,Home,0,No,No
LA-01335,60,68147.91,Retired,12,Master,Married,1,Gaziantep,Rent,766,12610.00,207812.41,12,Debt_Consolidation,0,No,Yes
LA-01336,60,57036.69,Public_Sector,16,Associate,Single,,Ankara,Family_Home,611,22964.69,491430.58,84,Home,6,No,No
LA-01337,28,100846.94,Freelancer,1,High_School,Divorced,1,Adana,Mortgage,699,58197.33,203623.63,36,Education,0,No,No
LA-01338,58,56299.65,,17,Bachelor,Divorced,0,Adana,Rent,636,34660.91,159001.28,24,Home,4,No,No
LA-01339,57,27372.34,Self_Employed,16,Bachelor,Married,1,Ankara,Mortgage,561,11670.92,165090.49,48,Education,1,No,No
LA-01340,52,45599.96,Self_Employed,17,Associate,Married,1,Adana,Rent,686,19598.31,328690.33,36,Debt_Consolidation,0,No,No
LA-01341,53,63136.41,Self_Employed,14,Bachelor,Single,2,Adana,Rent,628,11654.35,1129592.23,36,Business,0,No,No
LA-01342,38,65381.23,Freelancer,8,Bachelor,Married,2,Istanbul,Mortgage,760,,163670.38,84,Vehicle,0,No,Yes
LA-01343,44,89531.35,Self_Employed,10,Bachelor,Married,1,Antalya,Rent,739,17027.90,153205.07,48,Education,0,No,Yes
LA-01344,29,49929.75,Public_Sector,0,High_School,Single,0,Izmir,Family_Home,673,8095.93,196322.33,60,Education,1,No,Yes
LA-01345,69,,Public_Sector,19,Bachelor,Widowed,0,Ankara,Owner,695,25726.86,399071.67,84,Vehicle,0,No,Yes
LA-01346,62,96919.29,Public_Sector,15,High_School,Single,3,Gaziantep,Owner,744,25913.62,252359.97,12,Education,0,No,Yes
LA-01347,39,35061.34,Retired,9,Bachelor,Married,1,Antalya,Mortgage,748,5504.54,156844.95,48,Debt_Consolidation,0,No,No
LA-01348,44,33962.75,Self_Employed,9,Bachelor,Single,2,Konya,Rent,666,17734.25,301799.49,48,Vehicle,2,No,Yes
LA-01349,62,50013.72,Freelancer,16,Master,Divorced,0,Antalya,Mortgage,664,11481.06,240150.50,60,Education,0,Yes,Yes
LA-01350,45,107956.41,Private_Sector,10,Bachelor,Married,4,Adana,Mortgage,678,44836.48,128653.42,36,Vehicle,2,No,No
LA-01351,57,87600.57,Public_Sector,17,Bachelor,Single,2,Izmir,Mortgage,669,45896.87,397822.28,24,Business,1,No,Yes
LA-01352,54,70449.76,Freelancer,13,Bachelor,Single,2,Bursa,Owner,697,34794.70,382174.76,12,Vehicle,0,No,No
LA-01353,44,27901.86,Private_Sector,3,High_School,Married,0,Ankara,Rent,634,3125.63,357269.97,60,Education,0,No,No
LA-01354,55,63798.74,Private_Sector,14,Bachelor,Married,2,Gaziantep,Rent,613,34464.49,147118.52,36,Vehicle,1,No,No
LA-01355,67,39539.41,Public_Sector,21,High_School,Married,2,Izmir,Mortgage,703,14717.26,151624.62,12,Business,2,No,No
LA-01356,45,85904.28,Private_Sector,6,Master,Divorced,2,Konya,Mortgage,797,48687.01,463802.84,120,Vehicle,0,No,Yes
LA-01357,65,73748.89,Public_Sector,17,High_School,Single,1,Antalya,Owner,800,7051.04,240925.22,48,Debt_Consolidation,0,No,Yes
LA-01358,57,127101.84,Public_Sector,14,Master,Single,,Izmir,Rent,729,11720.00,242755.89,12,Home,0,No,Yes
LA-01359,43,24181.63,Freelancer,7,Bachelor,Married,0,Adana,Family_Home,472,4659.88,271603.28,60,Vehicle,4,No,No
LA-01360,60,41641.68,Private_Sector,19,Bachelor,Widowed,1,Adana,Mortgage,612,9327.70,59559.12,12,Home,1,Yes,Yes
LA-01361,29,30789.56,Private_Sector,0,Master,Married,2,Bursa,Family_Home,584,6434.08,80235.28,48,Education,0,No,No
LA-01362,33,59480.94,Freelancer,0,Bachelor,Single,1,Bursa,Owner,620,14527.11,360576.61,120,Debt_Consolidation,2,No,No
LA-01363,29,44866.24,Private_Sector,,Bachelor,Married,0,Gaziantep,Owner,544,26979.23,144963.48,60,Education,2,No,No
LA-01364,26,39587.29,Private_Sector,1,Master,Married,0,Izmir,Mortgage,604,3219.90,124149.20,60,Home,0,No,No
LA-01365,61,32149.00,Public_Sector,15,High_School,Single,1,Adana,Rent,700,2244.16,162976.69,120,Debt_Consolidation,0,No,Yes
LA-01366,46,108872.39,Private_Sector,8,Master,Married,2,Antalya,Family_Home,812,6601.85,288435.34,120,Other,0,No,Yes
LA-01367,60,57067.90,Private_Sector,19,Master,Single,1,Istanbul,Mortgage,710,23891.50,332250.74,120,Business,0,No,No
LA-01368,25,42305.52,Freelancer,0,Master,Single,1,Gaziantep,Rent,662,15667.66,585348.11,36,Home,1,No,No
LA-01369,47,51614.34,Private_Sector,5,Bachelor,Married,4,Ankara,Owner,616,11564.79,219315.53,60,Other,0,No,No
LA-01370,35,71323.01,Private_Sector,2,Bachelor,Single,1,Adana,Rent,579,34151.52,61889.22,120,Home,1,No,No
LA-01371,66,41881.50,Private_Sector,15,Bachelor,Single,1,Gaziantep,Mortgage,635,22789.56,196975.75,12,Vehicle,0,No,No
LA-01372,59,58491.31,Freelancer,20,Associate,Married,2,Gaziantep,Rent,571,4150.55,144992.63,60,Education,1,No,Yes
LA-01373,34,77833.77,Private_Sector,11,Bachelor,Single,3,Ankara,Owner,666,6506.48,170705.85,48,Home,0,No,Yes
LA-01374,40,32052.51,Retired,10,Bachelor,Married,0,Konya,Rent,669,5535.54,242642.23,84,Other,0,Yes,Yes
LA-01375,59,80790.42,Private_Sector,21,Bachelor,Single,4,Ankara,Owner,766,18559.16,101929.24,36,Vehicle,0,No,No
LA-01376,47,43997.59,Private_Sector,8,High_School,Single,0,Gaziantep,Rent,802,25634.51,436188.83,60,Other,0,No,Yes
LA-01377,50,46024.94,Freelancer,6,Bachelor,Married,2,Izmir,Owner,609,2995.50,202762.87,60,Vehicle,0,No,Yes
LA-01378,57,42903.59,Self_Employed,20,Doctorate,Married,1,Gaziantep,Family_Home,740,17907.36,604977.92,24,Education,0,No,Yes
LA-01379,63,40558.95,Private_Sector,19,Master,Married,1,Adana,Owner,655,22817.81,492997.05,24,Education,0,No,No
LA-01380,56,58318.89,Private_Sector,9,High_School,Divorced,0,Ankara,Mortgage,762,3175.14,578519.34,120,Education,,No,Yes
LA-01381,61,26680.64,Private_Sector,17,Bachelor,Divorced,0,Ankara,Mortgage,636,3723.96,274142.49,60,Debt_Consolidation,0,No,No
LA-01382,51,81537.22,Retired,2,Bachelor,Married,0,Ankara,Rent,690,19562.35,549506.42,84,Home,0,No,Yes
LA-01383,61,67766.68,Public_Sector,19,High_School,Married,2,Izmir,Mortgage,602,41555.63,483188.72,36,Other,2,No,No
LA-01384,21,,Private_Sector,0,High_School,Single,1,Bursa,Mortgage,735,44489.18,163918.44,60,Home,0,No,Yes
LA-01385,66,37712.61,Public_Sector,19,Bachelor,Divorced,1,Bursa,Rent,538,2847.48,285190.92,60,Other,3,No,No
LA-01386,57,50889.13,Freelancer,11,Bachelor,Single,0,Konya,Rent,647,21627.81,371618.60,120,Home,0,No,Yes
LA-01387,49,32719.06,Public_Sector,4,Bachelor,Divorced,2,Gaziantep,Mortgage,676,8859.69,252003.07,36,Vehicle,1,No,Yes
LA-01388,61,62447.36,Private_Sector,17,High_School,Married,2,Bursa,Rent,510,18892.72,797213.61,84,Debt_Consolidation,2,No,No
LA-01389,37,139919.19,Private_Sector,5,High_School,Married,5,Adana,Rent,752,28251.50,313619.23,12,Other,0,No,Yes
LA-01390,42,114359.60,Private_Sector,3,Bachelor,Single,0,Antalya,Owner,799,30829.29,377201.71,36,Business,0,No,Yes
LA-01391,69,75288.29,Public_Sector,17,Master,Married,2,Antalya,Mortgage,737,,164262.44,24,Other,0,No,Yes
LA-01392,42,53100.80,Private_Sector,9,Bachelor,Married,4,Ankara,Mortgage,653,4466.08,235874.48,12,Home,0,No,No
LA-01393,34,47209.72,,2,High_School,Married,2,Gaziantep,Rent,682,11601.43,266962.34,60,Home,0,No,Yes
LA-01394,32,43157.58,Private_Sector,6,High_School,Married,5,Bursa,Mortgage,644,2198.80,169931.24,48,Vehicle,0,No,Yes
LA-01395,54,23824.03,Self_Employed,21,Bachelor,Married,3,Izmir,Mortgage,900,11392.22,476463.04,60,Other,0,No,Yes
LA-01396,58,53663.61,Private_Sector,10,Bachelor,Single,2,Bursa,Mortgage,574,15564.56,291421.63,36,Vehicle,0,No,No
LA-01397,27,82141.65,Private_Sector,0,Bachelor,Married,1,Antalya,Rent,793,46612.54,608824.44,84,Business,0,No,Yes
LA-01398,47,46895.42,Private_Sector,11,High_School,Divorced,0,Istanbul,Owner,596,27348.75,151339.60,48,Business,0,No,No
LA-01399,43,38582.28,Public_Sector,18,Master,Single,1,Gaziantep,Rent,744,19584.74,251052.10,12,Home,0,No,No
LA-01400,30,23493.46,Freelancer,5,Master,Married,4,Ankara,Owner,630,2442.20,284760.55,24,Debt_Consolidation,2,No,No
LA-01401,35,26646.37,Freelancer,15,Bachelor,Single,3,Istanbul,Owner,427,16083.61,759748.21,84,Debt_Consolidation,1,No,No
LA-01402,59,86367.56,Private_Sector,18,Associate,Single,4,Izmir,Rent,616,24868.65,893646.99,24,Debt_Consolidation,0,No,Yes
LA-01403,65,59563.23,Private_Sector,16,Doctorate,Married,2,Adana,Mortgage,692,18015.26,154349.77,36,Debt_Consolidation,1,Yes,Yes
LA-01404,33,60802.12,Freelancer,8,Bachelor,Single,2,Konya,Rent,659,25182.40,410212.65,48,Education,0,No,Yes
LA-01405,34,66706.08,Freelancer,3,High_School,Single,2,Ankara,Rent,635,18640.87,199860.54,12,Vehicle,0,No,No
LA-01406,46,58151.43,Private_Sector,8,Master,Married,0,Bursa,Rent,568,,414636.34,60,Debt_Consolidation,0,Yes,No
LA-01407,67,78626.48,Private_Sector,22,Bachelor,Widowed,3,Konya,Rent,660,36846.06,239172.97,84,Business,1,No,Yes
LA-01408,25,36044.15,Freelancer,7,Master,Married,1,Ankara,Mortgage,663,7482.98,948035.74,84,Business,1,No,No
LA-01409,33,124382.66,Retired,15,Associate,Single,0,Antalya,Mortgage,736,43212.42,142070.25,120,Debt_Consolidation,1,No,Yes
LA-01410,66,71361.29,Private_Sector,24,Master,Single,2,Adana,Rent,689,4561.80,123276.22,36,Education,0,No,Yes
LA-01411,35,22150.51,Public_Sector,6,High_School,Single,1,Konya,Mortgage,639,4432.43,266550.30,24,Education,1,No,Yes
LA-01412,55,56430.99,Freelancer,6,Master,Married,1,Bursa,Rent,700,20740.03,191551.25,12,Other,0,No,No
LA-01413,25,27932.17,Private_Sector,4,Bachelor,Single,0,Istanbul,Owner,563,11411.73,94219.44,24,Education,1,No,Yes
LA-01414,69,51551.16,Self_Employed,27,Master,Single,3,Adana,Family_Home,585,5556.80,420362.07,120,Vehicle,0,No,No
LA-01415,35,58738.93,Self_Employed,5,High_School,Divorced,0,Antalya,Rent,555,11922.00,75794.28,84,Vehicle,0,No,Yes
LA-01416,52,36656.70,Self_Employed,13,High_School,Married,2,Izmir,Mortgage,647,14766.55,285176.24,24,Other,0,No,Yes
LA-01417,45,44998.71,Retired,,Master,Married,0,Istanbul,Family_Home,520,23046.91,233959.04,60,Education,0,No,No
LA-01418,47,128686.31,Self_Employed,6,Doctorate,Married,2,Antalya,Mortgage,809,51984.92,162662.51,12,Vehicle,0,No,Yes
LA-01419,43,38374.41,Private_Sector,17,Master,Single,2,Bursa,Family_Home,644,11678.93,382403.52,84,Home,0,Yes,No
LA-01420,43,58565.72,Private_Sector,13,High_School,Widowed,1,Ankara,Mortgage,,18157.90,147881.28,48,Home,3,No,No
LA-01421,42,72752.15,Self_Employed,4,Doctorate,Single,1,Ankara,Rent,715,39873.51,193418.67,84,Business,3,No,No
LA-01422,59,46820.59,Freelancer,18,Bachelor,Single,2,Antalya,Family_Home,561,9600.95,954916.20,84,Home,0,No,No
LA-01423,54,25968.09,Private_Sector,15,Associate,Married,0,Bursa,Owner,,14556.29,203802.54,120,Education,0,Yes,Yes
LA-01424,33,108063.05,Public_Sector,0,Bachelor,Married,2,Konya,Rent,707,39070.08,121348.98,60,Business,0,No,No
LA-01425,25,109192.59,Public_Sector,1,Bachelor,Single,1,Adana,Family_Home,805,55301.92,264522.30,24,Other,0,No,Yes
LA-01426,38,46389.48,Private_Sector,11,Master,Single,0,Gaziantep,Owner,607,7427.38,627435.80,84,Debt_Consolidation,1,No,No
LA-01427,31,47343.53,Private_Sector,6,Bachelor,Single,2,Antalya,Mortgage,566,7365.84,66070.30,24,Education,0,No,No
LA-01428,66,34251.83,Self_Employed,16,High_School,Single,1,Konya,Family_Home,795,3314.49,245804.87,36,Business,3,No,Yes
LA-01429,43,91284.92,Public_Sector,9,Master,Single,3,Bursa,Owner,691,56104.13,776339.76,120,Debt_Consolidation,0,No,Yes
LA-01430,52,87020.95,Private_Sector,14,Master,Married,,Ankara,Mortgage,677,13303.73,338589.95,84,Vehicle,5,No,No
LA-01431,41,47659.16,Retired,9,Associate,Married,0,Konya,Rent,682,13439.30,116106.95,48,Other,0,No,Yes
LA-01432,60,79506.31,Private_Sector,17,Doctorate,Divorced,3,Bursa,Family_Home,645,7071.07,129588.51,60,Vehicle,1,No,Yes
LA-01433,38,62919.59,Public_Sector,14,Bachelor,Married,0,Istanbul,Rent,659,38341.13,206209.28,120,Debt_Consolidation,1,No,Yes
LA-01434,46,126938.61,Private_Sector,12,Bachelor,Single,0,Konya,Rent,607,50817.39,525475.58,120,Business,1,No,Yes
LA-01435,38,43239.88,Private_Sector,4,Associate,Married,0,Bursa,Rent,704,8443.78,360495.93,24,Education,6,No,Yes
LA-01436,46,,Self_Employed,16,Bachelor,Married,0,Adana,Rent,744,30068.53,76154.86,60,Home,0,Yes,Yes
LA-01437,34,85301.72,Private_Sector,4,Master,Single,2,Ankara,Family_Home,711,8042.75,488921.81,24,Education,0,No,Yes
LA-01438,60,80039.54,Freelancer,12,Bachelor,Married,2,Gaziantep,Family_Home,690,8957.89,160660.22,84,Home,,No,No
LA-01439,45,56968.77,Self_Employed,0,Bachelor,Single,1,Gaziantep,Mortgage,565,32371.89,207424.05,48,Home,2,No,No
LA-01440,22,82417.49,Public_Sector,0,High_School,Widowed,0,Istanbul,Rent,681,28270.31,112869.52,24,Debt_Consolidation,1,No,Yes
LA-01441,37,52595.48,Freelancer,5,Bachelor,Single,1,Gaziantep,Mortgage,564,20540.34,347384.12,84,Education,5,Yes,No
LA-01442,25,43927.19,Private_Sector,6,Master,Single,0,Ankara,Rent,809,4958.84,113282.27,120,Other,0,No,No
LA-01443,55,21666.45,Freelancer,14,Bachelor,Married,1,Ankara,Family_Home,625,8606.83,120412.60,24,Vehicle,0,No,No
LA-01444,49,32658.60,Private_Sector,10,Bachelor,Single,1,Bursa,Owner,586,13760.08,277081.77,24,Debt_Consolidation,0,No,No
LA-01445,37,39206.16,Retired,1,Bachelor,Married,2,Adana,Owner,688,21273.53,252355.30,120,Debt_Consolidation,2,No,No
LA-01446,54,51868.28,Self_Employed,14,High_School,Married,0,Adana,Rent,669,21355.13,376515.59,60,Vehicle,0,No,No
LA-01447,64,42498.91,Private_Sector,21,High_School,Divorced,1,Konya,Rent,620,25337.76,339983.61,120,Vehicle,5,No,No
LA-01448,67,43901.70,Freelancer,15,Master,Single,4,Konya,Mortgage,699,17251.96,625448.74,84,Education,0,No,No
LA-01449,39,71699.33,Public_Sector,2,Bachelor,Married,2,Antalya,Mortgage,662,,100101.76,12,Vehicle,0,No,No
LA-01450,34,78697.52,Private_Sector,13,Bachelor,Married,2,Konya,Rent,763,4455.94,283347.93,60,Home,3,No,Yes
LA-01451,54,79473.10,Public_Sector,18,Doctorate,Married,5,Konya,Mortgage,722,46197.89,173178.63,48,Business,2,No,Yes
LA-01452,61,45971.83,,12,High_School,Single,0,Bursa,Rent,559,19113.63,163184.96,24,Debt_Consolidation,0,No,Yes
LA-01453,43,95728.78,Self_Employed,13,Master,Single,1,Izmir,Family_Home,713,53251.48,776872.46,24,Other,0,No,Yes
LA-01454,43,86218.12,Self_Employed,13,Master,Married,2,Ankara,Family_Home,601,50315.09,235896.49,24,Debt_Consolidation,0,No,No
LA-01455,46,49142.29,Self_Employed,10,Master,Married,0,Izmir,Rent,670,12133.44,68121.36,84,Vehicle,2,No,Yes
LA-01456,58,35308.17,Public_Sector,17,Master,Single,1,Bursa,Mortgage,616,4015.76,431163.60,120,Other,0,No,Yes
LA-01457,35,28660.61,Private_Sector,5,Master,Single,1,Ankara,Family_Home,623,5656.68,166973.39,48,Home,0,Yes,Yes
LA-01458,46,34094.32,Freelancer,14,High_School,Married,0,Gaziantep,Mortgage,595,,118669.80,36,Other,2,No,No
LA-01459,41,41660.49,Private_Sector,11,Bachelor,Widowed,2,Antalya,Family_Home,692,21023.99,316263.87,120,Home,0,No,No
LA-01460,50,43963.99,Private_Sector,13,Master,Single,5,Antalya,Mortgage,660,16943.71,91207.60,24,Education,0,No,No
LA-01461,33,71591.78,Public_Sector,8,Master,Married,1,Ankara,Mortgage,628,34130.23,597841.80,60,Education,1,No,Yes
LA-01462,24,47752.20,Public_Sector,2,High_School,Married,3,Bursa,Family_Home,650,7239.81,304927.81,60,Education,0,No,No
LA-01463,42,85675.95,Private_Sector,7,High_School,Married,1,Izmir,Owner,715,46372.50,222186.93,36,Home,0,No,Yes
LA-01464,34,71751.13,Freelancer,9,High_School,Married,3,Konya,Mortgage,578,23970.66,294654.49,60,Debt_Consolidation,2,No,No
LA-01465,68,34208.95,Freelancer,23,Bachelor,Single,2,Izmir,Mortgage,507,20511.84,142810.26,84,Home,0,Yes,No
LA-01466,31,68792.61,Private_Sector,2,Bachelor,Married,2,Izmir,Family_Home,742,41857.80,491183.15,120,Business,0,No,Yes
LA-01467,43,27552.93,Public_Sector,15,High_School,Single,0,Konya,Rent,644,10062.44,149113.01,36,Home,0,No,Yes
LA-01468,41,116583.16,Private_Sector,13,High_School,Single,2,Istanbul,Owner,629,14051.32,388920.88,12,Debt_Consolidation,4,No,Yes
LA-01469,39,55225.71,Private_Sector,5,Associate,Married,1,Izmir,Family_Home,614,17511.30,322583.53,12,Vehicle,1,No,No
LA-01470,31,49898.36,Private_Sector,5,High_School,Married,0,Bursa,Mortgage,696,17146.42,43105.79,48,Home,0,Yes,Yes
LA-01471,66,36152.88,Freelancer,23,Bachelor,Single,0,Bursa,Rent,672,18664.59,253452.20,12,Other,0,No,No
LA-01472,26,58490.76,Private_Sector,0,Doctorate,Married,3,Ankara,Mortgage,689,28399.05,286728.22,48,Education,0,No,No
LA-01473,57,44056.53,Public_Sector,13,Associate,Widowed,2,Izmir,Mortgage,687,17501.21,312796.21,48,Home,1,No,Yes
LA-01474,56,62761.34,Freelancer,5,Master,Married,0,Bursa,Family_Home,702,20597.36,100565.17,24,Vehicle,0,Yes,Yes
LA-01475,32,44526.67,Private_Sector,7,Master,Married,0,Ankara,Rent,621,12232.50,398890.47,48,Education,0,No,No
LA-01476,50,95426.99,Private_Sector,20,Bachelor,Single,4,Konya,Rent,537,7288.52,145258.62,84,Home,0,Yes,No
LA-01477,34,50336.34,Public_Sector,7,Master,Single,3,Bursa,Rent,543,2941.36,273147.99,120,Education,0,No,No
LA-01478,65,61119.53,Private_Sector,22,Doctorate,Single,0,Konya,Owner,703,22825.78,165192.48,84,Home,0,Yes,No
LA-01479,38,35477.31,Self_Employed,7,Master,Married,2,Konya,Owner,596,15415.30,654227.23,84,Debt_Consolidation,0,Yes,No
LA-01480,23,43616.22,Self_Employed,1,Master,Married,1,Gaziantep,Mortgage,650,17046.55,127838.04,24,Business,2,No,No
LA-01481,41,33432.83,Freelancer,5,Master,Married,2,Gaziantep,Mortgage,525,12620.84,456696.88,12,Business,0,No,No
LA-01482,45,44327.54,Public_Sector,8,Bachelor,Married,1,Antalya,Rent,,25980.52,245269.64,24,Home,,No,No
LA-01483,60,53809.06,Private_Sector,22,Bachelor,Single,0,Adana,Owner,628,23446.76,673392.58,60,Other,0,No,No
LA-01484,51,52582.48,Public_Sector,16,Bachelor,Divorced,0,Konya,Rent,744,17653.08,342290.52,60,Vehicle,0,No,Yes
LA-01485,28,79071.51,Self_Employed,0,Bachelor,Single,3,Ankara,Mortgage,683,32227.64,64819.55,120,Vehicle,0,No,No
LA-01486,36,64440.12,Self_Employed,10,Master,Married,2,Konya,Owner,597,10824.57,484396.71,24,Debt_Consolidation,0,No,Yes
LA-01487,62,35375.28,Self_Employed,23,Master,Married,0,Izmir,Rent,765,5285.71,256753.47,84,Education,0,No,Yes
LA-01488,67,74905.06,Private_Sector,20,Bachelor,Single,1,Gaziantep,Mortgage,761,14349.27,349573.14,60,Other,0,No,Yes
LA-01489,21,36808.86,,0,Master,Married,4,Bursa,Mortgage,597,15106.56,166894.95,12,Vehicle,0,Yes,Yes
LA-01490,42,40917.11,Retired,18,Master,Single,2,Izmir,Rent,665,5744.26,191991.00,24,Home,1,No,No
LA-01491,43,52648.82,Public_Sector,7,Bachelor,Single,4,Ankara,Mortgage,615,18496.18,257372.05,60,Business,0,Yes,No
LA-01492,51,41963.88,Private_Sector,11,Bachelor,Single,1,Antalya,Family_Home,609,17237.03,89032.98,120,Vehicle,1,Yes,No
LA-01493,26,49069.06,Freelancer,,Associate,Married,2,Gaziantep,Owner,659,15521.26,299022.85,84,Business,0,No,No
LA-01494,26,75145.24,Self_Employed,1,Associate,Single,1,Ankara,Owner,604,20599.45,202585.15,48,Education,0,Yes,Yes
LA-01495,28,97341.66,Self_Employed,9,Bachelor,Married,2,Izmir,Rent,660,42046.65,1450293.73,60,Home,0,Yes,Yes
LA-01496,27,30300.84,Private_Sector,3,High_School,Married,1,Bursa,Mortgage,724,2231.24,131414.37,24,Debt_Consolidation,0,No,Yes
LA-01497,35,63612.66,Self_Employed,4,High_School,Married,0,Adana,Mortgage,735,33117.86,165288.07,120,Business,0,No,No
LA-01498,27,57493.30,Self_Employed,0,Bachelor,Married,1,Konya,Rent,507,18087.07,332516.40,84,Business,0,No,No
LA-01499,42,47743.52,Private_Sector,16,Master,Single,1,Istanbul,Family_Home,647,20219.59,638020.21,24,Education,2,No,No
LA-01500,50,19980.96,Private_Sector,14,Master,Single,0,Izmir,Family_Home,584,11436.24,461999.93,60,Home,0,No,No
LA-01501,65,106466.26,Self_Employed,19,Bachelor,Married,0,Izmir,Family_Home,665,80575.78,67466.40,120,Debt_Consolidation,1,No,No
LA-01502,42,30778.78,Private_Sector,7,High_School,Married,,Konya,Owner,592,12039.07,399985.30,48,Home,0,No,No
LA-01503,49,61800.83,Self_Employed,15,Master,Divorced,2,Ankara,Family_Home,648,9518.57,265547.52,36,Business,0,No,No
LA-01504,59,39644.63,Private_Sector,15,Master,Married,0,Izmir,Owner,636,4481.23,265011.13,84,Home,1,No,Yes
LA-01505,67,46802.24,Public_Sector,24,Bachelor,Married,1,Ankara,Family_Home,715,21487.05,283973.94,60,Vehicle,0,No,No
LA-01506,37,62948.81,Freelancer,5,Bachelor,Single,1,Istanbul,Rent,495,10640.57,375135.96,36,Vehicle,0,Yes,No
LA-01507,32,105069.03,Public_Sector,6,High_School,Married,2,Izmir,Rent,533,13790.87,371964.89,12,Other,2,No,Yes
LA-01508,63,,Retired,25,Bachelor,Married,0,Konya,Rent,671,6604.16,246961.83,48,Vehicle,0,No,No
LA-01509,29,42649.39,Freelancer,9,High_School,Single,2,Konya,Rent,689,2531.73,399184.28,24,Vehicle,2,No,No
LA-01510,64,71626.24,Private_Sector,31,Doctorate,Widowed,0,Izmir,Owner,721,10027.87,56740.27,60,Vehicle,0,No,Yes
LA-01511,25,24755.62,Private_Sector,5,Associate,Married,0,Istanbul,Rent,,9818.51,754198.13,60,Vehicle,0,No,Yes
LA-01512,67,72158.15,Freelancer,23,Bachelor,Single,0,Bursa,Rent,634,12535.11,137809.76,84,Home,,Yes,Yes
LA-01513,29,33622.69,Private_Sector,1,High_School,Single,0,Adana,Family_Home,629,18598.21,441937.54,12,Business,0,No,No
LA-01514,64,57989.25,Private_Sector,22,Associate,Divorced,0,Konya,Owner,621,10064.77,247840.90,120,Education,1,Yes,Yes
LA-01515,65,36532.49,Private_Sector,20,Bachelor,Married,2,Izmir,Owner,702,4053.81,435166.65,36,Education,0,No,Yes
LA-01516,57,39031.49,Private_Sector,11,High_School,Married,1,Antalya,Family_Home,644,18175.28,357583.01,60,Debt_Consolidation,4,No,No
LA-01517,32,32343.81,Private_Sector,3,Bachelor,Single,0,Bursa,Mortgage,707,11130.50,776815.39,60,Business,1,No,Yes
LA-01518,57,28917.09,Private_Sector,17,Bachelor,Married,0,Istanbul,Rent,611,4246.20,79582.70,48,Other,1,No,No
LA-01519,59,100934.41,Self_Employed,18,Master,Single,0,Konya,Rent,578,56159.49,268245.34,120,Other,0,No,No
LA-01520,66,50136.64,Private_Sector,18,Bachelor,Divorced,1,Izmir,Mortgage,715,16302.96,190153.67,48,Business,3,No,Yes
LA-01521,54,,Public_Sector,3,High_School,Married,2,Izmir,Family_Home,586,13463.14,170875.51,24,Debt_Consolidation,0,No,Yes
LA-01522,54,52157.47,Private_Sector,15,Master,Single,1,Gaziantep,Owner,726,7957.34,362868.70,48,Vehicle,0,No,No
LA-01523,55,36029.31,Retired,14,Bachelor,Married,4,Istanbul,Mortgage,694,9637.78,622773.89,24,Home,0,No,Yes
LA-01524,69,92874.78,Public_Sector,24,Associate,Married,1,Izmir,Mortgage,737,11597.12,121480.99,60,Other,0,No,Yes
LA-01525,50,47130.52,Private_Sector,19,Bachelor,Married,4,Ankara,Rent,623,23865.65,102181.90,60,Vehicle,0,No,No
LA-01526,21,54623.61,Private_Sector,3,Bachelor,Widowed,1,Antalya,Rent,747,15141.86,205147.33,48,Vehicle,0,No,Yes
LA-01527,44,72419.78,Private_Sector,8,Bachelor,Married,1,Adana,Owner,587,5424.57,126363.84,12,Debt_Consolidation,1,No,No
LA-01528,23,37426.90,Private_Sector,0,Associate,Married,1,Izmir,Rent,565,18116.48,57594.62,36,Business,1,No,No
LA-01529,36,68806.49,Freelancer,6,Bachelor,Divorced,1,Istanbul,Mortgage,627,8553.99,106814.51,60,Debt_Consolidation,1,No,Yes
LA-01530,63,68116.64,Public_Sector,13,High_School,Married,0,Istanbul,Rent,609,22085.48,286607.68,60,Debt_Consolidation,0,Yes,No
LA-01531,37,36824.21,Freelancer,,High_School,Single,2,Ankara,Mortgage,561,15105.97,323097.36,48,Business,1,No,No
LA-01532,40,58674.23,Public_Sector,16,Associate,Single,5,Ankara,Rent,752,22008.34,61135.45,120,Debt_Consolidation,1,No,No
LA-01533,21,53892.06,Private_Sector,3,Associate,Single,0,Konya,Mortgage,660,5870.21,171294.83,36,Education,1,Yes,Yes
LA-01534,43,61748.77,Freelancer,10,Master,Married,5,Gaziantep,Mortgage,666,17131.95,251406.44,48,Business,0,No,No
LA-01535,54,66203.96,Public_Sector,14,Bachelor,Single,2,Adana,Owner,562,12014.43,1348824.61,84,Other,0,No,No
LA-01536,32,99563.21,Self_Employed,0,High_School,Married,0,Bursa,Owner,737,21272.48,522348.76,12,Education,1,Yes,Yes
LA-01537,58,102582.11,Public_Sector,13,High_School,Single,0,Ankara,Mortgage,773,256771.56,168397.40,48,Business,0,Yes,No
LA-01538,42,43425.64,Freelancer,15,Associate,Single,2,Izmir,Mortgage,649,7504.52,457187.17,48,Education,1,No,Yes
LA-01539,40,59165.46,Private_Sector,13,Bachelor,Single,,Istanbul,Owner,787,30729.49,330479.61,12,Business,0,No,Yes
LA-01540,21,,Freelancer,,Master,Married,3,Adana,Family_Home,634,17894.08,122848.09,60,Education,1,No,No
LA-01541,37,63980.73,Self_Employed,7,Bachelor,Widowed,0,Konya,Family_Home,521,12229.76,109744.64,48,Business,3,No,No
LA-01542,67,59502.97,Freelancer,18,Master,Single,1,Adana,Owner,704,33607.32,175039.26,48,Debt_Consolidation,4,No,Yes
LA-01543,63,54315.53,Self_Employed,15,Master,Married,2,Istanbul,Owner,632,3855.38,161525.16,24,Debt_Consolidation,0,No,Yes
LA-01544,29,16805.62,Private_Sector,8,High_School,Married,1,Konya,Owner,644,3943.61,320841.06,120,Other,0,Yes,No
LA-01545,60,32229.47,Public_Sector,20,High_School,Married,2,Istanbul,Owner,587,,150469.22,36,Debt_Consolidation,0,No,No
LA-01546,52,22754.55,Private_Sector,15,Associate,Married,5,Istanbul,Rent,467,13870.32,450964.68,60,Business,3,No,No
LA-01547,56,33125.66,Retired,14,Master,Married,0,Bursa,Rent,675,10928.43,864172.89,36,Vehicle,0,No,Yes
LA-01548,60,41823.47,Public_Sector,14,Master,Widowed,3,Konya,Rent,682,9965.02,332845.56,48,Education,0,Yes,No
LA-01549,26,41051.59,Private_Sector,2,High_School,Single,0,Izmir,Owner,720,2165.88,146731.71,120,Other,,No,Yes
LA-01550,23,61012.49,Private_Sector,0,Bachelor,Single,0,Antalya,Rent,797,20303.53,302276.66,48,Home,1,No,Yes
LA-01551,51,23013.71,Private_Sector,13,Master,Married,2,Konya,Mortgage,633,1675.53,115733.30,24,Business,,No,No
LA-01552,24,58924.82,Private_Sector,3,High_School,Single,1,Gaziantep,Owner,735,14988.20,74963.92,60,Business,0,No,No
LA-01553,66,87126.04,Self_Employed,18,Doctorate,Married,2,Konya,Rent,597,13888.60,547890.78,24,Other,1,No,No
LA-01554,42,43835.96,Private_Sector,13,High_School,Single,0,Izmir,Rent,708,6057.04,523910.34,48,Education,0,No,No
LA-01555,65,21427.17,Self_Employed,20,Bachelor,Single,5,Adana,Rent,600,9902.38,232076.89,84,Other,0,No,No
LA-01556,29,51287.06,Retired,9,Bachelor,Married,1,Bursa,Rent,621,17802.70,69857.28,48,Education,0,No,No
LA-01557,29,80272.85,Self_Employed,,High_School,Married,1,Bursa,Mortgage,702,25528.36,69825.35,36,Education,0,No,Yes
LA-01558,40,68200.49,Private_Sector,3,Bachelor,Single,3,Adana,Family_Home,705,31913.39,256657.49,24,Vehicle,0,No,Yes
LA-01559,52,48811.17,Private_Sector,10,Bachelor,Single,1,Gaziantep,Owner,611,19275.55,147612.18,84,Business,0,No,Yes
LA-01560,51,29645.59,Public_Sector,13,Bachelor,Single,0,Gaziantep,Rent,558,2750.62,337513.52,24,Business,2,No,No
LA-01561,27,55937.57,Self_Employed,0,Master,Married,3,Ankara,Family_Home,702,27055.95,228318.53,12,Other,2,No,Yes
LA-01562,54,21087.44,Public_Sector,12,Associate,Divorced,2,Antalya,Mortgage,737,1934.18,137704.17,24,Vehicle,0,No,Yes
LA-01563,38,80076.07,Private_Sector,6,High_School,Married,0,Izmir,Family_Home,608,28798.96,392662.09,36,Other,0,No,No
LA-01564,35,105507.25,Freelancer,8,Bachelor,Married,2,Konya,Mortgage,,40694.32,256626.11,24,Home,0,No,Yes
LA-01565,29,59884.41,Freelancer,1,Associate,Single,0,Izmir,Owner,526,12847.79,189609.80,60,Vehicle,0,No,No
LA-01566,62,45250.98,Private_Sector,19,Bachelor,Married,3,Ankara,Owner,587,27661.31,130793.46,12,Education,0,No,Yes
LA-01567,51,59224.76,Freelancer,16,Doctorate,Divorced,2,Antalya,Mortgage,745,36340.37,163342.26,24,Other,0,No,No
LA-01568,31,44651.78,Retired,11,High_School,Married,2,Antalya,Rent,642,6235.83,192081.48,24,Education,0,No,No
LA-01569,67,45506.94,Private_Sector,30,High_School,Married,2,Gaziantep,Owner,514,24081.48,353971.66,36,Education,8,No,No
LA-01570,36,32612.82,Private_Sector,9,Associate,Married,1,Gaziantep,Rent,575,8457.74,150145.21,120,Education,0,No,No
LA-01571,36,55712.65,Private_Sector,0,Bachelor,Married,1,Izmir,Mortgage,687,10940.18,247012.84,24,Education,0,No,Yes
LA-01572,69,60474.32,Private_Sector,21,Bachelor,Single,0,Izmir,Owner,632,19622.68,380680.20,24,Other,2,No,Yes
LA-01573,59,78167.98,Public_Sector,16,Associate,Married,4,Bursa,Owner,717,45267.78,239476.80,12,Home,0,No,Yes
LA-01574,32,46553.45,Private_Sector,0,Bachelor,Married,3,Antalya,Rent,719,16550.11,229843.00,24,Home,0,No,Yes
LA-01575,29,47652.52,Public_Sector,11,Master,Married,2,Antalya,Family_Home,652,4137.23,268200.40,12,Business,2,Yes,No
LA-01576,36,28184.65,Private_Sector,12,High_School,Single,3,Izmir,Mortgage,655,6475.57,159847.37,60,Home,0,No,No
LA-01577,54,49189.30,Self_Employed,12,Bachelor,Single,1,Adana,Rent,667,14957.64,339937.91,120,Vehicle,0,No,No
LA-01578,52,44482.50,Public_Sector,15,Bachelor,Divorced,1,Ankara,Rent,612,27026.78,333665.85,84,Vehicle,1,No,Yes
LA-01579,23,57305.75,Private_Sector,0,High_School,Single,0,Ankara,Rent,619,32898.50,78547.66,24,Education,0,No,Yes
LA-01580,41,71760.97,Retired,13,Associate,Married,2,Bursa,Mortgage,,38117.31,97188.60,60,Other,0,Yes,Yes
LA-01581,37,44485.13,Freelancer,6,Bachelor,Married,3,Izmir,Owner,719,14413.25,593740.11,48,Business,0,No,No
LA-01582,33,44831.54,Public_Sector,4,Bachelor,Married,2,Gaziantep,Rent,487,20832.06,318292.43,120,Business,0,Yes,No
LA-01583,56,29391.04,Freelancer,17,High_School,Single,2,Ankara,Owner,697,,219764.53,60,Business,0,No,Yes
LA-01584,59,38389.90,Self_Employed,24,Bachelor,Married,2,Adana,Owner,687,19207.03,363896.58,24,Education,0,No,No
LA-01585,32,53053.92,Public_Sector,4,High_School,Married,2,Bursa,Mortgage,616,9603.98,294671.64,36,Vehicle,0,No,Yes
LA-01586,47,50013.31,Private_Sector,8,Associate,Married,4,Ankara,Mortgage,596,7716.50,264133.58,84,Home,0,No,No
LA-01587,48,103293.79,Private_Sector,16,Associate,Married,3,Izmir,Mortgage,718,32097.67,360493.55,36,Home,0,Yes,Yes
LA-01588,27,54568.55,,3,High_School,Married,4,Ankara,Rent,656,11170.58,346404.28,48,Other,0,No,Yes
LA-01589,62,44659.76,Private_Sector,19,High_School,Single,4,Ankara,Rent,541,6220.50,390063.37,60,Vehicle,0,Yes,No
LA-01590,66,49177.98,Freelancer,16,Bachelor,Married,3,Konya,Mortgage,739,15436.29,906699.23,12,Vehicle,0,No,Yes
LA-01591,31,96126.07,Public_Sector,7,Master,Single,2,Bursa,Owner,672,,222650.52,12,Vehicle,0,No,Yes
LA-01592,23,49357.62,Public_Sector,0,High_School,Divorced,3,Gaziantep,Family_Home,795,7426.13,122744.40,36,Home,0,No,No
LA-01593,53,91489.33,Self_Employed,13,Master,Single,1,Konya,Mortgage,782,52774.49,151669.44,84,Vehicle,0,No,Yes
LA-01594,22,68142.16,Freelancer,0,Bachelor,Single,0,Bursa,Rent,578,17914.59,354140.34,24,Other,0,Yes,No
LA-01595,27,72947.13,Public_Sector,3,Bachelor,Single,0,Ankara,Mortgage,698,18025.54,47477.68,12,Education,6,No,No
LA-01596,27,41844.04,Public_Sector,3,Master,Married,1,Adana,Mortgage,586,19992.53,298436.12,60,Vehicle,0,Yes,No
LA-01597,38,25384.73,Private_Sector,1,Master,Single,2,Adana,Rent,547,5462.55,787128.34,36,Debt_Consolidation,1,No,No
LA-01598,29,45569.42,Public_Sector,0,Master,Married,0,Istanbul,Family_Home,728,20258.84,188304.48,48,Business,0,No,No
LA-01599,55,22310.44,Private_Sector,13,High_School,Married,1,Ankara,Owner,684,3130.94,243161.81,12,Education,0,No,Yes
LA-01600,61,49803.70,Private_Sector,20,High_School,Single,1,Konya,Rent,783,6524.45,286299.74,12,Other,0,No,Yes
LA-01601,28,91659.52,Private_Sector,0,Bachelor,Married,0,Konya,Rent,580,21228.89,1398240.03,36,Vehicle,4,No,No
LA-01602,66,18263.85,Public_Sector,23,Bachelor,Married,0,Adana,Family_Home,671,3648.88,398557.06,60,Business,2,Yes,Yes
LA-01603,55,32249.86,Self_Employed,13,High_School,Single,2,Ankara,Mortgage,617,14065.07,117650.40,120,Debt_Consolidation,0,No,Yes
LA-01604,36,33079.70,Self_Employed,10,Bachelor,Married,1,Ankara,Rent,633,5356.66,280549.24,12,Debt_Consolidation,0,No,No
LA-01605,38,44236.59,Public_Sector,18,Associate,Single,0,Konya,Family_Home,649,22563.77,408658.47,24,Home,0,Yes,No
LA-01606,34,21009.48,Public_Sector,6,High_School,Single,3,Konya,Rent,612,12618.51,116099.26,60,Debt_Consolidation,0,No,Yes
LA-01607,36,97089.64,Private_Sector,3,Bachelor,Single,5,Bursa,Rent,738,40248.45,235768.44,120,Other,0,No,Yes
LA-01608,50,50107.09,Private_Sector,10,High_School,Married,1,Adana,Family_Home,651,12552.50,117047.04,60,Debt_Consolidation,3,Yes,Yes
LA-01609,25,63923.15,Self_Employed,4,Bachelor,Divorced,0,Istanbul,Rent,,6718.81,357356.48,84,Other,0,No,No
LA-01610,29,38794.70,Private_Sector,3,Bachelor,Married,0,Bursa,Rent,634,23955.30,146729.82,60,Home,0,No,No
LA-01611,28,78463.09,Public_Sector,3,Associate,Married,1,Bursa,Mortgage,656,30998.67,149426.08,12,Debt_Consolidation,1,No,No
LA-01612,38,89912.68,Self_Employed,5,Bachelor,Single,0,Adana,Mortgage,763,30604.67,334881.23,120,Education,0,Yes,Yes
LA-01613,23,124547.02,Private_Sector,5,Bachelor,Divorced,2,Istanbul,Rent,725,17375.11,734694.48,48,Other,0,No,Yes
LA-01614,44,89407.98,Self_Employed,8,Associate,Married,4,Ankara,Family_Home,527,36707.96,707408.73,84,Home,2,Yes,No
LA-01615,33,39714.43,Self_Employed,2,High_School,Married,3,Ankara,Rent,832,20305.99,529127.39,12,Business,0,No,Yes
LA-01616,67,63410.96,Private_Sector,26,Master,Widowed,0,Ankara,Mortgage,753,15351.12,675024.18,84,Other,0,No,Yes
LA-01617,27,90322.23,Self_Employed,5,Master,Single,0,Ankara,Mortgage,560,25184.66,151798.23,12,Education,0,No,Yes
LA-01618,26,37017.52,Private_Sector,2,Master,Married,0,Ankara,Rent,615,18497.43,65218.83,48,Education,0,No,No
LA-01619,23,26164.16,Freelancer,0,Bachelor,Single,1,Istanbul,Mortgage,630,9562.69,274188.76,120,Other,1,No,No
LA-01620,65,50609.88,Freelancer,25,Bachelor,Single,1,Ankara,Mortgage,769,20551.78,246345.41,36,Debt_Consolidation,0,No,Yes
LA-01621,49,52953.79,Private_Sector,14,Master,Single,3,Adana,Mortgage,645,,526990.32,84,Debt_Consolidation,0,No,No
LA-01622,45,77891.07,Private_Sector,8,Associate,Widowed,1,Izmir,Family_Home,750,27963.39,631056.85,120,Vehicle,0,No,Yes
LA-01623,43,46996.58,Private_Sector,9,Master,Married,0,Ankara,Owner,719,25417.14,152444.93,120,Debt_Consolidation,1,No,Yes
LA-01624,52,,Retired,12,Bachelor,Divorced,2,Konya,Rent,661,32584.72,162020.76,24,Home,0,No,Yes
LA-01625,46,33321.78,Private_Sector,19,Associate,Married,1,Konya,Mortgage,763,8926.50,556179.81,84,Vehicle,1,No,Yes
LA-01626,64,59674.45,Self_Employed,22,Bachelor,Married,0,Izmir,Owner,709,31560.24,241635.60,84,Vehicle,,Yes,No
LA-01627,45,55243.65,Private_Sector,19,Bachelor,Married,2,Antalya,Rent,753,19994.95,424494.15,60,Education,2,No,No
LA-01628,51,48142.64,Self_Employed,13,Bachelor,Divorced,1,Antalya,Mortgage,728,15914.77,316670.41,48,Debt_Consolidation,,No,Yes
LA-01629,32,58405.66,Freelancer,6,Bachelor,Single,0,Istanbul,Family_Home,643,,516587.01,60,Vehicle,0,Yes,No
LA-01630,52,114513.87,Private_Sector,16,Bachelor,Married,2,Izmir,Rent,638,63928.69,118309.35,12,Debt_Consolidation,0,No,Yes
LA-01631,66,52337.67,Self_Employed,,High_School,Single,2,Istanbul,Rent,645,18608.94,550114.21,48,Vehicle,2,No,Yes
LA-01632,60,32602.73,Private_Sector,13,Master,Single,4,Adana,Family_Home,600,10280.91,200309.18,84,Home,2,No,Yes
LA-01633,48,39320.09,Public_Sector,12,Bachelor,Divorced,3,Konya,Rent,852,12647.43,172484.42,120,Vehicle,0,Yes,Yes
LA-01634,36,40234.08,Private_Sector,1,Bachelor,Divorced,0,Izmir,Rent,689,10789.41,175767.59,84,Other,1,No,Yes
LA-01635,37,47738.01,Public_Sector,11,High_School,Married,2,Konya,Owner,630,4959.17,245765.42,36,Other,0,Yes,Yes
LA-01636,58,54959.59,Self_Employed,22,Doctorate,Married,3,Konya,Family_Home,729,11596.51,562371.38,12,Vehicle,4,No,No
LA-01637,56,98146.84,Private_Sector,13,Bachelor,Single,0,Istanbul,Owner,762,20280.57,951834.29,24,Debt_Consolidation,0,No,Yes
LA-01638,34,38303.31,Private_Sector,0,Master,Married,0,Istanbul,Mortgage,721,6010.11,223185.43,48,Home,0,Yes,Yes
LA-01639,29,52412.30,Self_Employed,3,Master,Married,2,Konya,Owner,620,25053.29,109139.21,36,Education,0,No,Yes
LA-01640,51,54004.64,Private_Sector,19,Associate,Divorced,4,Gaziantep,Rent,708,24154.89,365394.83,60,Home,0,No,No
LA-01641,22,66893.45,Public_Sector,0,Master,Married,3,Gaziantep,Owner,653,7253.39,384162.61,36,Business,0,No,Yes
LA-01642,59,52045.96,Private_Sector,17,Bachelor,Single,0,Istanbul,Rent,531,17295.25,278279.73,12,Business,0,No,No
LA-01643,47,46492.25,Private_Sector,11,Master,Single,2,Adana,Family_Home,753,26707.66,203770.09,120,Education,0,No,No
LA-01644,49,71377.97,Public_Sector,8,Bachelor,Married,0,Istanbul,Owner,684,16550.49,203193.09,60,Business,0,No,Yes
LA-01645,67,49358.81,Self_Employed,19,Associate,Married,2,Antalya,Mortgage,753,5697.74,458258.04,12,Business,1,No,No
LA-01646,65,52303.71,Private_Sector,,Bachelor,Single,0,Gaziantep,Mortgage,665,15266.06,237082.39,48,Other,0,No,Yes
LA-01647,66,37349.26,Public_Sector,23,Bachelor,Married,4,Ankara,Rent,714,15530.35,537381.27,24,Home,0,No,No
LA-01648,37,106774.58,Retired,5,Associate,Divorced,1,Gaziantep,Mortgage,839,,283966.70,36,Vehicle,0,Yes,Yes
LA-01649,44,29401.96,Public_Sector,21,Associate,Married,2,Antalya,Rent,716,4229.92,274463.77,36,Home,0,Yes,Yes
LA-01650,57,147981.83,Public_Sector,19,High_School,Divorced,2,Konya,Owner,794,73109.18,359231.40,12,Home,0,No,Yes
LA-01651,34,103044.40,Public_Sector,5,Associate,Married,1,Adana,Rent,560,55428.74,55643.96,60,Other,0,No,Yes
LA-01652,63,75163.41,Freelancer,12,High_School,Married,2,Konya,Family_Home,,4118.68,522925.85,48,Debt_Consolidation,0,No,Yes
LA-01653,24,48643.96,Self_Employed,1,High_School,Single,2,Antalya,Mortgage,630,20711.23,576787.85,60,Education,0,No,No
LA-01654,68,35333.08,Self_Employed,25,High_School,Single,2,Bursa,Mortgage,625,11296.36,107129.29,120,Home,,No,No
LA-01655,28,37284.43,Self_Employed,1,Bachelor,Married,1,Antalya,Owner,654,109214.89,164064.11,120,Debt_Consolidation,0,No,No
LA-01656,25,55574.69,Self_Employed,5,High_School,Single,0,Istanbul,Family_Home,610,13555.82,521062.13,48,Home,0,No,No
LA-01657,68,202883.09,Private_Sector,26,High_School,Married,1,Antalya,Family_Home,900,89094.34,225141.11,48,Education,6,No,Yes
LA-01658,41,71688.17,Public_Sector,12,Bachelor,Widowed,2,Gaziantep,Mortgage,476,3936.25,177457.17,120,Business,1,Yes,No
LA-01659,54,47587.74,Public_Sector,12,Doctorate,Single,2,Gaziantep,Mortgage,604,14584.10,733701.70,84,Debt_Consolidation,2,Yes,Yes
LA-01660,40,50913.79,Retired,10,Master,Single,3,Bursa,Mortgage,615,24392.19,640358.79,12,Debt_Consolidation,0,No,No
LA-01661,51,49708.75,Private_Sector,13,Bachelor,Single,0,Istanbul,Mortgage,577,25027.89,280609.10,36,Business,0,Yes,No
LA-01662,46,50647.56,Public_Sector,11,High_School,Married,0,Antalya,Rent,699,7526.70,2903191.27,24,Other,,No,No
LA-01663,61,65821.54,Public_Sector,22,Bachelor,Married,1,Istanbul,Rent,452,20983.79,277407.86,120,Education,1,Yes,No
LA-01664,44,31801.29,Self_Employed,14,Bachelor,Single,2,Izmir,Family_Home,428,6525.76,378504.27,84,Other,1,No,No
LA-01665,51,40808.83,Private_Sector,16,Master,Single,2,Konya,Rent,704,8437.06,70995.12,36,Home,1,Yes,Yes
LA-01666,62,42178.19,Public_Sector,19,Associate,Single,3,Gaziantep,Rent,523,23748.53,482719.77,60,Business,0,Yes,No
LA-01667,37,34908.66,Private_Sector,8,Master,Single,5,Adana,Rent,722,,410037.43,48,Business,5,No,No
LA-01668,54,47379.77,Freelancer,17,Master,Married,0,Ankara,Mortgage,750,24966.21,151081.47,12,Vehicle,,No,No
LA-01669,21,,Private_Sector,1,High_School,Single,1,Gaziantep,Mortgage,664,21272.46,473222.13,36,Debt_Consolidation,1,No,Yes
LA-01670,66,41206.22,Self_Employed,28,Bachelor,Single,4,Bursa,Rent,514,2146.03,161666.96,24,Education,4,Yes,No
LA-01671,59,52352.14,Private_Sector,14,Doctorate,Divorced,1,Konya,Rent,625,25071.55,119368.50,36,Business,2,No,No
LA-01672,44,50744.74,Private_Sector,12,Associate,Married,2,Antalya,Mortgage,688,23113.53,212133.88,48,Business,1,No,Yes
LA-01673,37,39746.16,Private_Sector,8,Bachelor,Married,4,Antalya,Mortgage,683,11190.25,209410.70,24,Other,2,Yes,No
LA-01674,53,40169.15,Private_Sector,12,Master,Single,3,Ankara,Mortgage,659,8493.43,447260.21,120,Business,1,No,Yes
LA-01675,59,64139.28,Private_Sector,12,High_School,Single,1,Istanbul,Owner,605,,46637.25,120,Vehicle,0,No,Yes
LA-01676,22,29612.91,Freelancer,0,High_School,Married,5,Bursa,Mortgage,723,9812.86,291040.10,84,Vehicle,0,No,No
LA-01677,53,70631.11,Self_Employed,14,High_School,Single,2,Izmir,Family_Home,664,21667.78,179196.89,24,Vehicle,,No,No
LA-01678,32,42240.42,Private_Sector,2,Bachelor,Single,4,Ankara,Owner,711,19893.67,534045.57,84,Home,0,No,No
LA-01679,45,53191.50,Self_Employed,8,Associate,Married,1,Izmir,Rent,632,,499042.10,36,Education,0,No,No
LA-01680,40,66226.79,Private_Sector,1,Master,Single,0,Istanbul,Mortgage,766,3921.33,194111.82,120,Debt_Consolidation,0,No,Yes
LA-01681,40,55306.49,Private_Sector,8,High_School,Married,0,Izmir,Rent,620,13485.00,253836.95,48,Vehicle,0,No,No
LA-01682,29,34183.40,Self_Employed,9,High_School,Married,2,Izmir,Rent,610,7592.48,122891.71,84,Debt_Consolidation,1,No,Yes
LA-01683,45,51480.22,Private_Sector,10,High_School,Single,2,Gaziantep,Owner,799,9696.66,381660.68,120,Home,5,No,No
LA-01684,61,54569.07,Public_Sector,17,Bachelor,Single,,Antalya,Rent,696,33573.47,370483.50,84,Vehicle,0,No,Yes
LA-01685,68,68282.15,Private_Sector,21,Master,Single,1,Izmir,Owner,618,7874.80,313955.08,48,Home,4,No,No
LA-01686,64,54896.50,Private_Sector,21,Associate,Single,3,Bursa,Rent,512,6358.85,189962.46,12,Debt_Consolidation,3,No,No
LA-01687,26,51239.53,Private_Sector,0,Bachelor,Divorced,3,Antalya,Rent,630,18112.54,341059.87,120,Debt_Consolidation,4,No,No
LA-01688,25,50111.45,Self_Employed,3,Bachelor,Married,1,Bursa,Mortgage,544,4782.39,229912.37,60,Education,0,Yes,Yes
LA-01689,38,140920.35,Self_Employed,0,Associate,Widowed,3,Istanbul,Family_Home,789,21711.97,240016.41,48,Education,0,Yes,Yes
LA-01690,59,50427.30,Private_Sector,22,High_School,Married,2,Izmir,Family_Home,690,9906.80,240735.11,60,Education,2,No,No
LA-01691,43,29859.36,Private_Sector,1,Bachelor,Single,0,Ankara,Rent,616,10728.05,471292.86,48,Home,2,No,No
LA-01692,38,25169.89,Private_Sector,4,Bachelor,Single,,Konya,Mortgage,603,14528.42,90000.29,36,Home,2,No,No
LA-01693,32,33489.28,Freelancer,4,Associate,Married,1,Adana,Owner,729,18618.71,87584.11,120,Education,0,No,No
LA-01694,42,319059.78,Self_Employed,15,Bachelor,Single,0,Konya,Mortgage,900,59577.79,244583.61,36,Other,3,Yes,Yes
LA-01695,66,58075.38,Private_Sector,24,High_School,Single,4,Konya,Mortgage,570,30287.56,147128.95,36,Home,1,Yes,Yes
LA-01696,28,57554.80,Public_Sector,7,Master,Single,3,Bursa,Rent,655,11561.47,196398.30,12,Business,0,No,Yes
LA-01697,69,80613.66,Self_Employed,22,High_School,Single,1,Gaziantep,Owner,755,34194.63,226890.99,12,Vehicle,0,No,Yes
LA-01698,31,47006.29,Private_Sector,4,Master,Single,2,Istanbul,Rent,810,15293.33,167912.36,60,Other,0,No,Yes
LA-01699,21,28111.72,Private_Sector,0,Master,Married,2,Antalya,Family_Home,593,15025.03,201208.19,12,Vehicle,0,No,No
LA-01700,59,29299.39,Public_Sector,18,Master,Single,0,Ankara,Rent,843,2837.16,1882433.19,48,Other,0,No,Yes
LA-01701,36,40181.73,Public_Sector,8,Associate,Married,2,Bursa,Mortgage,631,4295.58,204240.48,36,Vehicle,1,No,No
LA-01702,45,,Self_Employed,11,Bachelor,Married,2,Antalya,Owner,784,2319.48,340225.66,48,Debt_Consolidation,1,Yes,Yes
LA-01703,67,53215.67,Private_Sector,21,Bachelor,Single,2,Ankara,Mortgage,680,18586.14,55330.29,60,Vehicle,2,No,Yes
LA-01704,55,33169.98,Private_Sector,24,Master,Single,0,Istanbul,Owner,615,3621.06,644750.89,48,Vehicle,8,No,No
LA-01705,48,40843.05,Private_Sector,10,Associate,Married,1,Izmir,Mortgage,640,9468.21,110578.33,12,Vehicle,0,No,Yes
LA-01706,29,46587.23,Private_Sector,2,Associate,Single,0,Bursa,Family_Home,664,13011.33,131538.07,12,Debt_Consolidation,1,No,No
LA-01707,38,55486.02,Private_Sector,7,Bachelor,Single,0,Ankara,Mortgage,670,31525.70,341862.51,36,Other,1,No,No
LA-01708,45,61793.26,Private_Sector,8,Associate,Married,1,Ankara,Rent,772,31597.43,168302.99,48,Vehicle,0,Yes,Yes
LA-01709,29,32982.42,Public_Sector,6,High_School,Married,1,Bursa,Mortgage,,5360.52,615263.95,24,Home,0,Yes,No
LA-01710,69,124046.90,Self_Employed,22,Master,Married,2,Izmir,Owner,713,60263.73,295024.15,36,Education,2,No,Yes
LA-01711,68,72234.42,Private_Sector,22,Associate,Married,0,Bursa,Owner,817,19556.26,123743.10,36,Business,0,No,Yes
LA-01712,41,72731.09,Self_Employed,0,Bachelor,Married,2,Antalya,Mortgage,752,20177.10,698596.72,60,Other,0,No,Yes
LA-01713,28,82980.92,Freelancer,0,High_School,Single,2,Adana,Rent,604,21347.03,286338.69,120,Other,1,No,No
LA-01714,21,16500.00,Public_Sector,3,High_School,Married,2,Gaziantep,Owner,491,5027.83,195691.05,36,Home,0,No,No
LA-01715,27,,Freelancer,7,Master,Married,1,Istanbul,Rent,586,34688.55,259401.10,48,Education,0,No,No
LA-01716,42,43919.39,Private_Sector,10,Master,Widowed,1,Bursa,Mortgage,586,19857.03,228419.85,36,Other,0,No,No
LA-01717,50,40091.82,Self_Employed,14,High_School,Married,0,Adana,Rent,589,3397.54,80912.42,60,Education,0,No,No
LA-01718,42,43736.36,Public_Sector,10,Bachelor,Single,0,Gaziantep,Rent,673,13253.18,907604.99,24,Vehicle,,No,No
LA-01719,54,38038.84,Private_Sector,18,High_School,Married,0,Gaziantep,Rent,629,13720.77,265797.22,12,Business,0,No,No
LA-01720,68,95509.51,Private_Sector,20,Master,Single,1,Konya,Mortgage,611,14928.14,590452.36,60,Education,2,No,Yes
LA-01721,24,44457.32,Private_Sector,0,Bachelor,Single,1,Ankara,Rent,,20953.75,358231.96,12,Debt_Consolidation,1,No,Yes
LA-01722,46,87581.49,Self_Employed,11,Associate,Married,2,Istanbul,Owner,796,12937.21,79344.47,84,Vehicle,0,No,Yes
LA-01723,28,113654.91,Retired,1,High_School,Single,,Bursa,Rent,692,69564.60,470972.65,12,Other,0,No,Yes
LA-01724,39,50674.83,Self_Employed,6,Bachelor,Married,2,Antalya,Family_Home,645,30946.34,339695.64,120,Education,0,Yes,No
LA-01725,44,40560.30,Private_Sector,21,Bachelor,Married,1,Gaziantep,Mortgage,599,5890.23,395756.58,24,Other,2,No,No
LA-01726,57,87486.87,Public_Sector,12,Bachelor,Single,1,Izmir,Owner,644,22317.98,62078.65,60,Vehicle,1,Yes,Yes
LA-01727,55,51017.03,Self_Employed,19,Associate,Single,2,Bursa,Mortgage,763,19825.11,89726.72,48,Debt_Consolidation,1,No,Yes
LA-01728,61,86926.14,Private_Sector,14,Master,Single,4,Gaziantep,Mortgage,708,15261.16,141874.85,120,Home,0,No,Yes
LA-01729,45,49630.92,Self_Employed,5,Master,Married,1,Bursa,Owner,593,14045.22,52572.60,84,Debt_Consolidation,1,No,No
LA-01730,39,35175.25,Self_Employed,5,Bachelor,Married,2,Antalya,Family_Home,654,11051.55,145253.80,24,Vehicle,0,No,No
LA-01731,31,83800.62,Self_Employed,4,Bachelor,Single,3,Ankara,Family_Home,647,8898.28,280953.85,120,Education,2,No,Yes
LA-01732,66,49964.76,Private_Sector,16,Bachelor,Married,3,Antalya,Owner,551,28157.16,161866.09,36,Home,2,No,No
LA-01733,69,92323.72,Public_Sector,22,Bachelor,Married,2,Gaziantep,Mortgage,697,25359.76,260778.15,60,Business,0,No,Yes
LA-01734,23,53640.29,Private_Sector,3,Bachelor,Divorced,2,Antalya,Owner,656,31221.67,224393.34,60,Debt_Consolidation,0,No,No
LA-01735,44,610915.05,Self_Employed,6,Bachelor,Married,2,Bursa,Mortgage,900,37903.78,698844.87,48,Debt_Consolidation,1,No,Yes
LA-01736,44,75376.23,Self_Employed,11,Master,Single,1,Istanbul,Mortgage,707,43950.36,888641.55,120,Business,0,No,Yes
LA-01737,59,33194.77,Self_Employed,20,Associate,Single,1,Ankara,Rent,624,3305.90,494073.24,60,Other,3,No,Yes
LA-01738,53,74309.75,Self_Employed,10,Master,Married,1,Izmir,Family_Home,709,7563.74,74953.84,84,Business,0,Yes,Yes
LA-01739,29,53180.26,Self_Employed,11,Bachelor,Married,2,Adana,Rent,693,29343.54,242934.03,24,Home,0,No,Yes
LA-01740,48,29941.89,Private_Sector,6,Master,Married,1,Antalya,Rent,736,3186.80,57454.77,48,Vehicle,0,No,Yes
LA-01741,52,64774.00,Public_Sector,9,Associate,Single,2,Ankara,Rent,676,4177.06,137210.28,36,Business,,No,Yes
LA-01742,26,35306.61,Freelancer,,High_School,Widowed,0,Ankara,Mortgage,545,5259.65,672912.47,84,Education,0,No,No
LA-01743,35,33350.53,Private_Sector,5,Bachelor,Married,2,Ankara,Mortgage,691,14646.96,423017.85,48,Debt_Consolidation,3,No,No
LA-01744,29,60743.27,,0,Associate,Divorced,1,Adana,Owner,668,4290.62,1638506.55,120,Other,1,No,No
LA-01745,52,38050.94,Private_Sector,13,High_School,Married,3,Izmir,Mortgage,728,17357.64,344089.39,60,Education,0,No,Yes
LA-01746,31,36288.88,Private_Sector,3,Master,Single,0,Antalya,Rent,681,3179.03,924055.57,12,Vehicle,0,No,No
LA-01747,44,22085.98,Public_Sector,6,Bachelor,Single,1,Antalya,Family_Home,643,2669.77,582094.00,12,Debt_Consolidation,0,No,No
LA-01748,22,27401.11,Private_Sector,0,Bachelor,Single,1,Istanbul,Mortgage,604,5512.44,338614.35,12,Home,2,No,No
LA-01749,60,102262.85,Public_Sector,12,Bachelor,Divorced,0,Konya,Mortgage,645,9884.37,282330.30,24,Education,0,No,Yes
LA-01750,50,53246.98,Self_Employed,11,Bachelor,Married,3,Konya,Mortgage,796,10581.13,710012.94,84,Business,0,No,Yes
LA-01751,23,49684.15,Public_Sector,5,High_School,Single,3,Adana,Mortgage,585,17932.28,211606.83,48,Home,7,No,No
LA-01752,51,,Private_Sector,10,Associate,Single,3,Ankara,Family_Home,627,6312.00,432969.32,12,Debt_Consolidation,0,Yes,Yes
LA-01753,43,31155.79,Private_Sector,7,Master,Married,0,Bursa,Rent,622,8771.59,530255.72,60,Home,0,No,No
LA-01754,69,45614.60,Public_Sector,15,High_School,Single,3,Antalya,Owner,599,7928.63,525590.18,36,Other,0,No,Yes
LA-01755,44,67095.07,Self_Employed,13,Bachelor,Divorced,2,Izmir,Owner,577,19198.78,199059.88,48,Other,1,No,No
LA-01756,50,71196.97,Private_Sector,18,Bachelor,Married,1,Bursa,Rent,659,25049.28,327747.24,120,Education,0,No,Yes
LA-01757,25,42216.59,Freelancer,7,High_School,Single,4,Adana,Family_Home,545,,335499.55,120,Business,2,No,No
LA-01758,52,81592.88,Private_Sector,10,Bachelor,Married,0,Istanbul,Mortgage,584,17501.29,187599.28,120,Home,0,No,Yes
LA-01759,65,101214.32,Public_Sector,16,High_School,Married,3,Istanbul,Mortgage,900,16112.28,866169.02,12,Education,2,No,Yes
LA-01760,63,52204.05,Private_Sector,19,High_School,Married,1,Ankara,Mortgage,686,9617.21,218889.12,12,Education,0,No,Yes
LA-01761,54,95163.31,Freelancer,15,Bachelor,Single,0,Istanbul,Owner,754,,352220.03,84,Vehicle,0,No,Yes
LA-01762,55,69768.78,Freelancer,12,Associate,Married,0,Izmir,Mortgage,685,41845.45,392225.58,60,Other,0,No,Yes
LA-01763,57,54512.55,Private_Sector,12,Doctorate,Married,0,Bursa,Mortgage,720,22658.90,111840.50,36,Business,0,No,Yes
LA-01764,25,73296.25,Private_Sector,3,Master,Married,1,Istanbul,Family_Home,633,26503.94,1325163.46,84,Other,0,No,Yes
LA-01765,53,72758.19,Freelancer,14,High_School,Single,,Istanbul,Rent,665,35818.63,674625.50,84,Vehicle,3,No,No
LA-01766,36,54616.50,Private_Sector,7,High_School,Married,0,Izmir,Owner,594,4281.36,449283.14,12,Other,0,No,Yes
LA-01767,65,43535.02,Public_Sector,20,Bachelor,Married,1,Bursa,Mortgage,859,11812.64,301169.46,24,Debt_Consolidation,0,Yes,Yes
LA-01768,66,46704.48,Private_Sector,28,Master,Married,2,Antalya,Owner,553,11774.28,323487.42,12,Home,0,No,Yes
LA-01769,51,31323.71,Freelancer,14,Master,Married,0,Ankara,Family_Home,745,14904.32,84579.95,120,Other,0,No,Yes
LA-01770,29,40787.78,Freelancer,2,Associate,Married,0,Ankara,Mortgage,,3975.95,466909.79,60,Business,0,No,Yes
LA-01771,50,66441.49,Self_Employed,18,High_School,Married,3,Adana,Family_Home,703,21149.54,145595.27,12,Education,0,No,Yes
LA-01772,33,54132.66,Private_Sector,7,Bachelor,Married,2,Adana,Mortgage,671,26134.33,523741.08,36,Business,0,No,No
LA-01773,40,35532.27,,14,High_School,Single,3,Ankara,Mortgage,626,12770.53,128179.96,60,Education,0,No,No
LA-01774,28,37322.48,Freelancer,8,Doctorate,Married,2,Adana,Family_Home,601,9211.86,221417.89,48,Vehicle,0,Yes,No
LA-01775,49,45258.66,Self_Employed,18,Associate,Single,0,Bursa,Mortgage,713,,224275.91,120,Debt_Consolidation,0,No,Yes
LA-01776,67,45632.80,Private_Sector,23,High_School,Divorced,2,Adana,Mortgage,659,23404.46,556961.58,12,Vehicle,1,No,No
LA-01777,27,39942.84,Freelancer,3,Bachelor,Married,0,Antalya,Mortgage,631,2099.49,30918.12,60,Business,0,No,No
LA-01778,34,33460.50,Public_Sector,0,Associate,Married,2,Ankara,Rent,587,19052.07,366218.74,84,Vehicle,0,Yes,No
LA-01779,67,21590.92,Private_Sector,15,Bachelor,Single,0,Adana,Mortgage,759,3866.28,246659.63,36,Vehicle,0,Yes,Yes
LA-01780,33,112788.15,,,Master,Divorced,2,Gaziantep,Family_Home,705,66936.87,478216.62,84,Business,0,No,Yes
LA-01781,27,86369.46,Public_Sector,6,Master,Single,2,Adana,Owner,628,,124215.02,120,Education,0,No,No
LA-01782,38,95958.18,Private_Sector,7,Associate,Widowed,0,Antalya,Owner,703,46418.11,803296.03,36,Debt_Consolidation,1,No,Yes
LA-01783,56,97238.92,Self_Employed,22,High_School,Married,0,Izmir,Mortgage,693,53315.03,61310.29,84,Business,0,No,Yes
LA-01784,57,30962.57,Freelancer,20,Bachelor,Married,0,Adana,Mortgage,533,11340.78,404818.95,48,Home,1,Yes,No
LA-01785,28,61528.58,Private_Sector,5,High_School,Single,2,Konya,Owner,607,17350.80,188618.94,120,Home,0,No,Yes
LA-01786,39,45533.67,Private_Sector,8,Associate,Married,1,Gaziantep,Owner,548,8491.39,179190.68,12,Vehicle,0,No,Yes
LA-01787,24,81168.28,Self_Employed,4,Associate,Married,4,Bursa,Rent,820,5467.03,249908.29,36,Vehicle,0,No,Yes
LA-01788,66,55723.34,Private_Sector,19,Associate,Single,0,Konya,Mortgage,529,3641.34,147734.56,12,Debt_Consolidation,1,No,No
LA-01789,44,39323.84,,11,High_School,Married,0,Izmir,Owner,,21794.71,318882.89,48,Debt_Consolidation,0,No,No
LA-01790,43,42157.68,Public_Sector,3,Bachelor,Married,0,Antalya,Rent,564,,39205.29,36,Vehicle,0,No,No
LA-01791,62,36746.95,Public_Sector,18,Associate,Single,2,Konya,Family_Home,695,7070.43,353633.99,12,Home,0,No,No
LA-01792,28,45290.95,Public_Sector,2,Bachelor,Single,2,Konya,Owner,719,3089.95,255177.55,12,Other,0,No,Yes
LA-01793,30,64238.83,Self_Employed,12,Master,Married,3,Antalya,Mortgage,717,,86076.39,36,Debt_Consolidation,0,No,Yes
LA-01794,38,54384.52,Private_Sector,8,High_School,Married,1,Istanbul,Owner,615,14353.28,66753.32,36,Other,0,No,No
LA-01795,27,54355.91,Private_Sector,9,High_School,Single,1,Izmir,Owner,586,12082.57,152109.99,36,Home,2,Yes,Yes
LA-01796,59,85871.42,Private_Sector,13,High_School,Married,1,Ankara,Rent,816,19975.35,283687.65,120,Debt_Consolidation,2,No,Yes
LA-01797,31,39670.77,Public_Sector,5,Master,Single,3,Bursa,Owner,717,11835.87,266868.68,24,Vehicle,0,No,Yes
LA-01798,41,45689.45,Private_Sector,10,High_School,Married,3,Gaziantep,Rent,,23137.75,1318619.21,36,Debt_Consolidation,1,Yes,No
LA-01799,69,40454.07,Private_Sector,21,Master,Single,2,Istanbul,Mortgage,600,7600.66,247681.43,60,Vehicle,0,No,No
LA-01800,31,45217.71,Private_Sector,3,Bachelor,Single,1,Antalya,Owner,675,7421.17,443765.88,12,Vehicle,0,No,Yes
LA-01801,39,35623.15,Public_Sector,3,Associate,Widowed,0,Ankara,Owner,716,6140.21,152590.19,12,Other,0,Yes,Yes
LA-01802,34,74029.16,Private_Sector,4,High_School,Married,1,Gaziantep,Owner,556,18005.28,80818.61,120,Education,0,No,No
LA-01803,50,58222.76,Self_Employed,16,Bachelor,Single,3,Antalya,Owner,803,14335.76,246946.77,60,Education,1,No,Yes
LA-01804,46,40265.57,Private_Sector,17,High_School,Married,1,Konya,Family_Home,680,15307.28,19075.64,120,Vehicle,0,No,No
LA-01805,38,50966.10,Freelancer,7,Master,Single,2,Ankara,Family_Home,743,5970.47,510753.29,60,Business,0,No,Yes
LA-01806,40,83167.07,Public_Sector,12,High_School,Single,2,Istanbul,Rent,749,19922.75,483886.52,60,Debt_Consolidation,0,No,Yes
LA-01807,34,150008.21,Private_Sector,11,Bachelor,Single,2,Antalya,Rent,698,47807.65,101235.13,36,Business,0,No,Yes
LA-01808,42,,Retired,3,Associate,Single,3,Istanbul,Rent,,17358.79,101544.87,36,Business,0,No,No
LA-01809,46,40828.34,Public_Sector,16,Bachelor,Divorced,0,Adana,Rent,698,22008.80,323829.92,84,Other,0,No,Yes
LA-01810,25,48972.17,Freelancer,7,Bachelor,Single,0,Izmir,Owner,767,19456.21,180249.62,60,Debt_Consolidation,1,Yes,Yes
LA-01811,41,57612.02,Private_Sector,9,Bachelor,Married,2,Konya,Owner,770,21849.92,322809.14,24,Business,0,No,Yes
LA-01812,67,33951.44,Private_Sector,21,Master,Single,2,Antalya,Mortgage,624,12107.18,313962.74,48,Business,2,No,No
LA-01813,40,65477.47,Self_Employed,3,Master,Married,0,Gaziantep,Family_Home,724,4400.85,316296.67,60,Education,0,Yes,Yes
LA-01814,40,33519.90,Freelancer,4,High_School,Single,4,Adana,Owner,677,9688.59,189365.20,60,Education,0,No,No
LA-01815,25,74990.90,Private_Sector,0,Master,Single,1,Gaziantep,Mortgage,774,22775.21,245124.48,36,Home,0,No,Yes
LA-01816,31,138603.73,Self_Employed,0,Associate,Single,2,Izmir,Owner,680,80393.20,245770.09,48,Business,4,No,Yes
LA-01817,54,26995.81,Retired,16,Bachelor,Single,0,Istanbul,Mortgage,746,3559.57,300197.33,24,Business,1,No,Yes
LA-01818,25,45924.03,Freelancer,4,Master,Single,2,Bursa,Rent,773,8981.58,299863.50,36,Other,0,No,Yes
LA-01819,58,59707.98,Self_Employed,17,Associate,Single,3,Antalya,Family_Home,601,20313.76,102072.32,84,Debt_Consolidation,0,No,No
LA-01820,21,67261.17,Public_Sector,0,Bachelor,Single,1,Bursa,Owner,757,35543.52,290190.00,12,Debt_Consolidation,0,No,No
LA-01821,37,151470.63,Private_Sector,5,Master,Married,1,Istanbul,Rent,832,70504.71,172076.62,60,Home,0,No,Yes
LA-01822,25,30569.32,Self_Employed,7,High_School,Married,2,Gaziantep,Rent,463,3513.53,276581.89,12,Home,0,No,No
LA-01823,39,73651.29,Self_Employed,10,Doctorate,Widowed,1,Istanbul,Mortgage,821,14736.09,301729.88,36,Debt_Consolidation,0,No,Yes
LA-01824,57,55916.24,Private_Sector,23,High_School,Married,3,Adana,Rent,616,3368.29,196712.93,24,Business,2,No,No
LA-01825,35,32740.21,Private_Sector,0,High_School,Married,0,Istanbul,Rent,603,3484.57,855385.54,12,Education,5,Yes,No
LA-01826,40,25051.47,Freelancer,9,Bachelor,Divorced,,Istanbul,Family_Home,766,10710.52,482987.45,12,Home,0,No,No
LA-01827,69,43764.40,Private_Sector,18,Bachelor,Single,3,Izmir,Rent,536,12026.30,61464.18,48,Other,0,No,No
LA-01828,42,37703.96,Public_Sector,11,Associate,Married,3,Gaziantep,Rent,644,14655.22,276419.41,120,Business,1,No,No
LA-01829,44,30937.99,Private_Sector,12,High_School,Married,0,Gaziantep,Rent,675,11207.14,1132568.33,36,Debt_Consolidation,0,Yes,Yes
LA-01830,67,99533.52,Public_Sector,16,High_School,Single,1,Konya,Family_Home,645,47716.85,339457.37,36,Vehicle,0,No,No
LA-01831,51,30056.58,,4,Bachelor,Single,3,Bursa,Rent,588,12457.55,120624.21,12,Debt_Consolidation,3,No,No
LA-01832,51,40620.72,Public_Sector,13,Associate,Married,0,Bursa,Rent,695,3974.80,131494.83,120,Business,1,No,Yes
LA-01833,58,56061.24,Private_Sector,14,Associate,Single,2,Bursa,Owner,539,30245.95,125245.09,120,Home,0,No,Yes
LA-01834,66,126571.59,Public_Sector,19,Bachelor,Married,0,Izmir,Mortgage,800,43368.39,142503.07,12,Home,1,No,Yes
LA-01835,52,112015.95,Freelancer,16,Bachelor,Married,2,Adana,Rent,770,16073.44,352889.86,84,Vehicle,0,No,No
LA-01836,25,39941.18,Public_Sector,,Bachelor,Single,1,Ankara,Mortgage,720,23895.18,184041.78,120,Home,,No,No
LA-01837,59,83902.39,Private_Sector,14,Bachelor,Married,2,Adana,Rent,754,,60163.73,60,Education,0,No,Yes
LA-01838,48,58188.68,Private_Sector,18,Bachelor,Married,1,Izmir,Mortgage,741,16600.18,431233.15,36,Vehicle,0,No,Yes
LA-01839,46,64756.70,Private_Sector,8,Associate,Married,2,Antalya,Owner,689,29880.65,875088.89,84,Other,0,No,Yes
LA-01840,46,61798.68,Freelancer,9,High_School,Married,1,Ankara,Rent,567,13544.85,302665.47,120,Other,0,No,Yes
LA-01841,68,240783.39,Private_Sector,15,Bachelor,Single,1,Adana,Family_Home,858,44785.40,167159.93,48,Home,0,No,Yes
LA-01842,63,36185.10,Self_Employed,16,Associate,Married,1,Istanbul,Family_Home,628,7235.25,361294.90,24,Debt_Consolidation,0,No,Yes
LA-01843,60,47720.16,Self_Employed,18,Bachelor,Married,1,Adana,Mortgage,628,16516.93,1024522.79,120,Home,0,No,No
LA-01844,21,60966.25,Private_Sector,0,High_School,Married,5,Bursa,Family_Home,644,19499.83,434555.57,120,Debt_Consolidation,0,No,No
LA-01845,60,69484.03,Private_Sector,17,Master,Married,,Izmir,Rent,667,42418.20,589408.79,48,Debt_Consolidation,0,Yes,No
LA-01846,38,48280.33,Public_Sector,14,Bachelor,Married,2,Gaziantep,Rent,803,7599.35,975648.61,36,Debt_Consolidation,0,No,Yes
LA-01847,29,34067.28,Public_Sector,11,Bachelor,Divorced,1,Konya,Rent,644,3544.35,210775.75,84,Business,0,No,Yes
LA-01848,61,,Private_Sector,18,High_School,Married,4,Bursa,Rent,,22948.25,109693.40,24,Other,1,No,No
LA-01849,68,98612.87,Self_Employed,19,Bachelor,Single,0,Bursa,Rent,625,33459.07,155029.17,36,Vehicle,0,No,Yes
LA-01850,35,34554.45,Private_Sector,8,Bachelor,Married,0,Izmir,Rent,682,14657.17,443948.61,120,Business,2,No,No
LA-01851,30,34361.05,Public_Sector,0,Bachelor,Single,0,Gaziantep,Mortgage,732,16146.05,314617.41,48,Other,1,No,Yes
LA-01852,59,31123.49,Freelancer,19,Bachelor,Married,2,Konya,Rent,586,12981.62,241236.18,24,Debt_Consolidation,7,No,No
LA-01853,37,,Private_Sector,10,High_School,Single,0,Istanbul,Owner,745,20451.37,346091.02,12,Vehicle,0,No,Yes
LA-01854,69,56762.60,Private_Sector,23,Bachelor,Married,1,Konya,Mortgage,655,16991.20,521509.52,36,Vehicle,0,No,No
LA-01855,32,43446.83,Freelancer,3,Bachelor,Married,3,Izmir,Owner,750,23011.95,165418.29,84,Business,0,No,Yes
LA-01856,67,46441.10,Private_Sector,15,Bachelor,Married,1,Gaziantep,Rent,647,6311.26,170371.45,36,Business,0,No,Yes
LA-01857,25,63298.35,Private_Sector,1,Bachelor,Married,4,Antalya,Rent,731,15904.20,191926.23,36,Business,3,No,No
LA-01858,29,66960.69,Private_Sector,8,Bachelor,Married,2,Gaziantep,Family_Home,674,35181.20,117332.26,84,Education,0,Yes,Yes
LA-01859,45,38658.33,Public_Sector,12,Bachelor,Single,3,Konya,Rent,676,7761.76,60349.08,60,Education,2,Yes,Yes
LA-01860,57,15000.00,Private_Sector,8,Master,Single,2,Konya,Mortgage,627,7935.25,139565.54,36,Debt_Consolidation,1,No,No
LA-01861,34,118425.40,Private_Sector,5,Master,Married,1,Ankara,Mortgage,762,33679.81,240052.79,48,Education,0,No,Yes
LA-01862,57,43153.79,Self_Employed,12,Bachelor,Single,3,Gaziantep,Rent,566,11128.14,164856.72,12,Vehicle,0,No,No
LA-01863,31,57938.78,Self_Employed,1,High_School,Widowed,2,Konya,Owner,664,22084.12,138487.03,12,Debt_Consolidation,1,No,No
LA-01864,53,34701.53,Retired,15,High_School,Divorced,,Ankara,Rent,605,4166.39,187977.08,60,Vehicle,2,No,Yes
LA-01865,22,43930.09,Private_Sector,4,Associate,Married,0,Konya,Family_Home,622,25849.79,897535.97,48,Debt_Consolidation,0,No,No
LA-01866,36,76287.72,Self_Employed,11,Master,Married,2,Bursa,Rent,604,25575.76,85339.28,24,Home,1,No,No
LA-01867,27,66463.19,Freelancer,1,Bachelor,Single,1,Ankara,Owner,601,7860.61,355210.53,48,Debt_Consolidation,1,No,No
LA-01868,30,39716.25,Private_Sector,8,Master,Married,1,Antalya,Rent,604,22655.30,336468.78,12,Debt_Consolidation,0,No,No
LA-01869,26,30456.45,Private_Sector,5,High_School,Single,1,Bursa,Rent,661,5119.04,60047.34,36,Debt_Consolidation,1,No,Yes
LA-01870,49,38409.52,Private_Sector,13,Bachelor,Married,0,Bursa,Owner,596,2983.78,101340.49,12,Debt_Consolidation,0,No,Yes
LA-01871,58,115652.35,Private_Sector,19,High_School,Married,2,Izmir,Family_Home,843,15015.25,584236.32,120,Debt_Consolidation,0,No,Yes
LA-01872,51,37725.67,Private_Sector,6,Master,Single,2,Bursa,Rent,720,13496.03,119178.31,60,Home,0,No,Yes
LA-01873,33,61282.10,Public_Sector,4,Master,Single,1,Izmir,Mortgage,673,3156.50,166169.78,60,Business,1,Yes,No
LA-01874,50,154539.58,Private_Sector,4,Bachelor,Single,3,Istanbul,Rent,716,44214.70,538165.01,84,Vehicle,0,No,Yes
LA-01875,49,88765.60,Private_Sector,8,Bachelor,Single,2,Antalya,Mortgage,591,46623.94,61913.22,24,Vehicle,0,No,Yes
LA-01876,51,64867.57,Private_Sector,17,Master,Single,3,Adana,Rent,698,5484.51,193656.62,84,Other,2,No,Yes
LA-01877,49,78426.25,Private_Sector,14,Master,Divorced,0,Konya,Owner,693,21329.67,137467.05,12,Vehicle,,No,Yes
LA-01878,31,99645.99,Private_Sector,2,High_School,Divorced,1,Izmir,Rent,655,50076.04,193569.04,12,Business,1,No,Yes
LA-01879,63,265118.13,Self_Employed,13,High_School,Single,4,Bursa,Mortgage,826,75003.13,316682.47,120,Other,0,Yes,Yes
LA-01880,42,39063.82,Private_Sector,11,Master,Single,1,Adana,Rent,728,4518.59,79506.15,12,Home,0,No,Yes
LA-01881,27,35057.76,Freelancer,8,High_School,Single,0,Adana,Mortgage,548,17599.09,379064.77,48,Education,0,No,No
LA-01882,37,35816.30,Freelancer,4,Associate,Married,2,Izmir,Rent,591,5102.51,343521.40,36,Home,0,No,No
LA-01883,68,73859.19,Freelancer,18,High_School,Married,0,Izmir,Family_Home,710,7208.74,494422.33,36,Business,0,No,Yes
LA-01884,34,71681.89,Private_Sector,6,Associate,Divorced,2,Ankara,Owner,578,18226.96,431734.54,12,Business,0,No,No
LA-01885,37,97605.13,Retired,10,Master,Single,3,Konya,Rent,673,21249.40,317611.28,120,Vehicle,0,No,Yes
LA-01886,37,48641.85,Private_Sector,7,Doctorate,Married,0,Konya,Rent,718,,558328.70,48,Vehicle,0,No,Yes
LA-01887,61,24401.52,Private_Sector,,Bachelor,Married,0,Bursa,Mortgage,577,10901.25,187366.05,24,Debt_Consolidation,2,No,No
LA-01888,66,95092.44,Private_Sector,22,Master,Married,0,Konya,Rent,799,6244.03,172170.36,24,Home,0,No,Yes
LA-01889,54,39567.24,Private_Sector,19,Associate,Married,2,Gaziantep,Mortgage,670,2471.76,131361.32,60,Business,2,No,Yes
LA-01890,25,56438.46,Private_Sector,3,Associate,Married,1,Istanbul,Owner,649,4239.22,314351.53,48,Education,0,No,Yes
LA-01891,21,64816.70,Private_Sector,2,Bachelor,Married,5,Konya,Owner,745,13234.69,268889.69,84,Education,0,No,Yes
LA-01892,40,53493.37,Private_Sector,4,High_School,Married,2,Ankara,Rent,646,14150.77,622801.31,60,Business,0,No,No
LA-01893,45,28594.28,Freelancer,13,Associate,Married,1,Izmir,Owner,561,16383.30,178825.87,60,Other,1,No,No
LA-01894,53,28945.40,Private_Sector,11,High_School,Widowed,0,Antalya,Family_Home,643,17067.60,237888.86,36,Business,0,No,No
LA-01895,50,52217.20,Public_Sector,10,Bachelor,Married,4,Antalya,Family_Home,717,8682.04,249580.33,24,Education,0,No,No
LA-01896,26,57599.01,Self_Employed,,High_School,Married,2,Adana,Family_Home,823,,177389.66,24,Other,4,No,Yes
LA-01897,45,117753.22,Self_Employed,12,Bachelor,Single,1,Gaziantep,Owner,590,70484.37,122110.47,120,Debt_Consolidation,1,No,Yes
LA-01898,66,39766.64,Private_Sector,14,Bachelor,Single,0,Izmir,Owner,703,11384.44,162003.82,36,Other,0,No,No
LA-01899,32,62116.80,Private_Sector,5,High_School,Married,1,Konya,Family_Home,689,34225.59,522453.07,84,Other,0,No,Yes
LA-01900,60,20503.69,Freelancer,23,High_School,Single,3,Bursa,Rent,635,7955.85,242827.55,12,Education,1,No,No
LA-01901,29,22228.01,Private_Sector,7,Bachelor,Single,1,Ankara,Owner,,8753.90,122314.40,48,Education,2,Yes,Yes
LA-01902,26,59295.22,Public_Sector,8,High_School,Single,0,Istanbul,Mortgage,528,21854.94,108520.88,60,Other,2,No,No
LA-01903,22,58221.52,Private_Sector,1,High_School,Married,0,Gaziantep,Mortgage,618,34749.43,329657.89,60,Business,2,No,No
LA-01904,60,25402.78,Freelancer,9,Master,Married,2,Istanbul,Family_Home,580,2880.32,571813.90,84,Home,2,No,No
LA-01905,42,44905.87,Private_Sector,15,Associate,Married,3,Ankara,Family_Home,,20764.45,722699.17,60,Debt_Consolidation,0,No,No
LA-01906,37,141372.37,Freelancer,9,High_School,Single,1,Gaziantep,Owner,830,87051.02,439393.05,24,Other,0,No,Yes
LA-01907,65,15000.00,Private_Sector,15,Associate,Single,3,Konya,Owner,561,3211.99,210344.75,24,Other,0,No,No
LA-01908,25,63743.06,Public_Sector,6,Bachelor,Divorced,0,Gaziantep,Mortgage,714,27883.45,581110.84,120,Education,0,No,Yes
LA-01909,45,60353.73,Public_Sector,12,High_School,Married,1,Konya,Family_Home,783,15875.14,202001.84,60,Business,0,No,Yes
LA-01910,60,54040.98,Public_Sector,20,Master,Single,1,Ankara,Owner,660,73707.22,799805.14,36,Education,0,No,No
LA-01911,32,63704.56,Public_Sector,5,High_School,Single,1,Gaziantep,Mortgage,649,33674.97,171950.51,36,Debt_Consolidation,0,No,No
LA-01912,23,66132.57,Public_Sector,3,Associate,Single,2,Antalya,Mortgage,,16964.44,2245433.60,84,Business,1,No,No
LA-01913,22,60228.69,Private_Sector,4,Bachelor,Single,1,Izmir,Mortgage,623,,415406.39,48,Home,0,No,No
LA-01914,29,55217.54,Self_Employed,3,Bachelor,Married,1,Konya,Family_Home,629,31798.87,174361.29,84,Debt_Consolidation,0,No,Yes
LA-01915,29,204952.43,Private_Sector,0,Bachelor,Single,1,Adana,Rent,779,96595.38,142608.51,36,Vehicle,0,No,Yes
LA-01916,21,49022.22,Public_Sector,0,Bachelor,Married,0,Gaziantep,Mortgage,766,8739.96,391322.58,36,Education,0,No,Yes
LA-01917,56,73946.91,Public_Sector,18,Master,Single,2,Bursa,Family_Home,721,43252.21,322640.81,120,Business,0,No,Yes
LA-01918,61,33444.82,Private_Sector,16,High_School,Married,1,Konya,Family_Home,556,11195.33,132493.55,84,Home,0,No,No
LA-01919,40,66852.01,Private_Sector,6,Bachelor,Single,1,Adana,Mortgage,642,15706.29,179793.80,60,Business,2,No,No
LA-01920,36,108170.34,Private_Sector,13,Associate,Married,0,Adana,Rent,780,62618.64,265128.17,24,Vehicle,0,No,Yes
LA-01921,36,58941.51,Freelancer,7,Associate,Married,1,Adana,Rent,659,23136.92,280247.75,60,Business,0,No,Yes
LA-01922,66,30247.31,Freelancer,25,Bachelor,Married,2,Konya,Mortgage,629,10544.89,268420.98,84,Home,1,No,Yes
LA-01923,38,111237.43,Private_Sector,13,Doctorate,Married,2,Konya,Mortgage,900,16997.07,299552.27,48,Vehicle,0,Yes,Yes
LA-01924,45,,Freelancer,,Bachelor,Married,3,Izmir,Family_Home,655,24842.60,113972.45,36,Business,0,No,No
LA-01925,57,73170.87,Retired,20,Bachelor,Single,1,Istanbul,Owner,688,,486547.73,24,Business,0,Yes,Yes
LA-01926,54,42547.80,Private_Sector,18,Bachelor,Divorced,0,Adana,Owner,625,3006.51,1095773.88,36,Other,0,No,Yes
LA-01927,34,56240.37,Private_Sector,9,High_School,Married,1,Istanbul,Mortgage,634,28416.51,206912.46,36,Business,1,No,Yes
LA-01928,55,90241.80,Retired,11,Bachelor,Married,0,Izmir,Rent,766,35728.85,686261.92,48,Home,1,No,Yes
LA-01929,45,87437.19,Self_Employed,13,High_School,Single,0,Konya,Rent,736,28612.29,238488.76,24,Debt_Consolidation,0,No,Yes
LA-01930,65,27496.52,Private_Sector,19,High_School,Divorced,1,Gaziantep,Owner,,4555.24,225016.51,84,Business,0,No,No
LA-01931,55,58795.86,Freelancer,13,Bachelor,Divorced,3,Konya,Owner,622,17945.56,377120.10,36,Business,1,No,No
LA-01932,68,58096.82,Private_Sector,16,Associate,Married,3,Adana,Mortgage,639,22669.21,926730.44,120,Home,0,No,No
LA-01933,29,34705.30,Retired,0,High_School,Married,3,Istanbul,Rent,729,5109.24,94846.90,12,Debt_Consolidation,0,No,No
LA-01934,44,44099.35,Public_Sector,18,Master,Divorced,1,Adana,Mortgage,587,3616.85,425894.36,60,Other,0,No,Yes
LA-01935,56,18677.08,Freelancer,10,Master,Married,1,Ankara,Rent,603,2658.00,424540.21,24,Debt_Consolidation,0,No,No
LA-01936,59,43363.33,Private_Sector,13,High_School,Married,2,Bursa,Family_Home,681,9764.64,242976.13,84,Debt_Consolidation,3,No,No
LA-01937,58,74602.14,Public_Sector,16,Associate,Divorced,2,Istanbul,Owner,712,27643.02,117487.89,60,Other,0,No,Yes
LA-01938,52,141404.75,Public_Sector,20,Bachelor,Single,1,Istanbul,Mortgage,658,64385.61,118900.22,48,Education,0,No,Yes
LA-01939,31,85378.91,Public_Sector,11,Bachelor,Single,0,Konya,Mortgage,674,12665.85,82709.89,60,Business,0,No,Yes
LA-01940,48,25231.31,,8,Master,Single,1,Istanbul,Mortgage,691,13757.46,85746.93,48,Debt_Consolidation,2,No,No
LA-01941,32,79236.27,Freelancer,8,High_School,Married,1,Bursa,Family_Home,666,,438618.03,36,Business,0,No,Yes
LA-01942,38,27136.16,Public_Sector,6,Bachelor,Single,2,Bursa,Mortgage,606,2210.83,194570.83,36,Education,1,No,No
LA-01943,38,75463.12,Private_Sector,6,Associate,Single,3,Ankara,Rent,766,19155.42,952102.35,36,Home,2,Yes,No
LA-01944,23,52372.72,Public_Sector,0,Master,Married,0,Bursa,Mortgage,596,27244.93,582799.25,84,Other,0,No,No
LA-01945,60,25372.95,Private_Sector,15,Bachelor,Single,3,Gaziantep,Owner,615,10556.44,80710.73,24,Home,0,No,Yes
LA-01946,57,39426.64,Private_Sector,20,Bachelor,Married,2,Gaziantep,Mortgage,609,20563.94,223913.66,36,Home,0,No,Yes
LA-01947,42,67220.14,Private_Sector,9,High_School,Married,3,Antalya,Mortgage,696,34439.28,189426.86,84,Vehicle,4,No,No
LA-01948,31,29915.55,Private_Sector,4,Bachelor,Married,3,Bursa,Mortgage,602,68059.43,302517.12,36,Business,3,No,No
LA-01949,47,63954.85,Private_Sector,9,High_School,Married,0,Ankara,Mortgage,745,32169.05,329166.38,60,Home,0,No,No
LA-01950,65,63013.37,Private_Sector,16,Bachelor,Married,2,Izmir,Family_Home,580,10459.03,334404.44,12,Other,0,No,No
LA-01951,62,31913.83,Freelancer,18,Bachelor,Widowed,1,Gaziantep,Rent,679,5775.27,602647.81,12,Other,0,Yes,No
LA-01952,64,66402.79,Self_Employed,24,High_School,Married,1,Izmir,Owner,,8175.73,250002.61,36,Education,1,No,Yes
LA-01953,22,71650.56,Private_Sector,4,Bachelor,Single,1,Adana,Rent,652,29598.62,472806.71,48,Business,1,No,No
LA-01954,28,65343.95,Freelancer,4,High_School,Divorced,0,Konya,Rent,584,6720.41,190091.74,84,Business,4,No,No
LA-01955,36,,Public_Sector,1,High_School,Married,2,Bursa,Family_Home,516,13534.87,230976.39,24,Vehicle,1,No,No
LA-01956,44,47290.18,Public_Sector,16,Master,Married,0,Izmir,Mortgage,,19559.76,212590.07,12,Vehicle,0,No,No
LA-01957,39,38903.86,Private_Sector,12,High_School,Single,0,Bursa,Owner,651,2065.50,106874.35,48,Education,1,No,Yes
LA-01958,26,48525.13,Public_Sector,5,Bachelor,Divorced,3,Gaziantep,Owner,668,12270.29,354213.48,60,Business,0,Yes,No
LA-01959,64,72741.77,Private_Sector,24,High_School,Single,2,Izmir,Owner,734,42914.54,393575.82,36,Business,0,Yes,Yes
LA-01960,22,34657.22,Public_Sector,0,High_School,Married,3,Izmir,Family_Home,629,19618.33,125319.77,120,Home,2,No,No
LA-01961,35,38143.89,Private_Sector,1,Master,Married,3,Ankara,Family_Home,725,11955.94,326224.22,60,Vehicle,0,No,No
LA-01962,35,,Self_Employed,17,Master,Divorced,1,Konya,Mortgage,680,32484.39,503411.39,12,Debt_Consolidation,0,No,Yes
LA-01963,24,47431.85,Private_Sector,0,Master,Married,2,Istanbul,Rent,580,19379.50,213212.13,60,Debt_Consolidation,2,No,No
LA-01964,41,99709.66,Private_Sector,11,Master,Single,2,Adana,Owner,609,28608.95,213060.21,60,Vehicle,0,No,Yes
LA-01965,65,24355.88,Public_Sector,19,Bachelor,Married,0,Konya,Owner,507,12311.70,43840.85,12,Education,0,No,No
LA-01966,60,68400.00,Public_Sector,15,Bachelor,Married,1,Ankara,Mortgage,804,89791.55,119202.30,48,Vehicle,0,No,No
LA-01967,48,35745.77,Private_Sector,9,High_School,Single,2,Istanbul,Family_Home,556,17379.23,205752.56,60,Business,2,Yes,No
LA-01968,34,70689.31,Private_Sector,6,Master,Single,0,Ankara,Family_Home,699,32737.57,679633.28,60,Home,0,No,No
LA-01969,28,45314.85,Self_Employed,8,High_School,Married,0,Antalya,Rent,601,8100.01,443539.52,12,Other,0,No,No
LA-01970,45,76631.11,Public_Sector,8,Master,Married,1,Istanbul,Rent,673,16941.80,310876.85,120,Education,0,No,Yes
LA-01971,27,39662.87,Private_Sector,6,High_School,Divorced,4,Adana,Mortgage,644,,245464.87,60,Business,0,No,No
LA-01972,42,59665.87,Freelancer,17,Master,Married,2,Izmir,Family_Home,666,22497.20,137901.92,84,Vehicle,3,No,Yes
LA-01973,29,31305.85,Private_Sector,1,Bachelor,Married,3,Ankara,Family_Home,654,10519.94,190858.30,24,Business,1,No,No
LA-01974,46,61991.95,Private_Sector,12,Master,Single,0,Ankara,Rent,775,15017.99,168773.23,60,Vehicle,5,No,No
LA-01975,24,36497.33,Private_Sector,2,Master,Single,1,Istanbul,Family_Home,632,12423.75,241531.82,120,Home,0,No,No
LA-01976,58,36946.09,Private_Sector,20,High_School,Married,0,Istanbul,Rent,605,6911.43,128736.17,84,Vehicle,2,No,No
LA-01977,34,121620.40,Freelancer,11,Master,Single,1,Antalya,Mortgage,641,53937.28,150723.08,48,Home,0,Yes,Yes
LA-01978,24,48704.00,Retired,3,Doctorate,Single,0,Ankara,Family_Home,657,29646.29,118319.29,48,Education,0,No,No
LA-01979,21,54079.20,Private_Sector,0,Master,Single,1,Adana,Owner,644,15581.52,638240.35,120,Debt_Consolidation,0,No,Yes
LA-01980,65,30896.56,Public_Sector,15,Bachelor,Married,2,Izmir,Family_Home,599,3425.90,131050.70,60,Home,1,Yes,Yes
LA-01981,69,68492.83,Public_Sector,16,Associate,Single,1,Adana,Owner,641,17252.63,693832.48,120,Vehicle,0,No,Yes
LA-01982,35,86415.77,Freelancer,8,Bachelor,Married,2,Istanbul,Mortgage,701,25995.48,264012.30,36,Debt_Consolidation,0,No,Yes
LA-01983,50,79265.47,Private_Sector,9,Master,Single,0,Adana,Rent,693,37779.69,428858.44,12,Debt_Consolidation,0,No,Yes
LA-01984,41,40090.30,Private_Sector,5,Bachelor,Married,0,Adana,Owner,694,23619.40,303582.54,84,Business,3,No,Yes
LA-01985,38,28926.35,Retired,2,Bachelor,Divorced,1,Istanbul,Rent,676,8966.24,358978.47,24,Education,0,No,No
LA-01986,58,48491.58,Freelancer,14,Bachelor,Married,3,Konya,Family_Home,665,,511028.61,120,Other,1,No,No
LA-01987,30,58954.41,Private_Sector,8,Bachelor,Divorced,0,Antalya,Rent,664,8373.85,557668.47,60,Vehicle,0,No,Yes
LA-01988,39,36217.21,Private_Sector,16,Bachelor,Married,0,Antalya,Mortgage,780,5245.68,55756.81,36,Business,0,No,Yes
LA-01989,50,31337.41,Private_Sector,15,High_School,Married,1,Antalya,Rent,627,13790.20,49716.85,24,Business,2,No,No
LA-01990,59,45476.94,Public_Sector,14,Bachelor,Divorced,1,Konya,Rent,675,,364128.84,60,Debt_Consolidation,0,No,Yes
LA-01991,61,19142.84,Private_Sector,17,Master,Single,1,Izmir,Rent,588,9902.74,395304.48,60,Debt_Consolidation,0,No,No
LA-01992,67,34078.10,Private_Sector,24,High_School,Single,0,Ankara,Mortgage,672,20051.49,80500.37,24,Home,0,No,No
LA-01993,57,44597.46,Retired,13,Master,Divorced,1,Bursa,Owner,644,19473.06,373386.01,12,Other,3,No,No
LA-01994,34,70299.02,Private_Sector,5,High_School,Single,1,Konya,Family_Home,568,38340.62,216813.48,60,Business,0,No,No
LA-01995,63,23045.48,Private_Sector,19,Associate,Divorced,0,Konya,Family_Home,719,2903.63,888318.84,120,Education,0,Yes,No
LA-01996,47,49267.02,Self_Employed,9,Master,Single,,Adana,Rent,713,12105.48,380740.69,60,Home,0,Yes,No
LA-01997,62,62354.33,Self_Employed,14,Master,Married,0,Ankara,Family_Home,647,27817.29,561702.26,12,Debt_Consolidation,0,Yes,No
LA-01998,32,80835.07,Freelancer,14,Bachelor,Married,0,Bursa,Mortgage,655,41330.39,105393.96,36,Home,0,No,Yes
LA-01999,38,40951.95,Self_Employed,6,High_School,Married,0,Ankara,Mortgage,755,10185.70,58617.71,60,Other,0,No,Yes
LA-02000,65,91874.57,Private_Sector,17,Bachelor,Divorced,4,Konya,Owner,694,54545.21,109571.74,36,Business,1,No,Yes
LA-02001,49,83320.05,Self_Employed,10,Associate,Married,4,Bursa,Rent,627,37045.29,53742.24,60,Vehicle,1,No,No
LA-02002,29,40998.38,Public_Sector,7,High_School,Divorced,4,Istanbul,Owner,540,21698.82,325324.10,60,Business,2,No,Yes
LA-02003,39,28053.22,Freelancer,8,High_School,Married,1,Ankara,Mortgage,661,12796.77,140806.52,12,Business,0,No,Yes
LA-02004,59,28317.39,Private_Sector,17,Bachelor,Married,0,Adana,Mortgage,669,13164.59,130129.63,120,Debt_Consolidation,1,Yes,No
LA-02005,60,15000.00,Private_Sector,18,Bachelor,Married,1,Adana,Owner,,,222156.07,36,Education,0,No,No
LA-02006,56,52201.05,Private_Sector,,Bachelor,Married,1,Konya,Owner,600,20264.85,33946.68,24,Business,0,No,No
LA-02007,27,51014.73,Private_Sector,1,Bachelor,Married,4,Konya,Mortgage,742,26478.75,696747.14,24,Education,1,Yes,Yes
LA-02008,49,79499.58,Private_Sector,12,High_School,Single,1,Konya,Rent,650,34553.66,358925.46,36,Vehicle,2,No,No
LA-02009,33,82793.75,Public_Sector,4,Associate,Single,1,Bursa,Rent,646,48434.13,441924.71,120,Debt_Consolidation,0,No,No
LA-02010,53,49350.85,Private_Sector,13,High_School,Single,0,Bursa,Family_Home,576,26952.27,380458.54,60,Home,0,No,No
LA-02011,31,36205.17,Freelancer,5,Master,Divorced,2,Bursa,Mortgage,510,16444.05,217354.12,60,Other,3,No,No
LA-02012,28,45658.01,Freelancer,0,High_School,Single,0,Istanbul,Mortgage,645,24141.07,90753.10,48,Education,2,Yes,Yes
LA-02013,39,64213.70,Freelancer,2,Master,Divorced,1,Istanbul,Rent,712,22795.24,378797.85,84,Other,0,No,No
LA-02014,30,,Freelancer,5,Doctorate,Married,3,Izmir,Rent,554,8147.40,215102.61,24,Debt_Consolidation,1,No,No
LA-02015,27,99143.28,Freelancer,0,Bachelor,Married,2,Gaziantep,Mortgage,,10296.94,111603.39,36,Business,0,Yes,No
LA-02016,56,63847.01,Private_Sector,14,High_School,Single,1,Adana,Rent,641,3220.45,321498.43,12,Other,1,No,No
LA-02017,37,41197.32,Freelancer,14,Bachelor,Married,2,Bursa,Family_Home,601,19267.21,124588.68,84,Vehicle,0,No,Yes
LA-02018,24,72147.83,Private_Sector,6,Bachelor,Married,5,Konya,Rent,732,29842.30,108745.27,84,Education,0,No,Yes
LA-02019,24,33861.73,Public_Sector,4,Bachelor,Single,1,Antalya,Owner,626,2508.62,351923.75,12,Education,0,No,Yes
LA-02020,52,84196.28,Freelancer,10,High_School,Married,2,Ankara,Mortgage,610,11258.56,103671.27,48,Home,2,Yes,No
LA-02021,67,45645.53,Self_Employed,18,Bachelor,Single,0,Gaziantep,Mortgage,521,23973.56,141300.14,12,Vehicle,1,No,No
LA-02022,68,,Self_Employed,15,Bachelor,Married,1,Adana,Mortgage,664,46502.82,128907.33,120,Home,0,No,Yes
LA-02023,28,76145.18,Private_Sector,0,Bachelor,Single,0,Istanbul,Rent,588,31154.07,159677.38,36,Other,0,No,No
LA-02024,43,56239.96,Public_Sector,13,Bachelor,Married,0,Konya,Family_Home,747,30089.54,305042.27,48,Education,0,No,Yes
LA-02025,30,83932.12,Self_Employed,6,High_School,Single,3,Antalya,Mortgage,666,24372.54,370578.13,24,Vehicle,0,No,No
LA-02026,25,50039.65,Private_Sector,0,Bachelor,Married,0,Konya,Family_Home,579,5434.86,708467.47,84,Home,0,Yes,Yes
LA-02027,50,60323.20,Private_Sector,11,Master,Married,2,Ankara,Mortgage,759,30969.09,450458.08,84,Vehicle,2,No,Yes
LA-02028,30,60177.05,Public_Sector,0,High_School,Single,4,Ankara,Owner,768,,107830.91,48,Other,0,No,Yes
LA-02029,47,47547.77,Freelancer,12,High_School,Single,3,Istanbul,Family_Home,516,2920.89,333559.73,24,Education,4,No,No
LA-02030,35,28326.28,Freelancer,4,Master,Married,1,Konya,Owner,,11980.52,514076.51,24,Debt_Consolidation,0,No,No
LA-02031,66,39670.46,Public_Sector,19,High_School,Divorced,1,Konya,Mortgage,534,20253.64,68062.15,120,Vehicle,1,Yes,Yes
LA-02032,62,120439.67,Public_Sector,15,Associate,Single,1,Gaziantep,Family_Home,692,9355.32,1687712.61,84,Other,0,No,Yes
LA-02033,29,41614.96,Private_Sector,11,Bachelor,Married,2,Gaziantep,Rent,679,12128.11,598379.58,120,Business,0,No,No
LA-02034,32,86573.51,Private_Sector,9,Bachelor,Married,2,Izmir,Rent,729,20598.52,1631638.81,36,Home,1,No,No
LA-02035,21,53410.08,Private_Sector,3,Associate,Single,2,Konya,Mortgage,770,22102.79,198243.81,12,Home,0,No,No
LA-02036,63,53440.40,Retired,25,Bachelor,Single,0,Adana,Rent,643,13056.62,2083003.67,120,Vehicle,0,No,No
LA-02037,68,59114.81,Public_Sector,24,High_School,Married,1,Bursa,Family_Home,573,24626.35,330437.56,60,Education,3,No,No
LA-02038,27,34336.03,Self_Employed,1,Bachelor,Married,5,Izmir,Rent,695,11712.42,225135.77,84,Business,1,No,No
LA-02039,47,27142.87,Private_Sector,3,Associate,Single,3,Antalya,Mortgage,576,9314.69,272109.11,48,Other,0,No,No
LA-02040,23,44333.60,Private_Sector,5,Bachelor,Single,2,Adana,Rent,664,25333.95,299588.05,24,Debt_Consolidation,0,No,Yes
LA-02041,54,67504.90,Private_Sector,15,Bachelor,Married,2,Gaziantep,Family_Home,693,19159.63,165684.53,48,Vehicle,0,No,Yes
LA-02042,63,67168.99,Retired,23,Bachelor,Married,2,Antalya,Rent,637,27411.45,305985.85,48,Business,0,Yes,No
LA-02043,50,42007.36,Private_Sector,11,Associate,Married,4,Konya,Family_Home,594,26004.13,258324.29,120,Education,0,No,No
LA-02044,36,47696.74,Private_Sector,3,Master,Single,2,Ankara,Owner,710,5929.96,204356.46,120,Education,0,No,No
LA-02045,29,18600.09,Private_Sector,0,Bachelor,Married,1,Bursa,Family_Home,605,9991.74,399979.33,48,Vehicle,0,No,No
LA-02046,36,36381.27,,0,Master,Married,2,Antalya,Mortgage,622,18059.79,1090796.55,24,Debt_Consolidation,4,Yes,No
LA-02047,40,40974.69,Public_Sector,10,Bachelor,Married,5,Izmir,Family_Home,,7710.62,327538.63,36,Business,0,No,Yes
LA-02048,62,33168.14,Private_Sector,14,High_School,Single,3,Konya,Mortgage,712,19916.47,123076.57,12,Education,0,No,No
LA-02049,54,32515.66,Private_Sector,18,Bachelor,Married,0,Ankara,Mortgage,690,2046.84,140203.92,60,Education,0,No,Yes
LA-02050,23,117901.46,Self_Employed,2,Associate,Married,0,Ankara,Owner,642,53718.71,73014.92,24,Vehicle,0,Yes,Yes
LA-02051,44,35109.18,Self_Employed,16,Bachelor,Divorced,1,Bursa,Mortgage,695,9259.04,55803.45,84,Business,,No,Yes
LA-02052,32,72788.94,Freelancer,10,Doctorate,Single,2,Bursa,Family_Home,639,42638.68,204202.55,12,Home,0,No,Yes
LA-02053,51,51157.17,Freelancer,18,Master,Single,2,Bursa,Family_Home,734,14301.94,97662.89,120,Education,0,No,Yes
LA-02054,56,,Private_Sector,18,Associate,Divorced,2,Antalya,Owner,709,26570.05,144155.76,36,Education,0,No,Yes
LA-02055,62,108128.65,Public_Sector,23,Bachelor,Married,1,Izmir,Rent,742,65331.35,173569.42,60,Other,0,No,Yes
LA-02056,48,87227.06,Private_Sector,15,Doctorate,Single,5,Adana,Mortgage,536,11048.65,99794.96,60,Vehicle,1,No,Yes
LA-02057,21,51086.75,Private_Sector,0,Bachelor,Married,1,Antalya,Owner,552,14213.64,196532.33,36,Business,0,No,No
LA-02058,64,77536.81,Self_Employed,12,Master,Single,1,Ankara,Mortgage,592,14998.12,156184.05,24,Home,0,No,No
LA-02059,51,101084.99,Freelancer,12,High_School,Married,1,Konya,Family_Home,609,30400.38,297952.49,12,Vehicle,3,Yes,No
LA-02060,46,37493.24,Private_Sector,12,Bachelor,Single,2,Antalya,Mortgage,705,20986.12,202200.32,36,Vehicle,0,No,No
LA-02061,58,30563.05,Private_Sector,16,Master,Married,4,Ankara,Mortgage,568,9760.10,212627.23,48,Business,0,No,No
LA-02062,40,40660.75,Public_Sector,12,High_School,Single,1,Ankara,Mortgage,649,23716.20,321615.99,24,Home,1,No,Yes
LA-02063,69,55125.38,Self_Employed,22,Master,Married,5,Gaziantep,Mortgage,646,22350.89,376964.50,24,Debt_Consolidation,0,No,Yes
LA-02064,42,21824.34,Private_Sector,10,Bachelor,Married,1,Gaziantep,Family_Home,611,9135.99,147219.65,36,Business,0,No,No
LA-02065,22,72195.95,Self_Employed,,Bachelor,Married,0,Ankara,Owner,749,42344.18,428503.66,48,Debt_Consolidation,0,Yes,Yes
LA-02066,43,17333.12,Private_Sector,2,Master,Single,2,Ankara,Rent,704,4540.01,112379.45,60,Debt_Consolidation,0,No,Yes
LA-02067,64,62937.89,Private_Sector,11,Bachelor,Widowed,1,Ankara,Mortgage,711,21860.90,1474067.93,24,Other,0,No,Yes
LA-02068,63,51285.71,Freelancer,18,High_School,Married,0,Konya,Owner,584,21470.13,186022.09,24,Home,1,No,Yes
LA-02069,38,53673.53,Private_Sector,10,Associate,Married,0,Izmir,Owner,509,27852.89,252671.29,48,Vehicle,1,Yes,No
LA-02070,53,31120.64,Public_Sector,16,High_School,Single,0,Bursa,Mortgage,722,1671.62,286475.00,24,Other,0,No,No
LA-02071,22,47873.04,Private_Sector,4,Bachelor,Single,3,Adana,Mortgage,683,18438.76,264924.89,84,Home,1,No,Yes
LA-02072,38,40426.29,Freelancer,0,Master,Married,3,Konya,Owner,616,24106.67,183275.56,120,Business,0,No,No
LA-02073,55,72108.71,Private_Sector,18,High_School,Single,2,Izmir,Rent,658,35988.34,119876.91,48,Vehicle,0,No,Yes
LA-02074,57,46210.19,Private_Sector,13,High_School,Married,2,Izmir,Owner,724,24722.92,995555.96,24,Other,0,No,Yes
LA-02075,54,51312.02,Private_Sector,9,Bachelor,Married,2,Bursa,Rent,742,12598.32,290038.28,36,Other,0,No,Yes
LA-02076,54,81227.26,Public_Sector,15,Doctorate,Married,1,Gaziantep,Family_Home,738,11286.64,245680.91,120,Debt_Consolidation,0,No,Yes
LA-02077,34,25430.48,Private_Sector,6,Bachelor,Married,,Antalya,Rent,640,3969.31,214783.81,60,Debt_Consolidation,1,No,No
LA-02078,38,36658.35,Public_Sector,,Master,Married,2,Antalya,Family_Home,,3056.59,362528.82,48,Business,1,No,No
LA-02079,51,24295.02,Freelancer,21,Bachelor,Married,3,Konya,Rent,729,2224.31,150521.87,84,Home,2,No,No
LA-02080,65,45808.50,Private_Sector,26,Associate,Single,0,Bursa,Rent,671,23995.59,280124.67,12,Vehicle,0,No,Yes
LA-02081,45,51534.84,Freelancer,8,Bachelor,Single,0,Gaziantep,Rent,496,14592.69,562716.05,36,Debt_Consolidation,3,No,No
LA-02082,22,89914.08,Private_Sector,4,Master,Married,1,Gaziantep,Rent,714,52517.09,434710.64,24,Other,0,No,Yes
LA-02083,44,95917.58,Private_Sector,12,Bachelor,Single,1,Istanbul,Mortgage,666,23741.54,22560.80,36,Education,2,No,Yes
LA-02084,27,44074.21,Public_Sector,3,High_School,Married,1,Adana,Rent,596,12735.68,88307.58,48,Other,0,No,No
LA-02085,43,23491.03,Public_Sector,4,Master,Married,0,Antalya,Mortgage,619,,480496.31,36,Debt_Consolidation,0,No,No
LA-02086,58,46360.83,Public_Sector,15,Master,Single,3,Izmir,Owner,684,,95553.77,12,Home,2,Yes,No
LA-02087,60,43310.38,,20,Associate,Single,4,Bursa,Rent,629,13167.74,449534.63,120,Education,0,No,No
LA-02088,51,49519.70,Private_Sector,13,Bachelor,Single,1,Bursa,Rent,615,11390.81,203891.62,84,Other,1,No,No
LA-02089,35,45069.41,Freelancer,4,Associate,Married,0,Istanbul,Mortgage,713,25935.52,526752.68,48,Other,0,No,Yes
LA-02090,27,,Self_Employed,5,Master,Single,0,Gaziantep,Owner,595,15087.01,143055.16,36,Home,0,No,Yes
LA-02091,55,71099.25,Self_Employed,16,Bachelor,Married,1,Adana,Mortgage,748,25038.35,883613.08,12,Vehicle,2,No,Yes
LA-02092,49,170711.93,Public_Sector,12,Master,Divorced,2,Izmir,Family_Home,798,28737.50,276908.77,120,Debt_Consolidation,0,Yes,Yes
LA-02093,40,36634.51,Freelancer,13,Bachelor,Single,1,Adana,Owner,698,21241.04,82871.91,120,Business,0,Yes,Yes
LA-02094,69,55901.15,Private_Sector,16,Master,Married,3,Izmir,Rent,762,28350.67,492369.50,24,Other,0,No,Yes
LA-02095,22,117305.80,Private_Sector,4,Bachelor,Single,3,Izmir,Mortgage,817,,330596.77,84,Other,1,No,No
LA-02096,23,34051.60,Public_Sector,1,High_School,Married,0,Izmir,Owner,661,15392.20,486889.24,60,Debt_Consolidation,0,Yes,No
LA-02097,22,59076.80,Private_Sector,4,Bachelor,Married,4,Konya,Rent,646,28150.54,231743.91,48,Vehicle,0,No,Yes
LA-02098,61,370527.42,Self_Employed,11,Bachelor,Married,0,Adana,Mortgage,900,80009.55,149717.23,24,Home,0,No,Yes
LA-02099,45,29619.32,Public_Sector,6,Associate,Single,0,Bursa,Mortgage,691,14692.60,416104.92,36,Home,0,No,No
LA-02100,67,75967.98,Private_Sector,15,Master,Single,1,Istanbul,Owner,591,6986.54,1051731.78,36,Home,2,No,Yes
LA-02101,51,99106.78,Private_Sector,8,Bachelor,Single,0,Izmir,Rent,699,13610.21,232789.52,84,Other,0,No,Yes
LA-02102,22,41768.00,Freelancer,0,Bachelor,Divorced,3,Antalya,Family_Home,618,3754.58,307750.19,36,Home,3,No,No
LA-02103,26,28870.58,Private_Sector,0,High_School,Single,0,Ankara,Mortgage,786,3642.73,186301.22,36,Education,0,No,Yes
LA-02104,50,41626.57,Freelancer,19,Bachelor,Married,0,Istanbul,Mortgage,760,11215.67,143418.57,84,Other,2,No,No
LA-02105,26,112479.16,Self_Employed,5,Master,Single,1,Antalya,Rent,743,26077.02,168353.35,84,Education,0,No,Yes
LA-02106,46,66951.53,Private_Sector,11,Bachelor,Married,1,Izmir,Rent,717,9575.37,268928.38,24,Debt_Consolidation,3,No,No
LA-02107,43,38090.41,Self_Employed,6,High_School,Single,2,Istanbul,Mortgage,587,8460.07,170858.22,48,Debt_Consolidation,0,No,Yes
LA-02108,57,27706.65,Public_Sector,13,Master,Married,3,Konya,Mortgage,573,12161.45,1741293.72,84,Other,2,No,No
LA-02109,69,126022.61,Public_Sector,13,Associate,Married,0,Adana,Mortgage,745,26717.25,642439.52,60,Home,1,Yes,Yes
LA-02110,38,53439.26,Public_Sector,8,Bachelor,Married,0,Adana,Family_Home,676,11049.24,95643.21,12,Debt_Consolidation,0,Yes,Yes
LA-02111,68,69499.65,Private_Sector,24,Bachelor,Married,2,Antalya,Mortgage,745,31297.68,753118.36,60,Other,0,No,Yes
LA-02112,68,45384.61,Private_Sector,15,Associate,Single,3,Antalya,Family_Home,698,15086.41,181355.02,60,Business,3,Yes,No
LA-02113,67,91679.27,Private_Sector,30,Associate,Widowed,5,Gaziantep,Family_Home,607,51964.22,235497.70,84,Debt_Consolidation,1,No,No
LA-02114,55,37861.24,Private_Sector,19,Master,Married,1,Adana,Family_Home,539,4156.46,233784.84,24,Vehicle,1,Yes,No
LA-02115,31,37355.52,Freelancer,9,High_School,Married,2,Antalya,Owner,613,9119.69,333312.17,60,Vehicle,0,No,No
LA-02116,27,78326.78,Public_Sector,8,Bachelor,Single,1,Izmir,Rent,815,43223.90,61985.70,120,Vehicle,0,Yes,Yes
LA-02117,24,290572.65,Private_Sector,0,Bachelor,Married,1,Istanbul,Rent,900,50961.59,403246.92,12,Other,0,No,Yes
LA-02118,33,40689.20,Private_Sector,6,Bachelor,Married,3,Istanbul,Mortgage,610,9921.34,286484.84,12,Home,2,No,No
LA-02119,21,96997.03,Self_Employed,0,Bachelor,Single,2,Izmir,Family_Home,755,6612.44,91173.23,36,Debt_Consolidation,0,No,Yes
LA-02120,26,32889.03,Public_Sector,2,Bachelor,Married,3,Istanbul,Rent,653,11626.18,47411.67,120,Home,1,No,No
LA-02121,34,49061.12,Public_Sector,0,Bachelor,Married,4,Bursa,Family_Home,701,,352242.78,36,Business,0,No,No
LA-02122,33,29653.90,Private_Sector,5,High_School,Married,4,Antalya,Rent,582,16227.06,109861.70,120,Vehicle,0,No,No
LA-02123,63,28391.02,Private_Sector,25,Bachelor,Married,2,Antalya,Owner,705,3016.03,178958.90,36,Other,0,No,Yes
LA-02124,25,199407.81,Public_Sector,2,Master,Divorced,1,Konya,Owner,705,38857.55,937427.21,120,Education,4,No,No
LA-02125,53,37958.12,Private_Sector,17,Master,Married,3,Adana,Family_Home,602,18087.24,277115.04,120,Debt_Consolidation,0,No,No
LA-02126,43,92527.23,Private_Sector,8,Bachelor,Married,3,Gaziantep,Rent,664,30218.97,337209.20,60,Education,2,No,Yes
LA-02127,46,37524.86,Private_Sector,8,Bachelor,Married,3,Adana,Family_Home,760,,138187.17,36,Vehicle,1,No,Yes
LA-02128,45,65900.12,Self_Employed,11,Bachelor,Single,0,Konya,Rent,542,30103.60,346585.55,48,Other,0,Yes,Yes
LA-02129,31,45186.77,Freelancer,0,Bachelor,Married,0,Ankara,Owner,719,12152.48,330513.76,84,Education,3,No,No
LA-02130,60,81650.65,Public_Sector,20,Master,Single,1,Bursa,Rent,783,23609.69,277404.56,12,Debt_Consolidation,0,Yes,Yes
LA-02131,68,32908.24,Private_Sector,20,Associate,Married,0,Adana,Rent,667,14528.80,321371.14,12,Home,1,No,No
LA-02132,36,50610.80,Public_Sector,13,Bachelor,Married,0,Istanbul,Mortgage,629,22818.03,85815.25,24,Business,2,No,Yes
LA-02133,38,37666.76,,5,Bachelor,Married,4,Konya,Mortgage,748,4999.49,140755.66,60,Business,0,No,Yes
LA-02134,41,26552.45,Private_Sector,3,High_School,Single,2,Bursa,Mortgage,576,12286.53,265628.60,48,Other,0,No,No
LA-02135,63,64247.64,Private_Sector,22,Bachelor,Married,2,Istanbul,Mortgage,715,39584.29,190038.17,84,Other,1,Yes,Yes
LA-02136,48,23999.84,Freelancer,12,High_School,Married,2,Istanbul,Mortgage,555,2385.55,703990.21,48,Vehicle,1,Yes,No
LA-02137,22,52586.08,Retired,0,Associate,Married,,Istanbul,Rent,662,12728.55,100506.79,120,Other,0,No,No
LA-02138,37,84197.06,Public_Sector,7,High_School,Widowed,2,Izmir,Mortgage,633,35710.42,373946.33,48,Other,0,No,No
LA-02139,66,21689.20,Private_Sector,29,Associate,Single,3,Konya,Rent,634,3102.61,149052.46,36,Education,3,No,No
LA-02140,30,31650.87,Public_Sector,4,High_School,Married,2,Adana,Mortgage,727,18292.90,916096.85,60,Vehicle,0,No,No
LA-02141,28,44228.85,Private_Sector,1,Bachelor,Married,2,Adana,Family_Home,657,7613.38,133564.72,84,Other,1,No,No
LA-02142,38,74890.24,Freelancer,9,High_School,Married,3,Bursa,Mortgage,701,36696.00,729170.41,60,Vehicle,0,No,Yes
LA-02143,62,45382.67,Private_Sector,25,High_School,Single,1,Adana,Rent,646,23124.05,479434.72,12,Education,3,Yes,No
LA-02144,63,56893.57,Public_Sector,19,High_School,Single,0,Gaziantep,Mortgage,661,24081.94,212822.98,36,Business,0,No,Yes
LA-02145,68,20606.61,Self_Employed,21,Master,Married,2,Gaziantep,Mortgage,773,2725.78,418193.06,48,Other,1,No,Yes
LA-02146,22,39901.29,Self_Employed,0,High_School,Single,2,Bursa,Mortgage,724,10897.58,598515.56,120,Business,,No,No
LA-02147,51,53434.33,Freelancer,16,Associate,Married,2,Istanbul,Owner,672,6815.56,381768.04,84,Vehicle,,Yes,No
LA-02148,44,42848.14,Private_Sector,8,Master,Single,1,Antalya,Family_Home,648,6690.44,645526.53,12,Debt_Consolidation,0,Yes,No
LA-02149,67,31637.87,Private_Sector,22,High_School,Single,2,Adana,Mortgage,553,8232.07,1154050.61,60,Debt_Consolidation,0,No,No
LA-02150,43,59244.70,Private_Sector,9,Associate,Single,3,Antalya,Family_Home,501,11968.32,592426.62,48,Business,0,No,No
LA-02151,60,46952.27,Public_Sector,19,Bachelor,Married,4,Izmir,Family_Home,606,6689.28,284225.75,24,Debt_Consolidation,0,Yes,Yes
LA-02152,60,89238.84,Private_Sector,13,Bachelor,Married,3,Bursa,Family_Home,701,22015.67,398340.66,36,Education,0,No,Yes
LA-02153,66,31424.26,Public_Sector,16,Bachelor,Married,2,Gaziantep,Mortgage,559,7149.90,556758.08,36,Other,0,No,No
LA-02154,48,42271.23,Freelancer,12,Bachelor,Married,3,Adana,Mortgage,633,17293.24,301405.12,84,Business,1,No,No
LA-02155,52,36757.44,Public_Sector,12,Bachelor,Married,2,Ankara,Rent,580,10772.17,527505.63,48,Vehicle,0,No,No
LA-02156,24,45056.46,Self_Employed,3,Bachelor,Single,0,Konya,Rent,736,16195.59,211493.55,84,Business,0,No,Yes
LA-02157,49,50773.87,Public_Sector,7,Bachelor,Single,,Bursa,Owner,560,23864.80,326333.49,120,Business,3,No,No
LA-02158,46,68181.65,Private_Sector,12,High_School,Married,1,Adana,Rent,756,22512.24,272555.12,12,Home,0,No,Yes
LA-02159,23,29760.16,Private_Sector,0,High_School,Married,0,Adana,Mortgage,697,4961.81,315048.88,24,Education,6,No,No
LA-02160,58,46296.24,Private_Sector,18,High_School,Married,0,Bursa,Rent,605,7821.54,347001.47,120,Vehicle,1,Yes,No
LA-02161,25,65869.35,Private_Sector,7,Associate,Single,1,Konya,Rent,613,3505.21,443549.00,84,Debt_Consolidation,0,No,No
LA-02162,44,45877.74,Private_Sector,11,Master,Married,1,Ankara,Rent,733,21748.82,373792.07,24,Business,0,Yes,Yes
LA-02163,26,39692.87,Freelancer,5,High_School,Single,4,Adana,Rent,751,7903.06,122895.55,48,Other,1,No,No
LA-02164,27,118429.76,Private_Sector,3,Master,Single,5,Antalya,Owner,569,52505.23,65318.15,120,Home,,No,No
LA-02165,60,28416.58,Retired,19,Doctorate,Married,4,Bursa,Rent,546,,77361.61,12,Business,0,No,No
LA-02166,58,77348.04,Self_Employed,14,Bachelor,Married,2,Konya,Mortgage,769,40154.92,814288.61,12,Other,0,No,Yes
LA-02167,48,80084.74,Private_Sector,14,Bachelor,Married,3,Gaziantep,Mortgage,670,31054.07,193242.99,24,Debt_Consolidation,1,No,Yes
LA-02168,51,84940.04,Private_Sector,10,High_School,Single,1,Ankara,Owner,807,35573.60,458703.57,48,Vehicle,2,No,Yes
LA-02169,34,61607.21,Self_Employed,0,High_School,Married,5,Izmir,Owner,731,23638.65,37445.07,12,Other,3,No,No
LA-02170,66,58226.47,Private_Sector,18,Bachelor,Married,2,Ankara,Family_Home,630,35899.04,142935.93,24,Business,2,No,No
LA-02171,63,80393.09,Public_Sector,13,Bachelor,Married,4,Adana,Owner,806,46615.44,279413.82,36,Other,0,No,Yes
LA-02172,38,15391.61,Private_Sector,8,Master,Divorced,1,Antalya,Family_Home,578,5629.53,218212.87,48,Other,1,No,No
LA-02173,61,66298.25,Private_Sector,,Master,Single,2,Bursa,Mortgage,698,25691.87,373945.05,36,Education,0,No,Yes
LA-02174,50,76169.65,Private_Sector,22,Bachelor,Married,1,Ankara,Owner,583,22991.34,137030.87,60,Business,2,No,No
LA-02175,37,23762.48,Self_Employed,5,Bachelor,Married,1,Bursa,Mortgage,721,6358.89,574541.49,12,Education,2,No,No
LA-02176,56,39059.16,Private_Sector,14,High_School,Single,2,Gaziantep,Owner,679,16682.80,408551.51,84,Vehicle,5,No,No
LA-02177,64,37228.52,Private_Sector,20,High_School,Married,0,Adana,Rent,602,20537.25,213332.10,120,Home,1,Yes,No
LA-02178,44,43979.72,Private_Sector,15,Master,Married,1,Bursa,Family_Home,584,7928.60,290834.26,84,Education,2,No,No
LA-02179,31,82544.83,Self_Employed,4,Bachelor,Married,4,Bursa,Owner,729,8637.31,201031.52,60,Other,1,No,Yes
LA-02180,23,32802.44,Public_Sector,2,Bachelor,Single,2,Gaziantep,Rent,694,14821.49,144130.43,48,Education,2,Yes,No
LA-02181,36,30081.03,Public_Sector,9,Master,Single,0,Ankara,Owner,623,15824.04,381487.81,120,Business,1,Yes,No
LA-02182,67,66184.11,Self_Employed,19,Bachelor,Single,2,Adana,Owner,539,24054.66,116491.41,120,Home,0,No,No
LA-02183,59,83470.84,Private_Sector,14,Master,Married,0,Istanbul,Rent,723,17012.31,73218.54,60,Home,,No,Yes
LA-02184,55,27377.70,Private_Sector,16,Master,Single,2,Antalya,Rent,652,8000.32,121780.26,36,Home,0,No,Yes
LA-02185,22,177235.03,Public_Sector,1,Associate,Married,1,Bursa,Rent,765,89224.97,65134.00,48,Debt_Consolidation,1,Yes,Yes
LA-02186,41,26266.39,Freelancer,6,Master,Single,2,Konya,Mortgage,594,2984.22,588024.03,84,Home,3,No,No
LA-02187,35,58892.77,Public_Sector,6,High_School,Married,3,Konya,Rent,693,12833.21,347280.91,60,Vehicle,1,No,Yes
LA-02188,45,70256.34,Private_Sector,8,Master,Single,0,Adana,Mortgage,589,10351.97,196687.22,48,Other,1,No,No
LA-02189,22,36333.14,Private_Sector,2,Doctorate,Widowed,1,Izmir,Owner,,18630.00,920176.58,24,Vehicle,0,No,Yes
LA-02190,65,41580.14,Self_Employed,25,Bachelor,Single,1,Ankara,Owner,689,23832.02,681695.43,84,Other,0,No,Yes
LA-02191,65,85889.98,Self_Employed,27,Doctorate,Single,0,Ankara,Owner,734,41837.95,48854.97,24,Debt_Consolidation,0,No,Yes
LA-02192,57,77582.59,Private_Sector,20,Bachelor,Married,1,Gaziantep,Rent,705,24597.72,76753.89,12,Debt_Consolidation,3,No,Yes
LA-02193,56,51429.18,Self_Employed,17,Master,Single,1,Antalya,Mortgage,614,20036.53,322225.01,60,Home,0,Yes,Yes
LA-02194,61,65758.11,Public_Sector,22,Bachelor,Single,1,Gaziantep,Owner,806,18487.53,409041.95,36,Vehicle,0,No,Yes
LA-02195,26,63691.51,Public_Sector,1,High_School,Divorced,3,Adana,Mortgage,687,24883.10,161536.17,12,Debt_Consolidation,0,No,No
LA-02196,51,51032.12,Private_Sector,15,Bachelor,Single,2,Adana,Rent,637,3037.58,1011916.88,60,Debt_Consolidation,1,Yes,No
LA-02197,28,38475.06,Private_Sector,7,Doctorate,Married,0,Istanbul,Family_Home,675,19265.07,336694.20,48,Education,1,No,No
LA-02198,42,105019.29,Freelancer,,Associate,Widowed,1,Izmir,Owner,709,9267.97,543446.32,60,Vehicle,1,No,Yes
LA-02199,68,47205.14,Private_Sector,24,High_School,Widowed,1,Antalya,Owner,567,19279.04,1089314.26,60,Business,2,No,No
LA-02200,54,77144.20,Public_Sector,8,High_School,Single,1,Bursa,Rent,847,13465.09,188947.55,84,Other,0,No,Yes
