Property_ID,District,Building_Type,Gross_Area_m2,Rooms,Bathrooms,Building_Age,Floor,Total_Floors,Heating_Type,Furnished_Status,Parking_Spaces,Balconies,In_Residential_Complex,View_Type,Distance_to_Center_km,Distance_to_Transit_km,Elevator,Security,Price_TL
HP-00001,Besiktas,Detached,229.2,7,3,11,0,10,,Unfurnished,0,2,No,Nature,10.49,1.53,Yes,Yes,25006714.64
HP-00002,Konyaalti,Apartment,80.7,2,1,12,17,23,Natural_Gas,Furnished,1,,No,Park,1.36,2.89,Yes,Yes,3940245.54
HP-00003,Karsiyaka,Apartment,75.9,2,1,4,13,16,Central,Unfurnished,1,1,Yes,Street,3.56,0.20,Yes,Yes,4164412.83
HP-00004,Besiktas,Apartment,85.9,2,1,7,16,24,Heat_Pump,Unfurnished,0,1,No,Nature,2.65,,No,Yes,7113984.62
HP-00005,Kadikoy,Apartment,159.8,5,2,23,16,28,Central,Unfurnished,1,2,No,City,5.28,2.98,Yes,Yes,11864496.20
HP-00006,Uskudar,Residence,55.8,2,1,15,12,21,Central,Semi_Furnished,0,0,No,Street,2.06,2.21,Yes,No,3272024.30
HP-00007,Beylikduzu,Villa,160.5,4,2,3,0,10,,Semi_Furnished,2,1,No,Park,17.14,0.43,Yes,Yes,9059295.83
HP-00008,Konyaalti,Apartment,133.6,3,1,0,13,23,Natural_Gas,Unfurnished,0,2,No,Nature,,1.75,Yes,No,6890190.17
HP-00009,Besiktas,Apartment,143.0,3,1,0,8,13,Natural_Gas,Unfurnished,1,0,No,City,7.34,1.20,Yes,No,13678875.57
HP-00010,Kadikoy,Apartment,249.4,6,2,38,13,25,Natural_Gas,Unfurnished,0,2,No,Street,4.27,1.22,No,Yes,12546605.79
HP-00011,Atasehir,Apartment,156.1,4,1,16,17,21,Electric,Furnished,1,1,No,Sea,,1.35,Yes,Yes,13886131.17
HP-00012,Beylikduzu,Detached,112.8,3,1,4,0,2,Natural_Gas,Furnished,1,2,Yes,Street,6.58,0.37,Yes,No,4512783.89
HP-00013,Konyaalti,Apartment,139.9,4,1,13,28,32,Central,Semi_Furnished,1,1,No,Street,9.99,1.42,Yes,No,6285105.77
HP-00014,Besiktas,Detached,282.7,7,2,6,0,12,Central,Semi_Furnished,1,2,No,Street,7.91,0.49,Yes,Yes,32292046.90
HP-00015,Uskudar,Apartment,119.0,4,2,0,16,18,Central,Furnished,1,1,No,Street,1.18,2.15,No,No,8506578.92
HP-00016,Beylikduzu,Detached,128.9,3,,14,0,13,Natural_Gas,Semi_Furnished,0,2,Yes,Nature,7.24,0.23,Yes,Yes,5442297.12
HP-00017,Atasehir,Detached,261.0,7,2,5,0,4,Natural_Gas,Unfurnished,1,0,Yes,Sea,6.06,1.01,Yes,Yes,33183219.24
HP-00018,Beylikduzu,Apartment,93.6,2,1,12,10,18,Central,Semi_Furnished,0,1,No,Street,6.72,2.61,Yes,Yes,2610516.56
HP-00019,Karsiyaka,Townhouse,148.7,5,2,4,16,23,Central,Semi_Furnished,0,1,Yes,Street,2.51,0.07,Yes,No,7937654.31
HP-00020,Kadikoy,Apartment,35.0,1,1,6,14,16,Natural_Gas,Furnished,0,2,No,City,9.79,1.22,No,No,7757371.58
HP-00021,Beylikduzu,Apartment,93.1,2,1,4,8,18,Natural_Gas,Unfurnished,1,1,Yes,Street,2.62,0.30,Yes,No,4092205.82
HP-00022,Uskudar,Apartment,106.6,3,1,20,7,11,Electric,Furnished,1,1,No,Street,2.32,0.66,Yes,Yes,5528485.22
HP-00023,Atasehir,Apartment,115.9,4,2,5,21,27,Central,Semi_Furnished,1,2,Yes,Sea,0.54,1.55,Yes,No,11243821.53
HP-00024,Kadikoy,Apartment,,5,2,2,18,21,Central,Furnished,2,1,No,Sea,1.59,1.69,Yes,Yes,16160915.38
HP-00025,Konyaalti,Detached,222.1,5,2,,0,4,Natural_Gas,Unfurnished,1,2,Yes,Street,11.28,0.90,Yes,Yes,15598874.72
HP-00026,Karsiyaka,Apartment,160.3,6,2,2,12,17,Natural_Gas,Furnished,0,1,No,Street,7.55,1.48,Yes,Yes,8613741.84
HP-00027,Cankaya,Apartment,78.9,3,1,11,1,4,Natural_Gas,Unfurnished,2,1,Yes,Nature,2.34,0.88,Yes,No,3622200.68
HP-00028,Uskudar,Apartment,82.9,2,1,48,20,23,Natural_Gas,Unfurnished,1,2,No,Park,10.70,0.44,Yes,No,4161586.57
HP-00029,Uskudar,Apartment,,3,1,7,10,20,Natural_Gas,Furnished,1,1,No,Street,5.38,0.49,Yes,No,6182494.98
HP-00030,Besiktas,Detached,193.9,6,2,4,0,5,,Unfurnished,1,2,No,City,0.90,0.74,Yes,Yes,19776975.32
HP-00031,Beylikduzu,Residence,75.5,2,1,9,0,2,Central,Semi_Furnished,0,1,Yes,Park,2.60,1.06,No,No,3000054.21
HP-00032,Karsiyaka,Apartment,82.3,2,1,7,23,29,Natural_Gas,Semi_Furnished,1,1,No,Sea,2.71,0.63,Yes,Yes,5866331.97
HP-00033,Cankaya,Apartment,35.0,1,1,37,28,35,Central,Unfurnished,1,1,Yes,Street,5.53,3.24,Yes,Yes,1450668.82
HP-00034,Uskudar,Apartment,92.1,3,1,5,24,26,Heat_Pump,Furnished,1,1,No,Park,6.45,1.00,Yes,Yes,7054147.51
HP-00035,Konyaalti,Townhouse,197.3,7,2,8,10,13,Natural_Gas,Unfurnished,2,2,No,Park,4.42,1.07,No,Yes,13575424.83
HP-00036,Konyaalti,Apartment,150.7,4,1,16,9,22,Central,Furnished,2,3,Yes,Nature,2.84,0.74,No,Yes,8719045.30
HP-00037,Atasehir,Apartment,35.0,1,1,20,17,19,Natural_Gas,Unfurnished,0,1,No,Sea,3.46,0.38,Yes,Yes,2094666.23
HP-00038,Konyaalti,Apartment,127.5,4,2,18,3,11,Central,Unfurnished,2,,No,Street,4.97,0.59,Yes,No,7258643.91
HP-00039,Sisli,Apartment,79.4,2,1,7,7,12,Natural_Gas,Semi_Furnished,1,1,No,Street,3.03,3.14,No,Yes,5344607.13
HP-00040,Karsiyaka,Apartment,110.7,3,1,4,8,10,,Unfurnished,1,0,No,Street,4.84,1.29,No,No,5111184.29
HP-00041,Konyaalti,Apartment,218.4,7,3,46,13,16,Natural_Gas,Semi_Furnished,1,2,No,Street,4.91,0.71,Yes,No,7306902.67
HP-00042,Atasehir,Apartment,158.7,4,1,0,17,30,Natural_Gas,Furnished,1,2,No,Park,3.08,1.29,Yes,No,10591818.51
HP-00043,Kadikoy,Townhouse,258.8,7,3,9,16,24,Central,Unfurnished,2,0,Yes,Street,8.35,0.42,Yes,No,21716367.47
HP-00044,Besiktas,Apartment,160.3,5,2,31,1,10,Central,Semi_Furnished,2,,Yes,Street,5.30,0.40,Yes,Yes,14321097.79
HP-00045,Atasehir,Villa,212.5,5,2,12,0,3,Central,Semi_Furnished,1,3,Yes,City,9.14,0.93,Yes,No,19456041.72
HP-00046,Konyaalti,Detached,119.2,4,2,12,0,11,Heat_Pump,Unfurnished,1,1,Yes,Street,2.79,0.91,No,No,7123417.21
HP-00047,Besiktas,Apartment,211.7,5,2,41,11,22,Electric,Unfurnished,2,0,Yes,Park,2.37,0.88,Yes,No,15293298.46
HP-00048,Sisli,Apartment,136.3,3,1,13,22,31,Natural_Gas,Unfurnished,0,1,Yes,Street,5.58,1.00,Yes,No,8564268.04
HP-00049,Atasehir,Residence,134.2,4,2,5,2,10,Natural_Gas,Semi_Furnished,1,1,No,Nature,9.34,1.14,Yes,No,8530076.49
HP-00050,Nilufer,Apartment,76.2,3,1,19,16,22,Natural_Gas,Semi_Furnished,0,0,Yes,Street,8.71,0.30,No,Yes,2134005.93
HP-00051,Nilufer,Apartment,118.7,3,1,,6,13,Natural_Gas,Unfurnished,2,1,No,Sea,4.67,1.09,Yes,Yes,3962530.74
HP-00052,Konyaalti,Apartment,144.4,4,1,9,11,20,Coal,Unfurnished,0,1,Yes,City,1.71,1.16,Yes,Yes,10626342.60
HP-00053,Konyaalti,Residence,243.4,7,3,0,27,39,Natural_Gas,Furnished,0,1,Yes,City,4.28,0.62,No,Yes,20656690.87
HP-00054,Besiktas,Detached,293.1,9,3,2,0,2,Electric,Unfurnished,1,3,No,Street,10.95,0.90,No,No,33450515.40
HP-00055,Uskudar,Villa,138.1,4,2,42,0,8,Natural_Gas,Unfurnished,2,1,No,Park,5.58,2.31,Yes,No,10638024.27
HP-00056,Beylikduzu,Apartment,144.8,4,1,2,13,24,Natural_Gas,Semi_Furnished,0,2,Yes,Nature,9.09,0.91,No,No,6871448.83
HP-00057,Nilufer,Apartment,101.6,3,1,9,26,36,Natural_Gas,Unfurnished,1,2,No,Street,2.20,0.57,No,Yes,3644269.87
HP-00058,Uskudar,Residence,111.9,3,1,19,9,20,Natural_Gas,Semi_Furnished,2,2,Yes,Street,3.18,0.78,No,No,8139344.74
HP-00059,Cankaya,Apartment,266.0,6,3,10,28,33,Natural_Gas,Furnished,0,1,Yes,City,3.56,0.43,Yes,No,18064252.52
HP-00060,Besiktas,Detached,161.0,5,2,4,0,4,Natural_Gas,Unfurnished,1,2,Yes,Street,0.58,1.36,Yes,Yes,18623618.28
HP-00061,Nilufer,Apartment,207.7,6,2,4,22,25,Central,Semi_Furnished,0,2,No,Street,1.36,1.57,Yes,Yes,7270844.80
HP-00062,Atasehir,Apartment,127.9,3,1,19,14,25,Natural_Gas,Unfurnished,2,1,No,City,3.11,1.22,Yes,No,7956205.54
HP-00063,Uskudar,Apartment,77.1,2,1,4,5,11,Heat_Pump,Unfurnished,1,2,Yes,Street,,0.55,Yes,Yes,6001860.63
HP-00064,Cankaya,Townhouse,240.6,6,2,5,11,21,Central,Unfurnished,3,1,No,Park,0.96,2.55,No,Yes,17019254.89
HP-00065,Beylikduzu,Villa,211.9,6,2,9,0,4,Natural_Gas,Furnished,2,2,Yes,Sea,7.89,0.08,Yes,No,17144259.24
HP-00066,Besiktas,Apartment,209.2,6,3,22,25,33,Natural_Gas,Unfurnished,1,1,Yes,Street,14.49,0.86,Yes,No,15207265.61
HP-00067,Uskudar,Apartment,121.2,4,1,7,23,25,Natural_Gas,Semi_Furnished,2,3,Yes,Street,0.86,0.81,Yes,Yes,8556731.39
HP-00068,Nilufer,Detached,226.5,7,3,8,0,9,Natural_Gas,Semi_Furnished,1,2,Yes,Park,7.97,0.76,Yes,Yes,11388693.99
HP-00069,Beylikduzu,Apartment,134.8,3,1,23,19,23,Natural_Gas,Unfurnished,1,0,Yes,Street,7.34,1.99,No,No,3892801.84
HP-00070,Atasehir,Apartment,173.4,5,2,5,13,21,Natural_Gas,Furnished,0,1,No,Street,5.16,1.62,Yes,Yes,9840897.46
HP-00071,Kadikoy,Apartment,35.0,1,1,0,0,8,Natural_Gas,Semi_Furnished,1,2,Yes,Nature,1.01,1.08,Yes,No,3272153.64
HP-00072,Kadikoy,Detached,291.8,7,3,21,0,4,Natural_Gas,Unfurnished,1,2,Yes,City,2.17,2.60,No,No,25582504.64
HP-00073,Kadikoy,Apartment,157.2,4,1,10,16,24,Natural_Gas,Semi_Furnished,1,2,Yes,City,4.75,1.17,No,No,11547216.97
HP-00074,Kadikoy,Detached,161.5,4,2,8,0,10,,Furnished,1,1,Yes,City,13.40,0.29,Yes,Yes,14375014.51
HP-00075,Beylikduzu,Villa,262.4,6,3,10,0,7,Natural_Gas,Furnished,3,2,No,City,2.08,2.74,Yes,No,13215976.05
HP-00076,Besiktas,Apartment,160.3,4,2,32,14,19,Natural_Gas,Unfurnished,0,1,No,Nature,,1.01,Yes,No,13520764.47
HP-00077,Konyaalti,Detached,127.2,3,1,0,0,8,Natural_Gas,Unfurnished,0,1,No,Nature,13.30,0.62,Yes,Yes,9203016.87
HP-00078,Beylikduzu,Residence,183.3,5,2,8,4,6,Central,Unfurnished,1,2,No,Street,7.67,0.90,Yes,No,6994060.83
HP-00079,Nilufer,Apartment,114.1,3,1,24,16,28,Central,Unfurnished,1,3,No,City,5.12,2.40,No,Yes,4597787.80
HP-00080,Sisli,Apartment,155.6,4,2,0,15,19,Natural_Gas,Semi_Furnished,2,2,Yes,Nature,4.85,1.13,Yes,No,16641178.91
HP-00081,Beylikduzu,Apartment,107.9,3,1,32,3,7,Natural_Gas,Semi_Furnished,1,0,No,Street,0.70,0.70,Yes,No,3097488.58
HP-00082,Kadikoy,Residence,98.4,3,1,32,23,26,Natural_Gas,Unfurnished,1,2,No,Street,1.83,1.58,Yes,No,7158369.06
HP-00083,Uskudar,Townhouse,107.4,4,2,57,1,3,Natural_Gas,Unfurnished,0,0,Yes,City,4.29,0.86,Yes,Yes,4201464.32
HP-00084,Cankaya,Apartment,114.7,3,1,28,23,35,Natural_Gas,Unfurnished,1,1,Yes,Street,1.40,1.30,No,No,5261325.09
HP-00085,Cankaya,Apartment,117.7,3,1,13,11,23,Natural_Gas,Unfurnished,2,1,Yes,Street,1.78,0.64,Yes,No,6675550.81
HP-00086,Atasehir,Apartment,161.9,4,2,3,11,15,Natural_Gas,Semi_Furnished,1,2,Yes,Sea,8.85,0.32,Yes,No,13601365.57
HP-00087,Nilufer,Apartment,113.4,3,1,7,0,12,Central,Furnished,1,0,No,Street,15.95,0.41,Yes,No,3341104.33
HP-00088,Kadikoy,Apartment,168.9,6,2,9,1,3,Central,Unfurnished,2,1,No,Nature,7.55,1.54,Yes,No,14179445.71
HP-00089,Kadikoy,Apartment,108.3,3,1,6,25,32,Electric,Unfurnished,1,2,No,Park,2.17,1.44,Yes,Yes,8041063.96
HP-00090,Atasehir,Apartment,61.8,2,1,17,6,9,Central,Unfurnished,1,1,No,Nature,12.11,2.96,Yes,No,7609154.31
HP-00091,Atasehir,Apartment,128.7,4,1,21,15,27,Coal,Unfurnished,0,1,Yes,Street,4.62,0.32,Yes,Yes,6367206.69
HP-00092,Beylikduzu,Villa,190.2,7,3,62,0,11,Natural_Gas,Semi_Furnished,1,1,Yes,Street,3.89,1.48,Yes,No,5803685.77
HP-00093,Karsiyaka,Apartment,103.9,3,1,27,1,10,Natural_Gas,Furnished,1,2,Yes,City,14.77,1.19,Yes,No,4296802.19
HP-00094,Karsiyaka,Apartment,35.0,1,1,3,12,23,Central,Furnished,2,2,Yes,Street,5.22,2.50,Yes,No,2026959.33
HP-00095,Besiktas,Apartment,144.1,3,1,44,27,32,Coal,Unfurnished,1,,Yes,Nature,4.92,2.46,Yes,No,9018427.27
HP-00096,Konyaalti,Apartment,117.1,4,2,0,27,33,Natural_Gas,Unfurnished,1,1,Yes,Street,10.16,1.44,No,No,6314052.96
HP-00097,Sisli,Residence,220.9,5,2,5,17,28,Coal,Unfurnished,2,1,No,Street,9.59,0.65,Yes,No,16520411.65
HP-00098,Karsiyaka,Apartment,82.9,3,1,22,24,28,Central,Semi_Furnished,1,0,Yes,Nature,4.92,2.53,No,No,3356799.81
HP-00099,Cankaya,Apartment,80.2,2,1,,10,21,Central,Unfurnished,1,1,Yes,Street,10.04,1.76,Yes,Yes,2761038.14
HP-00100,Atasehir,Apartment,128.8,3,1,5,28,39,Electric,Semi_Furnished,0,2,No,Park,5.13,2.35,Yes,No,9209758.95
HP-00101,Kadikoy,Detached,223.1,5,2,8,0,12,Central,Semi_Furnished,1,2,Yes,Park,5.19,2.13,Yes,Yes,23068273.38
HP-00102,Cankaya,Apartment,115.8,3,1,57,28,36,Natural_Gas,Unfurnished,1,0,No,Street,4.48,0.75,Yes,No,3949728.41
HP-00103,Uskudar,Townhouse,260.3,7,3,17,1,13,Central,Unfurnished,1,2,Yes,Nature,7.54,0.17,No,No,21307883.73
HP-00104,Uskudar,Apartment,152.0,4,2,,21,25,Natural_Gas,Furnished,1,1,Yes,Street,13.92,0.39,Yes,No,7720664.04
HP-00105,Besiktas,Apartment,,3,1,3,23,27,Natural_Gas,Unfurnished,2,1,Yes,Sea,9.27,0.05,No,Yes,14049903.34
HP-00106,Cankaya,Villa,203.5,5,2,25,0,13,Natural_Gas,Unfurnished,2,1,No,Nature,3.54,0.20,Yes,Yes,14719649.59
HP-00107,Konyaalti,Apartment,,2,1,10,2,9,Heat_Pump,Semi_Furnished,0,0,Yes,City,11.36,0.42,Yes,Yes,3220779.80
HP-00108,Sisli,Apartment,115.5,3,1,15,2,14,Central,Furnished,1,2,Yes,Park,19.36,0.15,Yes,No,11927400.74
HP-00109,Karsiyaka,Detached,198.1,7,2,1,0,12,Natural_Gas,Semi_Furnished,0,0,No,City,6.87,0.76,No,Yes,11843938.37
HP-00110,Besiktas,Apartment,101.8,3,1,28,5,7,Natural_Gas,Semi_Furnished,1,2,Yes,Street,1.31,0.89,Yes,Yes,6900665.40
HP-00111,Karsiyaka,Apartment,35.0,1,1,34,5,16,Natural_Gas,Furnished,1,,No,Park,3.99,0.55,No,No,1503021.39
HP-00112,Beylikduzu,Apartment,169.4,4,1,1,12,25,Heat_Pump,Semi_Furnished,1,2,No,Nature,4.04,2.08,Yes,No,7070223.19
HP-00113,Konyaalti,Detached,227.5,7,2,12,0,5,Natural_Gas,Semi_Furnished,2,1,No,Street,2.93,0.25,Yes,No,17978625.34
HP-00114,Besiktas,Apartment,99.0,3,1,12,20,24,Natural_Gas,Semi_Furnished,0,3,No,Sea,7.37,0.18,Yes,No,12987316.52
HP-00115,Nilufer,Detached,280.2,9,3,6,0,8,Natural_Gas,Semi_Furnished,0,4,No,Street,3.05,0.78,Yes,No,10855288.07
HP-00116,Atasehir,Apartment,85.3,2,1,9,16,22,Natural_Gas,Semi_Furnished,0,2,Yes,Street,18.09,0.86,No,No,3710362.96
HP-00117,Kadikoy,Apartment,181.5,5,2,7,26,35,Natural_Gas,Unfurnished,2,3,Yes,Sea,3.34,1.23,Yes,Yes,17384135.61
HP-00118,Nilufer,Apartment,125.4,4,1,10,20,32,Central,Unfurnished,1,1,No,Street,6.64,1.10,Yes,Yes,3941110.35
HP-00119,Karsiyaka,Apartment,73.3,3,1,12,1,14,Natural_Gas,Unfurnished,1,1,No,Street,4.23,0.11,No,Yes,2979468.18
HP-00120,Konyaalti,Apartment,183.3,5,2,7,3,7,Natural_Gas,Furnished,1,1,Yes,City,10.58,1.08,No,Yes,9482364.22
HP-00121,Kadikoy,Apartment,47.6,2,1,9,23,34,Electric,Unfurnished,1,1,Yes,Street,0.24,3.27,Yes,No,3281180.89
HP-00122,Besiktas,Detached,227.0,6,3,1,0,2,Electric,Furnished,1,2,No,Street,7.57,1.43,No,No,24917698.83
HP-00123,Atasehir,Detached,208.2,7,2,9,0,9,Central,Furnished,1,1,No,Sea,3.64,0.97,Yes,Yes,21805681.81
HP-00124,Cankaya,Apartment,167.3,5,2,6,12,15,Central,Unfurnished,1,1,Yes,Street,2.70,0.73,Yes,No,10200764.97
HP-00125,Kadikoy,Detached,133.7,4,2,2,0,6,Natural_Gas,Semi_Furnished,0,1,Yes,Street,1.47,0.28,No,Yes,10802518.72
HP-00126,Kadikoy,Apartment,178.2,6,2,6,22,27,Natural_Gas,Unfurnished,0,3,Yes,Park,4.29,1.25,No,Yes,15043214.91
HP-00127,Kadikoy,Detached,224.1,8,4,18,0,13,Natural_Gas,Semi_Furnished,1,0,No,Street,3.30,1.32,Yes,No,19766610.10
HP-00128,Sisli,Residence,84.9,2,1,38,21,23,Central,Unfurnished,1,2,Yes,Sea,3.94,0.26,No,Yes,8000460.08
HP-00129,Atasehir,Apartment,141.2,4,2,9,28,39,Central,Furnished,1,1,Yes,Sea,9.31,0.37,Yes,Yes,12080785.47
HP-00130,Karsiyaka,Townhouse,261.3,8,4,5,19,27,Natural_Gas,Unfurnished,1,0,No,City,3.07,1.27,Yes,No,15441370.86
HP-00131,Besiktas,Apartment,87.9,2,1,3,12,19,Natural_Gas,Unfurnished,1,0,No,City,18.38,2.72,Yes,No,6403308.41
HP-00132,Beylikduzu,Apartment,199.0,5,2,75,10,17,Central,Unfurnished,1,1,No,Sea,2.68,0.84,No,Yes,6074004.52
HP-00133,Beylikduzu,Apartment,,3,1,15,18,25,Natural_Gas,Furnished,0,1,No,City,17.94,0.92,Yes,No,3267649.89
HP-00134,Sisli,Apartment,35.7,1,1,60,25,37,Natural_Gas,Unfurnished,0,1,No,Sea,4.13,0.89,Yes,No,1759696.70
HP-00135,Karsiyaka,Detached,189.1,6,2,8,0,3,Central,Unfurnished,0,1,No,City,5.58,1.04,No,No,9583246.39
HP-00136,Nilufer,Detached,192.6,7,2,8,0,12,Natural_Gas,Semi_Furnished,1,2,No,Sea,5.80,0.14,No,No,12795642.55
HP-00137,Kadikoy,Apartment,94.3,2,1,11,20,32,Central,Unfurnished,2,1,Yes,Park,3.29,1.27,Yes,No,9903451.11
HP-00138,Besiktas,Apartment,141.2,4,1,0,13,21,Natural_Gas,Unfurnished,2,2,No,Street,13.32,0.82,Yes,No,13144270.55
HP-00139,Beylikduzu,Detached,159.8,5,2,19,0,13,Natural_Gas,Unfurnished,0,1,No,Nature,9.25,1.54,Yes,Yes,6212761.89
HP-00140,Sisli,Villa,176.8,6,2,15,0,3,Central,Furnished,1,2,Yes,Street,5.34,1.74,No,No,16055496.88
HP-00141,Karsiyaka,Detached,168.5,5,2,1,0,8,Natural_Gas,Semi_Furnished,1,4,No,Nature,6.04,1.41,Yes,No,15676906.49
HP-00142,Cankaya,Apartment,61.5,2,1,24,4,15,Natural_Gas,Semi_Furnished,1,2,Yes,Street,2.97,0.82,No,Yes,2707623.68
HP-00143,Atasehir,Apartment,135.4,4,1,12,20,22,Central,Unfurnished,2,2,Yes,Nature,9.42,0.45,No,No,9017175.38
HP-00144,Beylikduzu,Apartment,86.1,2,1,12,21,34,Natural_Gas,Furnished,1,1,No,Sea,3.94,0.28,Yes,No,4488667.07
HP-00145,Uskudar,Residence,231.6,8,3,29,24,28,Central,Unfurnished,3,1,Yes,Park,4.92,1.51,No,Yes,18047044.38
HP-00146,Sisli,Apartment,152.6,4,1,2,22,31,Natural_Gas,Semi_Furnished,0,1,No,City,3.21,0.36,No,Yes,10912354.58
HP-00147,Beylikduzu,Residence,119.9,4,1,26,14,18,Natural_Gas,Semi_Furnished,1,0,Yes,City,11.36,0.41,Yes,Yes,4503985.76
HP-00148,Sisli,Detached,261.4,9,3,16,0,4,Natural_Gas,Unfurnished,1,2,No,Street,2.95,1.34,No,No,21392864.28
HP-00149,Nilufer,Detached,167.6,4,2,25,0,2,,Furnished,2,1,No,Street,4.99,1.10,Yes,Yes,6233784.14
HP-00150,Karsiyaka,Townhouse,85.4,2,1,73,8,19,Natural_Gas,Unfurnished,0,3,Yes,Street,4.87,0.34,Yes,No,2420540.46
HP-00151,Besiktas,Apartment,148.7,4,2,1,7,16,Natural_Gas,Semi_Furnished,1,1,No,Street,2.30,0.58,Yes,No,13183140.05
HP-00152,Atasehir,Apartment,159.9,6,2,37,16,24,Natural_Gas,Unfurnished,1,2,No,Nature,0.98,1.05,Yes,No,9772057.14
HP-00153,Cankaya,Apartment,168.8,5,2,9,15,20,Heat_Pump,Unfurnished,1,1,Yes,City,1.31,0.60,Yes,No,8873375.19
HP-00154,Cankaya,Apartment,123.1,3,1,11,16,19,Natural_Gas,Unfurnished,1,1,No,Park,8.77,0.81,Yes,Yes,6446298.03
HP-00155,Beylikduzu,Apartment,200.2,6,2,2,5,18,Natural_Gas,Furnished,3,1,Yes,Nature,4.93,0.71,Yes,Yes,10082476.14
HP-00156,Konyaalti,Villa,162.0,5,2,13,0,13,Natural_Gas,Semi_Furnished,1,1,No,Sea,6.12,0.84,Yes,No,16271071.42
HP-00157,Cankaya,Apartment,69.1,2,1,0,6,12,Heat_Pump,Unfurnished,1,1,Yes,Street,3.78,0.84,Yes,Yes,4302107.04
HP-00158,Cankaya,Detached,195.1,5,2,27,0,2,Natural_Gas,Unfurnished,1,0,No,Street,12.67,2.12,Yes,No,7194731.59
HP-00159,Uskudar,Townhouse,86.8,2,1,20,13,24,Electric,Unfurnished,0,1,Yes,Nature,6.92,0.36,No,No,6516080.72
HP-00160,Uskudar,Residence,154.5,4,2,12,10,20,Natural_Gas,Unfurnished,1,1,No,City,1.58,1.72,No,Yes,11734870.69
HP-00161,Nilufer,Apartment,62.6,2,1,31,10,18,Natural_Gas,Furnished,1,1,Yes,Park,2.95,1.52,Yes,No,2581293.42
HP-00162,Besiktas,Townhouse,166.0,6,2,23,0,12,Natural_Gas,Furnished,1,2,Yes,Park,2.99,0.87,Yes,No,85433982.13
HP-00163,Atasehir,Residence,94.2,3,1,6,17,26,Central,Unfurnished,1,2,Yes,Street,3.28,0.52,Yes,No,6796194.03
HP-00164,Sisli,Townhouse,197.3,6,2,31,9,12,Heat_Pump,Unfurnished,1,1,No,City,8.51,1.65,Yes,No,13316184.05
HP-00165,Sisli,Apartment,147.0,5,2,2,5,11,Natural_Gas,Unfurnished,0,3,No,Street,2.57,0.67,Yes,Yes,11158898.50
HP-00166,Beylikduzu,Detached,204.4,5,2,23,0,13,Electric,Semi_Furnished,1,1,Yes,Street,9.20,2.13,Yes,Yes,5987638.09
HP-00167,Nilufer,Villa,252.3,7,3,1,0,13,Natural_Gas,Furnished,1,2,Yes,Nature,5.86,0.25,Yes,No,18357520.96
HP-00168,Kadikoy,Apartment,198.1,6,,11,27,36,Natural_Gas,Furnished,2,1,No,Park,9.77,2.51,No,Yes,14461058.51
HP-00169,Besiktas,Apartment,143.3,3,1,3,0,6,Natural_Gas,Furnished,1,1,No,Sea,3.33,1.63,Yes,No,20065616.96
HP-00170,Kadikoy,Apartment,192.3,7,2,35,16,27,Natural_Gas,Unfurnished,2,1,No,Park,0.12,1.03,Yes,No,14480583.39
HP-00171,Beylikduzu,Residence,137.9,4,1,1,2,6,Central,Furnished,0,2,Yes,Sea,1.33,0.71,Yes,No,9279390.01
HP-00172,Beylikduzu,Apartment,64.9,2,1,35,0,10,Central,Semi_Furnished,1,1,No,City,5.18,0.53,Yes,No,1845614.16
HP-00173,Besiktas,Apartment,199.6,5,2,4,5,8,Natural_Gas,Unfurnished,1,1,Yes,Street,1.89,0.97,Yes,No,20037610.29
HP-00174,Karsiyaka,Apartment,126.3,4,2,10,13,23,Heat_Pump,Semi_Furnished,1,4,No,Nature,10.26,0.55,Yes,Yes,6527409.23
HP-00175,Uskudar,Detached,146.1,4,1,14,0,10,Natural_Gas,Furnished,2,0,No,City,12.25,,Yes,No,9100456.10
HP-00176,Kadikoy,Residence,126.5,4,1,15,20,32,Natural_Gas,Unfurnished,1,1,No,Street,5.33,1.26,Yes,Yes,10234544.46
HP-00177,Uskudar,Apartment,149.7,4,1,,2,11,Natural_Gas,Unfurnished,2,1,Yes,Street,20.98,0.35,No,No,7202663.72
HP-00178,Karsiyaka,Detached,191.9,6,2,4,0,12,Natural_Gas,Semi_Furnished,1,1,No,Street,2.69,0.98,Yes,Yes,12909728.13
HP-00179,Kadikoy,Apartment,144.1,5,2,1,25,35,Heat_Pump,Semi_Furnished,1,2,Yes,Park,5.58,1.44,No,Yes,12913911.67
HP-00180,Sisli,Residence,155.8,5,2,3,2,11,Natural_Gas,Semi_Furnished,1,2,No,Street,11.67,1.35,Yes,No,11661060.81
HP-00181,Cankaya,Apartment,164.2,5,2,16,20,26,Central,Semi_Furnished,2,4,No,Park,2.53,0.91,No,Yes,8834399.42
HP-00182,Kadikoy,Residence,297.8,9,3,68,1,7,Natural_Gas,Unfurnished,1,2,Yes,Street,3.80,0.67,No,No,18736038.58
HP-00183,Nilufer,Detached,199.7,6,3,23,0,6,Heat_Pump,Unfurnished,1,1,Yes,Street,5.71,0.79,Yes,No,7845547.14
HP-00184,Karsiyaka,Townhouse,248.7,6,2,0,6,14,Central,Unfurnished,2,2,Yes,Street,6.14,,Yes,Yes,17025964.38
HP-00185,Sisli,Residence,168.3,5,2,7,16,21,Central,Semi_Furnished,1,2,Yes,Street,2.84,1.16,Yes,No,12025194.72
HP-00186,Karsiyaka,Apartment,112.8,3,1,21,4,9,Central,Semi_Furnished,0,4,No,Street,4.13,1.77,Yes,Yes,5697229.13
HP-00187,Kadikoy,Detached,247.6,7,3,14,0,6,Natural_Gas,Unfurnished,1,2,Yes,Sea,9.50,0.14,Yes,No,30786004.18
HP-00188,Atasehir,Detached,273.4,7,3,12,0,2,Natural_Gas,Semi_Furnished,1,1,Yes,City,10.22,1.04,Yes,No,18089641.82
HP-00189,Konyaalti,Apartment,87.4,2,1,8,7,14,Natural_Gas,Unfurnished,1,0,No,City,11.92,1.17,Yes,Yes,4068757.96
HP-00190,Uskudar,Apartment,35.0,1,1,6,27,35,Natural_Gas,Unfurnished,1,2,No,City,2.54,0.91,Yes,Yes,2432467.30
HP-00191,Nilufer,Detached,189.0,4,1,19,,8,Natural_Gas,Unfurnished,0,1,No,Street,7.69,0.52,Yes,No,7955846.82
HP-00192,Uskudar,Apartment,160.6,4,1,7,11,22,Coal,Furnished,1,2,Yes,Park,2.74,0.96,Yes,No,12908468.97
HP-00193,Atasehir,Villa,198.0,5,2,2,0,6,Electric,Unfurnished,1,0,No,City,3.58,4.19,No,No,19185790.59
HP-00194,Konyaalti,Apartment,71.6,2,1,23,26,31,Coal,Unfurnished,1,1,Yes,Street,6.57,0.26,Yes,No,2990968.89
HP-00195,Sisli,Apartment,62.6,2,1,2,2,5,Natural_Gas,Unfurnished,3,2,Yes,City,6.38,2.37,Yes,No,5226424.08
HP-00196,Atasehir,Apartment,137.0,3,1,8,23,31,Natural_Gas,Furnished,1,1,Yes,Street,5.46,1.41,Yes,No,7843119.73
HP-00197,Karsiyaka,Detached,224.1,5,2,12,0,4,Central,Unfurnished,1,2,No,Nature,15.60,0.43,No,Yes,12146130.91
HP-00198,Nilufer,Residence,97.8,3,1,30,7,10,Natural_Gas,Unfurnished,1,4,No,City,11.35,0.58,Yes,No,3935153.96
HP-00199,Beylikduzu,Apartment,103.9,4,1,7,15,21,Central,Unfurnished,1,2,No,City,1.17,0.24,No,Yes,3433782.84
HP-00200,Uskudar,Detached,209.9,7,2,33,0,7,Electric,Semi_Furnished,0,1,Yes,City,2.35,0.25,Yes,Yes,12435837.27
HP-00201,Nilufer,Apartment,153.1,5,2,8,8,13,Central,Semi_Furnished,1,1,No,Park,12.19,0.47,No,No,6848439.52
HP-00202,Kadikoy,Residence,143.1,4,2,0,26,38,Electric,Unfurnished,1,1,No,Park,,0.10,Yes,No,16612134.48
HP-00203,Beylikduzu,Apartment,201.9,5,2,24,2,10,Natural_Gas,Semi_Furnished,1,1,No,Sea,2.74,3.02,No,Yes,8645941.62
HP-00204,Kadikoy,Villa,140.0,5,2,8,0,2,Heat_Pump,Semi_Furnished,3,1,Yes,Street,3.65,1.22,No,No,16014821.85
HP-00205,Konyaalti,Apartment,92.8,3,1,5,28,37,Natural_Gas,Semi_Furnished,1,2,Yes,City,1.55,0.84,No,Yes,5372908.23
HP-00206,Nilufer,Residence,67.1,2,,0,14,26,Natural_Gas,Semi_Furnished,1,2,Yes,Park,1.82,0.09,Yes,Yes,4528735.59
HP-00207,Cankaya,Detached,231.0,6,2,26,0,7,Natural_Gas,Semi_Furnished,0,0,No,Nature,9.40,1.00,Yes,Yes,10633546.83
HP-00208,Besiktas,Apartment,194.5,7,3,6,2,15,Central,Furnished,2,2,No,Street,5.61,0.39,No,No,16541898.36
HP-00209,Beylikduzu,Apartment,112.8,3,1,11,18,22,Coal,Unfurnished,2,3,No,Sea,5.54,0.06,No,Yes,5435492.14
HP-00210,Karsiyaka,Apartment,117.2,3,1,2,,34,Natural_Gas,Unfurnished,2,1,Yes,Nature,1.75,1.73,No,No,7288024.04
HP-00211,Nilufer,Apartment,125.6,4,2,26,12,24,Central,Unfurnished,2,1,No,City,6.69,0.68,Yes,No,4168977.74
HP-00212,Cankaya,Apartment,152.2,4,1,14,7,9,Natural_Gas,Furnished,0,1,No,City,1.91,1.29,Yes,Yes,7730886.62
HP-00213,Sisli,Residence,140.5,4,1,39,6,10,Central,Unfurnished,1,1,Yes,Nature,2.64,0.09,Yes,Yes,10923151.70
HP-00214,Kadikoy,Apartment,118.7,3,1,7,0,2,Electric,Semi_Furnished,1,1,Yes,Street,5.86,,Yes,No,9216779.37
HP-00215,Besiktas,Residence,211.7,7,2,25,19,26,Heat_Pump,Unfurnished,1,2,No,City,2.50,0.80,No,Yes,28930680.16
HP-00216,Nilufer,Apartment,176.6,5,2,16,28,30,Natural_Gas,Unfurnished,1,2,Yes,Street,1.53,1.00,Yes,No,7869659.66
HP-00217,Karsiyaka,Residence,153.2,4,2,2,16,28,Heat_Pump,Semi_Furnished,1,3,No,Street,5.62,2.07,Yes,No,9900645.11
HP-00218,Kadikoy,Townhouse,135.3,4,2,30,4,14,Central,Semi_Furnished,1,1,Yes,Street,2.07,0.66,Yes,Yes,9474407.47
HP-00219,Sisli,Apartment,146.8,5,2,24,2,13,Central,Semi_Furnished,0,1,No,Nature,5.24,0.06,Yes,Yes,9806503.01
HP-00220,Konyaalti,Apartment,90.1,3,1,4,1,7,Natural_Gas,Semi_Furnished,2,4,No,City,5.03,1.05,Yes,No,5219243.81
HP-00221,Nilufer,Apartment,156.8,5,2,4,27,38,Central,Semi_Furnished,1,1,Yes,Nature,5.57,2.06,No,No,6549889.98
HP-00222,Kadikoy,Apartment,191.7,6,2,23,5,15,Natural_Gas,Furnished,1,1,Yes,City,1.94,1.31,Yes,No,15500694.42
HP-00223,Nilufer,Villa,211.7,6,3,18,0,4,Natural_Gas,Unfurnished,2,0,Yes,Nature,10.18,0.80,Yes,Yes,13369926.34
HP-00224,Uskudar,Apartment,162.4,5,2,75,4,11,Natural_Gas,Semi_Furnished,2,,No,Street,1.12,0.52,No,Yes,7641406.18
HP-00225,Konyaalti,Residence,58.6,2,1,17,2,7,Natural_Gas,Unfurnished,1,1,Yes,City,6.53,0.70,No,No,3140081.45
HP-00226,Cankaya,Apartment,220.0,6,2,6,16,21,Natural_Gas,Unfurnished,1,1,No,Street,4.23,1.73,No,No,11309200.88
HP-00227,Karsiyaka,Residence,154.0,5,2,40,26,30,Natural_Gas,Unfurnished,1,1,No,Park,0.98,,Yes,No,8642540.10
HP-00228,Karsiyaka,Villa,214.8,5,2,10,0,2,Natural_Gas,Furnished,1,1,Yes,City,2.45,0.56,Yes,Yes,21571494.27
HP-00229,Sisli,Detached,235.8,8,4,9,0,11,Natural_Gas,Semi_Furnished,1,1,No,City,0.46,1.21,Yes,Yes,21943362.95
HP-00230,Atasehir,Apartment,176.8,5,2,0,4,11,Central,Unfurnished,2,0,No,Street,3.77,2.09,Yes,No,13502331.58
HP-00231,Sisli,Apartment,139.0,3,1,11,2,10,Natural_Gas,Unfurnished,1,,No,City,0.70,1.50,No,No,9118104.40
HP-00232,Kadikoy,Apartment,123.8,3,1,1,19,28,Natural_Gas,Furnished,2,2,Yes,City,4.76,1.07,Yes,No,13114003.17
HP-00233,Cankaya,Detached,215.4,7,2,2,0,10,Natural_Gas,Unfurnished,2,2,Yes,Street,9.39,1.76,Yes,No,15076148.98
HP-00234,Uskudar,Apartment,156.2,6,2,1,20,22,Central,Unfurnished,1,1,No,Street,6.77,0.30,No,No,11821679.89
HP-00235,Kadikoy,Townhouse,193.7,5,2,6,6,18,Natural_Gas,Unfurnished,3,2,No,Street,5.49,0.56,Yes,No,18512501.61
HP-00236,Nilufer,Detached,243.0,7,2,5,0,6,Natural_Gas,Furnished,1,0,Yes,Street,3.64,,Yes,No,11671344.03
HP-00237,Konyaalti,Detached,253.2,9,3,10,0,4,Electric,Semi_Furnished,1,2,No,Street,4.80,1.27,No,Yes,11652799.37
HP-00238,Nilufer,Apartment,149.8,4,2,36,7,20,Electric,Semi_Furnished,1,1,No,Street,6.56,1.55,Yes,No,4052365.03
HP-00239,Atasehir,Detached,161.5,4,1,38,0,6,Central,Semi_Furnished,1,3,Yes,Street,8.26,0.39,Yes,No,9081643.83
HP-00240,Kadikoy,Residence,88.6,2,1,26,19,27,Electric,Unfurnished,0,1,No,City,2.61,1.42,No,No,5489605.40
HP-00241,Konyaalti,Apartment,81.4,2,1,3,18,24,Central,Semi_Furnished,1,2,Yes,Street,8.63,2.38,No,Yes,4385668.41
HP-00242,Atasehir,Detached,196.3,5,2,11,0,11,Electric,Furnished,1,1,Yes,Nature,3.05,,Yes,Yes,18070463.37
HP-00243,Konyaalti,Apartment,114.2,3,1,25,27,38,Natural_Gas,Unfurnished,1,1,No,Sea,9.60,0.39,No,Yes,6400992.28
HP-00244,Besiktas,Apartment,82.9,3,1,26,26,28,Central,Semi_Furnished,1,1,Yes,Street,3.59,0.17,Yes,No,6135881.23
HP-00245,Uskudar,Apartment,87.4,3,1,7,14,20,Natural_Gas,Furnished,1,3,No,Street,2.52,3.85,No,Yes,5394641.02
HP-00246,Karsiyaka,Apartment,174.7,5,2,1,24,28,Central,Unfurnished,1,1,No,City,8.54,1.30,Yes,No,9138799.71
HP-00247,Karsiyaka,Residence,160.9,4,1,1,25,32,Central,Unfurnished,1,3,No,Park,1.01,2.33,Yes,No,10731090.18
HP-00248,Cankaya,Apartment,177.5,5,2,7,12,23,Natural_Gas,Unfurnished,2,1,Yes,Nature,2.56,0.16,No,No,11171211.43
HP-00249,Kadikoy,Apartment,106.3,3,1,23,27,31,Natural_Gas,Semi_Furnished,1,1,No,City,1.20,0.99,Yes,No,8370044.50
HP-00250,Kadikoy,Residence,172.0,4,1,8,0,13,Natural_Gas,Unfurnished,2,1,No,Street,9.68,0.32,Yes,No,13475597.89
HP-00251,Karsiyaka,Detached,250.8,7,2,10,0,5,Heat_Pump,Semi_Furnished,1,4,No,Street,3.01,1.82,Yes,No,15988668.30
HP-00252,Cankaya,Residence,128.1,4,1,45,26,28,Natural_Gas,Unfurnished,1,2,Yes,Street,6.71,0.56,Yes,No,5809937.29
HP-00253,Atasehir,Apartment,114.7,3,1,2,25,32,Natural_Gas,Unfurnished,1,0,No,Park,5.95,0.14,Yes,No,6668895.32
HP-00254,Nilufer,Residence,,3,1,39,0,9,Central,Semi_Furnished,1,1,Yes,City,2.56,1.36,Yes,No,3692480.89
HP-00255,Atasehir,Apartment,147.0,4,2,7,11,22,Natural_Gas,Semi_Furnished,1,1,No,Nature,15.39,1.07,Yes,No,8901816.64
HP-00256,Cankaya,Apartment,186.2,6,2,36,20,25,Natural_Gas,Unfurnished,0,1,No,City,6.53,0.79,Yes,Yes,7012978.70
HP-00257,Nilufer,Apartment,115.5,3,1,4,2,11,Natural_Gas,Semi_Furnished,2,2,Yes,Street,8.26,1.77,Yes,No,4306781.73
HP-00258,Konyaalti,Residence,102.6,3,1,5,19,26,Coal,Unfurnished,2,1,No,Sea,0.91,0.83,Yes,Yes,10413964.62
HP-00259,Nilufer,Villa,142.5,5,2,23,0,10,Central,Unfurnished,2,2,No,Street,7.01,,Yes,No,6882115.60
HP-00260,Sisli,Apartment,248.8,8,4,7,7,18,Natural_Gas,Unfurnished,1,2,Yes,Street,7.90,1.27,Yes,No,17199510.82
HP-00261,Konyaalti,Apartment,140.3,5,2,9,2,7,Natural_Gas,Semi_Furnished,1,1,No,Nature,2.77,0.30,No,No,8279392.77
HP-00262,Sisli,Apartment,116.4,3,1,43,4,16,Central,Semi_Furnished,1,1,Yes,City,7.10,3.39,Yes,No,6527445.78
HP-00263,Konyaalti,Apartment,132.4,4,2,4,5,13,Natural_Gas,Unfurnished,2,1,Yes,City,2.57,1.09,Yes,Yes,8575260.84
HP-00264,Cankaya,Apartment,108.4,4,1,6,11,15,Heat_Pump,Furnished,1,1,No,Street,3.03,0.53,Yes,Yes,5178326.01
HP-00265,Konyaalti,Townhouse,258.2,8,4,41,14,18,Electric,Semi_Furnished,0,0,Yes,Sea,4.44,0.54,No,Yes,13985821.48
HP-00266,Nilufer,Residence,109.2,3,1,3,20,30,Central,Furnished,0,2,Yes,Street,5.83,0.56,No,Yes,5877313.96
HP-00267,Kadikoy,Detached,228.9,7,3,0,0,9,Coal,Semi_Furnished,3,1,No,Nature,4.25,0.55,Yes,No,24073595.80
HP-00268,Besiktas,Residence,83.3,2,1,2,17,30,Heat_Pump,Furnished,0,2,No,Sea,5.14,1.25,Yes,No,12545854.52
HP-00269,Uskudar,Apartment,170.0,5,2,13,20,31,Heat_Pump,Furnished,2,3,No,Park,6.41,0.83,Yes,Yes,13435925.98
HP-00270,Besiktas,Apartment,,2,1,12,9,17,Natural_Gas,Unfurnished,1,1,No,City,4.65,0.93,No,No,5451180.25
HP-00271,Nilufer,Apartment,72.5,2,1,3,16,21,Central,Unfurnished,0,2,No,City,4.67,0.97,Yes,No,2719888.41
HP-00272,Cankaya,Apartment,118.6,3,1,36,8,16,Natural_Gas,Unfurnished,1,1,Yes,Street,3.50,0.88,Yes,Yes,5191859.05
HP-00273,Kadikoy,Apartment,99.2,3,1,1,14,16,Central,Unfurnished,1,1,Yes,Street,3.88,1.59,Yes,No,8186131.65
HP-00274,Uskudar,Apartment,115.8,4,1,9,28,40,Central,Unfurnished,0,1,No,Street,1.76,1.52,Yes,No,7239057.72
HP-00275,Karsiyaka,Residence,155.7,5,2,22,1,5,Electric,Furnished,1,1,Yes,Street,7.79,0.91,Yes,Yes,7322082.99
HP-00276,Cankaya,Townhouse,96.5,3,1,19,26,34,Natural_Gas,Furnished,1,0,No,Nature,7.11,0.76,No,Yes,4684890.04
HP-00277,Sisli,Detached,173.8,4,1,26,0,4,Natural_Gas,Furnished,1,1,No,Sea,1.53,2.30,Yes,Yes,16446294.56
HP-00278,Konyaalti,Apartment,113.1,3,1,3,20,28,Heat_Pump,Unfurnished,1,1,Yes,Park,10.15,1.70,No,Yes,7640232.75
HP-00279,Sisli,Villa,150.4,5,2,17,0,7,Central,Semi_Furnished,1,1,No,Street,2.30,1.14,Yes,No,11814506.24
HP-00280,Beylikduzu,Apartment,111.4,3,1,6,20,31,Central,Unfurnished,1,0,Yes,Nature,17.90,0.91,Yes,Yes,4830669.62
HP-00281,Sisli,Apartment,103.1,3,1,23,25,27,Central,Unfurnished,1,2,Yes,Sea,3.92,1.28,Yes,Yes,9220622.29
HP-00282,Nilufer,Residence,151.3,4,2,0,,26,Natural_Gas,Semi_Furnished,0,2,No,Nature,9.92,,Yes,No,7494725.52
HP-00283,Karsiyaka,Apartment,86.7,3,1,18,25,33,Coal,Furnished,1,0,Yes,Nature,2.70,3.15,Yes,Yes,4559628.97
HP-00284,Nilufer,Apartment,137.0,4,2,13,8,18,Central,Unfurnished,1,2,Yes,Park,2.43,1.49,No,No,6400170.80
HP-00285,Kadikoy,Apartment,126.8,4,2,13,16,23,Natural_Gas,Semi_Furnished,1,1,Yes,Sea,9.88,0.73,No,No,11846770.78
HP-00286,Besiktas,Detached,206.8,6,2,16,0,9,Natural_Gas,Unfurnished,1,2,No,Park,,2.00,Yes,No,20890222.68
HP-00287,Nilufer,Townhouse,,6,2,5,12,19,Natural_Gas,Semi_Furnished,1,1,No,Nature,9.10,1.88,Yes,No,8429754.23
HP-00288,Kadikoy,Residence,38.7,1,1,24,17,23,Natural_Gas,Semi_Furnished,1,4,No,Street,1.28,0.46,Yes,Yes,3283181.24
HP-00289,Uskudar,Apartment,126.1,4,1,47,2,14,Central,Semi_Furnished,1,2,Yes,Street,1.58,1.55,Yes,No,6268636.45
HP-00290,Nilufer,Apartment,136.9,4,2,7,24,29,Natural_Gas,Unfurnished,1,1,No,Street,6.32,1.00,Yes,No,5212066.82
HP-00291,Uskudar,Detached,122.4,4,1,10,0,7,Natural_Gas,Furnished,1,1,Yes,Street,2.46,1.70,Yes,No,9749739.50
HP-00292,Beylikduzu,Apartment,68.1,2,1,12,13,18,Central,Semi_Furnished,1,0,Yes,City,4.63,0.86,No,Yes,2627917.93
HP-00293,Cankaya,Apartment,710.3,12,5,13,16,25,Central,Unfurnished,0,1,No,Nature,2.90,0.27,Yes,No,35014511.06
HP-00294,Karsiyaka,Apartment,153.4,5,2,10,7,10,Natural_Gas,Unfurnished,1,2,Yes,Street,7.81,1.38,No,Yes,7159651.94
HP-00295,Besiktas,Residence,140.2,4,1,15,2,13,Central,Furnished,2,3,No,City,3.74,0.62,No,Yes,16816036.26
HP-00296,Sisli,Apartment,85.9,3,1,17,7,13,Natural_Gas,Furnished,2,1,No,City,8.33,0.31,Yes,No,6433504.58
HP-00297,Beylikduzu,Apartment,216.6,7,3,23,13,24,Natural_Gas,Unfurnished,0,1,Yes,Street,1.53,1.24,Yes,Yes,7027022.52
HP-00298,Atasehir,Apartment,116.4,3,1,5,25,35,Natural_Gas,Unfurnished,1,1,Yes,Street,8.44,2.97,Yes,No,7220032.35
HP-00299,Kadikoy,Apartment,176.8,5,2,13,1,13,Natural_Gas,Unfurnished,1,1,No,Street,8.32,0.77,No,Yes,13151876.34
HP-00300,Konyaalti,Apartment,105.0,3,1,1,12,25,Central,Unfurnished,1,2,Yes,City,6.09,1.86,Yes,No,6513455.61
HP-00301,Nilufer,Apartment,106.5,3,1,2,3,9,Natural_Gas,Unfurnished,1,0,No,Street,11.51,0.26,Yes,No,4399033.03
HP-00302,Uskudar,Apartment,50.2,2,1,6,11,24,Natural_Gas,Unfurnished,1,1,Yes,City,5.77,0.38,Yes,Yes,3671386.02
HP-00303,Kadikoy,Detached,142.7,4,1,2,0,5,Natural_Gas,Unfurnished,1,1,Yes,City,6.84,1.14,No,Yes,13923063.53
HP-00304,Besiktas,Apartment,631.4,12,5,6,0,2,Natural_Gas,Semi_Furnished,1,1,No,Park,2.18,1.79,Yes,No,71281976.39
HP-00305,Kadikoy,Apartment,35.0,1,1,2,5,9,Natural_Gas,Semi_Furnished,1,0,Yes,City,,1.76,Yes,No,2996030.13
HP-00306,Uskudar,Residence,220.0,7,2,19,11,13,Heat_Pump,Semi_Furnished,1,2,Yes,Sea,18.60,1.34,Yes,Yes,17686480.00
HP-00307,Kadikoy,Apartment,194.4,5,2,28,18,28,Central,Unfurnished,1,2,No,Street,1.83,1.99,No,Yes,12450558.93
HP-00308,Cankaya,Apartment,173.1,4,2,0,13,26,Central,Semi_Furnished,0,1,No,City,7.65,0.78,Yes,No,9384944.29
HP-00309,Atasehir,Apartment,90.4,3,1,11,6,12,Natural_Gas,Unfurnished,1,1,No,Street,6.93,1.06,Yes,No,5217048.40
HP-00310,Beylikduzu,Residence,152.4,4,2,18,22,33,Heat_Pump,Semi_Furnished,2,1,No,Sea,5.39,1.07,Yes,No,8056038.11
HP-00311,Kadikoy,Apartment,204.2,7,2,44,16,28,Central,Semi_Furnished,1,1,No,Street,7.14,2.30,No,No,10644283.61
HP-00312,Atasehir,Apartment,123.9,3,1,8,21,23,Electric,Semi_Furnished,1,1,Yes,City,2.19,0.57,No,No,8464681.80
HP-00313,Beylikduzu,Residence,138.1,4,2,19,5,8,Natural_Gas,Semi_Furnished,2,0,Yes,Park,5.61,2.40,Yes,No,5460889.80
HP-00314,Cankaya,Townhouse,260.1,8,2,7,27,29,Coal,Unfurnished,1,1,No,Park,10.96,0.99,Yes,No,14386394.22
HP-00315,Beylikduzu,Residence,99.4,3,1,8,23,32,Coal,Unfurnished,1,2,Yes,Street,2.03,0.18,Yes,Yes,4204024.06
HP-00316,Karsiyaka,Apartment,133.6,3,1,2,18,26,Electric,Unfurnished,1,1,Yes,City,6.13,1.70,Yes,No,31361175.16
HP-00317,Konyaalti,Apartment,188.7,6,2,4,11,19,Natural_Gas,Semi_Furnished,2,1,No,City,2.70,0.08,Yes,Yes,12533584.09
HP-00318,Cankaya,Apartment,128.9,3,1,24,7,10,Heat_Pump,Semi_Furnished,2,1,Yes,Street,7.39,1.27,Yes,No,5873786.06
HP-00319,Uskudar,Apartment,139.1,3,1,36,0,12,Heat_Pump,Unfurnished,0,1,No,City,13.96,1.37,Yes,Yes,6010963.67
HP-00320,Karsiyaka,Residence,134.6,3,1,10,0,2,Natural_Gas,Unfurnished,1,2,No,Street,2.13,1.14,Yes,Yes,8967291.63
HP-00321,Besiktas,Apartment,134.7,3,1,23,22,26,Central,Semi_Furnished,0,,Yes,Street,12.93,0.05,Yes,Yes,11903695.37
HP-00322,Sisli,Apartment,74.3,2,1,8,21,29,Natural_Gas,Furnished,0,1,Yes,City,5.82,0.62,No,No,5128026.98
HP-00323,Beylikduzu,Detached,111.9,3,1,1,0,7,Natural_Gas,Semi_Furnished,2,1,Yes,Street,9.84,0.99,Yes,No,4642563.65
HP-00324,Besiktas,Apartment,108.3,3,1,34,21,26,Heat_Pump,Unfurnished,0,2,No,City,1.97,0.62,No,Yes,7816081.91
HP-00325,Karsiyaka,Apartment,176.0,5,2,4,6,11,Natural_Gas,Semi_Furnished,1,1,No,City,4.60,0.41,Yes,Yes,9635366.47
HP-00326,Uskudar,Apartment,111.5,3,1,22,24,31,Natural_Gas,Unfurnished,1,1,Yes,City,2.24,0.98,Yes,No,6827401.87
HP-00327,Besiktas,Apartment,35.0,1,1,20,14,16,Natural_Gas,Semi_Furnished,1,1,Yes,Street,2.33,0.78,No,No,2858078.15
HP-00328,Cankaya,Residence,49.5,2,1,21,3,12,Natural_Gas,Furnished,1,1,No,Street,5.97,1.03,Yes,No,2255440.22
HP-00329,Kadikoy,Detached,113.7,3,1,14,0,13,Central,Semi_Furnished,1,1,Yes,Park,4.43,1.36,Yes,Yes,8463904.10
HP-00330,Uskudar,Detached,124.1,3,,27,0,3,Central,Unfurnished,1,3,No,Street,5.91,0.67,Yes,No,25341851.97
HP-00331,Konyaalti,Villa,231.5,6,3,1,0,6,Electric,Unfurnished,2,2,No,Sea,2.14,0.66,Yes,No,33081756.94
HP-00332,Sisli,Apartment,90.5,3,1,12,11,13,Natural_Gas,Semi_Furnished,1,1,No,City,7.90,,Yes,Yes,6736089.23
HP-00333,Uskudar,Apartment,178.9,6,2,3,13,17,Natural_Gas,Unfurnished,2,1,No,City,2.94,1.39,Yes,Yes,15853611.06
HP-00334,Sisli,Residence,73.4,2,1,1,2,14,Central,Furnished,2,2,No,City,4.60,0.42,No,No,6234820.33
HP-00335,Uskudar,Apartment,121.2,3,1,48,3,13,Natural_Gas,Unfurnished,1,1,Yes,Park,4.27,1.32,Yes,Yes,7684813.72
HP-00336,Nilufer,Apartment,249.3,7,3,33,14,27,Central,Furnished,1,3,Yes,Street,5.81,0.86,Yes,No,8756518.86
HP-00337,Besiktas,Apartment,148.9,4,1,37,24,26,Natural_Gas,Furnished,0,1,Yes,Sea,4.19,1.70,Yes,Yes,14328611.27
HP-00338,Besiktas,Apartment,63.1,2,1,8,3,5,Natural_Gas,Semi_Furnished,1,1,Yes,Sea,7.77,2.10,No,Yes,7972854.44
HP-00339,Besiktas,Apartment,137.5,3,1,11,4,7,Heat_Pump,Semi_Furnished,0,1,Yes,Park,2.88,0.60,Yes,Yes,14775856.12
HP-00340,Konyaalti,Townhouse,190.0,6,2,4,10,19,Heat_Pump,Unfurnished,1,2,Yes,Street,1.58,0.44,No,No,13323395.27
HP-00341,Konyaalti,Detached,230.2,6,2,25,0,2,Central,Unfurnished,1,2,Yes,City,8.55,1.89,Yes,Yes,11130677.86
HP-00342,Atasehir,Townhouse,220.6,7,3,14,4,17,Natural_Gas,Unfurnished,0,0,No,Park,2.19,,Yes,Yes,15540835.86
HP-00343,Cankaya,Residence,171.1,6,2,6,27,36,Central,Unfurnished,0,0,No,Sea,7.08,1.20,No,Yes,10597357.37
HP-00344,Karsiyaka,Apartment,127.8,3,1,6,14,19,Heat_Pump,Unfurnished,1,2,No,Nature,7.68,1.46,Yes,Yes,5916312.13
HP-00345,Konyaalti,Apartment,35.0,1,1,3,21,28,Central,Unfurnished,1,2,Yes,Nature,6.06,1.70,No,Yes,1946488.54
HP-00346,Atasehir,Detached,241.9,8,3,3,0,10,Central,Furnished,2,4,No,Park,7.12,0.63,No,No,21332639.64
HP-00347,Cankaya,Detached,88.2,3,1,,0,5,Natural_Gas,Unfurnished,1,2,No,Street,5.04,0.78,Yes,No,4747070.30
HP-00348,Konyaalti,Apartment,,5,2,2,15,23,Natural_Gas,Semi_Furnished,1,1,No,Street,5.61,0.74,No,Yes,8461615.29
HP-00349,Besiktas,Residence,138.3,4,1,75,21,27,Natural_Gas,Unfurnished,2,1,Yes,Street,3.03,0.99,No,Yes,8868873.49
HP-00350,Kadikoy,Apartment,200.7,6,3,32,16,29,Central,Unfurnished,1,1,No,City,18.29,0.39,Yes,Yes,11220310.24
HP-00351,Karsiyaka,Residence,133.1,4,1,31,11,17,Central,Unfurnished,2,1,No,City,11.84,2.59,Yes,No,7221999.71
HP-00352,Besiktas,Apartment,68.0,2,1,1,3,15,Central,Semi_Furnished,2,1,Yes,Street,5.37,0.47,No,No,6596607.28
HP-00353,Sisli,Townhouse,171.8,5,2,26,1,8,Natural_Gas,Unfurnished,1,0,No,City,19.42,1.44,No,No,11141724.44
HP-00354,Konyaalti,Apartment,120.3,4,1,34,5,15,Natural_Gas,Semi_Furnished,2,1,No,City,1.45,0.60,Yes,Yes,5429476.04
HP-00355,Besiktas,Apartment,142.6,4,2,10,25,35,Heat_Pump,Unfurnished,1,2,No,Nature,2.17,0.25,Yes,Yes,15701473.92
HP-00356,Karsiyaka,Apartment,141.6,3,1,5,3,5,Central,Unfurnished,0,1,Yes,Park,5.65,1.01,Yes,Yes,7809783.59
HP-00357,Beylikduzu,Detached,249.3,8,4,9,0,4,Natural_Gas,Furnished,0,3,Yes,Sea,5.73,0.65,No,Yes,15760806.71
HP-00358,Cankaya,Apartment,99.0,3,1,3,26,28,Electric,Furnished,1,0,No,Street,,1.00,Yes,Yes,5228693.21
HP-00359,Beylikduzu,Apartment,195.8,5,2,2,8,15,Natural_Gas,Furnished,1,2,No,Nature,8.58,0.36,Yes,Yes,9610676.63
HP-00360,Cankaya,Residence,144.1,4,1,0,0,6,Natural_Gas,Semi_Furnished,1,3,Yes,Street,5.08,0.79,Yes,Yes,11279006.30
HP-00361,Karsiyaka,Villa,144.3,4,2,1,0,3,Natural_Gas,Furnished,2,1,No,Street,4.89,0.67,No,No,12938716.59
HP-00362,Konyaalti,Detached,151.9,4,,10,0,4,Central,Semi_Furnished,0,1,No,Nature,3.17,0.49,Yes,No,10491810.37
HP-00363,Kadikoy,Detached,262.9,8,3,0,0,8,Electric,Furnished,1,1,No,City,9.53,1.13,Yes,Yes,24649809.51
HP-00364,Kadikoy,Apartment,134.7,4,2,20,18,21,Natural_Gas,Unfurnished,0,1,Yes,Street,2.57,1.02,Yes,Yes,9568500.00
HP-00365,Konyaalti,Apartment,163.5,5,2,3,10,19,Central,Semi_Furnished,2,0,Yes,Park,7.01,1.09,Yes,Yes,9419858.89
HP-00366,Besiktas,Residence,114.8,3,,5,8,21,Natural_Gas,Unfurnished,0,2,No,Street,2.08,1.04,Yes,No,12354818.54
HP-00367,Kadikoy,Apartment,176.3,5,2,29,26,29,Natural_Gas,Unfurnished,0,0,No,Sea,1.38,1.38,Yes,Yes,16878904.56
HP-00368,Sisli,Detached,178.9,4,2,30,0,10,Central,Furnished,1,1,No,City,0.60,1.10,No,No,11794908.37
HP-00369,Beylikduzu,Townhouse,235.8,6,3,4,6,17,Natural_Gas,Unfurnished,2,0,No,Street,1.53,1.84,Yes,No,8908977.59
HP-00370,Cankaya,Apartment,103.7,3,1,5,20,33,Natural_Gas,Furnished,1,1,No,Sea,19.28,1.66,No,No,5297422.50
HP-00371,Sisli,Apartment,190.4,6,2,28,20,22,Natural_Gas,Unfurnished,1,2,Yes,Sea,1.17,,No,Yes,19142235.21
HP-00372,Cankaya,Apartment,146.1,4,1,2,15,25,Coal,Unfurnished,0,2,No,Street,3.96,1.63,Yes,No,8548171.06
HP-00373,Sisli,Apartment,96.2,3,1,12,9,20,Coal,Unfurnished,1,1,No,Street,3.76,1.04,Yes,Yes,5432485.82
HP-00374,Sisli,Apartment,123.2,4,1,10,15,22,,Unfurnished,1,1,Yes,City,6.26,1.64,Yes,No,9285767.46
HP-00375,Besiktas,Apartment,65.4,2,1,1,3,8,Natural_Gas,Unfurnished,0,2,Yes,Nature,8.15,0.92,Yes,No,6883088.37
HP-00376,Beylikduzu,Apartment,212.6,6,2,16,4,9,Natural_Gas,Unfurnished,1,1,Yes,Street,7.29,0.85,Yes,No,7281493.05
HP-00377,Karsiyaka,Apartment,86.5,3,1,39,27,40,Electric,Furnished,1,1,Yes,Park,7.14,0.50,No,No,4136985.11
HP-00378,Beylikduzu,Apartment,188.3,5,2,25,,10,Electric,Unfurnished,1,3,No,Sea,2.54,1.55,Yes,No,8505013.56
HP-00379,Uskudar,Apartment,76.6,2,1,2,20,22,Heat_Pump,Unfurnished,0,1,Yes,Sea,12.40,2.13,Yes,Yes,6161152.41
HP-00380,Sisli,Apartment,49.6,2,1,18,1,3,,Semi_Furnished,1,1,No,Nature,4.02,0.61,No,No,2801727.94
HP-00381,Atasehir,Apartment,129.5,4,2,10,11,23,Natural_Gas,Unfurnished,3,1,No,Nature,18.50,1.55,No,No,8021778.88
HP-00382,Cankaya,Apartment,153.9,5,2,1,1,8,Natural_Gas,Furnished,2,1,Yes,Park,8.19,0.92,Yes,Yes,8900846.16
HP-00383,Atasehir,Apartment,84.6,3,1,45,1,13,Heat_Pump,Unfurnished,1,2,Yes,City,8.45,3.65,Yes,No,3616493.90
HP-00384,Sisli,Apartment,149.4,4,1,3,15,25,Central,Furnished,1,1,No,Nature,4.75,2.11,Yes,Yes,12475181.46
HP-00385,Nilufer,Apartment,55.6,1,1,21,13,23,Coal,Unfurnished,1,1,No,Street,3.42,2.12,Yes,No,1625269.34
HP-00386,Sisli,Apartment,169.2,6,3,44,23,28,Natural_Gas,Semi_Furnished,0,2,Yes,Park,6.52,2.30,Yes,Yes,9637434.73
HP-00387,Karsiyaka,Apartment,41.3,1,1,6,15,22,Natural_Gas,Unfurnished,1,1,Yes,Street,5.34,2.85,Yes,No,1875394.69
HP-00388,Cankaya,Apartment,155.2,5,2,23,1,4,Central,Furnished,1,1,No,City,2.71,0.41,Yes,Yes,6076982.21
HP-00389,Cankaya,Apartment,153.0,5,2,25,0,7,Natural_Gas,Unfurnished,1,1,No,City,13.74,0.87,No,No,6140369.92
HP-00390,Konyaalti,Townhouse,255.3,7,3,24,10,16,Central,Unfurnished,1,1,No,Sea,4.52,2.14,Yes,No,14879443.18
HP-00391,Karsiyaka,Apartment,35.0,1,1,22,28,35,Central,Unfurnished,1,2,Yes,Street,5.92,0.88,Yes,No,1080659.24
HP-00392,Atasehir,Townhouse,182.0,5,,0,7,19,Natural_Gas,Furnished,3,4,Yes,Street,2.05,1.91,Yes,Yes,16587950.35
HP-00393,Konyaalti,Villa,248.8,6,2,,0,8,Heat_Pump,Unfurnished,0,2,Yes,Sea,5.04,0.34,Yes,Yes,25076533.37
HP-00394,Nilufer,Apartment,170.5,6,2,6,23,25,Natural_Gas,Semi_Furnished,1,1,Yes,Park,8.73,0.94,Yes,No,8061681.12
HP-00395,Atasehir,Residence,143.5,5,2,9,15,27,Natural_Gas,Furnished,0,0,Yes,Park,1.32,0.67,No,No,13970985.16
HP-00396,Sisli,Residence,89.2,3,1,5,14,24,Electric,Furnished,1,1,No,Sea,11.66,0.38,No,Yes,10539145.18
HP-00397,Sisli,Apartment,70.1,2,1,25,12,21,Coal,Semi_Furnished,1,2,Yes,Street,11.50,1.49,Yes,No,4051089.72
HP-00398,Sisli,Townhouse,145.1,4,2,2,23,25,Natural_Gas,Furnished,0,2,No,City,3.02,0.68,Yes,Yes,14538035.11
HP-00399,Nilufer,Apartment,35.0,1,1,0,28,32,Central,Unfurnished,1,1,Yes,Street,2.29,0.99,Yes,No,1453004.51
HP-00400,Nilufer,Residence,200.4,6,2,8,25,38,Heat_Pump,Unfurnished,2,1,No,Street,4.62,0.73,Yes,Yes,9607343.18
HP-00401,Karsiyaka,Residence,121.3,4,2,2,3,12,Electric,Furnished,0,1,Yes,City,1.05,0.83,No,Yes,8054811.89
HP-00402,Sisli,Apartment,170.6,5,2,4,9,20,Central,Unfurnished,2,2,No,City,5.64,1.54,Yes,Yes,10066597.20
HP-00403,Sisli,Apartment,,3,1,17,24,35,Central,Furnished,2,1,Yes,Sea,1.24,1.10,Yes,No,10638155.41
HP-00404,Karsiyaka,Residence,166.3,4,1,14,4,9,Natural_Gas,Semi_Furnished,1,1,Yes,Street,2.06,0.13,Yes,No,11056469.41
HP-00405,Cankaya,Apartment,212.1,6,3,7,0,6,Electric,Furnished,1,2,No,Nature,4.40,2.87,Yes,No,12743379.62
HP-00406,Beylikduzu,Apartment,141.8,3,1,2,17,26,Heat_Pump,Semi_Furnished,0,1,No,City,4.68,1.39,No,No,7185527.34
HP-00407,Besiktas,Apartment,41.5,1,1,11,6,10,,Semi_Furnished,1,0,No,Street,0.69,0.57,Yes,Yes,3136258.12
HP-00408,Karsiyaka,Apartment,180.6,6,2,11,14,19,Electric,Unfurnished,2,1,Yes,Nature,1.99,0.09,Yes,Yes,11177506.27
HP-00409,Karsiyaka,Apartment,169.9,4,1,41,1,9,Natural_Gas,Semi_Furnished,2,2,Yes,Park,3.61,1.88,No,No,7297108.94
HP-00410,Kadikoy,Apartment,73.7,2,1,32,16,20,Natural_Gas,Unfurnished,0,0,Yes,Street,4.44,1.30,Yes,Yes,5099742.44
HP-00411,Konyaalti,Apartment,160.2,4,2,30,8,10,Natural_Gas,Unfurnished,2,2,No,Street,3.46,0.66,Yes,No,8372235.47
HP-00412,Nilufer,Villa,178.1,5,2,3,0,11,Natural_Gas,Unfurnished,1,1,No,Park,5.49,0.63,No,No,13356384.44
HP-00413,Sisli,Apartment,182.2,4,2,43,2,7,,Unfurnished,0,2,No,Street,1.70,1.37,No,Yes,7864819.35
HP-00414,Cankaya,Apartment,86.2,2,1,13,27,29,Heat_Pump,Furnished,0,1,Yes,Nature,,0.75,Yes,Yes,3648840.85
HP-00415,Beylikduzu,Apartment,212.1,5,2,17,2,5,Natural_Gas,Unfurnished,1,1,Yes,Park,10.49,0.63,No,No,7685377.74
HP-00416,Besiktas,Apartment,35.0,1,1,43,7,13,Natural_Gas,Unfurnished,2,1,No,City,0.79,0.99,Yes,No,2482845.61
HP-00417,Konyaalti,Villa,199.4,6,3,5,0,9,,Unfurnished,3,1,Yes,Nature,1.78,0.63,No,No,18787698.52
HP-00418,Cankaya,Apartment,150.5,4,1,21,18,22,Natural_Gas,Furnished,2,,Yes,City,6.77,1.02,Yes,Yes,7935641.58
HP-00419,Konyaalti,Apartment,135.5,4,1,1,12,18,Natural_Gas,Unfurnished,1,0,No,Street,8.00,1.53,No,No,9572155.38
HP-00420,Nilufer,Apartment,134.8,4,2,4,26,37,Natural_Gas,Unfurnished,2,0,No,Sea,4.23,0.86,No,No,7030855.24
HP-00421,Uskudar,Apartment,98.3,4,2,0,6,10,Central,Unfurnished,1,2,No,Sea,5.68,1.81,Yes,No,7748711.64
HP-00422,Sisli,Apartment,95.4,3,1,9,8,10,Natural_Gas,Unfurnished,1,0,Yes,City,6.55,0.13,Yes,No,7712553.02
HP-00423,Nilufer,Apartment,132.1,4,2,16,0,5,Natural_Gas,Furnished,1,1,Yes,City,1.74,2.48,Yes,Yes,6445097.37
HP-00424,Besiktas,Apartment,228.2,7,2,15,14,21,Electric,Semi_Furnished,0,1,No,Street,5.76,0.99,Yes,Yes,14578463.57
HP-00425,Kadikoy,Apartment,151.0,4,1,15,18,22,Central,Semi_Furnished,2,0,No,Park,0.37,,Yes,No,15385206.41
HP-00426,Atasehir,Apartment,151.4,5,2,22,2,15,Natural_Gas,Unfurnished,0,1,No,Street,5.83,2.46,Yes,No,6976004.61
HP-00427,Besiktas,Apartment,136.4,4,1,19,21,32,Natural_Gas,Semi_Furnished,1,2,No,Sea,6.81,0.79,Yes,No,13567988.58
HP-00428,Cankaya,Apartment,96.8,3,1,4,0,7,Natural_Gas,Furnished,1,2,No,Street,4.90,1.00,No,Yes,4799858.99
HP-00429,Kadikoy,Residence,,1,1,7,18,27,Heat_Pump,Unfurnished,0,3,No,Sea,11.46,1.18,Yes,Yes,3007841.36
HP-00430,Nilufer,Residence,178.8,6,3,3,6,9,Heat_Pump,Semi_Furnished,1,1,Yes,City,5.19,0.61,Yes,No,9621702.65
HP-00431,Beylikduzu,Apartment,116.9,3,1,25,15,22,Natural_Gas,Semi_Furnished,2,2,No,Nature,7.70,0.72,Yes,Yes,3444364.85
HP-00432,Nilufer,Detached,264.7,9,3,7,0,3,Natural_Gas,Furnished,0,4,No,Street,6.42,1.10,Yes,No,12796818.68
HP-00433,Cankaya,Apartment,62.2,2,1,11,21,32,Natural_Gas,Unfurnished,1,2,No,Nature,5.75,0.91,Yes,No,3260810.31
HP-00434,Sisli,Apartment,138.6,5,2,15,15,24,Natural_Gas,Unfurnished,2,2,No,City,14.23,0.21,No,No,11103036.35
HP-00435,Karsiyaka,Apartment,100.2,2,,9,17,19,Coal,Unfurnished,0,2,No,Street,11.00,1.45,No,No,4086542.96
HP-00436,Kadikoy,Apartment,190.9,7,2,11,15,22,Heat_Pump,Unfurnished,0,1,No,Nature,8.95,0.71,No,Yes,12916190.14
HP-00437,Karsiyaka,Residence,95.6,2,1,26,7,18,Heat_Pump,Unfurnished,1,2,Yes,Park,7.23,,Yes,Yes,5422242.81
HP-00438,Sisli,Apartment,85.7,2,,53,12,25,Natural_Gas,Unfurnished,1,1,No,Nature,3.67,,No,Yes,4687244.68
HP-00439,Atasehir,Detached,131.0,4,2,23,0,8,Natural_Gas,Semi_Furnished,2,2,No,Street,5.90,0.15,No,No,8090648.35
HP-00440,Konyaalti,Apartment,152.0,5,2,1,6,18,Natural_Gas,Unfurnished,1,1,No,City,9.33,1.60,Yes,No,7682794.31
HP-00441,Konyaalti,Villa,206.4,6,2,9,0,11,Central,Unfurnished,1,1,No,Street,9.50,0.05,Yes,Yes,17698439.06
HP-00442,Konyaalti,Apartment,73.9,2,1,26,17,19,Central,Unfurnished,1,3,No,Street,3.33,0.95,No,No,2830425.10
HP-00443,Besiktas,Residence,129.6,4,2,10,19,32,Natural_Gas,Unfurnished,1,0,Yes,Street,1.31,0.11,Yes,No,17050324.66
HP-00444,Kadikoy,Apartment,127.2,3,1,5,4,7,Electric,Semi_Furnished,1,0,No,City,5.25,0.51,Yes,No,9431108.38
HP-00445,Uskudar,Residence,170.1,5,2,12,3,12,Electric,Unfurnished,1,1,No,Park,2.45,0.44,Yes,No,16684834.16
HP-00446,Sisli,Villa,197.0,6,2,1,0,11,Central,Unfurnished,2,1,No,Street,8.19,2.44,Yes,No,19124980.80
HP-00447,Konyaalti,Apartment,81.2,2,1,12,24,28,Natural_Gas,Furnished,1,2,Yes,Street,3.28,0.34,Yes,Yes,4807306.36
HP-00448,Beylikduzu,Apartment,101.8,3,1,10,4,12,Natural_Gas,Unfurnished,3,0,No,Street,13.11,2.47,Yes,Yes,3645553.14
HP-00449,Uskudar,Villa,168.5,5,2,28,0,9,Natural_Gas,Unfurnished,3,1,No,City,,1.24,No,Yes,14755269.42
HP-00450,Uskudar,Apartment,117.2,3,1,33,5,17,Coal,Semi_Furnished,1,2,No,City,5.15,1.88,Yes,Yes,5563533.16
HP-00451,Atasehir,Apartment,96.2,2,1,1,18,22,Natural_Gas,Unfurnished,1,1,Yes,Street,9.09,1.03,No,No,6313057.99
HP-00452,Beylikduzu,Residence,67.2,2,1,8,20,22,Electric,Unfurnished,2,1,Yes,Street,8.09,0.92,Yes,No,2658866.91
HP-00453,Karsiyaka,Residence,156.9,5,2,9,4,12,Natural_Gas,Semi_Furnished,1,1,No,Sea,9.24,0.51,Yes,No,11823340.52
HP-00454,Beylikduzu,Apartment,155.1,5,2,8,7,13,Central,Unfurnished,1,2,Yes,Street,13.47,0.32,Yes,Yes,5506764.12
HP-00455,Atasehir,Residence,92.4,3,1,5,18,28,Natural_Gas,Furnished,1,0,Yes,City,27.13,0.52,No,No,6853392.05
HP-00456,Cankaya,Residence,77.9,2,1,1,5,10,Natural_Gas,Semi_Furnished,0,0,Yes,City,5.97,1.21,Yes,No,5423665.95
HP-00457,Besiktas,Apartment,107.3,3,1,7,4,9,Natural_Gas,Unfurnished,1,2,Yes,Sea,3.10,1.78,Yes,No,13241674.32
HP-00458,Sisli,Apartment,146.8,4,2,3,13,19,Natural_Gas,Semi_Furnished,1,2,Yes,City,7.46,0.43,No,Yes,13742351.71
HP-00459,Besiktas,Apartment,162.0,4,1,17,25,29,Electric,Furnished,3,2,No,Street,4.76,1.27,Yes,Yes,14466817.11
HP-00460,Cankaya,Townhouse,193.7,5,2,,24,35,Central,Semi_Furnished,2,2,Yes,Park,3.07,0.33,Yes,No,13079983.94
HP-00461,Atasehir,Residence,115.9,3,1,7,15,22,Natural_Gas,Semi_Furnished,0,1,Yes,Street,2.09,0.47,Yes,No,8504011.79
HP-00462,Konyaalti,Townhouse,238.2,6,2,1,19,21,Natural_Gas,Unfurnished,1,1,Yes,Street,0.98,1.43,Yes,No,18126169.02
HP-00463,Beylikduzu,Apartment,114.6,4,2,0,10,15,Natural_Gas,Furnished,1,1,No,City,11.46,1.11,Yes,Yes,4393168.42
HP-00464,Besiktas,Apartment,158.5,4,2,54,25,33,Natural_Gas,Unfurnished,1,2,No,Nature,2.82,0.99,Yes,Yes,12107505.70
HP-00465,Nilufer,Apartment,161.6,5,2,14,22,28,Natural_Gas,Semi_Furnished,0,1,No,City,3.65,0.70,No,No,6078521.19
HP-00466,Beylikduzu,Townhouse,138.3,4,1,7,13,21,Natural_Gas,Furnished,1,1,Yes,Park,10.96,0.45,No,Yes,5668051.42
HP-00467,Cankaya,Apartment,70.2,2,1,13,18,21,Natural_Gas,Unfurnished,1,1,Yes,Nature,12.27,1.28,Yes,Yes,3484897.63
HP-00468,Besiktas,Apartment,126.9,3,1,18,7,17,Natural_Gas,Semi_Furnished,1,1,Yes,Street,8.77,1.31,No,Yes,10706482.79
HP-00469,Nilufer,Townhouse,191.7,5,2,10,15,27,Heat_Pump,Semi_Furnished,3,1,Yes,Nature,1.90,0.96,Yes,No,8877821.57
HP-00470,Kadikoy,Detached,272.9,9,4,19,0,6,Heat_Pump,Unfurnished,1,1,Yes,Nature,0.78,0.65,Yes,Yes,22896023.38
HP-00471,Beylikduzu,Detached,196.5,5,2,21,0,11,Natural_Gas,Unfurnished,0,0,Yes,Street,1.79,2.71,Yes,No,7195143.32
HP-00472,Kadikoy,Villa,254.5,6,2,3,0,4,Electric,Unfurnished,0,1,Yes,City,2.31,0.79,Yes,Yes,32879855.65
HP-00473,Cankaya,Apartment,123.3,4,1,12,2,15,Natural_Gas,Unfurnished,1,3,No,Park,10.61,0.73,Yes,No,4987395.93
HP-00474,Konyaalti,Detached,204.2,5,2,8,0,5,Natural_Gas,Semi_Furnished,0,1,No,Street,16.68,1.65,Yes,No,10715816.77
HP-00475,Konyaalti,Apartment,35.0,1,1,3,26,38,Natural_Gas,Semi_Furnished,1,3,No,City,3.53,1.73,Yes,No,2062893.19
HP-00476,Konyaalti,Apartment,148.4,4,1,11,3,10,Natural_Gas,Unfurnished,1,1,Yes,City,2.23,0.13,Yes,Yes,8690681.17
HP-00477,Beylikduzu,Detached,130.4,3,1,0,0,6,Central,Semi_Furnished,1,2,No,City,10.53,0.67,Yes,No,6076737.30
HP-00478,Karsiyaka,Apartment,235.4,7,3,4,3,9,Natural_Gas,Unfurnished,1,2,Yes,Sea,4.34,0.45,Yes,No,19064392.47
HP-00479,Konyaalti,Apartment,35.5,1,1,11,3,12,Natural_Gas,Semi_Furnished,1,1,No,Street,3.37,1.08,Yes,Yes,1663508.66
HP-00480,Besiktas,Townhouse,238.0,7,3,13,10,19,Natural_Gas,Unfurnished,1,2,No,Park,8.47,1.06,Yes,No,22672862.59
HP-00481,Besiktas,Detached,127.3,4,2,31,0,11,Central,Unfurnished,1,1,No,Sea,1.79,0.30,Yes,Yes,17560841.71
HP-00482,Nilufer,Villa,158.8,4,2,9,0,5,Central,Semi_Furnished,0,1,Yes,Sea,4.21,0.70,Yes,No,12983411.19
HP-00483,Sisli,Apartment,160.3,4,2,5,4,11,Natural_Gas,Unfurnished,1,,No,Street,6.69,0.18,Yes,No,10652259.93
HP-00484,Atasehir,Apartment,225.6,6,2,67,12,22,Central,Unfurnished,2,2,No,Nature,3.54,1.00,Yes,Yes,12170432.90
HP-00485,Sisli,Villa,185.3,5,2,38,0,6,Heat_Pump,Semi_Furnished,0,1,No,Street,16.85,2.46,Yes,No,9103433.14
HP-00486,Sisli,Apartment,230.8,6,3,1,4,17,Natural_Gas,Unfurnished,1,0,No,Nature,6.34,2.68,Yes,No,17746930.75
HP-00487,Karsiyaka,Residence,146.9,4,2,0,17,24,Natural_Gas,Semi_Furnished,1,1,No,Street,12.64,0.61,Yes,No,9249339.10
HP-00488,Cankaya,Residence,168.1,4,2,12,17,27,Natural_Gas,Unfurnished,1,2,No,Park,1.74,1.34,No,No,10020219.36
HP-00489,Karsiyaka,Apartment,198.7,5,2,10,18,25,Central,Unfurnished,2,1,Yes,City,4.70,2.03,No,No,11366854.39
HP-00490,Kadikoy,Villa,243.2,8,3,20,0,13,Heat_Pump,Semi_Furnished,3,3,Yes,City,2.89,0.35,Yes,No,31581573.82
HP-00491,Konyaalti,Detached,163.9,6,3,0,0,8,Natural_Gas,Unfurnished,1,0,Yes,Street,8.07,2.82,No,No,11674757.12
HP-00492,Atasehir,Villa,248.2,7,2,0,0,10,Electric,Furnished,2,1,No,Sea,4.77,0.83,Yes,No,38261671.08
HP-00493,Karsiyaka,Apartment,102.9,4,2,0,26,29,Natural_Gas,Semi_Furnished,1,2,Yes,Park,10.58,1.14,No,Yes,7033051.45
HP-00494,Konyaalti,Residence,35.0,1,1,14,0,13,Heat_Pump,Furnished,0,2,No,Sea,5.05,1.19,Yes,No,2191782.40
HP-00495,Sisli,Apartment,163.1,5,2,9,13,25,Electric,Semi_Furnished,0,1,No,City,3.99,0.30,Yes,Yes,10909579.35
HP-00496,Kadikoy,Apartment,120.5,4,2,18,3,7,Natural_Gas,Semi_Furnished,3,2,Yes,Street,4.94,1.50,Yes,No,8574714.04
HP-00497,Besiktas,Apartment,165.6,5,2,16,,19,Electric,Semi_Furnished,1,0,No,Street,11.62,0.62,Yes,No,13463139.10
HP-00498,Besiktas,Residence,148.6,4,1,25,10,14,Heat_Pump,Unfurnished,1,2,Yes,Street,1.41,1.84,Yes,Yes,16413829.93
HP-00499,Uskudar,Apartment,140.1,4,2,2,19,25,Heat_Pump,Unfurnished,1,1,No,City,15.70,1.47,No,Yes,8986086.90
HP-00500,Nilufer,Residence,71.6,2,1,38,28,38,Electric,Semi_Furnished,1,0,No,Park,2.69,0.35,Yes,No,2812172.12
HP-00501,Uskudar,Apartment,116.4,4,2,1,4,15,Natural_Gas,Furnished,1,1,Yes,Sea,13.09,3.87,Yes,Yes,11192736.79
HP-00502,Beylikduzu,Apartment,78.3,3,1,3,24,28,Natural_Gas,Furnished,1,1,No,City,8.60,0.54,Yes,No,3016924.23
HP-00503,Cankaya,Apartment,45.6,1,1,15,3,8,Central,Semi_Furnished,1,0,No,Street,5.46,0.18,Yes,No,1816278.58
HP-00504,Nilufer,Residence,117.0,3,1,6,12,19,Central,Furnished,0,2,No,Street,4.24,0.68,Yes,Yes,6177056.06
HP-00505,Sisli,Apartment,137.3,5,2,7,18,31,Central,Semi_Furnished,2,3,Yes,Street,6.79,1.24,Yes,Yes,10564957.43
HP-00506,Cankaya,Apartment,115.6,3,1,23,12,22,Central,Semi_Furnished,0,1,No,City,3.42,0.45,Yes,No,4923626.89
HP-00507,Konyaalti,Apartment,97.8,3,1,46,21,23,Natural_Gas,Furnished,1,2,No,Nature,12.65,0.38,Yes,No,3662346.77
HP-00508,Atasehir,Apartment,129.6,3,1,21,18,25,Natural_Gas,Furnished,1,0,Yes,Sea,,1.06,Yes,No,11990257.86
HP-00509,Kadikoy,Residence,106.0,3,1,5,13,22,Central,Unfurnished,1,1,Yes,City,8.17,1.06,No,No,10075694.35
HP-00510,Atasehir,Townhouse,173.8,4,1,16,8,14,Heat_Pump,Unfurnished,2,2,Yes,Sea,1.62,1.53,Yes,No,17067640.86
HP-00511,Karsiyaka,Apartment,193.9,5,2,39,14,26,Natural_Gas,Unfurnished,1,2,Yes,Sea,15.22,1.76,Yes,No,9957435.95
HP-00512,Besiktas,Apartment,171.6,5,2,15,24,34,Natural_Gas,Unfurnished,1,2,Yes,Street,5.82,0.36,Yes,No,15871922.37
HP-00513,Konyaalti,Apartment,125.0,4,1,13,12,25,Natural_Gas,Furnished,1,1,No,City,0.87,1.86,Yes,Yes,6223870.07
HP-00514,Konyaalti,Apartment,147.8,5,2,40,23,34,Central,Unfurnished,2,2,No,Street,2.64,0.98,No,Yes,6086858.25
HP-00515,Uskudar,Villa,214.0,7,2,11,0,8,Heat_Pump,Semi_Furnished,1,3,No,Nature,2.49,0.21,Yes,No,22599643.49
HP-00516,Nilufer,Residence,100.2,3,1,16,7,11,Natural_Gas,Unfurnished,0,1,Yes,Sea,6.81,0.65,Yes,Yes,4916894.21
HP-00517,Atasehir,Apartment,48.6,1,1,44,8,20,Natural_Gas,Unfurnished,1,0,No,Park,11.69,1.01,No,No,2047180.48
HP-00518,Sisli,Detached,213.9,6,2,28,0,6,Natural_Gas,Unfurnished,1,3,Yes,Sea,17.45,0.75,Yes,No,18083618.69
HP-00519,Beylikduzu,Apartment,138.2,4,2,47,4,16,Natural_Gas,Furnished,1,2,Yes,Street,5.88,1.58,No,No,4024110.74
HP-00520,Sisli,Apartment,137.7,4,1,12,6,10,Natural_Gas,Unfurnished,1,1,No,Park,3.91,1.41,Yes,No,10459385.96
HP-00521,Nilufer,Villa,173.7,5,2,7,0,8,Natural_Gas,Unfurnished,1,1,No,City,4.66,,No,Yes,10110542.17
HP-00522,Nilufer,Apartment,99.8,2,1,35,12,20,Central,Unfurnished,2,0,No,Street,4.55,0.28,Yes,No,2882167.80
HP-00523,Besiktas,Apartment,109.3,3,1,7,6,9,Natural_Gas,Unfurnished,0,1,No,Street,3.37,1.35,Yes,Yes,8722500.89
HP-00524,Kadikoy,Residence,148.2,4,2,0,27,36,Natural_Gas,Unfurnished,2,1,Yes,Park,4.91,1.33,No,No,15989602.61
HP-00525,Konyaalti,Apartment,115.1,3,1,17,10,15,Central,Unfurnished,1,2,Yes,Street,9.03,1.74,Yes,No,4987284.89
HP-00526,Cankaya,Apartment,139.4,4,2,7,7,19,Natural_Gas,Unfurnished,1,1,Yes,Street,1.68,1.43,Yes,No,6917878.23
HP-00527,Nilufer,Apartment,136.6,3,1,0,1,9,Natural_Gas,Unfurnished,1,2,Yes,Street,5.27,,No,Yes,6433323.40
HP-00528,Karsiyaka,Villa,147.1,5,2,12,0,5,Natural_Gas,Furnished,0,1,No,Nature,9.07,0.39,No,No,10858198.68
HP-00529,Cankaya,Apartment,87.5,2,1,,14,19,Natural_Gas,Furnished,1,1,No,City,5.78,1.30,Yes,Yes,2269444.42
HP-00530,Nilufer,Residence,159.6,4,,3,4,13,Central,Unfurnished,2,1,Yes,Street,1.40,0.88,Yes,Yes,7284310.63
HP-00531,Uskudar,Residence,80.1,3,1,11,22,31,Natural_Gas,Unfurnished,2,1,No,Park,7.67,1.01,No,No,6312442.02
HP-00532,Besiktas,Apartment,184.3,5,2,33,27,36,Natural_Gas,Unfurnished,0,0,Yes,City,5.38,0.32,Yes,Yes,15308256.58
HP-00533,Cankaya,Residence,151.6,4,2,18,19,21,Natural_Gas,Unfurnished,0,0,No,City,7.58,1.95,No,No,6366586.77
HP-00534,Konyaalti,Apartment,164.7,4,2,2,27,40,Natural_Gas,Unfurnished,0,1,Yes,Street,5.18,2.37,No,Yes,9570585.43
HP-00535,Uskudar,Residence,177.5,5,2,0,13,22,,Unfurnished,3,2,No,Street,,0.59,No,Yes,18360357.72
HP-00536,Sisli,Apartment,83.3,2,1,48,21,29,Natural_Gas,Unfurnished,1,2,No,Nature,2.95,0.31,Yes,Yes,4597701.53
HP-00537,Karsiyaka,Apartment,223.1,5,2,9,28,36,Central,Semi_Furnished,0,2,No,Park,5.74,1.28,Yes,No,10148194.50
HP-00538,Beylikduzu,Townhouse,145.4,5,2,16,5,18,Natural_Gas,Unfurnished,1,1,No,Street,4.78,0.57,Yes,Yes,5234656.97
HP-00539,Besiktas,Residence,276.8,10,3,10,5,17,Natural_Gas,Furnished,1,3,Yes,City,8.50,1.21,Yes,Yes,34195424.37
HP-00540,Besiktas,Apartment,363.5,9,3,6,12,17,Natural_Gas,Furnished,1,2,No,Street,8.60,0.32,No,No,36703131.08
HP-00541,Kadikoy,Apartment,170.6,6,3,0,6,14,Central,Furnished,0,1,Yes,Street,1.44,2.20,Yes,No,16396933.83
HP-00542,Sisli,Apartment,63.8,2,1,12,4,7,Natural_Gas,Unfurnished,1,1,No,Nature,3.50,0.43,No,No,4699847.36
HP-00543,Karsiyaka,Apartment,142.7,4,2,0,14,16,Coal,Semi_Furnished,1,1,Yes,Street,5.85,0.68,Yes,No,10126965.59
HP-00544,Karsiyaka,Residence,188.1,5,2,13,5,11,Central,Semi_Furnished,1,1,No,Park,6.05,2.29,No,Yes,10773094.71
HP-00545,Cankaya,Residence,76.3,2,1,2,12,17,Natural_Gas,Unfurnished,1,1,No,City,3.21,0.17,Yes,No,4422511.58
HP-00546,Uskudar,Villa,134.1,4,1,28,,8,Coal,Unfurnished,1,2,No,City,9.25,1.03,Yes,No,8793436.30
HP-00547,Kadikoy,Townhouse,153.5,4,1,9,16,21,Natural_Gas,Furnished,1,,No,Street,0.97,2.04,Yes,No,11610909.08
HP-00548,Sisli,Residence,226.1,7,3,14,2,8,Central,Furnished,0,4,No,Street,7.48,2.11,Yes,Yes,49670211.50
HP-00549,Cankaya,Apartment,166.8,5,2,24,0,13,Central,Unfurnished,0,1,Yes,Sea,14.97,0.87,Yes,Yes,10442161.91
HP-00550,Nilufer,Apartment,35.0,1,1,16,22,28,Heat_Pump,Semi_Furnished,2,1,No,Street,8.60,0.74,Yes,No,1053416.92
HP-00551,Besiktas,Apartment,253.0,7,2,2,17,21,Natural_Gas,Unfurnished,1,4,Yes,Street,5.61,0.78,No,No,31127052.39
HP-00552,Konyaalti,Townhouse,169.5,4,2,1,12,25,Natural_Gas,Unfurnished,2,1,No,City,7.93,0.58,Yes,No,11315960.96
HP-00553,Atasehir,Residence,106.0,3,1,6,3,14,Heat_Pump,Semi_Furnished,2,3,Yes,City,0.25,0.36,No,No,9686985.53
HP-00554,Kadikoy,Residence,105.9,3,1,8,2,6,Natural_Gas,Semi_Furnished,1,1,No,City,4.56,1.91,Yes,Yes,7263931.22
HP-00555,Sisli,Townhouse,268.5,8,3,9,6,9,Heat_Pump,Unfurnished,0,1,Yes,City,4.16,0.99,Yes,No,24057892.08
HP-00556,Uskudar,Apartment,168.0,5,2,16,24,26,Natural_Gas,Unfurnished,0,0,No,Street,4.56,0.77,No,No,9078994.22
HP-00557,Sisli,Townhouse,178.6,6,2,5,22,30,Natural_Gas,Semi_Furnished,1,1,Yes,Street,2.67,0.36,Yes,Yes,12344061.52
HP-00558,Atasehir,Residence,95.9,3,1,3,16,26,Natural_Gas,Semi_Furnished,0,1,Yes,Street,,2.42,No,No,6895091.16
HP-00559,Sisli,Townhouse,168.1,5,2,5,20,29,Central,Unfurnished,1,1,No,City,7.69,1.12,No,Yes,12618970.68
HP-00560,Atasehir,Apartment,175.4,4,1,23,18,28,Natural_Gas,Unfurnished,1,0,No,Nature,1.00,0.85,Yes,No,12123686.65
HP-00561,Uskudar,Residence,207.9,5,2,40,15,23,Central,Unfurnished,0,1,No,Park,5.44,2.02,Yes,No,12815847.97
HP-00562,Sisli,Apartment,48.8,2,1,,24,32,Heat_Pump,Unfurnished,1,1,No,Street,2.61,2.60,No,No,2767036.15
HP-00563,Beylikduzu,Apartment,121.6,3,1,33,20,22,Natural_Gas,Unfurnished,1,1,Yes,Street,2.16,2.33,Yes,Yes,3384110.91
HP-00564,Beylikduzu,Apartment,125.6,3,1,5,5,8,Electric,Unfurnished,2,1,No,Street,3.67,1.15,No,Yes,4018464.89
HP-00565,Besiktas,Apartment,128.1,4,2,28,17,19,Central,Semi_Furnished,2,1,Yes,City,1.95,0.78,Yes,Yes,9778597.13
HP-00566,Beylikduzu,Apartment,53.0,2,1,,5,7,Central,Unfurnished,1,2,No,Park,1.12,1.12,Yes,No,1932980.06
HP-00567,Uskudar,Apartment,67.5,2,1,,8,10,Natural_Gas,Semi_Furnished,1,2,No,Nature,4.55,0.36,No,No,4337160.68
HP-00568,Konyaalti,Apartment,166.0,4,1,10,9,22,Natural_Gas,Furnished,1,2,No,Park,6.01,0.87,Yes,No,7417226.33
HP-00569,Kadikoy,Residence,144.2,4,1,33,5,18,Central,Unfurnished,2,4,No,Street,,1.24,Yes,Yes,9013979.07
HP-00570,Konyaalti,Apartment,87.8,2,1,24,9,20,Heat_Pump,Semi_Furnished,1,2,Yes,Park,12.05,0.21,No,No,4694195.26
HP-00571,Nilufer,Apartment,155.5,4,1,1,4,7,Natural_Gas,Furnished,2,1,Yes,Park,6.51,1.35,Yes,No,7764075.73
HP-00572,Sisli,Apartment,137.3,5,2,34,25,27,Natural_Gas,Furnished,0,1,No,City,0.61,3.48,Yes,Yes,7122259.99
HP-00573,Cankaya,Villa,223.6,8,2,6,0,4,Natural_Gas,Unfurnished,1,3,No,City,3.37,0.44,Yes,No,18792929.72
HP-00574,Konyaalti,Apartment,188.6,5,2,4,11,24,Natural_Gas,Semi_Furnished,1,1,Yes,Street,,0.86,No,Yes,13511335.18
HP-00575,Uskudar,Residence,101.2,2,1,31,5,8,Natural_Gas,Unfurnished,3,1,No,Street,1.95,2.05,Yes,No,5979017.79
HP-00576,Besiktas,Apartment,113.1,3,1,25,23,28,Heat_Pump,Semi_Furnished,1,1,No,City,7.68,0.89,No,No,8948525.54
HP-00577,Cankaya,Apartment,191.3,5,2,0,3,10,Central,Furnished,2,2,No,Park,11.65,,No,No,37707391.53
HP-00578,Karsiyaka,Residence,74.0,2,1,22,7,15,Natural_Gas,Unfurnished,1,2,No,Street,3.09,1.43,No,No,3675538.15
HP-00579,Karsiyaka,Apartment,157.7,5,2,10,21,23,Natural_Gas,Unfurnished,1,2,Yes,Sea,6.98,1.13,No,No,11008615.34
HP-00580,Karsiyaka,Residence,,2,1,24,9,22,Heat_Pump,Semi_Furnished,1,2,Yes,Nature,5.45,2.98,Yes,No,3935007.52
HP-00581,Besiktas,Apartment,90.3,2,1,8,24,33,Central,Furnished,2,4,Yes,Street,8.38,0.48,Yes,No,8426099.35
HP-00582,Kadikoy,Apartment,113.8,3,1,16,9,21,Electric,Furnished,1,4,Yes,Nature,4.72,0.71,Yes,No,9158625.97
HP-00583,Sisli,Apartment,87.4,3,,12,11,19,Natural_Gas,Semi_Furnished,0,1,No,City,2.61,1.07,No,No,5366133.61
HP-00584,Atasehir,Residence,113.3,3,1,4,8,15,Central,Unfurnished,1,1,Yes,City,10.29,1.12,Yes,Yes,8947605.89
HP-00585,Uskudar,Apartment,155.1,5,2,4,17,23,Natural_Gas,Semi_Furnished,1,1,No,Street,5.81,1.08,No,Yes,8973884.12
HP-00586,Besiktas,Apartment,104.3,4,1,1,12,19,Heat_Pump,Unfurnished,1,4,Yes,Park,11.00,0.59,Yes,No,12371538.34
HP-00587,Kadikoy,Apartment,40.3,1,1,36,13,19,Natural_Gas,Furnished,1,1,No,Park,15.57,0.17,Yes,Yes,2162700.98
HP-00588,Beylikduzu,Townhouse,211.4,5,2,0,20,24,Natural_Gas,Unfurnished,3,0,No,Street,9.55,0.76,No,Yes,7404823.35
HP-00589,Karsiyaka,Detached,124.2,3,1,9,0,7,Natural_Gas,Furnished,1,1,No,Park,3.98,,Yes,No,7074215.96
HP-00590,Kadikoy,Villa,189.5,5,2,14,0,13,Central,Unfurnished,2,0,No,Sea,0.77,0.52,Yes,No,26114704.84
HP-00591,Besiktas,Apartment,87.8,2,1,75,2,14,Heat_Pump,Unfurnished,1,2,Yes,Street,5.33,0.58,Yes,Yes,4764292.59
HP-00592,Cankaya,Detached,,5,2,4,0,6,Natural_Gas,Unfurnished,2,0,No,Park,5.61,4.49,No,Yes,10909955.91
HP-00593,Uskudar,Apartment,48.0,2,1,33,1,11,Heat_Pump,Furnished,1,1,No,Street,13.30,0.23,No,Yes,2336175.07
HP-00594,Nilufer,Villa,203.3,7,3,47,0,8,Central,Unfurnished,0,1,Yes,Street,3.74,1.51,Yes,No,41401577.97
HP-00595,Uskudar,Apartment,67.5,2,1,0,,36,Natural_Gas,Unfurnished,1,0,No,City,7.63,0.61,Yes,No,4905044.46
HP-00596,Nilufer,Apartment,215.8,7,3,11,0,12,Central,Semi_Furnished,1,2,No,City,13.94,1.35,Yes,Yes,7023993.33
HP-00597,Besiktas,Apartment,120.1,3,1,0,20,30,Natural_Gas,Unfurnished,0,0,No,Street,1.07,1.94,No,Yes,10439754.87
HP-00598,Uskudar,Villa,157.7,4,1,58,0,9,Electric,Semi_Furnished,1,0,Yes,City,2.18,2.55,Yes,Yes,10893480.76
HP-00599,Atasehir,Residence,187.1,5,2,53,15,24,Natural_Gas,Unfurnished,0,3,No,Street,7.79,2.63,Yes,Yes,8188260.21
HP-00600,Karsiyaka,Apartment,93.2,2,1,12,25,31,Central,Unfurnished,3,1,No,City,3.51,0.31,No,No,5320799.34
HP-00601,Beylikduzu,Apartment,115.0,3,1,13,7,15,Heat_Pump,Semi_Furnished,1,2,No,City,4.09,0.38,Yes,Yes,3635253.28
HP-00602,Beylikduzu,Apartment,107.0,2,1,12,21,25,Natural_Gas,Semi_Furnished,1,0,No,Park,9.25,0.37,Yes,No,3302174.10
HP-00603,Cankaya,Detached,142.1,5,2,21,0,12,Electric,Furnished,1,2,Yes,Street,3.63,0.51,No,Yes,7243398.35
HP-00604,Nilufer,Apartment,66.6,2,1,8,28,33,Natural_Gas,Semi_Furnished,1,1,Yes,Street,9.03,0.41,No,No,2583814.42
HP-00605,Atasehir,Apartment,131.2,3,1,10,2,9,Natural_Gas,Semi_Furnished,2,0,Yes,Street,4.88,1.63,Yes,No,7928079.40
HP-00606,Karsiyaka,Apartment,178.7,6,2,16,19,23,Central,Semi_Furnished,2,3,No,City,22.09,0.43,Yes,Yes,7213245.15
HP-00607,Sisli,Residence,55.0,1,1,9,11,23,Central,Unfurnished,2,2,Yes,Nature,4.67,0.69,Yes,Yes,4963569.21
HP-00608,Beylikduzu,Detached,104.8,3,1,1,0,3,Natural_Gas,Unfurnished,1,1,Yes,Street,6.01,0.71,Yes,Yes,4800565.31
HP-00609,Besiktas,Apartment,117.0,3,1,7,20,32,Natural_Gas,Furnished,1,0,Yes,Street,7.21,0.64,Yes,Yes,40052126.77
HP-00610,Beylikduzu,Apartment,112.0,3,1,,3,5,Central,Unfurnished,3,1,No,Park,2.03,0.75,Yes,No,4062708.11
HP-00611,Uskudar,Residence,152.2,4,2,13,24,34,Natural_Gas,Unfurnished,0,3,Yes,Street,2.33,1.57,Yes,No,9966181.71
HP-00612,Atasehir,Apartment,63.7,2,1,6,19,23,Natural_Gas,Unfurnished,1,1,Yes,Nature,10.81,1.43,Yes,No,3392385.51
HP-00613,Kadikoy,Apartment,172.7,5,2,8,,32,Natural_Gas,Unfurnished,1,2,No,Street,8.20,0.34,No,Yes,14713212.54
HP-00614,Besiktas,Townhouse,155.0,4,1,42,24,33,Natural_Gas,Furnished,1,2,No,Street,3.11,1.18,Yes,No,12315814.73
HP-00615,Uskudar,Villa,177.4,5,2,,0,12,Natural_Gas,Semi_Furnished,3,2,No,City,13.18,1.04,Yes,Yes,15609098.28
HP-00616,Besiktas,Detached,134.8,5,2,24,0,5,Heat_Pump,Unfurnished,1,1,Yes,Sea,,0.55,Yes,No,16501733.01
HP-00617,Konyaalti,Apartment,135.2,3,1,6,8,16,Natural_Gas,Semi_Furnished,0,1,No,City,2.29,1.07,No,No,6944520.83
HP-00618,Cankaya,Apartment,68.3,2,1,0,14,27,Natural_Gas,Unfurnished,0,2,No,Park,1.79,,Yes,Yes,3423193.45
HP-00619,Uskudar,Villa,169.2,6,2,,0,9,Central,Furnished,1,,Yes,Park,5.31,1.89,Yes,No,19897241.83
HP-00620,Karsiyaka,Apartment,189.4,5,2,10,11,22,,Semi_Furnished,1,1,No,Park,7.88,0.98,Yes,Yes,11218096.03
HP-00621,Konyaalti,Detached,203.0,7,3,14,0,3,Central,Unfurnished,1,1,No,Nature,2.87,0.58,Yes,No,11476293.20
HP-00622,Konyaalti,Apartment,52.7,2,1,16,1,10,Natural_Gas,Unfurnished,0,2,No,Park,7.07,2.63,Yes,No,2120902.24
HP-00623,Uskudar,Apartment,101.7,3,1,41,2,12,Natural_Gas,Unfurnished,2,1,Yes,Sea,4.80,2.42,Yes,Yes,7807336.95
HP-00624,Nilufer,Apartment,115.5,3,1,33,11,16,Central,Furnished,2,2,Yes,Street,0.93,1.58,Yes,No,4321296.05
HP-00625,Kadikoy,Residence,156.1,5,2,2,27,36,Natural_Gas,Unfurnished,1,1,No,Nature,5.72,1.83,Yes,No,16343463.02
HP-00626,Besiktas,Detached,160.0,4,2,15,0,4,Coal,Semi_Furnished,1,1,No,Street,3.52,0.89,Yes,Yes,14705356.33
HP-00627,Cankaya,Villa,156.2,4,1,29,0,2,Central,Unfurnished,1,2,No,City,6.40,0.65,Yes,No,9533732.31
HP-00628,Konyaalti,Townhouse,182.8,6,2,0,10,14,Natural_Gas,Unfurnished,1,1,Yes,City,1.22,3.32,No,Yes,14006345.59
HP-00629,Konyaalti,Apartment,86.7,2,1,12,24,26,Central,Unfurnished,1,1,Yes,Park,1.05,0.54,No,No,5635174.13
HP-00630,Besiktas,Residence,118.8,4,2,7,22,32,Natural_Gas,Furnished,1,2,No,Nature,5.46,2.52,Yes,No,10619058.79
HP-00631,Konyaalti,Apartment,187.0,5,2,12,8,14,Natural_Gas,Furnished,1,1,Yes,Street,3.58,0.51,Yes,Yes,9837961.46
HP-00632,Nilufer,Apartment,169.2,5,2,1,1,10,Central,Unfurnished,1,4,Yes,Street,7.02,0.21,Yes,Yes,8686938.39
HP-00633,Besiktas,Apartment,202.7,7,3,31,22,28,Central,Unfurnished,0,2,Yes,Nature,9.45,0.79,Yes,Yes,17028279.75
HP-00634,Cankaya,Apartment,39.1,1,1,75,19,29,Heat_Pump,Semi_Furnished,0,0,Yes,Street,7.31,0.64,Yes,No,1034018.46
HP-00635,Sisli,Apartment,88.6,3,1,22,21,32,Natural_Gas,Semi_Furnished,2,1,Yes,Street,2.43,0.67,Yes,No,7335755.60
HP-00636,Beylikduzu,Apartment,89.3,3,1,10,14,23,Coal,Unfurnished,3,2,Yes,Street,9.97,1.11,Yes,Yes,3193579.93
HP-00637,Nilufer,Apartment,190.8,6,2,4,12,18,Central,Semi_Furnished,1,2,Yes,Street,11.22,0.51,No,No,7310975.47
HP-00638,Sisli,Apartment,141.6,5,2,18,13,15,Central,Semi_Furnished,1,,No,City,1.78,2.55,No,No,10443699.34
HP-00639,Kadikoy,Detached,159.6,5,2,20,0,5,Heat_Pump,Furnished,1,1,No,Street,2.73,0.51,No,Yes,11539116.57
HP-00640,Beylikduzu,Apartment,168.5,4,2,14,6,15,Electric,Unfurnished,1,1,Yes,City,2.60,1.99,No,No,7083680.09
HP-00641,Kadikoy,Apartment,136.6,4,1,6,7,19,Natural_Gas,Unfurnished,1,3,No,Park,1.01,1.98,Yes,Yes,12734695.92
HP-00642,Atasehir,Apartment,81.0,2,1,17,6,19,Electric,Unfurnished,1,1,No,Park,0.86,0.53,Yes,Yes,4901703.97
HP-00643,Cankaya,Apartment,68.3,2,1,5,18,28,Natural_Gas,Unfurnished,2,1,Yes,Sea,0.47,2.45,Yes,Yes,4719674.61
HP-00644,Atasehir,Apartment,75.3,2,1,11,28,34,Electric,Furnished,0,1,No,Street,2.75,0.10,Yes,Yes,3721791.27
HP-00645,Konyaalti,Apartment,161.6,4,2,11,9,18,Natural_Gas,Unfurnished,2,1,Yes,City,10.12,0.46,Yes,No,9617905.12
HP-00646,Konyaalti,Villa,262.8,6,3,53,0,13,Heat_Pump,Furnished,0,2,Yes,Sea,5.18,2.41,No,No,21172216.62
HP-00647,Cankaya,Apartment,124.5,4,2,18,20,23,Central,Semi_Furnished,0,1,No,Sea,6.59,1.10,Yes,Yes,7618039.58
HP-00648,Kadikoy,Detached,289.3,10,3,75,0,9,Natural_Gas,Unfurnished,1,3,No,Nature,11.00,1.48,Yes,Yes,12474508.63
HP-00649,Kadikoy,Apartment,118.2,3,1,11,17,19,Central,Unfurnished,1,1,No,Nature,1.11,0.49,Yes,Yes,10439413.13
HP-00650,Nilufer,Apartment,173.4,5,2,5,27,37,Central,Furnished,1,1,Yes,Park,5.37,1.28,No,Yes,8224003.98
HP-00651,Besiktas,Apartment,105.5,3,1,23,12,21,Coal,Unfurnished,0,0,Yes,Street,2.52,0.81,No,No,8073059.84
HP-00652,Atasehir,Apartment,,6,2,4,25,38,Natural_Gas,Unfurnished,2,0,No,Street,7.13,0.72,Yes,Yes,10483531.21
HP-00653,Uskudar,Apartment,185.3,5,2,8,16,20,Natural_Gas,Semi_Furnished,2,1,Yes,Sea,10.94,0.30,Yes,No,17071025.77
HP-00654,Nilufer,Villa,100.5,3,1,,0,11,Central,Semi_Furnished,2,2,Yes,Nature,9.13,,No,Yes,5712573.13
HP-00655,Beylikduzu,Apartment,146.1,4,1,71,0,3,Natural_Gas,Furnished,1,1,No,Park,4.77,1.54,No,Yes,2926292.29
HP-00656,Uskudar,Apartment,157.8,4,1,6,24,30,,Semi_Furnished,2,0,No,City,6.67,0.86,Yes,No,10682840.06
HP-00657,Sisli,Apartment,50.8,1,1,17,24,27,Natural_Gas,Unfurnished,1,2,No,Street,4.47,1.00,No,No,2714549.79
HP-00658,Sisli,Apartment,146.4,4,2,42,12,20,Central,Unfurnished,1,0,Yes,Sea,1.82,0.17,No,No,12708312.29
HP-00659,Besiktas,Residence,108.3,3,1,9,8,16,Natural_Gas,Unfurnished,1,1,No,Park,3.06,0.41,No,No,12551833.97
HP-00660,Uskudar,Apartment,179.0,6,2,14,9,18,Central,Unfurnished,1,1,Yes,Street,2.98,0.20,Yes,Yes,13378739.58
HP-00661,Kadikoy,Townhouse,128.2,4,1,18,8,17,Natural_Gas,Unfurnished,0,3,No,Street,1.30,0.45,Yes,Yes,9530369.33
HP-00662,Nilufer,Residence,97.9,2,1,3,16,27,Heat_Pump,Semi_Furnished,0,1,No,City,10.76,1.43,No,No,5028925.63
HP-00663,Cankaya,Villa,279.4,7,2,51,0,6,,Semi_Furnished,1,1,Yes,Sea,1.94,1.41,Yes,No,18570525.07
HP-00664,Kadikoy,Residence,143.4,5,2,2,8,11,Natural_Gas,Unfurnished,1,0,No,Nature,1.67,0.63,Yes,No,15146400.40
HP-00665,Karsiyaka,Apartment,35.0,1,1,5,18,23,Central,Unfurnished,0,3,No,Nature,8.60,0.61,Yes,No,1776502.15
HP-00666,Kadikoy,Apartment,35.0,1,1,10,18,29,Electric,Semi_Furnished,0,0,No,Nature,10.93,2.47,Yes,No,2300163.64
HP-00667,Kadikoy,Apartment,117.7,3,1,27,10,17,Central,Unfurnished,1,1,No,Street,8.44,0.58,Yes,No,6793249.91
HP-00668,Atasehir,Apartment,163.0,4,1,0,23,29,Natural_Gas,Unfurnished,1,2,No,Street,5.68,0.26,Yes,No,28582336.76
HP-00669,Nilufer,Apartment,99.2,3,1,17,19,29,Central,Unfurnished,2,0,Yes,Sea,4.79,0.88,Yes,No,4932132.43
HP-00670,Beylikduzu,Residence,166.1,5,2,28,19,28,Central,Unfurnished,1,1,No,Nature,0.96,2.18,Yes,No,7085926.17
HP-00671,Atasehir,Apartment,111.9,3,1,21,2,5,Heat_Pump,Unfurnished,1,0,No,Sea,2.72,1.96,Yes,Yes,8184308.61
HP-00672,Cankaya,Apartment,70.9,2,1,55,19,29,Central,Unfurnished,1,1,Yes,City,1.75,,Yes,Yes,2277379.32
HP-00673,Nilufer,Residence,54.2,2,1,7,28,39,Central,Furnished,1,3,Yes,Street,5.19,2.95,Yes,Yes,2232666.22
HP-00674,Konyaalti,Villa,79.8,2,1,31,0,10,Natural_Gas,Unfurnished,0,1,Yes,City,6.29,0.39,Yes,No,4291824.24
HP-00675,Beylikduzu,Apartment,100.8,3,1,7,24,31,Electric,Unfurnished,1,0,Yes,Street,3.43,0.71,No,No,3102115.87
HP-00676,Beylikduzu,Residence,150.4,4,1,5,24,30,Natural_Gas,Semi_Furnished,0,2,Yes,City,1.82,1.53,Yes,Yes,5921647.10
HP-00677,Sisli,Detached,196.8,7,2,4,0,11,Natural_Gas,Furnished,2,0,No,Nature,6.81,1.67,Yes,Yes,16063874.52
HP-00678,Beylikduzu,Apartment,187.2,4,2,50,10,18,Heat_Pump,Unfurnished,2,1,No,Street,6.01,0.35,Yes,No,5275346.83
HP-00679,Kadikoy,Townhouse,214.3,5,2,11,8,15,Heat_Pump,Unfurnished,0,1,Yes,Street,5.43,0.89,No,Yes,16874874.53
HP-00680,Karsiyaka,Villa,206.8,5,2,7,0,7,Natural_Gas,Unfurnished,1,1,No,City,16.70,0.76,Yes,Yes,15536230.90
HP-00681,Kadikoy,Detached,151.0,4,2,12,0,10,Heat_Pump,Unfurnished,0,3,No,Nature,5.55,0.98,No,No,11861032.78
HP-00682,Sisli,Townhouse,195.1,5,2,9,24,31,Heat_Pump,Unfurnished,1,2,Yes,City,8.55,0.30,Yes,Yes,17181295.89
HP-00683,Besiktas,Apartment,145.7,4,2,24,23,35,Natural_Gas,Furnished,2,1,No,City,1.45,1.80,Yes,No,11140290.50
HP-00684,Atasehir,Villa,218.6,7,2,11,0,13,Central,Furnished,1,,No,Park,3.95,1.82,No,Yes,17536439.45
HP-00685,Sisli,Apartment,117.8,4,2,14,10,22,Natural_Gas,Semi_Furnished,2,0,Yes,Street,3.50,0.34,No,No,9139274.91
HP-00686,Karsiyaka,Apartment,84.5,3,1,6,28,32,Natural_Gas,Semi_Furnished,1,1,No,Street,12.81,1.32,No,No,2862754.99
HP-00687,Atasehir,Detached,241.2,6,3,5,0,4,Heat_Pump,Unfurnished,1,2,Yes,Street,5.34,1.77,No,No,19050536.00
HP-00688,Atasehir,Detached,190.5,5,2,2,0,3,Heat_Pump,Unfurnished,2,2,Yes,Sea,5.52,1.72,No,Yes,19503557.42
HP-00689,Uskudar,Apartment,35.0,1,1,12,13,18,Natural_Gas,Unfurnished,2,1,Yes,Sea,2.99,0.54,No,Yes,2607208.55
HP-00690,Beylikduzu,Apartment,161.3,5,2,5,5,10,Natural_Gas,Unfurnished,0,0,Yes,Park,7.73,0.61,Yes,No,6307729.41
HP-00691,Beylikduzu,Apartment,63.4,2,1,0,24,28,Central,Furnished,2,1,No,Street,3.79,2.52,Yes,No,1978400.78
HP-00692,Kadikoy,Apartment,147.7,5,2,8,22,27,Electric,Furnished,1,1,Yes,Street,3.10,0.83,Yes,No,10589914.34
HP-00693,Beylikduzu,Apartment,145.4,4,2,47,23,29,Central,Semi_Furnished,1,0,No,City,12.17,0.40,Yes,No,3347678.94
HP-00694,Beylikduzu,Villa,125.4,4,1,0,0,9,Central,Unfurnished,3,1,Yes,Park,11.12,0.40,Yes,Yes,9261792.25
HP-00695,Konyaalti,Apartment,189.8,5,2,7,0,10,Heat_Pump,Unfurnished,0,4,No,Park,3.33,3.01,No,No,10963744.62
HP-00696,Besiktas,Apartment,120.5,4,2,24,10,22,Central,Furnished,2,2,Yes,Street,2.15,0.17,Yes,Yes,12781226.64
HP-00697,Atasehir,Apartment,179.3,4,1,12,14,22,Heat_Pump,Unfurnished,2,1,No,City,0.83,1.80,Yes,Yes,12035802.56
HP-00698,Beylikduzu,Apartment,58.6,2,1,11,12,16,Natural_Gas,Semi_Furnished,3,1,No,Sea,8.17,0.08,Yes,Yes,3174485.64
HP-00699,Besiktas,Apartment,79.7,2,1,4,9,17,Heat_Pump,Unfurnished,1,1,No,Street,,1.91,No,No,6410963.81
HP-00700,Uskudar,Townhouse,159.7,5,2,42,6,15,Coal,Semi_Furnished,1,3,Yes,Park,7.46,1.95,Yes,No,11522972.27
HP-00701,Cankaya,Apartment,166.5,4,2,6,6,13,Natural_Gas,Semi_Furnished,1,1,Yes,City,4.84,1.45,Yes,No,8479761.27
HP-00702,Kadikoy,Residence,53.0,1,1,4,11,19,Natural_Gas,Semi_Furnished,0,1,Yes,City,4.21,1.10,Yes,Yes,4275552.51
HP-00703,Nilufer,Apartment,138.8,3,1,6,18,23,Natural_Gas,Unfurnished,1,2,No,City,3.66,0.29,Yes,No,5670669.26
HP-00704,Konyaalti,Detached,985.1,12,5,3,0,2,Natural_Gas,Unfurnished,2,1,Yes,Sea,,0.31,Yes,Yes,140706415.20
HP-00705,Konyaalti,Detached,237.0,7,3,11,0,4,Natural_Gas,Furnished,0,0,No,Park,12.28,0.69,No,Yes,12853726.95
HP-00706,Uskudar,Apartment,165.9,4,2,0,17,26,Central,Unfurnished,1,1,No,Nature,1.78,0.47,No,Yes,14270817.22
HP-00707,Cankaya,Residence,202.6,5,2,5,15,17,Central,Furnished,2,2,No,Street,15.37,0.70,Yes,Yes,9331748.40
HP-00708,Besiktas,Apartment,115.8,3,1,1,14,23,Natural_Gas,Unfurnished,2,3,Yes,City,4.46,0.69,Yes,No,15793725.62
HP-00709,Atasehir,Villa,186.9,4,,12,0,9,Central,Unfurnished,0,1,Yes,Sea,3.35,2.20,Yes,No,20207655.98
HP-00710,Atasehir,Apartment,82.2,3,1,23,8,17,Natural_Gas,Unfurnished,1,2,Yes,Park,1.15,2.90,Yes,Yes,4653050.61
HP-00711,Kadikoy,Apartment,88.6,3,1,0,2,14,Heat_Pump,Unfurnished,1,1,No,Street,1.82,0.11,No,Yes,6523604.00
HP-00712,Uskudar,Detached,173.7,4,2,17,,7,Central,Unfurnished,1,1,Yes,Nature,10.06,0.44,Yes,Yes,14043681.04
HP-00713,Cankaya,Apartment,197.3,6,,2,5,8,Central,Semi_Furnished,2,0,Yes,Park,3.94,0.14,No,Yes,16952493.54
HP-00714,Besiktas,Apartment,35.0,1,1,1,8,13,Natural_Gas,Unfurnished,0,1,Yes,Street,8.58,0.66,No,No,2930574.10
HP-00715,Konyaalti,Apartment,113.8,4,1,18,0,2,Natural_Gas,Unfurnished,0,4,No,Nature,10.46,0.94,Yes,Yes,5432452.07
HP-00716,Sisli,Apartment,91.1,2,1,1,1,10,Central,Unfurnished,2,1,No,Park,8.50,2.68,No,No,6807328.16
HP-00717,Karsiyaka,Detached,100.9,3,1,9,0,11,Natural_Gas,Semi_Furnished,1,3,No,Street,10.20,2.68,Yes,No,5082793.53
HP-00718,Konyaalti,Apartment,178.2,4,1,24,22,33,Natural_Gas,Unfurnished,0,0,No,City,1.70,0.73,Yes,Yes,8930226.29
HP-00719,Sisli,Apartment,109.9,3,1,21,26,37,Natural_Gas,Semi_Furnished,3,0,Yes,Nature,7.25,0.80,Yes,No,6796864.51
HP-00720,Kadikoy,Apartment,96.7,3,1,4,16,29,Heat_Pump,Furnished,1,0,Yes,City,4.63,0.82,Yes,No,7906819.35
HP-00721,Sisli,Residence,143.5,5,2,7,24,37,Natural_Gas,Semi_Furnished,2,0,No,Street,9.98,0.34,Yes,Yes,11795856.95
HP-00722,Beylikduzu,Apartment,91.0,2,1,11,16,18,Natural_Gas,Furnished,1,1,Yes,Street,3.47,0.54,Yes,No,3353935.20
HP-00723,Karsiyaka,Apartment,148.1,4,2,4,13,22,Central,Furnished,2,2,No,Nature,8.82,0.54,Yes,No,9923639.98
HP-00724,Karsiyaka,Villa,179.4,5,2,7,0,4,Natural_Gas,Furnished,1,2,Yes,Street,4.49,0.33,Yes,No,13447537.36
HP-00725,Sisli,Apartment,124.9,4,1,,10,16,Natural_Gas,Semi_Furnished,2,1,No,Sea,6.11,1.26,Yes,Yes,8063368.64
HP-00726,Karsiyaka,Apartment,212.9,6,3,3,7,19,Heat_Pump,Unfurnished,1,2,No,Nature,7.51,1.17,Yes,Yes,12696324.09
HP-00727,Atasehir,Apartment,206.9,7,3,3,12,14,Natural_Gas,Unfurnished,1,2,No,Park,7.87,1.56,No,No,16483150.39
HP-00728,Cankaya,Apartment,140.8,3,1,21,27,39,Natural_Gas,Unfurnished,1,1,Yes,Street,2.62,0.53,Yes,No,5969678.76
HP-00729,Besiktas,Apartment,143.8,4,1,1,17,19,Natural_Gas,Unfurnished,2,1,No,City,9.49,0.64,Yes,No,13122786.23
HP-00730,Beylikduzu,Villa,171.1,4,2,11,0,10,Heat_Pump,Unfurnished,1,1,Yes,City,1.53,0.29,Yes,Yes,9934908.84
HP-00731,Nilufer,Villa,149.2,4,2,73,0,4,Natural_Gas,Semi_Furnished,0,1,No,City,5.31,1.86,No,No,5416612.14
HP-00732,Sisli,Apartment,156.4,5,2,14,3,7,Central,Unfurnished,0,,No,Park,5.34,0.38,No,Yes,11049022.41
HP-00733,Uskudar,Residence,117.7,3,1,17,17,26,Natural_Gas,Unfurnished,1,1,Yes,Street,2.67,0.33,Yes,Yes,8337106.36
HP-00734,Sisli,Villa,753.6,12,5,15,0,3,Heat_Pump,Furnished,2,2,No,City,6.30,1.93,No,No,87080404.45
HP-00735,Besiktas,Apartment,116.7,4,1,25,12,24,Heat_Pump,Semi_Furnished,0,2,No,Street,14.12,0.59,No,Yes,8677295.30
HP-00736,Konyaalti,Apartment,113.4,3,1,0,,31,Central,Furnished,0,0,Yes,City,14.95,0.23,Yes,Yes,6092939.86
HP-00737,Cankaya,Apartment,148.1,4,2,1,2,15,Natural_Gas,Semi_Furnished,1,1,No,Park,1.64,0.47,Yes,No,9979800.51
HP-00738,Nilufer,Apartment,135.4,4,1,21,20,29,Natural_Gas,Unfurnished,0,1,Yes,City,3.34,0.86,No,Yes,5309028.37
HP-00739,Cankaya,Detached,218.1,5,2,3,0,8,Heat_Pump,Unfurnished,1,2,Yes,Street,12.18,0.26,Yes,Yes,11819683.97
HP-00740,Besiktas,Apartment,46.4,1,1,8,17,22,Natural_Gas,Furnished,0,1,No,Sea,4.77,0.93,No,Yes,5577226.57
HP-00741,Atasehir,Residence,117.1,3,1,18,23,30,Central,Unfurnished,1,1,No,City,2.74,0.91,Yes,Yes,7575747.91
HP-00742,Besiktas,Apartment,128.0,4,1,14,22,24,Natural_Gas,Semi_Furnished,1,2,Yes,City,6.05,0.57,Yes,No,11576910.77
HP-00743,Besiktas,Apartment,98.1,2,1,1,27,35,Heat_Pump,Semi_Furnished,1,2,No,Park,1.49,0.76,Yes,No,11230003.26
HP-00744,Uskudar,Apartment,153.0,5,2,46,12,20,Natural_Gas,Semi_Furnished,1,1,No,Nature,2.37,1.28,Yes,Yes,8004171.56
HP-00745,Nilufer,Apartment,,2,1,2,12,18,Central,Semi_Furnished,1,4,Yes,Street,2.46,1.86,Yes,Yes,2732261.28
HP-00746,Sisli,Villa,179.5,6,2,18,0,13,Natural_Gas,Unfurnished,1,1,Yes,Street,13.09,0.40,Yes,No,14953373.03
HP-00747,Karsiyaka,Residence,106.3,3,1,69,7,13,Central,Unfurnished,1,1,No,Park,3.28,1.59,Yes,Yes,3635696.99
HP-00748,Cankaya,Apartment,195.9,6,,14,10,18,Central,Unfurnished,0,1,No,Nature,7.33,1.50,No,No,10552025.93
HP-00749,Sisli,Residence,107.2,3,1,17,0,2,Heat_Pump,Unfurnished,0,2,Yes,Street,5.54,1.01,Yes,Yes,6892380.17
HP-00750,Uskudar,Apartment,114.2,3,1,36,,34,Heat_Pump,Furnished,0,2,Yes,Sea,8.25,0.12,Yes,Yes,7383100.17
HP-00751,Beylikduzu,Detached,197.9,6,2,30,0,5,Natural_Gas,Furnished,1,1,Yes,Park,6.78,0.51,Yes,Yes,8149524.72
HP-00752,Karsiyaka,Detached,242.0,8,3,2,0,2,Heat_Pump,Semi_Furnished,0,0,Yes,City,5.39,1.59,Yes,Yes,19207094.84
HP-00753,Karsiyaka,Apartment,106.5,3,1,0,6,11,Heat_Pump,Semi_Furnished,0,1,No,Sea,3.70,1.18,Yes,Yes,7784252.06
HP-00754,Konyaalti,Villa,180.1,5,2,5,0,13,Electric,Unfurnished,1,1,Yes,City,3.78,0.47,Yes,No,14616074.62
HP-00755,Karsiyaka,Apartment,93.4,3,1,44,0,2,Heat_Pump,Unfurnished,0,1,Yes,Park,9.62,0.55,Yes,Yes,3058803.32
HP-00756,Beylikduzu,Apartment,156.0,5,2,30,18,24,Natural_Gas,Semi_Furnished,1,2,No,Street,6.26,0.18,Yes,No,4947154.07
HP-00757,Sisli,Residence,122.8,3,1,26,10,15,Natural_Gas,Unfurnished,1,1,Yes,City,7.07,0.95,Yes,Yes,8831197.41
HP-00758,Uskudar,Villa,196.7,6,3,8,0,13,Natural_Gas,Semi_Furnished,1,1,No,Street,13.05,2.78,No,Yes,15106024.64
HP-00759,Atasehir,Apartment,136.5,3,1,1,20,30,Electric,Semi_Furnished,1,1,No,City,12.68,2.57,Yes,No,8109849.06
HP-00760,Uskudar,Villa,149.7,4,1,9,0,5,Natural_Gas,Unfurnished,2,0,No,City,1.92,3.28,No,Yes,15697805.78
HP-00761,Atasehir,Apartment,92.8,2,1,38,18,21,Central,Unfurnished,1,1,Yes,Street,6.21,0.14,Yes,Yes,4062228.41
HP-00762,Konyaalti,Apartment,92.7,3,1,1,25,34,Natural_Gas,Semi_Furnished,2,0,Yes,Street,3.20,0.26,Yes,Yes,6369507.88
HP-00763,Beylikduzu,Apartment,56.6,2,1,15,12,23,Central,Unfurnished,0,4,Yes,Park,2.72,1.54,Yes,Yes,2067306.27
HP-00764,Karsiyaka,Villa,145.2,4,2,2,0,8,Central,Furnished,3,1,No,Street,4.18,1.50,No,Yes,11151606.20
HP-00765,Nilufer,Apartment,40.6,1,1,15,20,33,Coal,Semi_Furnished,1,2,Yes,Sea,17.44,0.71,Yes,Yes,1811585.56
HP-00766,Besiktas,Apartment,49.3,1,1,34,27,37,Central,Semi_Furnished,1,1,Yes,Street,6.44,1.30,No,Yes,3240537.97
HP-00767,Atasehir,Villa,153.1,5,2,13,0,2,Natural_Gas,Furnished,0,1,No,Street,9.02,0.65,Yes,Yes,11281552.34
HP-00768,Nilufer,Townhouse,186.7,5,2,36,12,17,Heat_Pump,Furnished,1,1,Yes,Sea,2.75,1.28,Yes,No,11118441.41
HP-00769,Besiktas,Apartment,190.4,6,2,15,19,22,Central,Semi_Furnished,1,3,Yes,Street,2.74,1.44,Yes,Yes,18099334.61
HP-00770,Cankaya,Apartment,140.8,5,2,14,18,21,Natural_Gas,Unfurnished,0,1,Yes,Park,20.17,0.62,Yes,Yes,7100222.02
HP-00771,Nilufer,Detached,122.5,4,1,0,0,11,Central,Unfurnished,1,0,Yes,Street,,0.16,Yes,Yes,6017863.22
HP-00772,Besiktas,Apartment,213.0,5,2,1,12,24,Central,Semi_Furnished,1,1,No,Street,4.64,1.14,Yes,Yes,19799165.10
HP-00773,Konyaalti,Apartment,99.1,3,1,29,15,20,Natural_Gas,Furnished,1,0,Yes,Nature,11.39,1.24,No,Yes,4288895.46
HP-00774,Uskudar,Detached,177.5,6,3,28,0,5,Heat_Pump,Semi_Furnished,2,0,Yes,Park,11.58,0.54,Yes,No,12522616.23
HP-00775,Beylikduzu,Apartment,121.5,3,1,0,25,33,Natural_Gas,Unfurnished,2,2,Yes,Street,3.51,0.20,No,Yes,6112748.46
HP-00776,Atasehir,Residence,183.2,5,2,3,22,35,Central,Furnished,0,1,Yes,Park,3.47,0.46,No,No,18842993.70
HP-00777,Atasehir,Apartment,117.1,3,1,49,6,8,Natural_Gas,Semi_Furnished,0,0,No,Street,13.02,0.72,Yes,Yes,3192772.07
HP-00778,Uskudar,Villa,150.8,4,1,22,0,11,Central,Semi_Furnished,1,2,Yes,Street,4.37,1.86,Yes,No,10726472.83
HP-00779,Atasehir,Detached,181.1,5,2,1,0,8,Natural_Gas,Furnished,1,1,Yes,Nature,2.04,0.30,No,Yes,17074328.61
HP-00780,Karsiyaka,Villa,184.9,6,3,8,0,6,Electric,Furnished,1,2,No,Nature,8.07,1.53,Yes,Yes,14772958.29
HP-00781,Sisli,Townhouse,223.6,7,3,63,11,21,Central,Unfurnished,1,3,No,Street,,1.78,Yes,Yes,9408941.49
HP-00782,Beylikduzu,Villa,167.7,5,2,31,0,2,Natural_Gas,Unfurnished,1,1,No,Nature,6.04,0.94,Yes,No,7950677.56
HP-00783,Cankaya,Villa,197.2,5,2,5,0,2,Heat_Pump,Unfurnished,1,1,No,Street,11.32,2.22,No,Yes,10589376.71
HP-00784,Konyaalti,Apartment,110.6,3,1,1,1,5,,Furnished,1,2,Yes,City,4.04,0.32,Yes,No,7981645.15
HP-00785,Kadikoy,Detached,232.2,7,3,28,0,8,Central,Unfurnished,0,1,Yes,Street,12.44,0.60,No,No,16199428.57
HP-00786,Besiktas,Apartment,93.2,3,1,3,24,36,Central,Unfurnished,2,3,No,City,3.12,1.79,Yes,Yes,8713983.45
HP-00787,Nilufer,Detached,216.7,6,3,11,0,6,Central,Unfurnished,1,2,No,Street,0.81,,Yes,No,9089520.70
HP-00788,Cankaya,Apartment,121.9,3,1,23,1,3,Natural_Gas,Unfurnished,2,2,Yes,Street,3.51,2.35,Yes,Yes,5280306.27
HP-00789,Konyaalti,Apartment,50.6,1,1,16,10,22,Natural_Gas,Semi_Furnished,0,1,Yes,Street,4.42,1.12,Yes,No,2536098.13
HP-00790,Cankaya,Townhouse,190.7,5,2,15,10,23,Natural_Gas,Furnished,1,0,Yes,Sea,6.01,1.89,Yes,Yes,12853108.88
HP-00791,Konyaalti,Detached,231.7,7,3,0,0,7,Natural_Gas,Semi_Furnished,0,1,No,Street,12.62,0.32,Yes,No,16437978.84
HP-00792,Nilufer,Residence,35.0,1,1,8,22,27,Electric,Unfurnished,0,1,No,Street,2.20,0.48,Yes,No,1417428.34
HP-00793,Konyaalti,Apartment,63.2,2,1,20,14,21,Central,Unfurnished,0,3,Yes,Street,1.81,,Yes,No,2750627.76
HP-00794,Beylikduzu,Detached,128.5,3,1,35,0,7,Central,Furnished,1,2,Yes,Nature,0.77,3.22,Yes,Yes,4658861.43
HP-00795,Cankaya,Apartment,247.7,7,3,2,16,22,Heat_Pump,Semi_Furnished,2,2,Yes,Street,0.78,1.12,Yes,No,16386973.05
HP-00796,Uskudar,Apartment,159.4,4,1,14,13,23,Central,Semi_Furnished,1,1,Yes,Street,3.04,0.96,Yes,No,8323786.15
HP-00797,Nilufer,Apartment,91.8,3,1,1,21,25,Natural_Gas,Unfurnished,1,1,No,Street,1.40,1.06,Yes,No,2943780.89
HP-00798,Karsiyaka,Residence,198.2,5,2,5,17,29,Heat_Pump,Semi_Furnished,1,2,Yes,Park,5.44,0.96,No,Yes,14609753.96
HP-00799,Beylikduzu,Villa,261.9,7,2,1,0,11,Natural_Gas,Furnished,0,1,Yes,Park,6.07,0.19,No,No,17727467.50
HP-00800,Beylikduzu,Detached,157.4,5,2,1,0,10,Natural_Gas,Semi_Furnished,1,1,No,Street,0.85,0.17,Yes,Yes,8401536.99
HP-00801,Sisli,Detached,209.3,6,2,5,0,9,Electric,Unfurnished,1,0,Yes,City,2.26,3.15,Yes,No,18123872.47
HP-00802,Karsiyaka,Villa,210.3,5,2,53,0,9,Central,Unfurnished,1,1,Yes,Street,9.43,0.75,Yes,Yes,7387752.19
HP-00803,Kadikoy,Apartment,48.6,1,1,16,10,15,Natural_Gas,Unfurnished,1,2,Yes,Street,4.02,2.22,Yes,No,2909491.51
HP-00804,Kadikoy,Apartment,95.3,3,1,8,4,9,Central,Semi_Furnished,1,1,No,Street,14.12,0.11,Yes,Yes,6907654.59
HP-00805,Uskudar,Apartment,59.1,2,1,,3,11,Central,Unfurnished,1,2,Yes,Street,1.82,1.40,Yes,No,2503064.23
HP-00806,Besiktas,Villa,151.4,4,2,8,0,3,Natural_Gas,Semi_Furnished,0,1,No,Street,2.74,1.32,No,Yes,14983176.63
HP-00807,Besiktas,Apartment,108.6,3,1,8,4,16,Central,Unfurnished,0,3,Yes,Nature,9.60,2.68,Yes,Yes,11246324.31
HP-00808,Konyaalti,Residence,173.3,5,2,19,26,29,Electric,Furnished,1,1,Yes,Sea,4.42,0.95,Yes,No,14266563.60
HP-00809,Beylikduzu,Apartment,79.4,2,1,7,21,34,Natural_Gas,Unfurnished,2,1,Yes,Street,3.45,0.05,Yes,No,2832579.97
HP-00810,Cankaya,Residence,90.6,3,1,12,8,11,Central,Unfurnished,1,0,Yes,Nature,10.33,0.55,Yes,No,4479783.45
HP-00811,Beylikduzu,Apartment,91.1,2,1,5,,33,Central,Semi_Furnished,1,1,Yes,Street,3.02,1.26,Yes,No,3535523.51
HP-00812,Besiktas,Residence,180.2,5,2,25,22,26,Natural_Gas,Unfurnished,1,2,Yes,Street,7.31,,Yes,Yes,15195361.11
HP-00813,Atasehir,Apartment,135.7,5,2,14,24,35,Central,Furnished,1,1,No,Street,1.44,0.77,Yes,No,7259987.42
HP-00814,Beylikduzu,Detached,208.6,5,2,12,0,13,Natural_Gas,Unfurnished,1,1,No,Street,1.26,0.99,Yes,No,9309194.27
HP-00815,Besiktas,Apartment,181.9,5,2,3,16,19,Natural_Gas,Furnished,2,1,No,Street,,0.54,Yes,No,17656211.35
HP-00816,Karsiyaka,Apartment,162.7,5,2,11,7,17,Natural_Gas,Semi_Furnished,1,1,No,Nature,3.21,0.80,Yes,Yes,8646397.80
HP-00817,Kadikoy,Apartment,127.0,4,2,3,23,32,Central,Unfurnished,0,1,No,City,2.50,0.88,Yes,Yes,9839790.64
HP-00818,Sisli,Apartment,211.5,6,2,6,,16,Natural_Gas,Furnished,1,3,Yes,Street,8.00,0.68,Yes,Yes,13802044.75
HP-00819,Kadikoy,Apartment,62.9,2,1,11,0,9,Natural_Gas,Unfurnished,1,1,Yes,Street,9.46,1.17,No,No,3403852.45
HP-00820,Nilufer,Apartment,163.1,6,3,19,0,11,Heat_Pump,Furnished,1,2,Yes,Park,1.67,0.67,Yes,No,7998475.27
HP-00821,Konyaalti,Apartment,242.6,6,2,59,4,13,Central,Furnished,1,1,No,Street,4.64,1.12,Yes,Yes,8535141.19
HP-00822,Kadikoy,Townhouse,269.5,8,3,25,26,39,Natural_Gas,Unfurnished,2,2,No,Park,2.18,1.19,Yes,No,22967481.76
HP-00823,Sisli,Apartment,102.5,3,1,0,17,30,Natural_Gas,Furnished,1,1,No,Street,8.22,0.64,Yes,Yes,7525040.46
HP-00824,Uskudar,Apartment,88.6,3,1,10,7,18,Natural_Gas,Furnished,2,0,No,Park,2.42,,No,Yes,5132447.26
HP-00825,Sisli,Apartment,152.5,4,2,29,20,29,Natural_Gas,Unfurnished,0,1,No,Nature,4.36,0.89,No,Yes,11781941.38
HP-00826,Cankaya,Apartment,83.1,2,1,1,8,16,Natural_Gas,Semi_Furnished,2,1,No,Street,1.75,0.36,Yes,Yes,5924856.79
HP-00827,Uskudar,Residence,92.1,3,1,21,0,6,Natural_Gas,Semi_Furnished,1,2,Yes,City,8.47,1.34,No,No,5517008.46
HP-00828,Konyaalti,Apartment,47.6,1,1,74,19,31,Natural_Gas,Unfurnished,1,1,No,Street,5.04,1.28,No,No,1345674.84
HP-00829,Konyaalti,Residence,156.5,4,1,2,15,19,Natural_Gas,Semi_Furnished,1,2,No,Street,2.54,1.15,Yes,Yes,10546350.89
HP-00830,Beylikduzu,Residence,87.9,3,1,67,12,25,Central,Furnished,1,2,Yes,Park,3.30,0.66,Yes,No,3267446.07
HP-00831,Atasehir,Apartment,113.1,3,1,30,20,22,,Semi_Furnished,1,1,No,Street,3.81,0.32,Yes,No,4967213.18
HP-00832,Kadikoy,Apartment,,6,2,9,22,29,Natural_Gas,Semi_Furnished,1,1,No,Street,5.01,0.18,Yes,Yes,13466531.76
HP-00833,Atasehir,Apartment,79.0,2,1,,26,38,Coal,Unfurnished,1,2,No,Sea,4.42,1.31,No,Yes,5356160.67
HP-00834,Besiktas,Apartment,98.1,3,1,22,20,24,Natural_Gas,Unfurnished,0,2,Yes,Street,6.67,0.19,Yes,No,6045992.09
HP-00835,Beylikduzu,Apartment,122.4,3,1,26,10,12,Natural_Gas,Furnished,1,3,No,Street,3.57,0.59,No,Yes,3889602.33
HP-00836,Cankaya,Residence,145.1,4,1,7,9,13,Natural_Gas,Furnished,1,1,Yes,Park,3.90,1.72,No,No,10550998.70
HP-00837,Konyaalti,Residence,103.7,3,1,3,5,17,Central,Unfurnished,1,1,Yes,Sea,9.35,2.35,Yes,No,8851427.95
HP-00838,Konyaalti,Apartment,51.3,2,1,18,3,6,Natural_Gas,Unfurnished,2,2,No,Park,10.04,0.67,No,No,2378920.57
HP-00839,Nilufer,Apartment,169.4,5,2,33,11,23,Natural_Gas,Unfurnished,1,0,Yes,Sea,0.10,1.27,Yes,No,7860963.68
HP-00840,Karsiyaka,Apartment,125.2,4,2,21,16,26,Natural_Gas,Semi_Furnished,1,1,Yes,Street,3.60,1.51,No,No,5485602.95
HP-00841,Kadikoy,Apartment,93.5,3,1,62,14,16,Heat_Pump,Semi_Furnished,2,2,Yes,Street,1.92,0.77,Yes,No,4810145.32
HP-00842,Nilufer,Apartment,209.8,5,2,31,20,30,Natural_Gas,Furnished,0,1,Yes,Street,3.25,0.82,No,Yes,8294233.51
HP-00843,Konyaalti,Residence,72.3,2,1,1,26,34,Central,Unfurnished,0,1,No,City,4.06,1.46,No,Yes,5398258.48
HP-00844,Besiktas,Villa,213.4,6,2,14,0,5,,Furnished,2,2,No,Street,7.48,2.71,Yes,Yes,23483776.42
HP-00845,Sisli,Townhouse,132.6,4,2,57,25,35,Central,Semi_Furnished,0,1,Yes,Street,6.44,0.21,Yes,No,6960559.33
HP-00846,Karsiyaka,Villa,205.8,6,2,6,0,8,Natural_Gas,Semi_Furnished,1,0,Yes,Street,2.47,0.48,Yes,No,64906413.57
HP-00847,Beylikduzu,Townhouse,249.7,7,2,20,15,21,Coal,Unfurnished,2,1,No,Street,4.15,1.33,Yes,Yes,8017085.72
HP-00848,Uskudar,Apartment,80.2,2,1,6,21,27,Natural_Gas,Unfurnished,1,3,Yes,Park,4.72,1.60,Yes,Yes,6242015.12
HP-00849,Nilufer,Apartment,81.2,3,1,37,0,13,Natural_Gas,Semi_Furnished,1,2,Yes,Street,6.60,1.50,Yes,No,2268611.94
HP-00850,Beylikduzu,Apartment,68.6,2,1,34,22,24,Natural_Gas,Unfurnished,2,1,Yes,Street,8.59,1.38,Yes,No,1824731.94
HP-00851,Sisli,Residence,154.4,4,1,29,17,29,Natural_Gas,Semi_Furnished,1,1,No,Street,8.79,0.76,Yes,Yes,11790895.16
HP-00852,Karsiyaka,Apartment,168.7,5,2,5,2,14,Natural_Gas,Furnished,2,0,No,Street,13.58,2.59,Yes,Yes,7264275.35
HP-00853,Uskudar,Apartment,147.7,4,2,7,4,14,Central,Furnished,1,2,No,Street,16.83,0.94,Yes,Yes,7193297.28
HP-00854,Konyaalti,Detached,195.9,7,2,5,0,2,Natural_Gas,Unfurnished,1,0,No,Street,8.63,1.15,Yes,No,9005267.21
HP-00855,Cankaya,Apartment,133.6,5,2,8,23,34,Natural_Gas,Semi_Furnished,1,2,No,Street,13.18,0.91,Yes,Yes,5124792.81
HP-00856,Kadikoy,Apartment,139.9,3,1,3,1,11,Heat_Pump,Unfurnished,0,0,Yes,Street,12.06,0.28,Yes,No,10017445.30
HP-00857,Cankaya,Townhouse,197.9,6,2,5,23,26,Natural_Gas,Semi_Furnished,1,1,No,Nature,3.62,1.12,No,No,11619003.77
HP-00858,Beylikduzu,Apartment,202.6,5,2,1,22,24,Natural_Gas,Unfurnished,1,1,No,Park,4.87,0.08,No,No,10320988.27
HP-00859,Atasehir,Detached,242.8,8,3,43,0,12,Central,Semi_Furnished,1,1,No,Nature,4.18,1.89,Yes,No,12510636.98
HP-00860,Karsiyaka,Residence,35.0,1,1,10,17,20,Natural_Gas,Unfurnished,1,1,No,City,5.35,0.05,No,Yes,1769102.12
HP-00861,Karsiyaka,Townhouse,230.5,7,2,5,28,33,Natural_Gas,Semi_Furnished,1,1,No,Sea,3.12,0.44,Yes,No,17063356.03
HP-00862,Nilufer,Apartment,123.8,3,1,15,27,30,Natural_Gas,Unfurnished,2,2,No,City,2.02,0.63,Yes,Yes,5625753.83
HP-00863,Nilufer,Apartment,125.8,3,1,6,7,19,Natural_Gas,Unfurnished,1,2,Yes,Street,4.33,0.68,Yes,No,4823336.13
HP-00864,Beylikduzu,Villa,220.3,7,2,13,0,6,Natural_Gas,Unfurnished,0,1,No,Park,11.17,0.89,No,No,10126673.41
HP-00865,Besiktas,Apartment,66.2,2,1,33,20,24,Natural_Gas,Semi_Furnished,2,1,No,Street,10.39,1.12,Yes,Yes,4109771.50
HP-00866,Karsiyaka,Townhouse,242.5,7,3,11,13,23,Coal,Unfurnished,0,2,Yes,Street,9.06,0.72,Yes,No,13305482.05
HP-00867,Besiktas,Apartment,90.2,2,1,21,25,27,Natural_Gas,Unfurnished,0,1,No,Park,4.64,0.37,No,No,8529919.34
HP-00868,Uskudar,Apartment,161.4,5,2,14,24,34,Heat_Pump,Unfurnished,1,1,Yes,Sea,4.92,0.64,No,Yes,13836517.54
HP-00869,Cankaya,Residence,89.1,3,1,18,15,22,Central,Furnished,2,0,Yes,City,5.35,0.37,Yes,No,4889220.50
HP-00870,Konyaalti,Residence,113.8,3,1,10,27,40,Natural_Gas,Unfurnished,1,2,No,City,7.84,0.64,No,Yes,6473129.62
HP-00871,Cankaya,Apartment,134.0,3,1,25,2,10,Coal,Semi_Furnished,0,1,No,Nature,13.30,2.44,Yes,Yes,6184684.63
HP-00872,Uskudar,Villa,158.6,5,2,5,0,3,Central,Unfurnished,0,1,Yes,Street,9.06,1.15,No,No,12392582.48
HP-00873,Karsiyaka,Apartment,,5,2,19,6,12,,Semi_Furnished,0,1,No,City,0.40,1.76,Yes,Yes,8417682.87
HP-00874,Cankaya,Apartment,113.0,3,1,11,1,5,Natural_Gas,Unfurnished,1,0,No,Nature,3.61,1.32,No,No,5366409.29
HP-00875,Kadikoy,Apartment,78.9,2,1,2,10,17,Natural_Gas,Unfurnished,2,0,Yes,City,6.94,1.10,Yes,Yes,6611140.68
HP-00876,Atasehir,Villa,304.4,11,4,9,0,7,Central,Semi_Furnished,1,2,Yes,Nature,0.58,1.50,Yes,Yes,29983852.42
HP-00877,Sisli,Detached,178.9,5,2,16,0,3,Natural_Gas,Unfurnished,0,2,No,Street,3.01,0.12,Yes,No,14887276.34
HP-00878,Beylikduzu,Apartment,152.1,5,2,7,27,31,Central,Unfurnished,2,0,No,City,3.25,1.77,Yes,No,5008881.68
HP-00879,Nilufer,Villa,208.3,6,2,4,0,8,Coal,Semi_Furnished,1,1,Yes,Street,1.01,1.13,Yes,Yes,11461184.88
HP-00880,Atasehir,Apartment,105.9,3,1,28,22,34,Electric,Unfurnished,0,3,No,Street,2.40,0.66,No,Yes,5778920.73
HP-00881,Sisli,Apartment,111.7,3,1,4,9,19,Central,Unfurnished,3,1,Yes,Street,19.32,1.63,No,Yes,7583624.99
HP-00882,Karsiyaka,Apartment,131.9,5,2,4,4,9,Coal,Furnished,0,2,No,City,3.16,,No,Yes,6101286.35
HP-00883,Kadikoy,Apartment,97.5,3,1,12,8,14,Natural_Gas,Semi_Furnished,1,1,No,Street,9.58,0.20,Yes,Yes,6533326.51
HP-00884,Atasehir,Apartment,169.6,6,3,25,28,37,,Unfurnished,1,1,Yes,Street,,1.32,Yes,No,9855781.12
HP-00885,Kadikoy,Apartment,99.2,3,1,10,0,5,Heat_Pump,Furnished,1,2,Yes,Nature,1.32,0.08,No,No,7975749.03
HP-00886,Beylikduzu,Apartment,59.0,2,1,17,,29,Electric,Unfurnished,1,1,No,Street,7.39,1.25,Yes,No,1475019.70
HP-00887,Kadikoy,Apartment,135.5,4,2,1,7,14,Central,Unfurnished,2,3,Yes,Sea,10.44,0.64,Yes,Yes,14638725.10
HP-00888,Sisli,Apartment,102.5,3,1,10,16,25,Central,Unfurnished,1,1,Yes,City,10.52,0.62,Yes,No,8788834.12
HP-00889,Cankaya,Apartment,111.5,3,1,,25,35,Natural_Gas,Furnished,1,1,No,Street,9.56,0.43,No,Yes,4232050.38
HP-00890,Beylikduzu,Apartment,165.3,5,2,9,20,22,Central,Semi_Furnished,0,3,No,Sea,1.70,0.43,No,No,7758375.40
HP-00891,Karsiyaka,Apartment,129.6,4,2,7,22,27,Natural_Gas,Unfurnished,1,1,No,Street,10.38,2.18,Yes,Yes,6851858.42
HP-00892,Atasehir,Townhouse,212.7,7,3,7,1,14,Natural_Gas,Unfurnished,1,3,Yes,Park,0.95,2.41,Yes,Yes,18891418.45
HP-00893,Sisli,Residence,117.1,3,1,,10,12,Natural_Gas,Semi_Furnished,2,0,Yes,Street,7.71,0.82,Yes,Yes,9953460.93
HP-00894,Cankaya,Residence,120.9,4,1,0,2,8,Heat_Pump,Unfurnished,1,0,No,Street,7.01,0.92,No,No,8019425.20
HP-00895,Beylikduzu,Residence,162.0,5,2,46,16,18,,Semi_Furnished,0,1,Yes,City,6.79,1.12,Yes,No,5073296.98
HP-00896,Atasehir,Detached,236.5,8,3,5,0,12,Central,Furnished,0,1,Yes,Park,9.00,0.57,Yes,No,16074119.39
HP-00897,Karsiyaka,Villa,,4,2,59,0,12,Natural_Gas,Unfurnished,0,1,Yes,Sea,5.13,0.95,Yes,No,9612839.59
HP-00898,Beylikduzu,Residence,138.2,4,2,19,0,8,Natural_Gas,Unfurnished,1,3,Yes,Street,11.45,0.78,Yes,No,4219001.66
HP-00899,Konyaalti,Apartment,116.6,3,1,4,4,14,Electric,Unfurnished,1,2,Yes,Nature,6.96,0.38,Yes,No,7136613.62
HP-00900,Uskudar,Apartment,98.0,3,1,58,16,27,Natural_Gas,Furnished,0,3,No,City,2.53,1.51,Yes,No,4584303.10
HP-00901,Nilufer,Apartment,183.9,5,2,9,8,16,Natural_Gas,Furnished,1,2,No,Park,6.35,0.87,Yes,No,9014676.35
HP-00902,Kadikoy,Townhouse,249.6,7,3,27,11,23,Central,Unfurnished,2,2,Yes,City,11.36,2.15,Yes,Yes,13979593.25
HP-00903,Kadikoy,Apartment,163.7,5,2,2,19,23,Central,Unfurnished,2,0,Yes,Nature,1.27,3.46,Yes,Yes,17501320.72
HP-00904,Uskudar,Residence,96.3,3,1,2,16,29,Natural_Gas,Unfurnished,0,1,Yes,City,6.64,1.65,No,Yes,6825154.45
HP-00905,Nilufer,Apartment,125.4,4,2,28,2,7,Heat_Pump,Unfurnished,0,2,Yes,City,2.52,1.37,Yes,Yes,4442263.89
HP-00906,Kadikoy,Apartment,146.8,4,2,51,5,13,Central,Semi_Furnished,0,2,Yes,Sea,1.38,0.76,No,Yes,10172860.60
HP-00907,Cankaya,Apartment,87.3,3,1,25,6,8,Central,Unfurnished,0,2,No,Sea,1.22,0.09,Yes,Yes,4465815.49
HP-00908,Karsiyaka,Apartment,118.7,3,1,15,9,16,Natural_Gas,Unfurnished,2,0,No,Sea,2.00,0.20,Yes,Yes,7834751.40
HP-00909,Atasehir,Apartment,92.4,2,1,29,7,11,Natural_Gas,Semi_Furnished,0,1,No,City,8.82,1.65,Yes,Yes,4144228.23
HP-00910,Cankaya,Apartment,156.1,5,2,9,14,27,Natural_Gas,Semi_Furnished,1,0,No,Street,7.08,,Yes,No,6099126.42
HP-00911,Kadikoy,Apartment,110.8,3,1,19,4,12,Natural_Gas,Semi_Furnished,0,2,No,Street,,1.21,No,No,7353771.74
HP-00912,Beylikduzu,Apartment,125.5,3,1,1,,12,Heat_Pump,Semi_Furnished,2,1,Yes,Street,18.14,1.27,Yes,Yes,4232040.32
HP-00913,Besiktas,Apartment,149.7,3,1,12,8,21,Central,Unfurnished,2,1,Yes,City,3.35,2.01,Yes,No,13667856.15
HP-00914,Uskudar,Villa,214.5,6,2,,0,12,Natural_Gas,Furnished,1,1,Yes,Street,2.93,1.20,Yes,No,19564677.86
HP-00915,Atasehir,Villa,155.0,5,2,8,0,3,Electric,Semi_Furnished,1,2,Yes,Street,1.59,1.59,Yes,Yes,14192790.30
HP-00916,Kadikoy,Detached,208.9,6,2,26,0,2,Natural_Gas,Semi_Furnished,2,1,Yes,Street,3.96,1.50,No,Yes,15626535.19
HP-00917,Atasehir,Residence,145.7,4,1,11,6,19,Natural_Gas,Unfurnished,2,2,No,Sea,8.23,0.81,Yes,Yes,13729533.28
HP-00918,Besiktas,Apartment,117.1,4,2,6,5,14,Heat_Pump,Unfurnished,1,1,Yes,Nature,4.74,0.98,Yes,Yes,12436200.17
HP-00919,Karsiyaka,Apartment,69.5,2,1,11,15,27,Natural_Gas,Unfurnished,1,2,No,Street,7.98,1.55,Yes,Yes,2786246.42
HP-00920,Nilufer,Apartment,135.2,4,2,19,10,12,Central,Unfurnished,1,1,No,Street,5.36,0.77,Yes,No,4670329.61
HP-00921,Beylikduzu,Residence,125.3,4,2,20,11,16,Central,Unfurnished,1,1,No,Street,7.82,2.60,Yes,Yes,4004806.04
HP-00922,Nilufer,Townhouse,194.6,5,2,11,26,31,Central,Unfurnished,1,1,Yes,Street,8.29,2.06,Yes,Yes,8169787.11
HP-00923,Sisli,Apartment,67.4,2,1,17,4,17,Electric,Unfurnished,1,1,No,Street,3.99,0.55,Yes,No,4494275.83
HP-00924,Besiktas,Detached,185.5,5,2,70,0,10,Natural_Gas,Semi_Furnished,1,2,Yes,Park,19.20,1.45,Yes,Yes,11323367.34
HP-00925,Uskudar,Residence,94.6,3,1,20,27,38,Coal,Unfurnished,1,2,No,Street,5.80,1.61,Yes,No,5671398.16
HP-00926,Uskudar,Apartment,177.5,6,2,40,6,11,Central,Unfurnished,2,2,Yes,Nature,16.39,1.08,Yes,Yes,8892853.02
HP-00927,Kadikoy,Townhouse,165.0,4,2,24,18,29,Natural_Gas,Furnished,1,1,Yes,Street,4.65,,No,No,9685395.74
HP-00928,Beylikduzu,Apartment,,1,1,5,1,7,Central,Furnished,1,3,Yes,Sea,11.86,0.39,No,No,1230260.50
HP-00929,Karsiyaka,Residence,132.9,3,1,22,21,23,Natural_Gas,Furnished,1,1,No,Street,1.05,1.10,Yes,No,7289169.63
HP-00930,Sisli,Apartment,167.1,6,3,26,5,9,Central,Furnished,2,2,Yes,Nature,2.81,1.18,Yes,No,13512471.81
HP-00931,Cankaya,Apartment,84.7,2,1,9,21,24,Natural_Gas,Semi_Furnished,1,1,Yes,Sea,5.86,0.44,No,Yes,6608151.59
HP-00932,Cankaya,Townhouse,232.8,8,3,1,11,15,Natural_Gas,Unfurnished,1,2,Yes,Nature,3.34,2.64,Yes,No,13747635.37
HP-00933,Sisli,Apartment,97.2,3,1,16,27,31,Central,Semi_Furnished,1,1,Yes,Street,4.19,1.88,Yes,Yes,6042189.31
HP-00934,Sisli,Apartment,35.0,1,1,19,4,15,Coal,Furnished,0,0,No,Street,8.84,3.39,Yes,Yes,1652717.41
HP-00935,Beylikduzu,Apartment,80.4,2,1,25,12,15,Natural_Gas,Unfurnished,2,0,No,City,11.71,1.65,Yes,Yes,2277777.32
HP-00936,Kadikoy,Residence,50.8,1,1,3,5,7,Central,Semi_Furnished,1,2,No,Sea,10.21,0.32,Yes,Yes,4995394.70
HP-00937,Konyaalti,Apartment,105.8,4,2,12,,14,Central,Unfurnished,1,1,Yes,City,11.60,,Yes,Yes,6067391.84
HP-00938,Sisli,Apartment,35.0,1,1,39,1,8,Natural_Gas,Unfurnished,1,1,No,Nature,1.72,3.02,Yes,No,1859030.67
HP-00939,Uskudar,Detached,239.8,8,2,9,0,10,Natural_Gas,Unfurnished,2,2,No,Nature,5.28,0.69,Yes,No,20313053.85
HP-00940,Atasehir,Residence,179.3,5,2,13,,37,Central,Unfurnished,1,1,Yes,Street,8.39,,Yes,No,12751776.13
HP-00941,Konyaalti,Apartment,148.9,5,2,27,22,25,Natural_Gas,Unfurnished,1,1,Yes,Street,3.99,1.86,Yes,No,7178466.01
HP-00942,Karsiyaka,Detached,212.1,6,3,8,0,2,Natural_Gas,Unfurnished,1,3,No,Park,0.69,0.27,Yes,No,14350948.40
HP-00943,Konyaalti,Apartment,163.8,4,2,10,7,11,Central,Unfurnished,2,2,Yes,Street,5.99,0.57,No,Yes,7384418.93
HP-00944,Besiktas,Detached,229.7,7,3,15,0,12,Central,Semi_Furnished,1,1,Yes,City,1.26,2.09,Yes,Yes,23683044.90
HP-00945,Konyaalti,Residence,38.2,1,1,41,24,26,Natural_Gas,Furnished,0,1,No,City,,0.31,Yes,No,1729016.71
HP-00946,Sisli,Townhouse,78.1,3,1,41,8,11,,Furnished,2,2,No,Park,3.43,0.78,No,Yes,5915378.23
HP-00947,Cankaya,Apartment,104.2,2,1,10,5,9,Central,Unfurnished,1,1,No,City,6.09,0.51,Yes,Yes,5940526.97
HP-00948,Uskudar,Villa,280.1,9,3,10,0,7,Natural_Gas,Furnished,0,1,Yes,Street,15.55,1.11,Yes,Yes,21096648.49
HP-00949,Atasehir,Apartment,94.2,3,1,5,9,16,Natural_Gas,Furnished,0,1,No,Street,2.70,0.77,No,No,5784337.47
HP-00950,Sisli,Villa,228.6,6,2,0,0,12,Central,Semi_Furnished,1,1,No,Street,1.64,1.06,Yes,No,26510169.16
HP-00951,Uskudar,Residence,81.9,2,1,,19,31,Central,Semi_Furnished,1,1,No,City,0.74,0.23,Yes,No,5733861.50
HP-00952,Karsiyaka,Apartment,130.8,4,2,0,17,25,Natural_Gas,Unfurnished,1,2,Yes,Park,8.07,0.33,Yes,No,8885264.59
HP-00953,Cankaya,Apartment,78.6,2,1,11,22,29,Natural_Gas,Furnished,0,1,Yes,Nature,6.60,0.68,No,Yes,3966287.75
HP-00954,Kadikoy,Residence,193.7,5,2,20,8,10,Heat_Pump,Unfurnished,0,2,Yes,City,6.15,0.51,No,Yes,17564366.10
HP-00955,Sisli,Apartment,66.5,2,1,43,26,32,Natural_Gas,Furnished,2,0,No,Street,3.73,,No,Yes,4150701.92
HP-00956,Karsiyaka,Apartment,92.1,2,1,2,21,30,Natural_Gas,Unfurnished,2,2,No,Street,4.63,0.41,Yes,No,5892407.68
HP-00957,Konyaalti,Apartment,48.2,1,1,11,3,9,Natural_Gas,Semi_Furnished,2,0,No,Nature,11.77,0.26,Yes,Yes,2308629.94
HP-00958,Konyaalti,Detached,209.0,6,2,8,0,7,Heat_Pump,Semi_Furnished,1,1,No,Park,4.62,1.15,Yes,Yes,14029072.48
HP-00959,Karsiyaka,Residence,137.6,4,1,31,1,14,Electric,Furnished,1,1,No,Sea,5.32,0.32,Yes,No,9626033.62
HP-00960,Atasehir,Townhouse,224.2,7,2,15,19,26,Natural_Gas,Unfurnished,2,1,No,Sea,11.56,0.88,Yes,Yes,15641573.03
HP-00961,Nilufer,Detached,235.7,8,3,4,0,11,Central,Unfurnished,2,1,No,Street,4.65,0.83,Yes,No,10872449.86
HP-00962,Sisli,Apartment,145.0,4,2,8,20,30,Central,Furnished,0,2,Yes,Park,3.14,0.69,Yes,No,11662319.98
HP-00963,Uskudar,Apartment,228.8,6,3,1,4,7,Natural_Gas,Unfurnished,0,1,No,Nature,3.70,0.87,Yes,Yes,20335068.25
HP-00964,Besiktas,Apartment,140.8,3,1,9,9,19,Natural_Gas,Semi_Furnished,1,1,No,Nature,4.02,1.03,Yes,Yes,11694614.43
HP-00965,Beylikduzu,Apartment,111.6,3,1,2,13,24,Central,Semi_Furnished,0,2,Yes,Street,4.31,1.87,Yes,Yes,4403952.94
HP-00966,Konyaalti,Villa,152.7,4,2,16,0,9,Natural_Gas,Unfurnished,1,1,No,City,6.32,0.46,Yes,Yes,10819925.42
HP-00967,Nilufer,Apartment,86.3,2,1,14,18,29,Natural_Gas,Semi_Furnished,1,1,Yes,City,7.18,,No,No,2939984.07
HP-00968,Beylikduzu,Apartment,129.2,4,1,26,25,38,Natural_Gas,Semi_Furnished,1,2,Yes,Street,8.22,0.30,No,No,3623695.68
HP-00969,Uskudar,Apartment,105.2,3,1,17,4,12,Natural_Gas,Semi_Furnished,2,4,No,City,9.51,0.82,No,No,6148920.68
HP-00970,Besiktas,Villa,156.4,5,2,17,0,5,Central,Unfurnished,0,0,Yes,Park,4.21,2.04,No,Yes,25336862.58
HP-00971,Konyaalti,Apartment,621.7,12,5,15,11,22,Central,Furnished,1,2,No,Street,5.38,1.26,Yes,No,36139959.59
HP-00972,Sisli,Detached,234.6,7,2,4,0,8,Coal,Unfurnished,1,2,No,Street,9.46,1.59,Yes,No,15828573.53
HP-00973,Sisli,Apartment,143.4,5,2,20,13,19,Central,Semi_Furnished,1,0,No,Street,6.18,2.66,Yes,Yes,9289248.20
HP-00974,Sisli,Detached,170.5,5,2,4,0,2,Central,Unfurnished,0,2,Yes,Park,3.74,0.97,No,Yes,15764473.30
HP-00975,Besiktas,Apartment,92.5,3,1,14,5,9,Natural_Gas,Semi_Furnished,2,2,Yes,Street,2.87,2.92,Yes,Yes,8137337.40
HP-00976,Cankaya,Apartment,113.4,4,1,1,,18,Electric,Unfurnished,0,3,No,Nature,2.84,1.01,Yes,No,7280331.39
HP-00977,Beylikduzu,Apartment,129.3,3,1,38,21,27,Central,Unfurnished,1,0,Yes,Nature,2.42,0.39,No,Yes,3746044.57
HP-00978,Besiktas,Apartment,64.8,2,1,,28,36,Heat_Pump,Unfurnished,0,1,No,Sea,5.95,1.68,Yes,No,6121547.94
HP-00979,Kadikoy,Apartment,88.7,2,1,8,20,33,Natural_Gas,Unfurnished,1,0,No,Nature,12.86,1.28,Yes,No,6246799.73
HP-00980,Uskudar,Apartment,108.0,3,1,42,26,37,Natural_Gas,Unfurnished,2,0,No,Nature,13.94,0.30,Yes,Yes,4247712.65
HP-00981,Sisli,Apartment,107.3,4,1,0,23,28,Natural_Gas,Semi_Furnished,1,1,No,City,5.75,0.41,Yes,Yes,9148661.18
HP-00982,Nilufer,Detached,254.7,8,3,25,0,8,Natural_Gas,Unfurnished,1,1,No,Street,0.37,0.44,Yes,Yes,8656707.15
HP-00983,Uskudar,Villa,139.2,4,2,16,0,2,Electric,Furnished,2,0,Yes,Park,4.22,0.35,Yes,Yes,15449310.43
HP-00984,Besiktas,Villa,244.1,8,3,0,0,13,Natural_Gas,Semi_Furnished,0,2,No,City,3.96,2.06,Yes,No,41702525.92
HP-00985,Konyaalti,Detached,136.9,4,1,34,0,12,Central,Furnished,0,1,No,Park,6.89,0.73,Yes,Yes,7189231.77
HP-00986,Cankaya,Apartment,141.1,4,2,24,27,39,Central,Semi_Furnished,1,2,No,Park,6.03,1.03,Yes,No,6734834.61
HP-00987,Karsiyaka,Apartment,159.2,5,2,23,17,22,Natural_Gas,Furnished,1,2,Yes,Street,4.50,0.64,Yes,Yes,6857218.30
HP-00988,Kadikoy,Apartment,121.9,3,,8,27,30,Central,Unfurnished,0,1,Yes,Street,7.10,1.34,Yes,Yes,8951894.33
HP-00989,Nilufer,Apartment,,3,1,2,0,4,Natural_Gas,Unfurnished,1,1,No,Nature,4.83,1.34,No,No,4257257.99
HP-00990,Sisli,Residence,133.7,4,1,8,4,6,Natural_Gas,Unfurnished,1,1,Yes,City,16.37,1.78,No,No,10494555.51
HP-00991,Uskudar,Apartment,128.7,4,2,20,19,21,Central,Unfurnished,0,2,Yes,Sea,17.55,2.46,No,No,31685879.71
HP-00992,Karsiyaka,Apartment,133.6,3,1,,6,9,Natural_Gas,Unfurnished,2,1,Yes,Street,0.69,0.86,Yes,No,7792413.82
HP-00993,Uskudar,Apartment,140.3,4,2,4,8,18,Electric,Unfurnished,2,0,No,Nature,0.89,0.60,No,Yes,11806533.73
HP-00994,Sisli,Apartment,81.5,2,1,1,12,18,Central,Unfurnished,1,0,No,Park,1.98,2.52,Yes,Yes,6985484.99
HP-00995,Nilufer,Apartment,110.8,3,1,8,5,9,Electric,Furnished,1,2,No,Nature,11.74,1.07,No,Yes,3976473.74
HP-00996,Kadikoy,Apartment,60.9,2,1,5,5,10,Natural_Gas,Unfurnished,0,1,No,Park,4.64,1.20,No,No,3769988.92
HP-00997,Karsiyaka,Apartment,62.6,2,1,18,25,37,Central,Furnished,1,2,Yes,Park,1.01,1.00,Yes,Yes,3486171.29
HP-00998,Karsiyaka,Apartment,93.9,3,1,49,7,10,Electric,Unfurnished,0,2,Yes,Street,4.53,1.40,Yes,No,3318548.92
HP-00999,Beylikduzu,Apartment,164.9,4,2,16,1,3,Natural_Gas,Furnished,2,0,Yes,Street,6.43,0.82,No,No,5044909.55
HP-01000,Konyaalti,Apartment,187.6,5,2,4,13,24,Natural_Gas,Furnished,1,2,No,City,0.63,0.76,No,No,9813080.25
HP-01001,Cankaya,Apartment,165.2,4,2,46,24,29,Natural_Gas,Furnished,1,2,No,Street,8.05,1.27,Yes,No,5729505.31
HP-01002,Nilufer,Apartment,161.2,4,2,2,,19,Electric,Unfurnished,1,1,No,Street,9.00,0.58,No,Yes,5679095.15
HP-01003,Sisli,Apartment,79.1,2,1,7,4,14,Natural_Gas,Unfurnished,1,0,Yes,Street,7.24,2.89,No,No,4823979.39
HP-01004,Uskudar,Villa,254.1,7,3,49,0,11,Natural_Gas,Semi_Furnished,2,3,Yes,Street,5.77,1.00,Yes,No,20844376.29
HP-01005,Cankaya,Apartment,136.9,4,1,6,10,15,Electric,Unfurnished,1,2,Yes,Nature,7.00,1.43,Yes,Yes,7109722.07
HP-01006,Atasehir,Townhouse,158.1,5,2,21,13,16,Natural_Gas,Furnished,0,2,No,Park,6.04,2.82,No,Yes,8723402.05
HP-01007,Uskudar,Detached,241.9,7,3,0,0,5,Natural_Gas,Unfurnished,1,1,Yes,City,5.09,1.82,No,Yes,19813619.33
HP-01008,Sisli,Apartment,147.7,3,1,6,11,20,Heat_Pump,Semi_Furnished,1,0,Yes,Street,2.53,1.37,Yes,No,12349671.98
HP-01009,Kadikoy,Apartment,167.4,6,3,58,23,29,Natural_Gas,Unfurnished,0,1,No,Street,2.01,0.05,No,Yes,7761974.01
HP-01010,Beylikduzu,Villa,129.0,4,2,54,,13,Electric,Semi_Furnished,1,2,No,Park,4.16,1.83,Yes,Yes,4268654.21
HP-01011,Uskudar,Apartment,166.4,5,2,8,8,14,Natural_Gas,Unfurnished,0,0,No,Street,5.10,0.10,No,No,11036473.45
HP-01012,Beylikduzu,Apartment,155.2,5,2,21,24,37,Natural_Gas,Unfurnished,2,1,Yes,Sea,4.82,1.19,Yes,Yes,7955784.70
HP-01013,Atasehir,Residence,89.5,3,1,27,26,38,Natural_Gas,Unfurnished,1,1,No,Sea,4.46,1.00,Yes,No,6685614.21
HP-01014,Besiktas,Detached,103.2,4,2,42,0,10,Natural_Gas,Semi_Furnished,2,1,No,City,4.99,0.71,Yes,Yes,6998748.97
HP-01015,Besiktas,Residence,72.4,2,1,8,17,26,Central,Furnished,0,2,No,Street,12.44,0.81,Yes,Yes,6613445.16
HP-01016,Uskudar,Apartment,121.0,4,1,9,24,26,Natural_Gas,Furnished,3,1,No,Park,0.68,0.40,No,No,9916714.83
HP-01017,Atasehir,Apartment,140.3,3,1,31,19,26,Electric,Unfurnished,1,3,No,Street,6.60,0.78,Yes,Yes,7839644.53
HP-01018,Cankaya,Apartment,310.9,7,3,0,19,25,Natural_Gas,Unfurnished,1,2,Yes,City,7.85,1.32,Yes,No,19308858.20
HP-01019,Nilufer,Villa,192.8,6,2,7,0,6,Natural_Gas,Unfurnished,1,1,Yes,Street,4.83,0.53,No,No,10107321.99
HP-01020,Atasehir,Apartment,106.7,3,1,1,,24,Electric,Unfurnished,2,1,No,Street,2.28,0.61,Yes,Yes,7063061.10
HP-01021,Atasehir,Detached,219.6,5,2,1,0,10,Natural_Gas,Unfurnished,1,1,No,Street,3.07,0.71,Yes,No,16925875.30
HP-01022,Sisli,Detached,296.7,7,2,1,0,5,Natural_Gas,Semi_Furnished,1,1,No,Street,0.25,,No,No,24762816.19
HP-01023,Sisli,Apartment,167.8,5,2,3,8,16,,Semi_Furnished,1,0,No,Nature,4.85,0.90,Yes,No,15496985.54
HP-01024,Beylikduzu,Residence,82.0,2,1,10,15,17,Central,Unfurnished,1,2,Yes,City,2.79,1.34,Yes,No,3370404.55
HP-01025,Uskudar,Residence,,1,1,24,14,16,Natural_Gas,Semi_Furnished,0,1,Yes,Street,3.01,0.50,Yes,Yes,1858388.50
HP-01026,Uskudar,Apartment,116.6,3,1,4,4,8,Central,Semi_Furnished,0,3,No,Park,1.78,,Yes,No,7314047.34
HP-01027,Beylikduzu,Residence,78.4,2,1,9,19,30,Electric,Unfurnished,2,1,Yes,Sea,1.53,0.94,Yes,No,4462429.25
HP-01028,Kadikoy,Apartment,115.9,3,1,1,25,29,Natural_Gas,Unfurnished,2,1,No,City,1.28,0.23,No,No,11231154.67
HP-01029,Atasehir,Residence,336.4,8,3,16,26,28,Natural_Gas,Unfurnished,2,1,No,Park,4.89,0.62,Yes,No,35327518.26
HP-01030,Beylikduzu,Apartment,105.9,3,1,6,20,24,Heat_Pump,Furnished,1,0,No,City,4.46,1.52,Yes,No,3595770.93
HP-01031,Beylikduzu,Apartment,103.1,3,1,60,9,11,Central,Unfurnished,1,2,No,City,1.96,0.29,Yes,No,2797067.79
HP-01032,Besiktas,Apartment,179.0,6,2,2,20,25,Natural_Gas,Semi_Furnished,1,3,No,Street,4.45,1.84,No,Yes,18843177.47
HP-01033,Konyaalti,Detached,120.7,4,2,2,0,4,Central,Unfurnished,1,4,No,Street,9.67,,No,Yes,7769508.09
HP-01034,Nilufer,Detached,212.9,6,2,7,0,10,Natural_Gas,Semi_Furnished,0,0,No,City,4.19,0.99,No,Yes,10911266.55
HP-01035,Karsiyaka,Villa,103.4,3,1,21,0,3,Natural_Gas,Semi_Furnished,1,2,Yes,City,3.38,0.55,Yes,No,8396163.05
HP-01036,Sisli,Detached,127.9,5,2,12,0,13,Central,Unfurnished,1,,No,Park,4.82,2.06,Yes,Yes,10772654.07
HP-01037,Sisli,Residence,222.2,7,3,18,7,15,Natural_Gas,Unfurnished,1,1,No,Nature,2.78,0.88,No,Yes,17217201.06
HP-01038,Uskudar,Townhouse,288.8,8,3,1,13,21,Natural_Gas,Semi_Furnished,0,2,Yes,Nature,4.26,,No,No,25806681.41
HP-01039,Kadikoy,Apartment,117.3,3,1,40,18,27,Heat_Pump,Semi_Furnished,0,,No,Street,3.95,,Yes,No,6788013.97
HP-01040,Kadikoy,Residence,81.1,2,1,8,8,13,Heat_Pump,Unfurnished,1,1,No,City,4.11,1.00,Yes,No,7499058.72
HP-01041,Cankaya,Apartment,201.9,5,2,8,7,12,Natural_Gas,Furnished,0,1,No,Street,3.39,0.09,Yes,Yes,7951405.76
HP-01042,Kadikoy,Residence,172.3,4,2,0,7,16,Natural_Gas,Unfurnished,1,1,No,City,3.44,0.75,Yes,No,16823339.09
HP-01043,Beylikduzu,Residence,112.9,3,1,50,15,21,Electric,Semi_Furnished,0,,No,Street,10.81,1.95,Yes,No,2661908.32
HP-01044,Nilufer,Detached,128.3,4,2,2,0,9,Natural_Gas,Furnished,1,1,No,Street,23.99,,Yes,No,4601740.90
HP-01045,Nilufer,Residence,,4,1,25,24,36,Central,Unfurnished,1,1,Yes,Park,3.16,1.12,Yes,Yes,6630696.44
HP-01046,Kadikoy,Apartment,99.3,3,1,21,12,18,Electric,Unfurnished,1,1,No,City,15.62,0.64,Yes,No,5876071.62
HP-01047,Konyaalti,Apartment,188.7,6,2,27,,38,Electric,Unfurnished,1,2,Yes,Park,7.70,0.33,Yes,Yes,11107102.60
HP-01048,Karsiyaka,Apartment,170.2,4,2,28,17,30,Electric,Furnished,1,0,No,Street,5.50,0.29,No,Yes,7757246.42
HP-01049,Uskudar,Residence,135.5,5,2,15,19,23,Natural_Gas,Unfurnished,1,1,No,Street,6.55,0.53,Yes,No,9054538.22
HP-01050,Besiktas,Apartment,141.6,4,1,13,21,30,Natural_Gas,Unfurnished,1,2,Yes,City,3.31,1.33,No,No,12427388.65
HP-01051,Karsiyaka,Apartment,194.2,5,2,31,24,35,Central,Semi_Furnished,1,1,No,Nature,3.78,1.35,Yes,No,9901079.31
HP-01052,Nilufer,Residence,91.8,2,1,0,7,19,Natural_Gas,Furnished,1,2,Yes,Street,5.75,0.58,Yes,Yes,19407288.99
HP-01053,Besiktas,Apartment,140.5,5,2,2,0,13,Central,Unfurnished,2,1,Yes,Street,20.45,1.43,Yes,No,11181444.83
HP-01054,Sisli,Apartment,58.9,2,1,31,4,14,Central,Furnished,0,2,No,Sea,10.52,0.24,Yes,Yes,4716116.48
HP-01055,Atasehir,Residence,198.9,5,2,,13,22,Natural_Gas,Unfurnished,1,2,Yes,Park,15.10,1.38,Yes,Yes,17891184.50
HP-01056,Beylikduzu,Apartment,86.3,3,1,,0,13,Natural_Gas,Unfurnished,2,1,No,Street,7.07,1.49,Yes,Yes,2446394.17
HP-01057,Sisli,Apartment,68.0,2,1,23,17,25,Natural_Gas,Furnished,1,2,Yes,Nature,4.95,0.25,Yes,No,4605671.89
HP-01058,Sisli,Detached,186.7,6,2,12,0,6,Natural_Gas,Semi_Furnished,2,0,No,City,4.86,1.70,No,Yes,13718563.30
HP-01059,Konyaalti,Apartment,50.3,1,1,3,14,18,Central,Furnished,0,0,No,Street,2.49,0.91,Yes,Yes,2741172.69
HP-01060,Konyaalti,Villa,186.8,4,1,12,0,11,Central,Furnished,2,1,Yes,Street,5.06,0.49,Yes,No,14146625.63
HP-01061,Cankaya,Townhouse,174.5,5,2,8,28,36,Central,Unfurnished,0,3,No,Park,2.17,1.12,Yes,No,8361321.98
HP-01062,Atasehir,Villa,247.5,6,2,3,0,3,Natural_Gas,Furnished,0,1,Yes,Nature,10.45,0.30,Yes,Yes,25756690.04
HP-01063,Beylikduzu,Apartment,227.3,5,2,,16,26,Natural_Gas,Unfurnished,1,1,Yes,Street,4.50,0.27,Yes,No,10362287.37
HP-01064,Konyaalti,Residence,109.8,4,2,2,19,26,Natural_Gas,Unfurnished,1,3,Yes,Nature,6.80,3.45,Yes,No,8504799.04
HP-01065,Karsiyaka,Detached,235.6,6,3,8,0,13,Central,Unfurnished,1,4,No,City,10.72,0.74,Yes,No,13216595.63
HP-01066,Konyaalti,Villa,,5,2,4,0,11,Central,Unfurnished,0,2,No,Park,12.85,0.23,Yes,No,10035450.89
HP-01067,Besiktas,Apartment,163.8,6,3,0,4,15,Natural_Gas,Semi_Furnished,1,1,No,City,5.05,0.26,Yes,Yes,19492992.10
HP-01068,Konyaalti,Apartment,120.7,4,1,5,20,33,Natural_Gas,Unfurnished,0,1,No,City,3.26,0.80,Yes,Yes,6225658.69
HP-01069,Besiktas,Apartment,106.0,3,1,2,12,22,Electric,Unfurnished,1,2,Yes,Street,8.78,0.34,Yes,No,9444968.09
HP-01070,Kadikoy,Apartment,106.5,3,1,9,23,26,Electric,Unfurnished,1,0,Yes,Sea,2.35,1.33,Yes,Yes,9174275.23
HP-01071,Konyaalti,Apartment,92.0,2,1,27,26,38,Coal,Furnished,2,3,No,Nature,10.00,3.26,No,Yes,5298203.51
HP-01072,Karsiyaka,Residence,122.8,4,2,2,11,13,Natural_Gas,Unfurnished,2,1,Yes,Street,12.41,0.29,Yes,No,8869557.62
HP-01073,Cankaya,Apartment,154.4,5,2,4,5,8,Natural_Gas,Unfurnished,1,2,Yes,Street,1.90,0.16,Yes,No,11035908.08
HP-01074,Beylikduzu,Apartment,95.1,3,1,24,11,15,Central,Semi_Furnished,2,1,Yes,City,4.25,0.94,Yes,Yes,2556258.62
HP-01075,Besiktas,Apartment,69.9,2,1,0,22,28,Natural_Gas,Unfurnished,1,3,No,Park,1.05,0.14,Yes,Yes,22832202.94
HP-01076,Sisli,Apartment,133.0,3,1,10,17,28,Natural_Gas,Unfurnished,0,2,No,City,5.99,1.33,Yes,Yes,8496260.20
HP-01077,Cankaya,Apartment,183.1,5,2,56,14,22,Electric,Furnished,1,0,No,City,7.79,2.01,Yes,No,5415709.90
HP-01078,Cankaya,Apartment,67.2,2,1,5,8,18,Natural_Gas,Furnished,1,1,Yes,Street,11.25,1.51,Yes,Yes,3083555.56
HP-01079,Kadikoy,Apartment,177.5,5,2,10,26,28,Natural_Gas,Semi_Furnished,1,1,No,Street,12.98,0.24,Yes,No,10817579.21
HP-01080,Konyaalti,Apartment,,3,1,18,8,18,,Unfurnished,2,0,Yes,Street,7.32,1.51,Yes,Yes,5640585.53
HP-01081,Cankaya,Apartment,193.8,6,3,48,7,9,Electric,Semi_Furnished,1,2,Yes,City,7.28,0.81,Yes,No,6422979.04
HP-01082,Karsiyaka,Apartment,35.0,1,1,18,1,12,Natural_Gas,Semi_Furnished,2,0,No,City,2.71,0.29,No,Yes,1779225.05
HP-01083,Besiktas,Apartment,111.3,3,1,9,4,16,Central,Semi_Furnished,0,0,No,Nature,3.35,0.88,Yes,Yes,9245065.32
HP-01084,Karsiyaka,Apartment,176.9,5,,43,14,21,Natural_Gas,Semi_Furnished,1,2,No,Park,9.29,1.82,Yes,Yes,7233951.42
HP-01085,Nilufer,Apartment,117.4,3,1,47,16,26,Central,Unfurnished,1,1,No,City,,1.69,No,Yes,3177203.37
HP-01086,Uskudar,Apartment,144.3,3,1,8,23,32,Natural_Gas,Semi_Furnished,1,1,No,City,4.36,2.38,Yes,No,9075550.43
HP-01087,Beylikduzu,Apartment,84.6,3,1,8,25,37,Natural_Gas,Furnished,1,1,Yes,Street,12.32,2.03,Yes,No,2281650.13
HP-01088,Cankaya,Villa,274.5,8,3,21,0,3,Natural_Gas,Furnished,0,2,Yes,Nature,4.37,,Yes,No,18772189.58
HP-01089,Uskudar,Apartment,104.3,3,1,9,27,30,Natural_Gas,Unfurnished,0,2,No,Street,0.72,1.15,Yes,No,5682736.95
HP-01090,Sisli,Apartment,106.2,4,1,19,25,28,Heat_Pump,Semi_Furnished,2,1,No,Park,,0.67,Yes,No,7991897.09
HP-01091,Kadikoy,Residence,96.3,3,1,22,11,13,Natural_Gas,Semi_Furnished,1,2,No,City,1.78,0.78,Yes,Yes,8638523.59
HP-01092,Beylikduzu,Apartment,55.3,1,1,2,16,21,Central,Semi_Furnished,1,1,No,Street,8.29,2.81,Yes,Yes,1991720.18
HP-01093,Uskudar,Apartment,61.6,2,1,25,3,14,Central,Unfurnished,2,0,Yes,Street,6.41,0.66,No,Yes,2998329.45
HP-01094,Beylikduzu,Residence,87.0,2,1,24,18,24,Natural_Gas,Semi_Furnished,1,0,Yes,Park,9.89,0.86,Yes,Yes,3195850.99
HP-01095,Karsiyaka,Apartment,87.2,2,1,17,13,17,Central,Unfurnished,1,1,Yes,Sea,12.21,1.56,Yes,No,5079233.76
HP-01096,Kadikoy,Apartment,75.8,2,1,21,0,2,Coal,Furnished,3,4,No,City,3.12,,No,Yes,4633477.11
HP-01097,Cankaya,Apartment,84.6,3,1,10,,23,Natural_Gas,Furnished,1,1,No,Nature,,1.33,Yes,Yes,4577133.99
HP-01098,Beylikduzu,Apartment,54.9,1,1,8,1,12,Natural_Gas,Unfurnished,0,1,Yes,Street,1.47,0.48,Yes,No,1596832.50
HP-01099,Uskudar,Residence,148.0,5,2,6,14,21,Natural_Gas,Unfurnished,1,1,Yes,City,12.57,0.35,Yes,No,10844803.46
HP-01100,Beylikduzu,Residence,142.3,4,2,19,25,31,Central,Semi_Furnished,1,2,Yes,Park,10.31,0.84,Yes,Yes,6131632.95
HP-01101,Kadikoy,Residence,154.7,5,2,9,8,17,Coal,Furnished,2,0,No,Sea,16.41,2.31,No,No,15614962.40
HP-01102,Uskudar,Apartment,177.7,6,3,12,6,16,Natural_Gas,Unfurnished,1,1,No,City,20.60,0.74,Yes,Yes,10373306.11
HP-01103,Besiktas,Residence,119.6,4,1,7,10,14,Electric,Unfurnished,2,3,Yes,City,7.11,1.70,Yes,Yes,15006032.96
HP-01104,Uskudar,Villa,205.9,6,2,75,0,4,Natural_Gas,Unfurnished,1,2,Yes,Park,4.24,0.75,No,No,15631302.84
HP-01105,Karsiyaka,Apartment,141.7,4,1,4,2,4,Natural_Gas,Unfurnished,1,3,No,City,0.86,1.69,Yes,No,8274624.42
HP-01106,Cankaya,Townhouse,216.8,8,4,5,2,13,Central,Semi_Furnished,0,1,No,Street,3.73,0.88,Yes,Yes,10025262.44
HP-01107,Sisli,Apartment,147.6,4,1,25,13,19,Natural_Gas,Semi_Furnished,1,1,No,Park,6.24,0.96,Yes,No,8563350.84
HP-01108,Konyaalti,Residence,35.0,1,1,10,13,16,Natural_Gas,Unfurnished,0,0,No,City,2.04,0.58,No,Yes,1830324.57
HP-01109,Atasehir,Villa,183.8,6,2,18,0,3,Natural_Gas,Unfurnished,0,4,Yes,Street,14.78,2.16,Yes,No,12658687.27
HP-01110,Sisli,Residence,148.3,4,1,,27,29,Natural_Gas,Semi_Furnished,1,2,Yes,Park,4.52,1.71,No,No,16736935.15
HP-01111,Besiktas,Residence,121.0,3,1,34,20,32,Natural_Gas,Unfurnished,1,0,Yes,Sea,7.12,1.05,Yes,No,14431767.97
HP-01112,Besiktas,Apartment,42.0,1,1,0,22,25,,Furnished,0,1,Yes,Park,3.40,0.55,No,No,4906188.52
HP-01113,Uskudar,Apartment,222.4,7,3,10,7,20,Central,Semi_Furnished,2,0,Yes,Sea,4.95,1.13,Yes,Yes,22158330.22
HP-01114,Sisli,Apartment,139.2,4,2,16,9,14,Natural_Gas,Unfurnished,1,0,Yes,Park,8.27,1.71,Yes,No,9733198.02
HP-01115,Cankaya,Apartment,95.1,3,1,15,23,29,Central,Semi_Furnished,2,2,Yes,Street,4.16,0.25,No,No,4895232.59
HP-01116,Sisli,Detached,160.7,5,2,6,0,6,Natural_Gas,Semi_Furnished,2,3,Yes,Nature,11.84,1.18,Yes,Yes,14991036.53
HP-01117,Nilufer,Apartment,83.2,2,1,35,0,7,,Unfurnished,2,2,No,City,8.45,1.11,No,No,2682634.04
HP-01118,Beylikduzu,Apartment,93.8,3,1,75,21,27,Central,Semi_Furnished,1,2,No,Street,7.75,1.58,Yes,Yes,1796343.32
HP-01119,Besiktas,Apartment,69.8,2,1,24,24,31,Natural_Gas,Semi_Furnished,0,2,No,Street,2.19,1.51,Yes,No,5629544.13
HP-01120,Cankaya,Apartment,156.6,4,1,8,14,23,Natural_Gas,Unfurnished,1,1,No,Street,3.89,2.24,Yes,No,7220101.63
HP-01121,Sisli,Apartment,108.0,3,1,,15,24,Central,Unfurnished,1,2,No,Street,16.24,1.79,Yes,No,6409270.67
HP-01122,Uskudar,Residence,35.0,1,1,24,27,33,Natural_Gas,Unfurnished,1,1,No,City,6.07,,Yes,No,2027428.73
HP-01123,Kadikoy,Residence,191.8,6,2,17,5,12,Natural_Gas,Semi_Furnished,1,1,No,Street,5.28,0.68,Yes,No,16479785.60
HP-01124,Beylikduzu,Apartment,153.6,5,2,5,27,35,Natural_Gas,Furnished,2,1,Yes,City,11.20,1.37,Yes,No,5487588.59
HP-01125,Cankaya,Villa,123.1,4,1,21,0,5,Electric,Semi_Furnished,1,1,Yes,Street,0.86,1.79,No,No,7406152.70
HP-01126,Nilufer,Apartment,178.5,4,1,3,26,28,Natural_Gas,Semi_Furnished,0,1,No,Street,1.10,1.51,Yes,Yes,7209617.50
HP-01127,Atasehir,Apartment,159.1,5,2,56,17,30,Natural_Gas,Unfurnished,0,1,No,City,7.35,1.64,Yes,Yes,7234655.38
HP-01128,Kadikoy,Apartment,156.1,5,2,7,10,18,Heat_Pump,Unfurnished,1,2,Yes,Street,2.58,0.40,Yes,No,11371651.74
HP-01129,Kadikoy,Apartment,116.5,4,1,1,8,11,Electric,Unfurnished,1,1,No,City,4.70,1.21,Yes,No,9806623.45
HP-01130,Sisli,Apartment,192.4,5,2,3,16,22,Heat_Pump,Semi_Furnished,2,1,No,Nature,2.99,1.07,No,Yes,15489842.27
HP-01131,Nilufer,Apartment,152.1,5,2,68,27,33,Heat_Pump,Unfurnished,1,1,Yes,Street,4.42,0.42,Yes,Yes,4090815.81
HP-01132,Besiktas,Apartment,95.3,2,1,15,17,29,Natural_Gas,Semi_Furnished,1,,Yes,Sea,7.62,1.86,Yes,No,11081745.15
HP-01133,Kadikoy,Apartment,81.7,2,1,7,14,25,Natural_Gas,Unfurnished,2,1,Yes,Sea,2.22,1.83,Yes,No,9061669.12
HP-01134,Konyaalti,Apartment,80.4,2,1,11,5,12,Natural_Gas,Furnished,0,0,Yes,City,,2.51,Yes,Yes,3793849.14
HP-01135,Cankaya,Apartment,113.3,4,1,21,10,18,Natural_Gas,Semi_Furnished,1,1,Yes,Nature,12.09,1.94,Yes,No,5923041.89
HP-01136,Beylikduzu,Villa,248.7,6,,,0,11,Electric,Semi_Furnished,1,2,No,Sea,5.77,0.86,No,Yes,21022889.44
HP-01137,Atasehir,Apartment,160.4,6,3,12,1,5,Central,Semi_Furnished,1,0,No,Street,8.59,1.53,No,No,8967930.71
HP-01138,Uskudar,Detached,285.2,10,4,46,0,6,Heat_Pump,Unfurnished,2,2,Yes,Sea,3.76,1.39,Yes,No,19241678.99
HP-01139,Nilufer,Residence,159.9,4,1,6,28,30,Central,Semi_Furnished,3,1,No,Street,15.07,2.41,Yes,No,5228836.27
HP-01140,Uskudar,Apartment,209.1,5,2,8,23,29,Natural_Gas,Unfurnished,2,,No,City,3.05,0.28,Yes,No,15053359.94
HP-01141,Nilufer,Residence,130.7,3,1,7,25,31,Central,Unfurnished,3,2,Yes,Park,12.52,1.77,Yes,Yes,6641834.30
HP-01142,Kadikoy,Detached,203.9,5,2,17,0,9,Heat_Pump,Unfurnished,0,2,No,Street,10.25,2.21,Yes,Yes,12430157.88
HP-01143,Nilufer,Apartment,146.9,4,2,2,28,41,,Semi_Furnished,0,1,Yes,Sea,5.78,1.25,Yes,No,8796602.32
HP-01144,Atasehir,Residence,152.6,5,2,1,15,20,Central,Semi_Furnished,0,0,Yes,Park,6.25,,Yes,Yes,13726859.16
HP-01145,Nilufer,Villa,168.9,4,2,24,0,6,Natural_Gas,Unfurnished,0,1,Yes,Park,8.43,2.82,Yes,Yes,9409703.11
HP-01146,Konyaalti,Apartment,109.0,3,1,23,10,12,Natural_Gas,Unfurnished,1,2,Yes,Park,8.73,0.50,Yes,No,6153647.76
HP-01147,Sisli,Apartment,107.9,4,1,11,18,30,Natural_Gas,Unfurnished,2,0,No,Sea,4.36,1.04,Yes,No,10002068.95
HP-01148,Karsiyaka,Apartment,268.5,6,2,11,9,17,Central,Semi_Furnished,0,1,No,Park,8.63,3.03,Yes,No,11631507.81
HP-01149,Beylikduzu,Apartment,129.3,3,1,18,8,21,Natural_Gas,Unfurnished,1,0,Yes,Street,5.71,0.54,Yes,No,4171320.47
HP-01150,Karsiyaka,Apartment,140.4,5,2,6,7,10,Natural_Gas,Unfurnished,1,1,Yes,Street,9.09,1.60,Yes,No,7551428.48
HP-01151,Uskudar,Apartment,110.4,3,1,0,16,21,Heat_Pump,Semi_Furnished,2,1,Yes,Nature,1.94,1.40,No,No,9324735.13
HP-01152,Beylikduzu,Detached,63.0,2,1,19,0,13,Central,Furnished,1,2,Yes,Nature,2.89,1.04,Yes,Yes,2398106.47
HP-01153,Kadikoy,Detached,281.4,7,3,38,0,6,Natural_Gas,Semi_Furnished,0,2,No,City,9.02,0.66,No,No,19817596.03
HP-01154,Besiktas,Residence,178.8,5,2,18,13,22,Heat_Pump,Unfurnished,2,2,Yes,City,3.50,1.53,Yes,Yes,17848952.58
HP-01155,Konyaalti,Villa,213.1,7,3,19,0,8,Heat_Pump,Unfurnished,0,0,No,Street,2.68,0.74,Yes,No,14278054.60
HP-01156,Konyaalti,Residence,141.2,3,1,28,16,21,Natural_Gas,Furnished,1,1,No,Sea,13.56,0.38,Yes,Yes,9344465.99
HP-01157,Uskudar,Residence,120.3,3,1,40,17,26,Natural_Gas,Semi_Furnished,3,0,No,City,1.32,1.21,Yes,No,7757749.03
HP-01158,Beylikduzu,Apartment,56.1,2,1,17,4,12,Natural_Gas,Unfurnished,0,2,Yes,Sea,5.18,1.10,Yes,No,2441704.88
HP-01159,Beylikduzu,Apartment,88.5,2,1,0,25,35,Natural_Gas,Unfurnished,0,,Yes,Nature,7.24,1.06,Yes,No,3571074.46
HP-01160,Kadikoy,Residence,69.6,2,1,8,27,29,Central,Unfurnished,1,2,Yes,Nature,0.91,1.29,Yes,No,6397393.42
HP-01161,Konyaalti,Apartment,203.3,5,2,15,25,30,Natural_Gas,Unfurnished,1,0,Yes,Street,13.51,0.94,Yes,No,8509533.87
HP-01162,Nilufer,Detached,202.5,7,2,11,0,13,Central,Semi_Furnished,0,1,No,Park,3.59,0.50,Yes,Yes,10176302.39
HP-01163,Atasehir,Apartment,130.8,4,1,2,27,29,Natural_Gas,Unfurnished,2,3,Yes,Sea,7.29,2.21,No,No,10469370.83
HP-01164,Nilufer,Townhouse,187.4,7,3,25,1,7,Natural_Gas,Unfurnished,2,0,No,Street,16.71,1.62,Yes,Yes,6348224.29
HP-01165,Atasehir,Apartment,62.0,2,1,4,9,11,Central,Semi_Furnished,1,0,No,Street,,1.61,No,Yes,3440679.57
HP-01166,Konyaalti,Apartment,148.4,5,2,19,5,14,,Unfurnished,0,1,No,Street,13.03,1.19,Yes,No,6090327.59
HP-01167,Karsiyaka,Townhouse,225.2,6,3,4,12,22,Heat_Pump,Unfurnished,2,1,No,City,13.21,0.59,Yes,No,15391982.60
HP-01168,Beylikduzu,Apartment,68.7,2,1,10,1,8,Natural_Gas,Semi_Furnished,1,3,Yes,Nature,,0.76,Yes,No,2759166.63
HP-01169,Beylikduzu,Apartment,99.6,3,1,5,15,27,Heat_Pump,Unfurnished,2,0,No,Nature,1.58,0.12,No,No,4521095.24
HP-01170,Atasehir,Detached,234.9,6,2,0,0,7,Central,Unfurnished,1,2,No,Street,7.08,0.87,Yes,No,22300842.93
HP-01171,Besiktas,Residence,196.6,5,2,31,6,8,Central,Semi_Furnished,1,0,No,Park,2.21,0.30,Yes,No,19635736.58
HP-01172,Kadikoy,Apartment,67.0,2,1,5,0,11,Natural_Gas,Unfurnished,0,2,No,Street,1.23,1.79,No,Yes,4448826.31
HP-01173,Uskudar,Villa,285.8,8,3,4,0,12,Natural_Gas,Unfurnished,2,2,No,Street,7.11,1.45,Yes,Yes,26691115.48
HP-01174,Uskudar,Apartment,165.0,5,2,14,2,10,Natural_Gas,Unfurnished,1,0,No,Park,9.91,1.48,Yes,No,10680326.22
HP-01175,Atasehir,Villa,84.9,3,1,38,0,8,Natural_Gas,Furnished,1,1,No,Street,1.71,1.60,Yes,No,5235708.99
HP-01176,Konyaalti,Apartment,164.7,5,2,5,21,31,Natural_Gas,Unfurnished,2,1,No,Park,2.85,0.24,Yes,No,11444084.40
HP-01177,Kadikoy,Residence,125.3,3,1,3,0,6,Natural_Gas,Unfurnished,1,3,No,Street,4.67,1.84,Yes,Yes,11010215.65
HP-01178,Atasehir,Residence,97.9,2,1,50,10,15,Central,Semi_Furnished,0,1,Yes,Street,8.29,0.85,Yes,Yes,4018864.03
HP-01179,Beylikduzu,Apartment,178.8,4,1,9,11,24,Natural_Gas,Unfurnished,2,0,No,Street,6.04,1.08,Yes,No,5656385.78
HP-01180,Kadikoy,Villa,190.0,5,2,5,0,2,Central,Unfurnished,1,1,No,City,5.09,0.89,Yes,No,18031043.54
HP-01181,Sisli,Apartment,128.8,3,1,36,5,14,Natural_Gas,Semi_Furnished,1,,No,City,2.55,0.85,No,Yes,7916355.79
HP-01182,Karsiyaka,Residence,121.2,4,2,24,15,17,Natural_Gas,Unfurnished,1,4,No,Park,1.52,1.11,Yes,No,6361923.61
HP-01183,Atasehir,Residence,75.8,2,1,6,19,32,Natural_Gas,Unfurnished,1,1,Yes,City,10.82,2.80,Yes,Yes,5651388.73
HP-01184,Sisli,Apartment,76.2,2,1,6,19,32,Natural_Gas,Semi_Furnished,0,1,No,Street,7.24,0.61,Yes,Yes,4505296.42
HP-01185,Atasehir,Apartment,147.7,4,2,12,10,23,Natural_Gas,Unfurnished,1,1,No,Street,1.93,2.02,Yes,No,7357179.82
HP-01186,Konyaalti,Apartment,35.0,1,1,12,25,29,Central,Semi_Furnished,0,1,No,City,2.35,0.84,No,Yes,1677560.17
HP-01187,Cankaya,Residence,166.5,4,2,6,,15,Coal,Furnished,1,2,Yes,Park,7.73,0.43,Yes,Yes,12825751.98
HP-01188,Konyaalti,Apartment,138.2,3,1,13,14,26,Natural_Gas,Semi_Furnished,1,1,No,Park,8.16,2.20,No,Yes,6925452.28
HP-01189,Cankaya,Apartment,66.2,2,1,61,19,29,Central,Unfurnished,2,2,No,Sea,0.67,,No,No,2858538.25
HP-01190,Besiktas,Apartment,207.9,6,3,10,19,23,Natural_Gas,Furnished,1,0,No,Street,5.47,2.79,Yes,No,17718138.73
HP-01191,Nilufer,Detached,117.8,4,2,15,0,10,Heat_Pump,Unfurnished,2,0,Yes,Street,7.84,0.55,Yes,Yes,5288050.10
HP-01192,Cankaya,Apartment,99.8,3,1,14,26,37,Natural_Gas,Unfurnished,2,3,No,Street,5.83,2.71,Yes,No,4361702.56
HP-01193,Karsiyaka,Detached,326.6,11,4,17,0,10,Natural_Gas,Furnished,0,3,Yes,Park,6.99,1.64,Yes,No,16658624.56
HP-01194,Karsiyaka,Apartment,187.8,6,3,2,6,13,Natural_Gas,Furnished,2,1,Yes,Park,6.52,1.94,Yes,Yes,12675685.28
HP-01195,Besiktas,Apartment,44.2,1,1,39,17,24,Natural_Gas,Unfurnished,0,2,Yes,Sea,2.33,0.85,Yes,No,4225642.11
HP-01196,Sisli,Apartment,84.3,2,1,11,19,32,Natural_Gas,Semi_Furnished,0,3,Yes,City,12.40,2.25,No,No,5728065.54
HP-01197,Besiktas,Apartment,108.3,3,1,21,11,20,Electric,Furnished,0,1,No,Street,5.78,1.79,Yes,Yes,9284433.15
HP-01198,Sisli,Townhouse,196.5,5,2,0,25,38,Heat_Pump,Unfurnished,0,2,Yes,Street,13.84,0.38,No,Yes,15850422.37
HP-01199,Kadikoy,Apartment,101.6,2,1,20,1,6,Natural_Gas,Unfurnished,1,1,No,Street,2.92,0.66,Yes,Yes,5559148.30
HP-01200,Beylikduzu,Townhouse,147.8,4,2,8,13,25,Natural_Gas,Unfurnished,0,1,Yes,City,1.10,3.44,No,Yes,5426402.25
HP-01201,Nilufer,Villa,188.8,5,2,2,0,13,Heat_Pump,Furnished,2,1,Yes,City,2.26,1.72,Yes,Yes,13327400.66
HP-01202,Atasehir,Apartment,150.1,4,2,19,0,8,Central,Unfurnished,1,,No,Street,2.76,1.13,No,No,9213947.08
HP-01203,Kadikoy,Apartment,,4,2,24,0,2,Central,Unfurnished,1,2,No,City,3.17,0.18,Yes,No,11791339.31
HP-01204,Uskudar,Apartment,98.9,3,1,29,20,25,Natural_Gas,Furnished,1,0,Yes,Street,6.88,0.37,Yes,No,5641429.71
HP-01205,Kadikoy,Apartment,162.0,5,2,16,20,27,Central,Unfurnished,1,1,No,Nature,1.15,0.48,Yes,Yes,13305082.81
HP-01206,Atasehir,Apartment,100.7,3,1,12,14,18,Central,Unfurnished,0,1,No,Street,9.59,1.06,No,Yes,5472573.71
HP-01207,Besiktas,Apartment,142.0,4,1,4,10,15,Central,Semi_Furnished,1,2,Yes,Street,17.20,0.57,Yes,Yes,12475522.36
HP-01208,Kadikoy,Townhouse,189.5,5,2,2,3,9,Central,Unfurnished,1,3,Yes,City,15.07,2.05,Yes,No,14010749.80
HP-01209,Beylikduzu,Villa,111.8,3,1,7,0,5,,Unfurnished,1,2,No,Street,6.33,,No,Yes,5433015.33
HP-01210,Besiktas,Apartment,134.4,4,2,9,7,18,Natural_Gas,Semi_Furnished,1,3,No,Park,11.51,0.65,Yes,No,14767260.86
HP-01211,Cankaya,Apartment,202.8,5,2,0,20,27,Central,Semi_Furnished,1,0,No,City,15.03,0.39,Yes,Yes,11612143.30
HP-01212,Uskudar,Apartment,143.4,5,2,31,3,7,Natural_Gas,Semi_Furnished,0,1,No,Street,1.01,2.29,No,Yes,6090555.21
HP-01213,Konyaalti,Apartment,78.4,2,1,55,19,30,Natural_Gas,Unfurnished,0,1,No,City,2.97,2.53,Yes,Yes,2363834.81
HP-01214,Karsiyaka,Apartment,79.3,2,1,10,8,19,Central,Unfurnished,2,4,Yes,Park,7.57,1.34,Yes,No,4535544.08
HP-01215,Kadikoy,Residence,108.5,3,1,11,2,11,Natural_Gas,Furnished,2,2,No,Park,5.98,1.77,No,No,9734028.05
HP-01216,Atasehir,Apartment,145.5,4,2,28,17,20,Natural_Gas,Unfurnished,2,1,Yes,Street,7.28,1.09,No,Yes,7234048.14
HP-01217,Konyaalti,Detached,134.8,4,2,10,0,8,Natural_Gas,Semi_Furnished,3,2,Yes,City,6.70,2.03,Yes,No,10048481.93
HP-01218,Konyaalti,Apartment,111.0,3,1,50,17,29,Natural_Gas,Unfurnished,2,3,No,Nature,13.54,0.58,Yes,Yes,3913372.01
HP-01219,Atasehir,Apartment,122.5,3,1,7,27,32,Natural_Gas,Unfurnished,1,2,No,Street,1.71,1.01,Yes,No,5976341.19
HP-01220,Beylikduzu,Residence,175.2,6,2,0,26,37,Heat_Pump,Unfurnished,1,1,Yes,Street,2.19,2.56,Yes,Yes,7461563.96
HP-01221,Besiktas,Apartment,116.9,3,1,,4,6,Natural_Gas,Unfurnished,0,0,No,Street,3.18,1.20,Yes,Yes,9505645.45
HP-01222,Cankaya,Apartment,37.1,1,1,28,7,10,Natural_Gas,Furnished,1,1,No,City,8.87,1.55,No,No,1409141.54
HP-01223,Nilufer,Apartment,129.2,5,2,14,16,23,Electric,Unfurnished,0,,No,Street,5.83,,No,No,3211590.99
HP-01224,Beylikduzu,Apartment,146.9,4,,4,21,32,Central,Unfurnished,3,1,No,Park,1.27,1.03,Yes,Yes,5999308.45
HP-01225,Karsiyaka,Apartment,156.5,5,2,24,23,28,Natural_Gas,Unfurnished,0,1,Yes,Street,,0.25,Yes,No,6303968.85
HP-01226,Kadikoy,Townhouse,179.6,5,2,4,2,9,Natural_Gas,Unfurnished,1,4,Yes,City,3.62,0.77,No,No,20086882.74
HP-01227,Karsiyaka,Apartment,189.6,6,2,0,20,26,Natural_Gas,Semi_Furnished,2,1,Yes,City,2.68,0.58,Yes,No,12582452.07
HP-01228,Beylikduzu,Detached,253.9,8,4,21,0,12,Central,Unfurnished,1,2,No,Street,9.13,0.32,Yes,No,7427247.50
HP-01229,Sisli,Residence,135.3,3,1,1,13,15,Electric,Unfurnished,2,1,Yes,Sea,5.87,1.50,No,No,21603591.32
HP-01230,Nilufer,Apartment,180.8,4,2,11,15,26,Central,Semi_Furnished,1,0,Yes,Street,0.53,0.60,No,No,7569428.67
HP-01231,Beylikduzu,Apartment,207.4,6,,52,14,22,Central,Semi_Furnished,1,1,No,City,2.28,2.69,Yes,No,5169701.69
HP-01232,Besiktas,Apartment,171.4,4,1,16,21,23,Natural_Gas,Unfurnished,1,0,No,Sea,4.64,0.55,No,Yes,17264526.65
HP-01233,Beylikduzu,Apartment,96.6,3,1,36,1,8,Natural_Gas,Semi_Furnished,0,2,No,Street,6.90,0.76,No,Yes,2142516.22
HP-01234,Nilufer,Villa,180.8,6,2,22,0,4,Natural_Gas,Unfurnished,1,,No,Street,5.26,0.37,Yes,Yes,8958062.04
HP-01235,Uskudar,Apartment,61.7,2,1,11,17,21,Heat_Pump,Semi_Furnished,2,2,Yes,Nature,5.26,0.38,Yes,No,4584724.46
HP-01236,Besiktas,Villa,201.8,5,2,32,0,5,Central,Unfurnished,0,1,No,Street,6.01,0.61,Yes,Yes,23434632.30
HP-01237,Sisli,Townhouse,294.6,9,3,7,20,31,Natural_Gas,Unfurnished,1,0,No,Street,4.00,1.09,Yes,No,27099077.73
HP-01238,Nilufer,Apartment,133.4,3,1,14,5,7,Natural_Gas,Furnished,1,1,No,City,6.38,0.56,Yes,No,4135926.35
HP-01239,Beylikduzu,Villa,158.0,4,1,8,0,7,Heat_Pump,Unfurnished,2,2,No,Nature,11.27,0.85,No,No,7759089.18
HP-01240,Sisli,Residence,125.7,4,2,29,1,3,Central,Unfurnished,1,1,No,Sea,0.94,,Yes,No,11805911.77
HP-01241,Kadikoy,Apartment,165.0,4,2,6,11,16,Central,Unfurnished,2,1,No,Street,3.31,0.47,Yes,No,13441989.04
HP-01242,Uskudar,Residence,250.4,9,3,5,,22,Natural_Gas,Unfurnished,1,1,Yes,Street,0.91,0.28,No,No,21166596.83
HP-01243,Besiktas,Apartment,177.0,5,2,7,24,31,,Semi_Furnished,1,1,Yes,City,2.44,1.09,No,No,16325854.86
HP-01244,Beylikduzu,Residence,117.3,4,1,3,19,27,Natural_Gas,Unfurnished,1,,Yes,Park,2.81,1.89,No,No,5643561.92
HP-01245,Beylikduzu,Townhouse,97.5,3,1,7,22,33,Electric,Furnished,1,4,No,City,4.31,0.52,No,No,4470368.18
HP-01246,Kadikoy,Apartment,162.2,6,3,20,26,34,Coal,Semi_Furnished,1,2,No,Park,2.80,0.39,Yes,No,10856809.18
HP-01247,Sisli,Detached,357.2,9,3,31,0,12,Heat_Pump,Semi_Furnished,1,3,Yes,Park,1.77,3.61,Yes,No,30061510.46
HP-01248,Besiktas,Apartment,181.1,5,2,5,14,20,Heat_Pump,Unfurnished,2,2,No,Park,5.77,1.22,No,No,16177457.23
HP-01249,Uskudar,Residence,183.8,6,2,8,15,26,Natural_Gas,Unfurnished,3,0,No,Park,4.86,1.79,Yes,No,15505106.16
HP-01250,Nilufer,Detached,195.7,5,2,7,0,13,Electric,Semi_Furnished,0,0,No,Street,11.62,0.31,No,No,8764638.04
HP-01251,Sisli,Apartment,182.1,5,2,4,27,30,Natural_Gas,Unfurnished,0,2,Yes,Nature,11.83,0.37,Yes,Yes,16266322.18
HP-01252,Sisli,Detached,159.4,4,2,4,0,4,Natural_Gas,Semi_Furnished,0,0,No,Street,1.34,0.72,Yes,No,14027131.93
HP-01253,Cankaya,Apartment,120.0,4,2,17,20,26,Central,Unfurnished,2,2,No,Street,4.41,1.33,No,No,4505140.10
HP-01254,Atasehir,Apartment,,2,1,1,15,26,Electric,Unfurnished,1,4,Yes,City,,0.66,Yes,Yes,4863287.31
HP-01255,Kadikoy,Apartment,201.5,6,2,3,15,17,Natural_Gas,Semi_Furnished,0,2,No,Park,3.72,2.30,No,Yes,16205152.93
HP-01256,Nilufer,Residence,88.8,2,1,30,9,14,Central,Furnished,2,2,No,Street,5.36,0.81,Yes,Yes,3045521.73
HP-01257,Cankaya,Apartment,136.6,4,2,6,11,15,Central,Unfurnished,1,1,No,Sea,7.92,1.62,Yes,Yes,6924470.24
HP-01258,Cankaya,Apartment,54.9,1,1,1,19,24,Natural_Gas,Furnished,1,1,Yes,City,5.74,0.73,Yes,Yes,2886711.00
HP-01259,Besiktas,Villa,222.1,5,2,37,0,8,Natural_Gas,Semi_Furnished,0,1,No,Nature,7.25,2.40,No,Yes,24448820.18
HP-01260,Karsiyaka,Apartment,88.4,2,1,43,18,26,Natural_Gas,Semi_Furnished,1,1,No,Park,6.87,0.51,No,Yes,3226396.82
HP-01261,Besiktas,Apartment,144.4,5,2,8,3,9,Electric,Furnished,1,2,Yes,Park,2.60,0.28,Yes,No,17391751.46
HP-01262,Atasehir,Residence,160.2,5,2,9,23,34,Electric,Unfurnished,0,3,No,Street,12.58,0.44,Yes,No,9203756.51
HP-01263,Nilufer,Apartment,129.8,4,1,9,19,30,Heat_Pump,Unfurnished,1,0,No,Street,11.26,0.93,Yes,Yes,5182383.76
HP-01264,Uskudar,Apartment,98.9,3,1,2,26,39,Natural_Gas,Unfurnished,1,1,Yes,Street,18.68,0.44,Yes,No,6292334.40
HP-01265,Cankaya,Townhouse,224.7,7,3,6,3,8,Natural_Gas,Semi_Furnished,1,1,No,City,6.45,0.11,Yes,Yes,11591006.51
HP-01266,Beylikduzu,Apartment,138.1,4,,8,15,24,Natural_Gas,Unfurnished,0,1,Yes,Street,18.44,0.15,Yes,No,4823779.65
HP-01267,Besiktas,Residence,191.0,4,2,13,22,31,Heat_Pump,Unfurnished,0,2,No,Sea,7.63,1.47,Yes,No,22283602.40
HP-01268,Nilufer,Villa,127.9,4,2,14,0,9,Natural_Gas,Furnished,1,1,No,Street,3.13,2.08,Yes,No,6075882.24
HP-01269,Beylikduzu,Villa,145.3,4,,20,0,4,Central,Unfurnished,0,3,Yes,Nature,4.17,0.94,Yes,No,5832631.53
HP-01270,Karsiyaka,Apartment,66.9,2,1,26,23,29,Natural_Gas,Unfurnished,1,2,Yes,City,10.20,0.88,No,No,2989212.10
HP-01271,Sisli,Residence,134.6,5,2,4,9,18,Natural_Gas,Unfurnished,3,2,Yes,Sea,6.22,0.86,Yes,No,14749947.14
HP-01272,Sisli,Detached,136.1,4,1,37,0,3,Natural_Gas,Semi_Furnished,0,2,No,Street,5.65,0.45,Yes,No,7084774.00
HP-01273,Sisli,Apartment,140.6,3,1,1,13,20,Heat_Pump,Furnished,1,1,No,Sea,4.92,1.14,Yes,No,12377994.12
HP-01274,Nilufer,Villa,218.8,6,2,12,0,9,Heat_Pump,Semi_Furnished,2,2,No,Park,2.59,1.12,Yes,No,13668976.37
HP-01275,Konyaalti,Residence,111.7,3,1,28,,19,Heat_Pump,Unfurnished,1,1,Yes,City,3.21,1.35,Yes,No,6030403.27
HP-01276,Karsiyaka,Residence,35.0,1,,7,14,19,Natural_Gas,Semi_Furnished,0,2,No,Street,9.77,0.71,Yes,Yes,1708385.48
HP-01277,Kadikoy,Villa,201.4,5,2,52,0,9,Electric,Semi_Furnished,1,2,Yes,Sea,3.72,0.37,Yes,No,22399686.74
HP-01278,Beylikduzu,Residence,131.1,3,1,0,26,38,Natural_Gas,Semi_Furnished,1,,Yes,Street,4.38,0.43,No,Yes,5945670.08
HP-01279,Karsiyaka,Villa,181.7,5,2,19,0,4,Heat_Pump,Unfurnished,1,2,Yes,Street,10.40,1.45,Yes,Yes,11967394.28
HP-01280,Sisli,Apartment,141.3,5,2,,1,4,Central,Unfurnished,2,2,Yes,Street,1.62,1.26,Yes,Yes,13314605.60
HP-01281,Cankaya,Apartment,119.5,3,1,2,15,28,Natural_Gas,Unfurnished,1,2,No,Street,2.08,0.09,Yes,No,8320663.95
HP-01282,Beylikduzu,Villa,168.3,5,2,37,0,5,Natural_Gas,Unfurnished,0,0,Yes,Park,8.42,0.14,No,No,7225467.32
HP-01283,Uskudar,Apartment,,5,2,1,7,19,Natural_Gas,Furnished,2,1,No,Street,18.10,0.96,Yes,Yes,10223814.46
HP-01284,Kadikoy,Apartment,119.7,3,1,5,18,22,Natural_Gas,Furnished,1,0,Yes,Park,2.65,1.27,Yes,Yes,11291972.13
HP-01285,Sisli,Apartment,107.1,4,2,8,0,12,Natural_Gas,Semi_Furnished,2,4,No,Street,1.96,0.92,Yes,Yes,8747596.88
HP-01286,Karsiyaka,Apartment,150.8,4,2,7,10,15,Natural_Gas,Unfurnished,1,1,No,City,0.68,1.39,No,Yes,7640568.92
HP-01287,Nilufer,Villa,175.8,4,1,18,0,6,Central,Unfurnished,1,1,Yes,Park,11.42,1.58,No,No,9128238.66
HP-01288,Nilufer,Apartment,132.3,5,2,43,0,2,Natural_Gas,Unfurnished,2,1,Yes,Street,2.68,1.77,No,Yes,4096150.72
HP-01289,Karsiyaka,Apartment,97.6,2,1,27,17,23,Natural_Gas,Semi_Furnished,0,4,No,Nature,4.40,1.59,Yes,No,3863048.26
HP-01290,Kadikoy,Apartment,76.6,2,1,10,16,20,Natural_Gas,Unfurnished,3,0,No,Sea,10.24,0.69,No,Yes,7572702.19
HP-01291,Kadikoy,Residence,206.6,7,2,66,27,36,Natural_Gas,Unfurnished,2,1,No,Street,8.90,0.86,No,Yes,10847592.47
HP-01292,Cankaya,Villa,149.5,5,2,6,0,12,Heat_Pump,Unfurnished,1,1,Yes,City,5.82,1.48,Yes,No,11126990.35
HP-01293,Kadikoy,Apartment,170.4,6,2,18,19,28,Natural_Gas,Furnished,2,2,No,Street,4.62,1.70,Yes,Yes,12021655.95
HP-01294,Cankaya,Residence,146.2,4,2,4,26,32,Electric,Unfurnished,2,2,Yes,Street,2.46,3.94,Yes,No,9896654.56
HP-01295,Atasehir,Residence,93.4,3,1,10,10,19,Heat_Pump,Furnished,1,3,Yes,Nature,7.11,0.41,Yes,No,8205292.80
HP-01296,Nilufer,Apartment,91.3,2,1,2,9,20,Natural_Gas,Unfurnished,1,2,No,Sea,2.06,0.49,No,No,5419302.77
HP-01297,Uskudar,Apartment,144.3,4,2,22,6,19,Natural_Gas,Semi_Furnished,1,2,Yes,Street,1.60,0.50,Yes,No,8683735.87
HP-01298,Konyaalti,Apartment,135.5,3,1,36,0,12,Central,Unfurnished,1,2,Yes,Park,3.27,1.41,Yes,Yes,5660133.88
HP-01299,Besiktas,Residence,110.9,3,1,11,12,18,Natural_Gas,Furnished,1,2,Yes,Street,24.19,1.28,Yes,Yes,8658896.74
HP-01300,Atasehir,Apartment,35.0,1,1,5,1,14,Heat_Pump,Furnished,0,1,No,Sea,4.27,0.71,Yes,No,2258862.50
HP-01301,Atasehir,Apartment,76.2,2,1,1,26,36,Natural_Gas,Semi_Furnished,1,1,No,City,14.77,1.39,Yes,No,4587121.10
HP-01302,Karsiyaka,Detached,230.1,8,3,26,0,9,Natural_Gas,Semi_Furnished,1,2,No,Street,,0.78,No,No,9782839.09
HP-01303,Konyaalti,Detached,134.8,4,2,11,0,5,Natural_Gas,Furnished,3,3,No,Park,11.05,3.20,Yes,Yes,8874713.68
HP-01304,Karsiyaka,Apartment,174.1,5,2,14,23,36,Natural_Gas,Unfurnished,1,1,No,City,12.76,3.18,No,No,7136249.06
HP-01305,Karsiyaka,Apartment,35.0,1,1,4,11,24,Natural_Gas,Unfurnished,1,1,No,Nature,1.12,0.70,No,No,2060423.29
HP-01306,Beylikduzu,Apartment,130.9,4,2,34,25,29,Natural_Gas,Furnished,0,2,Yes,Sea,6.90,0.87,Yes,No,4281048.49
HP-01307,Beylikduzu,Apartment,165.8,5,2,,26,35,Coal,Semi_Furnished,1,1,No,Nature,12.69,0.21,No,No,3783408.68
HP-01308,Kadikoy,Residence,100.5,3,1,4,16,28,Central,Unfurnished,1,4,Yes,Street,8.24,,Yes,Yes,8071383.43
HP-01309,Nilufer,Apartment,76.8,2,1,1,20,31,Heat_Pump,Unfurnished,0,2,Yes,Park,15.06,2.04,No,No,3446306.76
HP-01310,Karsiyaka,Apartment,120.5,3,1,6,15,18,Natural_Gas,Semi_Furnished,1,2,Yes,Sea,4.93,1.87,No,Yes,7089559.90
HP-01311,Kadikoy,Apartment,109.3,3,1,8,5,7,Natural_Gas,Furnished,2,1,Yes,Street,5.32,0.90,Yes,No,7718627.85
HP-01312,Beylikduzu,Apartment,37.3,1,1,6,26,28,Natural_Gas,Semi_Furnished,1,3,Yes,Street,4.72,0.81,Yes,No,1231378.63
HP-01313,Nilufer,Residence,101.7,3,1,4,28,35,Electric,Unfurnished,1,1,Yes,Park,3.77,0.05,No,Yes,5467154.13
HP-01314,Uskudar,Townhouse,132.8,5,2,21,15,19,Natural_Gas,Unfurnished,1,1,Yes,City,8.51,1.21,No,No,8875008.98
HP-01315,Kadikoy,Apartment,74.9,2,1,7,11,18,Natural_Gas,Furnished,0,1,No,Nature,9.58,1.36,Yes,Yes,15266429.40
HP-01316,Kadikoy,Detached,190.3,6,3,27,0,7,Coal,Unfurnished,0,1,No,Nature,1.94,0.98,Yes,Yes,16140071.61
HP-01317,Karsiyaka,Apartment,150.4,5,2,7,7,18,Heat_Pump,Unfurnished,3,1,No,Park,5.51,1.72,No,No,7835220.84
HP-01318,Sisli,Apartment,148.5,4,2,36,10,14,Central,Unfurnished,1,1,Yes,Park,1.00,0.89,Yes,Yes,10059388.39
HP-01319,Nilufer,Townhouse,152.7,4,2,45,6,17,Heat_Pump,Unfurnished,2,3,Yes,Park,2.42,0.46,No,Yes,5638514.69
HP-01320,Atasehir,Townhouse,177.6,6,2,7,5,16,Natural_Gas,Unfurnished,3,2,No,Nature,4.53,1.36,Yes,Yes,13093973.38
HP-01321,Karsiyaka,Apartment,176.9,5,2,3,27,33,Natural_Gas,Semi_Furnished,3,1,No,Nature,1.09,1.81,Yes,No,11843748.72
HP-01322,Beylikduzu,Residence,56.2,2,1,3,26,38,Central,Unfurnished,0,0,No,Street,12.31,1.62,Yes,No,1810239.58
HP-01323,Atasehir,Apartment,178.8,5,2,4,27,31,Electric,Furnished,1,2,Yes,City,3.78,1.05,Yes,No,11980482.04
HP-01324,Atasehir,Apartment,189.0,5,2,2,18,23,Natural_Gas,Semi_Furnished,1,2,Yes,Street,2.68,1.72,No,No,14465080.52
HP-01325,Besiktas,Apartment,156.8,5,2,10,18,23,Natural_Gas,Unfurnished,1,0,No,Park,4.14,1.40,Yes,No,15494296.22
HP-01326,Nilufer,Apartment,57.7,2,1,38,,25,Natural_Gas,Semi_Furnished,1,1,Yes,Street,10.27,0.58,Yes,No,1666108.82
HP-01327,Besiktas,Detached,691.1,12,5,64,0,12,Natural_Gas,Unfurnished,1,1,No,Nature,9.88,0.68,No,Yes,42412598.67
HP-01328,Beylikduzu,Apartment,179.8,6,2,18,18,27,Natural_Gas,Unfurnished,1,1,Yes,Sea,4.53,0.51,Yes,Yes,7298557.12
HP-01329,Kadikoy,Villa,223.3,7,3,5,0,3,Electric,Semi_Furnished,0,2,Yes,Street,11.53,0.62,Yes,No,26625341.50
HP-01330,Atasehir,Detached,,4,1,1,0,12,Natural_Gas,Unfurnished,1,1,No,Park,15.71,1.05,Yes,No,12889759.16
HP-01331,Beylikduzu,Townhouse,219.9,7,3,17,13,15,Central,Unfurnished,1,2,No,Street,3.66,0.86,Yes,Yes,6080053.76
HP-01332,Cankaya,Apartment,93.6,3,1,16,16,21,Natural_Gas,Unfurnished,3,2,Yes,City,5.06,1.02,No,No,4645068.98
HP-01333,Atasehir,Apartment,148.6,4,2,6,2,12,Natural_Gas,Unfurnished,1,2,Yes,City,4.89,,Yes,Yes,8566775.28
HP-01334,Kadikoy,Detached,177.0,5,2,,0,2,Natural_Gas,Furnished,2,3,Yes,City,5.26,1.34,No,No,16264910.46
HP-01335,Kadikoy,Apartment,128.7,3,1,0,14,19,Natural_Gas,Semi_Furnished,1,1,No,Street,15.77,0.72,No,No,8259179.07
HP-01336,Sisli,Apartment,207.2,6,3,54,7,10,Electric,Semi_Furnished,2,2,No,Nature,7.65,0.27,Yes,No,12790529.47
HP-01337,Beylikduzu,Detached,251.2,7,3,44,0,9,Central,Semi_Furnished,1,2,No,City,22.59,1.31,No,No,6258245.62
HP-01338,Nilufer,Apartment,103.0,3,1,0,4,16,Natural_Gas,Semi_Furnished,1,1,Yes,City,5.18,0.74,Yes,No,4784576.21
HP-01339,Konyaalti,Apartment,93.0,3,1,2,19,27,Natural_Gas,Unfurnished,2,1,No,Street,5.44,1.82,Yes,Yes,5671429.68
HP-01340,Cankaya,Residence,111.5,3,1,53,25,28,Natural_Gas,Unfurnished,2,4,No,City,4.43,0.79,Yes,Yes,4688954.00
HP-01341,Kadikoy,Apartment,63.6,1,1,8,,5,Natural_Gas,Furnished,2,1,No,City,5.08,0.47,Yes,No,4351476.04
HP-01342,Cankaya,Apartment,189.8,7,2,6,4,9,Central,Unfurnished,1,0,Yes,City,8.00,0.97,No,Yes,10348622.67
HP-01343,Karsiyaka,Residence,35.0,1,1,1,21,30,Natural_Gas,Semi_Furnished,1,2,No,Park,3.16,1.87,Yes,Yes,2035264.02
HP-01344,Konyaalti,Residence,105.1,3,1,56,0,3,Central,Semi_Furnished,2,2,No,Street,13.46,3.29,Yes,No,3805432.59
HP-01345,Sisli,Residence,95.7,2,1,8,14,25,Central,Furnished,1,1,Yes,Street,7.59,1.15,Yes,No,6530873.39
HP-01346,Besiktas,Apartment,164.1,4,1,36,18,30,Natural_Gas,Furnished,1,0,No,Park,4.92,0.91,Yes,Yes,13581316.46
HP-01347,Atasehir,Apartment,196.8,5,2,6,10,22,Natural_Gas,Unfurnished,0,2,No,City,,1.62,Yes,No,11828376.21
HP-01348,Konyaalti,Detached,175.5,6,3,18,0,5,Natural_Gas,Unfurnished,1,1,Yes,City,10.19,0.72,Yes,No,10257479.94
HP-01349,Nilufer,Apartment,143.0,4,1,15,4,10,Natural_Gas,Furnished,1,2,No,City,2.02,0.34,Yes,No,5471079.33
HP-01350,Nilufer,Apartment,37.7,1,1,1,11,13,Coal,Furnished,0,1,No,City,4.63,1.87,No,No,6169451.31
HP-01351,Cankaya,Residence,115.7,3,1,13,5,7,Central,Furnished,0,1,Yes,Street,5.40,0.23,Yes,Yes,7035742.07
HP-01352,Atasehir,Villa,168.6,5,,3,0,9,,Semi_Furnished,1,1,Yes,Street,11.86,3.38,Yes,Yes,15325608.29
HP-01353,Cankaya,Townhouse,223.2,8,3,7,4,10,Natural_Gas,Unfurnished,1,1,No,Street,6.70,0.98,Yes,Yes,11225375.26
HP-01354,Sisli,Apartment,48.6,1,1,5,17,21,Electric,Semi_Furnished,1,2,No,Nature,10.54,0.82,Yes,Yes,3155178.99
HP-01355,Nilufer,Residence,140.8,5,2,11,14,26,Natural_Gas,Furnished,2,1,No,City,2.25,0.40,Yes,Yes,6661690.73
HP-01356,Atasehir,Residence,53.5,1,1,1,7,17,Natural_Gas,Unfurnished,2,1,No,Park,2.09,1.19,Yes,No,4797227.30
HP-01357,Besiktas,Apartment,131.7,3,1,44,11,15,Natural_Gas,Unfurnished,1,1,No,City,5.99,0.57,Yes,No,10676367.16
HP-01358,Kadikoy,Detached,137.6,4,1,8,0,3,Natural_Gas,Unfurnished,1,1,No,Park,5.76,0.40,Yes,No,13831390.44
HP-01359,Kadikoy,Detached,302.7,9,4,9,0,6,Coal,Unfurnished,1,0,No,City,5.39,0.52,Yes,No,29551153.47
HP-01360,Konyaalti,Residence,98.3,3,1,25,27,36,Natural_Gas,Semi_Furnished,1,2,Yes,Street,6.17,1.00,Yes,No,5113109.72
HP-01361,Cankaya,Apartment,69.4,2,1,18,23,32,Natural_Gas,Unfurnished,1,2,No,Sea,1.59,1.57,Yes,Yes,4191368.09
HP-01362,Konyaalti,Apartment,148.3,4,1,67,27,38,Heat_Pump,Unfurnished,0,1,Yes,Street,4.58,0.35,No,Yes,4335158.85
HP-01363,Atasehir,Villa,115.5,3,1,22,0,2,Electric,Unfurnished,1,1,No,Nature,0.98,0.96,Yes,Yes,10946672.80
HP-01364,Sisli,Villa,130.9,4,1,19,0,11,Natural_Gas,Unfurnished,1,4,Yes,Street,13.89,0.15,No,No,13719165.52
HP-01365,Konyaalti,Apartment,153.8,4,2,33,18,29,Natural_Gas,Unfurnished,1,1,Yes,City,4.71,0.38,Yes,Yes,7970572.71
HP-01366,Uskudar,Apartment,121.3,4,2,0,25,32,Natural_Gas,Semi_Furnished,1,1,No,City,9.75,0.35,Yes,Yes,7979507.66
HP-01367,Besiktas,Apartment,159.4,4,1,12,26,34,Natural_Gas,Unfurnished,2,2,No,Park,7.27,1.12,Yes,No,20970625.47
HP-01368,Uskudar,Villa,185.4,5,2,1,0,3,Natural_Gas,Unfurnished,0,2,No,Nature,2.54,1.30,Yes,No,18045165.17
HP-01369,Atasehir,Apartment,116.3,3,1,3,26,28,Central,Unfurnished,1,0,Yes,Street,,1.82,Yes,Yes,6130669.87
HP-01370,Kadikoy,Apartment,43.9,2,1,19,20,22,Natural_Gas,Furnished,0,2,No,Street,1.06,0.42,No,Yes,2739383.33
HP-01371,Konyaalti,Apartment,174.4,5,2,8,5,13,Natural_Gas,Semi_Furnished,1,1,Yes,City,12.75,0.42,Yes,Yes,10595356.16
HP-01372,Uskudar,Townhouse,163.6,5,2,18,5,11,Electric,Unfurnished,2,1,Yes,Street,6.41,0.83,Yes,Yes,10722701.71
HP-01373,Nilufer,Residence,123.1,3,1,5,15,20,Natural_Gas,Unfurnished,0,2,Yes,City,2.50,1.29,Yes,No,5391189.59
HP-01374,Sisli,Townhouse,136.6,5,2,3,0,6,Natural_Gas,Unfurnished,1,1,No,City,0.74,1.30,Yes,No,11241622.35
HP-01375,Konyaalti,Residence,84.0,3,1,8,24,31,Natural_Gas,Unfurnished,0,2,No,Nature,12.14,0.81,No,No,3761371.95
HP-01376,Cankaya,Villa,274.9,8,3,13,0,2,Heat_Pump,Furnished,1,1,No,Street,6.20,0.65,No,No,16816490.97
HP-01377,Besiktas,Apartment,149.1,4,2,14,11,14,Electric,Unfurnished,0,2,Yes,City,11.28,0.72,No,No,13723674.79
HP-01378,Atasehir,Apartment,231.2,6,3,5,9,12,Heat_Pump,Unfurnished,1,,Yes,Park,17.10,0.80,Yes,Yes,15399554.64
HP-01379,Konyaalti,Residence,234.7,8,3,7,5,12,Natural_Gas,Unfurnished,0,1,No,Nature,5.46,0.62,No,No,16321443.95
HP-01380,Uskudar,Apartment,71.9,2,1,4,16,27,Natural_Gas,Furnished,1,2,Yes,Nature,1.44,0.39,Yes,Yes,4574061.98
HP-01381,Karsiyaka,Apartment,100.6,3,1,1,10,14,Heat_Pump,Furnished,2,2,No,Street,1.61,0.49,Yes,No,6211055.15
HP-01382,Uskudar,Villa,134.5,5,2,1,0,8,Natural_Gas,Unfurnished,0,0,Yes,Street,6.02,1.74,Yes,Yes,13633264.67
HP-01383,Cankaya,Apartment,204.2,7,2,2,28,33,Natural_Gas,Unfurnished,2,1,No,Nature,1.10,0.55,No,No,14008017.85
HP-01384,Karsiyaka,Apartment,190.2,5,2,17,27,39,Natural_Gas,Semi_Furnished,1,0,Yes,Street,3.75,0.69,No,Yes,9780568.29
HP-01385,Beylikduzu,Apartment,165.5,4,1,2,17,20,Natural_Gas,Unfurnished,1,2,No,Park,4.78,0.12,Yes,No,7691206.01
HP-01386,Kadikoy,Apartment,64.2,2,1,1,28,38,Central,Furnished,0,2,No,Nature,2.39,0.10,No,Yes,6276407.02
HP-01387,Kadikoy,Apartment,148.6,5,2,39,23,36,Central,Furnished,2,1,Yes,Street,2.34,0.31,No,Yes,9963280.57
HP-01388,Uskudar,Townhouse,105.1,3,1,2,20,26,Natural_Gas,Unfurnished,0,0,No,Street,3.23,0.05,Yes,Yes,9973750.96
HP-01389,Besiktas,Apartment,81.4,2,1,23,9,20,Natural_Gas,Unfurnished,1,2,No,Street,13.44,0.36,Yes,No,5369518.50
HP-01390,Kadikoy,Apartment,103.1,3,1,70,22,29,Natural_Gas,Unfurnished,0,0,Yes,Park,2.34,1.32,Yes,No,5712011.61
HP-01391,Besiktas,Apartment,151.3,4,1,3,9,22,Natural_Gas,Furnished,0,1,Yes,Street,5.44,0.68,Yes,No,17872564.60
HP-01392,Beylikduzu,Apartment,,3,1,9,10,22,Natural_Gas,Semi_Furnished,1,2,No,Park,4.52,1.97,Yes,Yes,3044301.75
HP-01393,Karsiyaka,Detached,844.5,12,4,13,0,3,Natural_Gas,Furnished,1,,No,Sea,3.08,0.49,No,No,76044205.92
HP-01394,Atasehir,Apartment,134.0,3,1,17,15,27,Central,Furnished,2,3,Yes,Nature,1.62,0.31,Yes,No,10537525.71
HP-01395,Atasehir,Apartment,120.3,3,1,26,20,32,Natural_Gas,Semi_Furnished,1,2,Yes,Street,3.46,1.15,Yes,No,5965049.86
HP-01396,Besiktas,Apartment,567.2,12,5,0,17,19,Natural_Gas,Unfurnished,2,1,No,Street,8.46,0.73,Yes,No,55999933.12
HP-01397,Cankaya,Detached,131.6,3,1,19,0,10,Natural_Gas,Semi_Furnished,0,1,Yes,Street,2.85,0.55,No,No,7118053.34
HP-01398,Uskudar,Residence,100.7,3,1,3,,18,Electric,Unfurnished,1,1,Yes,Street,6.85,0.84,Yes,Yes,9459551.46
HP-01399,Atasehir,Apartment,213.2,7,3,11,,13,Natural_Gas,Unfurnished,1,2,Yes,Nature,4.98,1.98,No,Yes,10266089.22
HP-01400,Sisli,Apartment,208.1,7,2,37,18,26,Natural_Gas,Semi_Furnished,1,1,Yes,Park,0.80,3.06,No,Yes,14001669.58
HP-01401,Atasehir,Villa,211.4,7,3,45,0,6,Central,Semi_Furnished,0,1,Yes,Street,6.42,2.13,No,No,12187969.84
HP-01402,Nilufer,Residence,164.2,5,2,1,15,19,Natural_Gas,Unfurnished,1,1,No,Street,,0.13,Yes,Yes,8714449.19
HP-01403,Beylikduzu,Apartment,61.0,1,1,3,23,25,Central,Unfurnished,1,0,No,Park,9.10,1.18,Yes,Yes,2340048.63
HP-01404,Beylikduzu,Apartment,72.1,2,1,37,22,25,Natural_Gas,Furnished,0,1,No,Nature,5.17,0.82,Yes,Yes,2022154.41
HP-01405,Konyaalti,Apartment,179.7,6,3,34,3,12,Heat_Pump,Semi_Furnished,3,1,No,Street,4.24,0.61,No,No,7698912.25
HP-01406,Atasehir,Villa,188.8,4,2,2,0,3,Central,Unfurnished,2,0,No,Park,2.11,1.46,No,No,24191212.37
HP-01407,Sisli,Villa,196.8,7,3,75,0,7,Natural_Gas,Unfurnished,1,4,Yes,City,4.16,0.71,Yes,No,14322728.21
HP-01408,Besiktas,Apartment,192.8,5,2,1,27,40,Natural_Gas,Semi_Furnished,0,1,No,Street,2.08,0.63,Yes,Yes,19206815.00
HP-01409,Uskudar,Apartment,177.7,5,2,1,23,36,Central,Furnished,3,1,No,City,2.35,0.97,Yes,Yes,12779087.69
HP-01410,Uskudar,Residence,148.1,4,2,17,21,34,Central,Semi_Furnished,2,2,Yes,Street,2.70,0.89,No,Yes,13393659.54
HP-01411,Besiktas,Apartment,133.1,4,2,64,8,20,Natural_Gas,Unfurnished,3,1,Yes,City,3.43,1.25,No,Yes,10390742.60
HP-01412,Cankaya,Apartment,264.9,9,4,30,28,31,Central,Semi_Furnished,1,1,Yes,City,3.85,3.19,Yes,Yes,11280747.79
HP-01413,Atasehir,Villa,289.0,8,2,37,0,11,Natural_Gas,Unfurnished,1,1,Yes,Park,0.36,0.47,Yes,No,20868909.23
HP-01414,Kadikoy,Apartment,94.0,2,1,9,10,18,Natural_Gas,Unfurnished,0,2,No,Park,7.65,0.38,Yes,Yes,7151678.91
HP-01415,Kadikoy,Villa,237.4,6,3,15,0,13,Central,Furnished,1,2,Yes,Sea,12.35,0.71,Yes,Yes,34700103.71
HP-01416,Cankaya,Residence,233.3,6,2,20,10,22,Natural_Gas,Furnished,0,1,No,City,13.30,1.24,No,No,10438596.73
HP-01417,Beylikduzu,Apartment,136.1,3,1,9,16,21,Coal,Unfurnished,1,1,Yes,Park,2.68,0.78,Yes,Yes,20091576.58
HP-01418,Beylikduzu,Detached,166.5,4,2,1,0,13,Natural_Gas,Furnished,1,0,No,Street,3.59,0.58,Yes,No,7362271.26
HP-01419,Konyaalti,Apartment,129.7,4,2,60,4,6,Natural_Gas,Unfurnished,1,1,No,Street,6.89,0.95,No,Yes,3996053.12
HP-01420,Uskudar,Apartment,80.5,2,1,6,6,10,Central,Unfurnished,2,0,No,City,4.03,1.11,Yes,No,5125148.64
HP-01421,Nilufer,Apartment,167.7,5,2,41,16,22,Natural_Gas,Semi_Furnished,1,1,No,City,1.98,0.27,Yes,Yes,5680866.02
HP-01422,Besiktas,Apartment,35.0,1,1,3,5,11,Central,Unfurnished,2,1,Yes,Street,4.05,0.32,Yes,Yes,3316439.65
HP-01423,Besiktas,Apartment,58.3,2,1,8,27,35,Natural_Gas,Unfurnished,0,1,Yes,Street,5.72,1.01,Yes,No,4213080.60
HP-01424,Konyaalti,Apartment,131.8,3,1,5,0,12,Electric,Unfurnished,1,1,Yes,Nature,0.18,0.65,No,No,7628806.20
HP-01425,Nilufer,Apartment,184.2,6,3,1,26,36,Central,Furnished,1,1,No,Street,2.29,0.64,Yes,No,9950317.62
HP-01426,Nilufer,Apartment,93.5,3,1,18,18,28,Central,Unfurnished,3,0,No,Street,17.59,1.27,Yes,Yes,2809780.42
HP-01427,Nilufer,Detached,161.3,4,2,0,0,10,Central,Semi_Furnished,1,1,Yes,Nature,5.24,1.65,No,No,9053504.40
HP-01428,Uskudar,Villa,192.9,5,2,5,0,4,Central,Furnished,1,1,No,Street,4.59,0.15,No,No,21728722.75
HP-01429,Uskudar,Apartment,123.3,4,2,17,26,39,Heat_Pump,Unfurnished,1,3,Yes,Street,3.53,0.20,No,No,9450083.30
HP-01430,Beylikduzu,Apartment,168.9,4,2,3,16,28,Central,Unfurnished,0,1,Yes,Street,0.59,0.46,Yes,No,7190265.56
HP-01431,Atasehir,Detached,149.5,4,2,50,0,4,Heat_Pump,Unfurnished,1,1,No,Street,0.64,1.58,Yes,No,6738761.86
HP-01432,Beylikduzu,Detached,242.0,6,3,11,0,10,Central,Semi_Furnished,2,1,Yes,Park,0.53,0.65,Yes,No,12135542.29
HP-01433,Uskudar,Apartment,168.8,6,,3,23,25,Natural_Gas,Unfurnished,1,0,No,Park,8.20,0.67,Yes,No,15293840.99
HP-01434,Konyaalti,Apartment,96.7,3,1,2,16,25,Electric,Semi_Furnished,1,1,Yes,Street,6.53,0.37,No,No,5246313.42
HP-01435,Besiktas,Apartment,264.7,8,2,29,24,28,Natural_Gas,Semi_Furnished,1,0,Yes,Nature,2.12,0.66,No,No,23298872.67
HP-01436,Beylikduzu,Detached,188.6,5,2,11,0,12,Electric,Furnished,1,1,Yes,Street,5.06,0.87,No,Yes,7697006.87
HP-01437,Atasehir,Apartment,230.5,8,3,7,12,15,Natural_Gas,Furnished,0,2,Yes,Street,3.32,1.57,No,Yes,13281724.77
HP-01438,Sisli,Detached,177.0,5,2,69,0,8,Heat_Pump,Unfurnished,1,0,No,Park,4.93,0.58,No,Yes,12572905.73
HP-01439,Sisli,Apartment,95.7,2,1,37,15,22,Natural_Gas,Semi_Furnished,1,2,Yes,Nature,11.31,0.68,Yes,Yes,5413388.83
HP-01440,Konyaalti,Apartment,96.9,3,1,25,26,37,Central,Unfurnished,2,2,No,City,4.65,0.73,Yes,No,5333841.54
HP-01441,Nilufer,Residence,143.5,5,2,2,13,16,Natural_Gas,Unfurnished,1,1,No,City,4.17,0.87,No,No,8299564.77
HP-01442,Sisli,Apartment,125.0,4,1,17,3,12,Natural_Gas,Unfurnished,2,0,No,Park,8.52,0.35,Yes,No,7789163.04
HP-01443,Atasehir,Apartment,116.4,3,1,1,15,24,Electric,Furnished,1,0,Yes,City,7.35,0.77,Yes,No,7293338.80
HP-01444,Sisli,Apartment,254.3,7,2,28,16,26,Heat_Pump,Semi_Furnished,1,1,No,Nature,2.44,0.97,Yes,Yes,21607971.69
HP-01445,Uskudar,Villa,258.9,7,3,10,0,5,Natural_Gas,Unfurnished,1,2,No,Sea,14.59,1.43,Yes,No,28834496.79
HP-01446,Cankaya,Apartment,130.1,4,1,46,22,29,Heat_Pump,Furnished,1,3,No,Park,6.09,0.53,Yes,No,5044710.57
HP-01447,Sisli,Apartment,174.4,5,2,39,22,24,Natural_Gas,Semi_Furnished,1,1,Yes,Park,5.68,0.45,Yes,Yes,12369415.01
HP-01448,Atasehir,Townhouse,174.4,6,2,8,18,27,Heat_Pump,Unfurnished,1,0,No,Street,1.43,,No,No,9565480.77
HP-01449,Atasehir,Apartment,136.4,3,1,4,13,25,Natural_Gas,Unfurnished,1,1,No,Park,8.24,0.42,Yes,No,10421264.62
HP-01450,Beylikduzu,Apartment,96.5,3,1,14,20,33,Natural_Gas,Unfurnished,0,1,No,Park,5.41,0.69,Yes,Yes,3537107.18
HP-01451,Sisli,Detached,208.5,5,2,12,0,7,Central,Unfurnished,0,1,No,Street,8.30,0.41,Yes,No,14058306.01
HP-01452,Cankaya,Apartment,101.7,3,1,5,17,24,Natural_Gas,Unfurnished,1,1,Yes,Street,5.72,3.90,Yes,No,4587212.62
HP-01453,Konyaalti,Apartment,112.5,4,2,11,25,27,Heat_Pump,Semi_Furnished,1,1,Yes,Park,6.32,1.50,Yes,Yes,7411421.84
HP-01454,Konyaalti,Apartment,213.1,7,2,70,23,34,Central,Unfurnished,2,0,No,City,2.71,0.62,No,No,7116168.03
HP-01455,Kadikoy,Apartment,232.7,7,3,15,0,7,Natural_Gas,Furnished,0,3,No,City,8.80,0.70,Yes,No,17279527.14
HP-01456,Sisli,Detached,270.2,7,3,27,0,4,Central,Semi_Furnished,3,3,No,Nature,2.02,0.29,Yes,Yes,29331677.76
HP-01457,Kadikoy,Townhouse,194.3,5,2,2,3,12,Natural_Gas,Unfurnished,1,1,No,Sea,2.38,0.63,Yes,Yes,22574996.85
HP-01458,Nilufer,Residence,162.4,4,1,25,5,8,Natural_Gas,Semi_Furnished,1,1,Yes,Street,10.29,0.44,Yes,Yes,6508089.28
HP-01459,Kadikoy,Detached,305.0,10,4,10,0,3,Central,Unfurnished,0,2,No,City,3.38,1.83,Yes,Yes,25558348.29
HP-01460,Karsiyaka,Apartment,35.0,1,1,2,2,6,Natural_Gas,Furnished,0,2,Yes,Street,7.01,2.26,Yes,No,1608351.55
HP-01461,Beylikduzu,Apartment,166.6,4,2,4,12,20,Natural_Gas,Unfurnished,1,3,No,City,14.55,2.06,Yes,No,5425205.12
HP-01462,Kadikoy,Residence,157.8,4,1,48,16,29,Electric,Unfurnished,1,0,Yes,Sea,10.07,0.31,Yes,No,17544085.90
HP-01463,Atasehir,Villa,170.8,5,2,47,0,4,Natural_Gas,Unfurnished,1,0,Yes,City,4.69,2.17,No,No,10013500.89
HP-01464,Atasehir,Apartment,174.9,6,2,52,4,6,Heat_Pump,Unfurnished,0,1,No,Street,4.30,0.98,Yes,No,6310962.87
HP-01465,Atasehir,Detached,145.4,4,2,6,0,8,Natural_Gas,Unfurnished,1,1,Yes,Park,1.17,0.26,No,Yes,11085527.59
HP-01466,Kadikoy,Townhouse,188.6,5,2,29,12,23,Heat_Pump,Unfurnished,0,0,No,Street,2.28,1.02,No,Yes,11752506.98
HP-01467,Sisli,Detached,173.4,6,2,3,0,6,Natural_Gas,Semi_Furnished,2,2,No,City,2.42,0.27,Yes,Yes,14372745.11
HP-01468,Atasehir,Detached,601.5,12,4,17,0,13,Electric,Unfurnished,2,0,No,City,8.46,0.05,Yes,No,50358249.04
HP-01469,Uskudar,Apartment,87.9,3,1,22,1,7,Coal,Unfurnished,1,3,No,Park,8.90,1.44,Yes,Yes,5782409.77
HP-01470,Atasehir,Villa,285.3,8,3,27,0,12,Natural_Gas,Unfurnished,1,2,Yes,Street,3.78,0.82,No,No,22914382.89
HP-01471,Konyaalti,Residence,230.8,8,4,3,26,31,Natural_Gas,Semi_Furnished,1,1,No,Nature,0.64,0.82,No,Yes,20471160.58
HP-01472,Nilufer,Residence,119.3,3,,10,12,22,Central,Semi_Furnished,0,0,Yes,Park,5.93,1.14,Yes,No,5552863.83
HP-01473,Sisli,Apartment,67.9,2,1,75,17,27,Natural_Gas,Furnished,0,,No,Sea,13.43,1.87,Yes,No,3407432.97
HP-01474,Besiktas,Apartment,199.4,5,2,15,11,21,Natural_Gas,Unfurnished,0,4,No,Street,2.10,0.64,No,Yes,15544371.06
HP-01475,Kadikoy,Villa,190.3,5,2,2,0,11,Natural_Gas,Unfurnished,0,1,No,Park,1.22,0.88,Yes,No,26568594.98
HP-01476,Kadikoy,Residence,115.9,3,1,16,10,18,Natural_Gas,Furnished,1,1,Yes,City,15.08,0.29,No,No,9807851.42
HP-01477,Sisli,Villa,183.4,5,2,22,0,9,Central,Furnished,1,2,No,Park,8.00,1.42,Yes,Yes,14977159.39
HP-01478,Atasehir,Detached,189.3,6,2,11,0,13,Natural_Gas,Furnished,2,1,Yes,Street,12.76,1.66,Yes,No,12004011.06
HP-01479,Konyaalti,Apartment,449.8,11,4,5,26,39,Natural_Gas,Unfurnished,1,2,No,City,2.84,0.74,Yes,No,25951037.35
HP-01480,Besiktas,Residence,46.1,1,1,15,2,13,Natural_Gas,Unfurnished,2,2,Yes,Nature,5.54,0.92,No,Yes,6153622.57
HP-01481,Sisli,Apartment,115.1,4,2,1,27,33,Central,Furnished,3,1,Yes,Nature,5.14,2.23,Yes,Yes,12770134.66
HP-01482,Karsiyaka,Apartment,52.9,2,1,69,4,9,Natural_Gas,Unfurnished,0,2,Yes,Street,4.21,1.97,No,No,1783562.24
HP-01483,Atasehir,Villa,118.0,4,2,27,0,13,Natural_Gas,Semi_Furnished,0,1,No,Park,4.91,0.57,Yes,No,11070608.64
HP-01484,Uskudar,Apartment,72.6,2,1,32,3,16,,Semi_Furnished,2,2,No,City,8.00,1.06,Yes,No,3366731.09
HP-01485,Karsiyaka,Apartment,46.8,1,1,15,22,27,Natural_Gas,Semi_Furnished,1,1,No,City,11.30,2.05,Yes,No,1956199.97
HP-01486,Besiktas,Detached,167.5,5,2,3,0,3,Natural_Gas,Semi_Furnished,0,3,No,Park,0.94,2.72,Yes,Yes,25687991.51
HP-01487,Konyaalti,Detached,220.2,6,2,24,0,2,Heat_Pump,Unfurnished,1,2,No,Street,10.29,0.59,No,No,8871023.77
HP-01488,Nilufer,Townhouse,208.7,7,3,0,14,26,Natural_Gas,Semi_Furnished,1,3,No,Nature,,1.50,No,No,11660062.89
HP-01489,Kadikoy,Detached,294.0,7,2,5,0,7,Central,Unfurnished,0,1,No,City,7.82,0.43,Yes,Yes,27375373.65
HP-01490,Cankaya,Apartment,80.9,2,1,9,4,9,Natural_Gas,Furnished,1,1,Yes,Park,9.28,0.58,Yes,No,4016031.73
HP-01491,Nilufer,Apartment,157.9,5,2,29,16,29,Electric,Furnished,1,1,Yes,Park,3.25,0.54,Yes,Yes,5522437.60
HP-01492,Konyaalti,Residence,167.3,5,2,17,5,17,Central,Unfurnished,2,1,Yes,Street,1.34,0.49,Yes,Yes,11792487.42
HP-01493,Konyaalti,Detached,223.1,6,2,18,0,4,Central,Unfurnished,2,0,Yes,City,4.60,1.39,No,No,14208894.94
HP-01494,Sisli,Apartment,156.8,4,2,2,25,33,Heat_Pump,Unfurnished,0,1,No,Street,1.08,2.43,Yes,Yes,13997389.82
HP-01495,Sisli,Residence,186.5,5,2,0,10,22,Central,Unfurnished,1,2,Yes,Street,8.15,1.03,No,No,16980357.21
HP-01496,Sisli,Apartment,200.7,5,2,9,28,34,Natural_Gas,Semi_Furnished,0,1,No,Street,5.91,0.47,Yes,No,13711035.54
HP-01497,Nilufer,Residence,78.2,3,1,8,3,14,Natural_Gas,Unfurnished,1,1,Yes,Park,2.70,1.85,No,No,4295920.32
HP-01498,Sisli,Apartment,131.7,3,1,20,8,17,Central,Unfurnished,1,1,No,City,18.03,0.82,Yes,No,6591176.43
HP-01499,Beylikduzu,Residence,118.4,3,1,7,15,25,Electric,Furnished,1,0,Yes,Street,0.71,0.50,Yes,Yes,4533265.92
HP-01500,Beylikduzu,Apartment,93.1,3,1,9,23,36,,Unfurnished,0,1,Yes,City,3.53,1.03,Yes,No,3120632.26
HP-01501,Konyaalti,Apartment,78.5,3,,13,28,36,Natural_Gas,Unfurnished,1,1,No,Park,8.73,0.62,Yes,No,3821582.44
HP-01502,Atasehir,Detached,169.7,4,2,39,0,3,Natural_Gas,Unfurnished,3,3,No,City,8.44,0.57,Yes,No,9029405.17
HP-01503,Nilufer,Apartment,119.7,4,1,0,23,29,,Semi_Furnished,2,1,No,Nature,13.19,1.29,Yes,Yes,5339798.49
HP-01504,Konyaalti,Apartment,163.4,4,1,5,12,22,Natural_Gas,Unfurnished,1,2,No,Nature,5.29,2.72,Yes,No,10016631.31
HP-01505,Nilufer,Apartment,39.1,1,1,26,2,13,Central,Unfurnished,0,1,Yes,Sea,3.42,0.42,Yes,No,1557100.94
HP-01506,Sisli,Detached,208.3,6,2,18,0,13,Natural_Gas,Furnished,1,0,Yes,Street,7.41,0.40,Yes,No,16804540.04
HP-01507,Nilufer,Apartment,90.9,3,1,0,26,30,Natural_Gas,Unfurnished,0,2,Yes,Nature,8.01,3.06,Yes,Yes,4166592.38
HP-01508,Kadikoy,Villa,235.9,8,4,1,0,4,Central,Furnished,2,2,No,Street,3.60,0.38,Yes,No,28511712.67
HP-01509,Kadikoy,Apartment,35.0,1,1,0,23,29,Electric,Furnished,1,2,No,Nature,3.85,0.38,Yes,No,2735012.95
HP-01510,Uskudar,Apartment,48.6,1,1,11,20,24,Heat_Pump,Semi_Furnished,2,2,No,Street,3.00,0.69,No,No,3104982.28
HP-01511,Sisli,Apartment,114.8,3,1,5,27,31,Natural_Gas,Unfurnished,1,0,Yes,Street,14.13,1.00,No,Yes,7582969.92
HP-01512,Konyaalti,Apartment,35.0,1,1,10,5,17,Natural_Gas,Unfurnished,1,1,Yes,Nature,8.01,0.84,Yes,No,1683964.46
HP-01513,Nilufer,Apartment,152.1,5,2,6,14,23,Central,Furnished,2,1,Yes,Street,2.73,1.40,Yes,Yes,7374544.68
HP-01514,Beylikduzu,Apartment,214.5,6,3,5,23,28,Heat_Pump,Unfurnished,1,1,No,Street,1.81,1.61,No,Yes,8447158.02
HP-01515,Sisli,Apartment,145.5,4,1,40,9,18,Heat_Pump,Unfurnished,0,2,No,Street,6.01,0.29,Yes,Yes,6890537.11
HP-01516,Uskudar,Apartment,161.8,5,2,4,23,25,Electric,Unfurnished,1,1,No,Sea,3.87,1.07,Yes,No,13046907.48
HP-01517,Uskudar,Villa,,3,1,25,0,8,Natural_Gas,Furnished,2,2,No,Street,3.78,1.86,Yes,Yes,7581812.92
HP-01518,Uskudar,Residence,131.7,5,2,9,17,23,Natural_Gas,Unfurnished,0,1,Yes,Nature,0.44,2.54,Yes,Yes,10829190.70
HP-01519,Atasehir,Townhouse,173.3,6,2,7,2,13,Central,Furnished,1,1,No,City,4.48,1.35,Yes,No,10638999.17
HP-01520,Kadikoy,Apartment,145.9,4,2,30,18,20,Natural_Gas,Unfurnished,0,2,No,Nature,6.17,0.30,No,No,9675744.08
HP-01521,Beylikduzu,Apartment,59.6,2,1,41,15,24,Natural_Gas,Unfurnished,0,1,Yes,Sea,9.84,2.04,No,Yes,2534685.92
HP-01522,Konyaalti,Apartment,98.8,3,1,41,9,22,Natural_Gas,Furnished,1,1,No,City,4.66,1.03,Yes,Yes,4761337.19
HP-01523,Kadikoy,Apartment,131.7,4,1,45,25,38,Natural_Gas,Unfurnished,1,1,Yes,Sea,39.96,0.65,No,Yes,9761994.04
HP-01524,Besiktas,Apartment,115.6,3,1,14,0,2,Heat_Pump,Furnished,2,1,No,Street,20.94,1.49,No,No,7977347.02
HP-01525,Kadikoy,Detached,227.0,6,2,2,0,9,Natural_Gas,Unfurnished,2,1,Yes,City,3.09,1.30,No,No,24542710.76
HP-01526,Konyaalti,Villa,191.9,5,2,16,0,4,Electric,Furnished,2,2,Yes,City,5.68,1.39,Yes,No,17455154.73
HP-01527,Konyaalti,Apartment,179.2,6,3,8,24,29,Heat_Pump,Unfurnished,2,1,No,City,6.05,1.73,No,No,8961116.11
HP-01528,Konyaalti,Apartment,109.5,3,1,14,13,18,Central,Furnished,1,2,No,Park,5.36,0.65,No,No,7241267.52
HP-01529,Cankaya,Apartment,108.8,3,1,15,26,33,Natural_Gas,Semi_Furnished,1,1,Yes,Street,9.44,0.08,Yes,No,5308542.59
HP-01530,Konyaalti,Apartment,153.2,4,2,8,18,29,Natural_Gas,Unfurnished,1,1,Yes,Nature,13.98,0.64,Yes,Yes,7711295.67
HP-01531,Konyaalti,Apartment,132.0,4,1,8,16,21,Natural_Gas,Semi_Furnished,0,3,Yes,Street,1.17,3.06,Yes,No,7128126.31
HP-01532,Besiktas,Apartment,168.5,6,2,0,23,28,Natural_Gas,Unfurnished,1,1,No,City,17.72,0.75,No,No,18148358.41
HP-01533,Uskudar,Residence,97.1,2,1,18,8,21,Natural_Gas,Semi_Furnished,1,0,Yes,Sea,4.78,1.40,Yes,No,10864516.00
HP-01534,Konyaalti,Detached,210.8,5,2,16,0,11,Natural_Gas,Unfurnished,0,2,No,Street,3.28,0.55,Yes,No,11916417.26
HP-01535,Nilufer,Apartment,173.3,5,2,12,16,26,Natural_Gas,Unfurnished,1,4,Yes,Nature,6.10,0.21,Yes,Yes,9596210.36
HP-01536,Kadikoy,Apartment,237.8,7,,3,22,25,Natural_Gas,Unfurnished,1,1,Yes,Park,7.54,1.66,Yes,Yes,21915332.98
HP-01537,Konyaalti,Residence,159.8,4,2,2,8,12,Central,Semi_Furnished,1,1,No,Street,5.03,0.96,No,No,10682359.12
HP-01538,Kadikoy,Apartment,153.9,4,,4,14,24,Natural_Gas,Unfurnished,1,1,No,Sea,7.42,2.29,Yes,No,16333041.47
HP-01539,Nilufer,Apartment,171.8,4,1,2,14,21,Coal,Semi_Furnished,1,2,Yes,City,2.44,0.38,Yes,Yes,8187604.87
HP-01540,Atasehir,Apartment,89.8,2,1,13,0,11,Natural_Gas,Semi_Furnished,3,2,No,Street,4.61,0.43,Yes,No,4647564.25
HP-01541,Beylikduzu,Apartment,113.6,3,1,2,28,31,Natural_Gas,Unfurnished,1,2,Yes,Street,3.92,0.60,Yes,Yes,4154336.16
HP-01542,Kadikoy,Apartment,121.2,3,1,10,22,24,Central,Semi_Furnished,1,2,No,Street,1.38,0.46,Yes,No,8629577.04
HP-01543,Sisli,Apartment,109.4,4,2,32,1,5,Central,Semi_Furnished,0,1,Yes,Sea,5.01,0.21,Yes,No,9393990.41
HP-01544,Nilufer,Residence,72.3,2,1,41,16,18,Natural_Gas,Furnished,1,1,No,Sea,5.70,1.12,Yes,No,3301809.15
HP-01545,Atasehir,Townhouse,148.2,3,1,5,21,26,Central,Unfurnished,1,2,No,Street,5.53,3.00,Yes,No,8814157.22
HP-01546,Cankaya,Residence,127.9,4,1,27,13,16,Natural_Gas,Unfurnished,1,1,No,Sea,9.43,0.22,Yes,Yes,7428577.52
HP-01547,Besiktas,Detached,228.6,7,2,2,0,8,Central,Furnished,1,2,No,Sea,15.39,0.27,Yes,No,29885983.49
HP-01548,Beylikduzu,Apartment,82.1,2,1,7,0,9,Natural_Gas,Unfurnished,1,2,No,Street,7.79,1.41,Yes,Yes,2749929.73
HP-01549,Uskudar,Apartment,138.3,4,1,15,19,25,Central,Semi_Furnished,3,1,Yes,Park,3.97,1.13,No,No,10808996.73
HP-01550,Beylikduzu,Apartment,142.5,3,1,5,13,22,Central,Semi_Furnished,1,2,No,Street,8.55,0.44,Yes,Yes,4919919.68
HP-01551,Konyaalti,Townhouse,285.8,8,3,7,3,8,Natural_Gas,Unfurnished,1,1,Yes,Street,1.42,3.00,Yes,No,18582131.16
HP-01552,Karsiyaka,Apartment,95.0,2,1,8,9,15,Natural_Gas,Furnished,0,1,No,Park,4.07,1.78,No,Yes,4593075.98
HP-01553,Atasehir,Apartment,55.9,1,1,3,8,18,Heat_Pump,Semi_Furnished,1,2,No,Street,3.94,0.19,Yes,Yes,2951766.29
HP-01554,Uskudar,Townhouse,133.6,4,1,11,19,25,Natural_Gas,Unfurnished,1,1,No,Street,11.60,1.39,Yes,No,7856915.61
HP-01555,Beylikduzu,Apartment,94.6,3,1,38,27,30,Central,Furnished,1,1,Yes,Park,10.64,,Yes,No,2671665.04
HP-01556,Beylikduzu,Apartment,112.4,3,1,52,3,11,Natural_Gas,Unfurnished,1,1,Yes,Sea,3.27,1.05,Yes,Yes,3895673.36
HP-01557,Nilufer,Residence,100.2,2,1,18,18,28,Natural_Gas,Unfurnished,1,1,No,Nature,11.88,1.50,Yes,Yes,3758171.72
HP-01558,Atasehir,Villa,155.0,4,2,31,,12,Central,Semi_Furnished,1,1,Yes,Street,3.53,0.43,Yes,Yes,11748484.69
HP-01559,Konyaalti,Apartment,78.2,2,1,37,20,25,Central,Unfurnished,1,1,No,Street,4.33,0.34,Yes,Yes,3385084.57
HP-01560,Besiktas,Apartment,165.2,4,2,,18,27,Central,Semi_Furnished,1,1,Yes,Nature,4.71,0.98,Yes,No,11386238.24
HP-01561,Atasehir,Apartment,110.7,4,2,7,22,27,Natural_Gas,Semi_Furnished,1,0,Yes,City,5.60,1.16,No,No,6508198.17
HP-01562,Uskudar,Townhouse,179.9,5,2,32,18,27,Natural_Gas,Semi_Furnished,2,1,No,Street,2.04,0.97,No,No,13557251.36
HP-01563,Sisli,Townhouse,178.6,5,2,4,10,20,Natural_Gas,Furnished,0,1,Yes,Street,6.80,1.38,Yes,Yes,11645805.42
HP-01564,Cankaya,Residence,146.0,5,2,18,6,14,Central,Semi_Furnished,2,2,No,City,10.94,0.34,Yes,No,8412031.28
HP-01565,Besiktas,Apartment,162.5,4,2,57,4,13,Natural_Gas,Unfurnished,1,0,No,Street,7.62,0.84,No,No,11320454.50
HP-01566,Kadikoy,Apartment,181.9,6,2,12,23,26,Natural_Gas,Furnished,1,,No,Street,8.91,1.93,No,No,11430752.41
HP-01567,Uskudar,Apartment,35.0,1,1,26,17,26,Central,Unfurnished,1,1,No,Street,3.63,1.75,Yes,Yes,1671267.06
HP-01568,Kadikoy,Detached,135.4,5,2,52,0,8,Natural_Gas,Semi_Furnished,1,2,No,Street,5.15,1.48,Yes,No,7236031.71
HP-01569,Kadikoy,Apartment,102.4,3,1,16,23,26,Heat_Pump,Furnished,1,1,Yes,Street,20.63,1.78,Yes,Yes,4148584.48
HP-01570,Cankaya,Residence,225.5,5,2,15,9,21,Natural_Gas,Unfurnished,1,0,Yes,City,5.26,,Yes,Yes,13164680.50
HP-01571,Kadikoy,Apartment,73.5,2,1,8,4,13,Heat_Pump,Semi_Furnished,2,1,Yes,City,2.80,1.84,No,Yes,5998196.93
HP-01572,Karsiyaka,Apartment,151.9,4,1,16,19,26,Natural_Gas,Semi_Furnished,1,1,Yes,Nature,1.16,1.30,Yes,Yes,22816907.83
HP-01573,Karsiyaka,Residence,98.0,3,1,2,8,11,Natural_Gas,Furnished,0,1,No,Street,6.88,0.91,Yes,Yes,5312672.58
HP-01574,Nilufer,Apartment,110.1,3,1,11,4,6,Natural_Gas,Semi_Furnished,0,1,No,Street,2.97,1.77,Yes,No,3584664.67
HP-01575,Kadikoy,Apartment,35.0,1,1,8,28,30,Natural_Gas,Furnished,1,1,Yes,Park,10.61,0.19,Yes,Yes,2579259.34
HP-01576,Cankaya,Apartment,174.8,6,3,13,21,30,Natural_Gas,Furnished,1,0,Yes,City,10.10,1.75,Yes,Yes,7752608.73
HP-01577,Beylikduzu,Apartment,145.0,3,1,21,25,29,Central,Unfurnished,3,1,Yes,Street,2.12,0.05,Yes,No,6124521.74
HP-01578,Karsiyaka,Residence,121.9,3,1,10,9,22,Central,Semi_Furnished,1,1,Yes,Sea,1.61,1.63,Yes,No,9653004.72
HP-01579,Cankaya,Detached,213.3,6,2,3,0,9,Natural_Gas,Furnished,0,1,No,City,6.76,0.21,Yes,Yes,13639193.75
HP-01580,Sisli,Apartment,215.6,5,2,8,7,15,Central,Unfurnished,1,1,Yes,City,2.61,0.18,Yes,No,15203715.84
HP-01581,Sisli,Villa,137.9,4,2,17,0,3,Natural_Gas,Unfurnished,1,1,Yes,Park,5.34,0.51,No,Yes,15267278.18
HP-01582,Konyaalti,Detached,145.2,5,2,4,0,2,Natural_Gas,Unfurnished,0,0,Yes,Nature,1.58,0.88,Yes,Yes,8964548.29
HP-01583,Karsiyaka,Townhouse,139.8,5,2,1,10,17,Natural_Gas,Unfurnished,2,2,Yes,Sea,0.29,0.43,Yes,No,13170568.28
HP-01584,Karsiyaka,Apartment,151.5,5,2,22,20,22,Central,Semi_Furnished,1,1,Yes,Nature,6.59,1.11,Yes,Yes,8968819.66
HP-01585,Karsiyaka,Apartment,141.5,5,2,39,13,21,Natural_Gas,Unfurnished,1,2,No,Street,6.29,0.85,Yes,Yes,5796899.34
HP-01586,Besiktas,Apartment,148.0,4,2,30,27,30,Electric,Furnished,1,2,No,City,11.49,2.62,Yes,Yes,11897992.32
HP-01587,Uskudar,Apartment,59.0,2,1,8,23,33,Natural_Gas,Unfurnished,0,0,Yes,City,15.96,1.88,No,Yes,3550184.79
HP-01588,Cankaya,Residence,138.2,4,2,42,14,21,Electric,Unfurnished,2,1,Yes,Nature,2.61,0.24,Yes,Yes,7595919.57
HP-01589,Karsiyaka,Apartment,177.4,5,2,0,26,37,Natural_Gas,Semi_Furnished,1,2,Yes,City,6.56,2.19,Yes,No,13363865.91
HP-01590,Sisli,Residence,,2,1,4,22,26,Central,Unfurnished,0,1,No,Street,1.44,0.34,No,No,4813597.20
HP-01591,Besiktas,Apartment,137.6,4,1,16,7,13,Central,Furnished,0,2,No,Park,3.20,,Yes,Yes,10748838.43
HP-01592,Nilufer,Residence,118.0,3,1,3,25,27,Natural_Gas,Unfurnished,1,1,Yes,City,7.58,2.48,Yes,Yes,6627036.27
HP-01593,Uskudar,Apartment,117.9,3,1,4,24,36,Natural_Gas,Furnished,0,1,Yes,Sea,8.41,0.21,Yes,Yes,11523947.78
HP-01594,Sisli,Residence,,3,1,9,8,13,Electric,Unfurnished,0,2,No,Park,1.80,0.33,Yes,No,8286776.53
HP-01595,Uskudar,Villa,192.8,7,,11,0,9,Natural_Gas,Furnished,1,2,No,Street,0.97,1.13,Yes,No,17933906.20
HP-01596,Uskudar,Apartment,200.3,5,2,3,24,27,Natural_Gas,Semi_Furnished,1,1,No,Nature,6.12,1.81,Yes,Yes,15645545.35
HP-01597,Uskudar,Apartment,,3,1,8,12,23,Natural_Gas,Furnished,1,1,Yes,Park,5.36,2.19,Yes,Yes,6522279.41
HP-01598,Konyaalti,Apartment,104.0,3,1,33,5,8,Central,Furnished,0,1,No,Street,0.82,1.48,Yes,Yes,5256690.43
HP-01599,Sisli,Apartment,180.5,6,2,14,17,23,Central,Unfurnished,2,1,No,Street,1.87,0.78,Yes,No,12068909.54
HP-01600,Kadikoy,Residence,154.3,5,2,9,18,21,Natural_Gas,Unfurnished,1,1,Yes,City,4.76,1.17,No,No,16109252.96
HP-01601,Beylikduzu,Apartment,115.0,3,1,19,22,30,Natural_Gas,Furnished,1,2,Yes,Nature,3.51,1.53,Yes,No,4799269.26
HP-01602,Karsiyaka,Apartment,86.1,2,1,3,21,26,Heat_Pump,Unfurnished,1,1,Yes,Nature,10.96,0.62,No,Yes,4767453.55
HP-01603,Konyaalti,Apartment,96.0,3,1,12,8,15,Natural_Gas,Furnished,1,1,No,Nature,3.03,0.53,Yes,No,5725214.50
HP-01604,Sisli,Apartment,91.1,3,1,10,4,10,Natural_Gas,Furnished,0,1,Yes,Street,4.06,1.37,Yes,No,6748607.55
HP-01605,Atasehir,Apartment,171.2,5,2,3,15,21,Natural_Gas,Semi_Furnished,1,1,Yes,Street,1.41,0.92,No,No,11634851.71
HP-01606,Konyaalti,Villa,178.6,4,1,25,0,3,Natural_Gas,Furnished,0,1,Yes,Street,9.76,0.56,Yes,Yes,10958933.93
HP-01607,Nilufer,Residence,150.3,4,1,13,7,12,Central,Unfurnished,1,4,No,Street,10.17,2.79,Yes,No,5647431.62
HP-01608,Sisli,Apartment,95.7,3,1,20,28,34,Natural_Gas,Unfurnished,1,1,No,Street,5.91,0.21,Yes,Yes,5735423.82
HP-01609,Besiktas,Apartment,82.9,3,1,2,1,3,Electric,Furnished,2,1,No,Street,5.11,1.02,No,Yes,9645489.87
HP-01610,Besiktas,Apartment,95.6,2,1,27,12,24,Natural_Gas,Semi_Furnished,0,2,Yes,City,12.07,3.25,Yes,No,6699385.34
HP-01611,Sisli,Apartment,232.0,8,4,4,26,35,Natural_Gas,Semi_Furnished,3,1,Yes,Sea,9.41,0.52,Yes,No,25759141.12
HP-01612,Nilufer,Apartment,190.6,6,3,19,15,23,Natural_Gas,Unfurnished,1,1,No,Street,1.86,3.69,Yes,No,7956145.16
HP-01613,Beylikduzu,Apartment,113.1,3,1,,26,29,Electric,Unfurnished,1,1,Yes,Street,2.30,0.32,Yes,Yes,4055037.31
HP-01614,Karsiyaka,Apartment,183.8,4,2,22,25,30,Central,Unfurnished,0,0,Yes,Park,8.16,1.54,Yes,Yes,8761474.56
HP-01615,Uskudar,Townhouse,180.1,5,2,9,23,31,Natural_Gas,Unfurnished,0,1,No,Street,1.54,0.55,Yes,Yes,11102775.25
HP-01616,Nilufer,Detached,140.1,5,2,16,0,4,Natural_Gas,Semi_Furnished,1,1,Yes,Nature,14.03,1.49,Yes,Yes,5016343.02
HP-01617,Nilufer,Apartment,172.2,5,2,0,16,21,Natural_Gas,Unfurnished,1,0,Yes,Street,10.83,1.48,Yes,Yes,6717175.91
HP-01618,Atasehir,Apartment,130.1,3,1,3,17,19,Central,Unfurnished,1,1,No,City,5.10,0.52,No,No,10182683.94
HP-01619,Cankaya,Residence,159.8,4,1,13,15,18,Central,Furnished,1,1,No,Nature,4.44,1.23,Yes,No,9312804.05
HP-01620,Konyaalti,Villa,200.4,6,3,46,0,8,Natural_Gas,Semi_Furnished,1,1,Yes,Street,10.31,1.08,No,Yes,10382812.78
HP-01621,Uskudar,Detached,145.3,3,1,10,0,12,Electric,Furnished,1,0,Yes,Nature,3.25,1.08,Yes,No,11042267.25
HP-01622,Atasehir,Apartment,109.9,3,1,15,0,4,Central,Furnished,2,1,No,Street,1.82,0.23,Yes,Yes,7401989.16
HP-01623,Sisli,Townhouse,162.3,4,1,18,27,35,Natural_Gas,Furnished,0,1,No,Street,6.53,1.24,Yes,No,8442449.06
HP-01624,Besiktas,Residence,157.3,5,2,17,24,32,Coal,Unfurnished,1,2,Yes,Park,16.31,0.84,Yes,No,14005467.14
HP-01625,Nilufer,Townhouse,207.6,6,,16,6,11,Heat_Pump,Semi_Furnished,2,1,No,City,7.79,1.19,No,Yes,8663556.29
HP-01626,Konyaalti,Apartment,35.0,1,1,5,6,13,Electric,Unfurnished,2,0,Yes,Street,6.61,0.27,Yes,No,1566136.86
HP-01627,Atasehir,Detached,231.7,8,4,6,0,2,Natural_Gas,Semi_Furnished,1,1,No,City,6.90,1.28,Yes,No,16252382.93
HP-01628,Uskudar,Apartment,161.3,4,1,24,9,20,Natural_Gas,Semi_Furnished,1,1,Yes,Street,5.88,0.80,Yes,Yes,10396790.48
HP-01629,Nilufer,Detached,255.8,7,3,3,0,2,Natural_Gas,Unfurnished,0,1,Yes,Street,2.93,0.97,Yes,No,13635819.39
HP-01630,Atasehir,Apartment,191.1,6,2,53,0,6,Heat_Pump,Unfurnished,1,0,No,City,10.83,0.30,Yes,No,9774745.82
HP-01631,Kadikoy,Apartment,168.5,5,2,62,27,35,Natural_Gas,Semi_Furnished,0,2,Yes,City,6.71,1.05,Yes,Yes,7931794.34
HP-01632,Uskudar,Apartment,78.4,3,1,55,26,32,Natural_Gas,Furnished,0,1,No,Nature,3.73,0.73,No,Yes,4062308.47
HP-01633,Karsiyaka,Villa,219.1,7,3,5,0,9,Natural_Gas,Unfurnished,1,3,No,Street,6.76,1.87,No,Yes,19622834.24
HP-01634,Sisli,Apartment,124.2,3,1,8,2,7,Natural_Gas,Furnished,3,2,No,Street,0.89,0.97,No,No,10386076.29
HP-01635,Karsiyaka,Apartment,222.3,7,3,3,12,17,Central,Semi_Furnished,1,1,No,Park,5.03,1.36,Yes,Yes,12844846.74
HP-01636,Konyaalti,Townhouse,164.1,4,2,1,7,17,Natural_Gas,Semi_Furnished,1,1,Yes,City,3.92,0.37,Yes,No,12262501.16
HP-01637,Atasehir,Apartment,67.8,2,,30,12,19,Central,Unfurnished,1,1,No,Nature,11.73,0.70,No,No,2932194.53
HP-01638,Beylikduzu,Apartment,163.5,5,2,5,3,6,Natural_Gas,Unfurnished,1,1,No,Sea,8.20,2.35,Yes,Yes,6609227.17
HP-01639,Cankaya,Apartment,109.9,3,1,18,18,23,Heat_Pump,Unfurnished,1,1,No,Sea,8.31,1.61,No,No,5128467.60
HP-01640,Besiktas,Apartment,250.6,9,4,72,9,16,Central,Furnished,0,2,No,Street,1.63,1.40,No,No,14672478.43
HP-01641,Cankaya,Apartment,172.8,4,1,0,10,22,Natural_Gas,Unfurnished,1,0,Yes,Sea,2.97,1.12,No,Yes,11560769.21
HP-01642,Sisli,Apartment,47.5,2,1,13,3,15,Natural_Gas,Unfurnished,1,2,Yes,Street,5.84,0.33,Yes,Yes,2852400.62
HP-01643,Karsiyaka,Apartment,167.3,5,2,28,1,10,Central,Unfurnished,1,1,Yes,City,4.86,0.39,Yes,Yes,8724697.04
HP-01644,Sisli,Residence,117.8,4,2,18,4,9,Central,Unfurnished,0,1,No,Park,12.23,2.60,Yes,Yes,7525103.21
HP-01645,Beylikduzu,Apartment,108.4,4,1,22,25,31,Central,Semi_Furnished,1,1,Yes,Street,4.72,0.56,Yes,Yes,4030301.30
HP-01646,Kadikoy,Apartment,71.4,2,1,10,4,8,Natural_Gas,Unfurnished,1,1,Yes,City,2.47,2.29,Yes,Yes,4704301.44
HP-01647,Uskudar,Apartment,146.4,3,1,,14,24,Central,Semi_Furnished,1,2,Yes,Park,2.29,0.41,No,No,10829500.16
HP-01648,Konyaalti,Apartment,55.1,2,1,24,1,9,Natural_Gas,Furnished,2,2,No,City,,0.39,Yes,No,2873288.98
HP-01649,Nilufer,Apartment,85.4,2,1,4,13,23,Heat_Pump,Unfurnished,1,1,Yes,Park,14.05,0.94,Yes,No,3634769.86
HP-01650,Besiktas,Apartment,159.7,5,2,9,8,14,Natural_Gas,Semi_Furnished,2,4,No,City,3.14,1.28,Yes,No,15562766.31
HP-01651,Nilufer,Apartment,133.3,4,1,3,13,22,Natural_Gas,Unfurnished,2,1,No,Street,2.43,1.47,No,Yes,6530421.51
HP-01652,Kadikoy,Detached,205.9,7,3,19,0,8,Electric,Semi_Furnished,1,1,No,Street,1.70,1.77,Yes,No,15183205.67
HP-01653,Kadikoy,Apartment,133.6,4,1,1,4,15,Central,Unfurnished,1,2,Yes,City,6.54,0.11,Yes,Yes,13308634.04
HP-01654,Beylikduzu,Detached,185.2,6,3,13,0,6,Central,Unfurnished,0,2,No,City,3.67,1.18,Yes,No,7247546.51
HP-01655,Atasehir,Apartment,173.6,5,2,0,20,26,Central,Unfurnished,1,1,No,Park,1.46,1.51,No,No,13454217.03
HP-01656,Nilufer,Townhouse,266.5,6,2,39,7,10,Central,Unfurnished,1,1,Yes,Nature,1.19,2.06,Yes,No,10443316.60
HP-01657,Beylikduzu,Apartment,91.1,3,1,30,10,16,Natural_Gas,Furnished,0,1,Yes,Park,5.05,0.39,No,No,3243126.49
HP-01658,Konyaalti,Apartment,106.1,3,1,32,7,12,Heat_Pump,Semi_Furnished,2,1,Yes,City,6.42,1.26,No,Yes,5596476.63
HP-01659,Karsiyaka,Apartment,102.2,3,1,5,20,25,Natural_Gas,Unfurnished,0,2,Yes,Street,7.26,0.35,No,No,5652783.45
HP-01660,Konyaalti,Apartment,151.1,4,2,26,7,9,Natural_Gas,Furnished,1,1,No,Street,1.68,0.32,Yes,Yes,7111367.66
HP-01661,Karsiyaka,Apartment,173.0,5,2,9,22,30,Electric,Unfurnished,2,1,No,Street,3.96,0.41,Yes,Yes,7839395.67
HP-01662,Kadikoy,Apartment,202.5,6,2,7,5,8,Central,Furnished,2,2,No,Nature,12.82,0.53,Yes,Yes,16437469.04
HP-01663,Uskudar,Detached,196.5,6,2,75,0,12,Natural_Gas,Unfurnished,3,3,No,Park,11.99,0.84,No,Yes,11832336.66
HP-01664,Konyaalti,Apartment,110.9,4,2,9,17,29,Central,Semi_Furnished,0,3,Yes,Sea,4.49,0.69,Yes,Yes,9210494.81
HP-01665,Cankaya,Residence,65.4,2,1,24,14,27,Central,Unfurnished,2,2,Yes,Sea,6.17,1.93,Yes,No,4911299.94
HP-01666,Nilufer,Townhouse,187.1,6,3,8,24,29,Electric,Unfurnished,1,2,Yes,Street,4.81,0.22,No,Yes,8849775.33
HP-01667,Besiktas,Apartment,106.7,3,1,14,11,24,Heat_Pump,Unfurnished,1,2,Yes,City,8.21,2.59,Yes,No,8646897.28
HP-01668,Atasehir,Apartment,209.2,5,,7,11,14,Electric,Furnished,1,2,No,Nature,10.00,0.30,No,Yes,15549228.31
HP-01669,Besiktas,Villa,193.7,6,2,6,0,2,Natural_Gas,Semi_Furnished,1,0,No,Street,11.70,1.72,Yes,No,19317875.24
HP-01670,Uskudar,Residence,162.9,4,1,7,5,11,Heat_Pump,Unfurnished,0,0,No,Park,2.01,0.17,No,Yes,14946745.32
HP-01671,Besiktas,Detached,222.0,6,2,14,0,11,Central,Furnished,1,2,No,Street,2.72,0.83,Yes,Yes,23814434.46
HP-01672,Sisli,Residence,115.1,4,2,0,5,14,Central,Unfurnished,0,0,No,City,11.96,0.31,No,Yes,13246247.20
HP-01673,Beylikduzu,Apartment,39.6,1,1,5,28,32,Heat_Pump,Semi_Furnished,1,3,Yes,Street,1.66,1.28,Yes,Yes,1395496.90
HP-01674,Besiktas,Apartment,168.7,6,3,15,9,13,Heat_Pump,Furnished,0,2,Yes,Street,15.67,0.14,Yes,Yes,13440043.35
HP-01675,Cankaya,Residence,62.4,2,1,,15,28,Natural_Gas,Semi_Furnished,2,2,No,Nature,3.08,0.19,Yes,Yes,4023050.02
HP-01676,Uskudar,Apartment,,4,2,3,23,29,Central,Furnished,1,1,No,Nature,1.79,0.87,Yes,Yes,9636657.04
HP-01677,Beylikduzu,Apartment,108.1,3,1,1,14,22,Central,Unfurnished,0,1,Yes,Street,9.15,3.47,Yes,Yes,3747450.08
HP-01678,Besiktas,Apartment,78.2,2,1,48,21,26,Central,Semi_Furnished,1,1,Yes,Nature,2.10,3.91,Yes,No,5445633.32
HP-01679,Uskudar,Apartment,175.2,6,2,17,7,10,Central,Unfurnished,0,2,Yes,Street,4.70,0.72,Yes,Yes,11056866.79
HP-01680,Cankaya,Apartment,57.7,2,1,47,27,40,Natural_Gas,Unfurnished,1,0,Yes,City,6.23,0.90,Yes,No,1729726.83
HP-01681,Nilufer,Apartment,99.6,3,1,18,21,24,Natural_Gas,Unfurnished,0,1,Yes,Sea,5.20,1.01,No,Yes,4602043.91
HP-01682,Uskudar,Apartment,72.8,2,1,21,5,16,Central,Unfurnished,1,0,Yes,Street,5.10,2.21,No,Yes,4432460.90
HP-01683,Kadikoy,Apartment,121.5,3,1,6,12,21,Central,Unfurnished,1,2,Yes,Street,3.00,0.40,Yes,No,9723771.07
HP-01684,Konyaalti,Apartment,139.3,4,2,3,10,12,Heat_Pump,Semi_Furnished,1,2,No,Sea,3.36,0.67,Yes,No,10351242.40
HP-01685,Besiktas,Apartment,40.2,1,1,6,0,8,,Semi_Furnished,1,0,Yes,Street,12.40,0.17,Yes,Yes,3422759.84
HP-01686,Sisli,Apartment,103.4,3,1,7,,30,Natural_Gas,Unfurnished,1,1,Yes,Park,1.84,1.07,No,No,8915165.11
HP-01687,Konyaalti,Apartment,151.4,5,2,8,15,23,Natural_Gas,Unfurnished,1,2,Yes,Street,3.57,1.10,Yes,No,8619890.05
HP-01688,Karsiyaka,Detached,231.7,8,2,37,0,8,Natural_Gas,Unfurnished,1,1,Yes,City,1.53,0.58,Yes,No,12673394.36
HP-01689,Uskudar,Apartment,112.1,3,1,1,0,10,Coal,Unfurnished,1,,No,Nature,1.13,0.28,No,Yes,8894887.95
HP-01690,Konyaalti,Residence,94.5,2,1,8,25,36,Natural_Gas,Unfurnished,1,1,No,Street,1.56,1.61,Yes,No,5663665.83
HP-01691,Beylikduzu,Apartment,185.6,5,2,49,28,34,Electric,Furnished,1,4,No,Street,3.00,1.21,Yes,No,5689705.44
HP-01692,Cankaya,Apartment,132.7,5,2,1,22,31,Natural_Gas,Unfurnished,1,1,No,Sea,1.88,0.23,Yes,Yes,8632024.95
HP-01693,Atasehir,Apartment,59.0,2,1,13,27,32,Heat_Pump,Semi_Furnished,0,3,No,Street,4.81,0.25,Yes,Yes,3219115.53
HP-01694,Nilufer,Apartment,115.0,3,1,12,0,3,Electric,Unfurnished,1,,No,City,3.99,0.75,Yes,No,4493140.67
HP-01695,Cankaya,Residence,172.6,6,3,5,9,20,Central,Furnished,1,2,No,City,6.11,2.01,Yes,Yes,10654924.34
HP-01696,Cankaya,Residence,35.0,1,1,5,2,8,Natural_Gas,Semi_Furnished,1,2,No,Street,7.51,0.49,No,Yes,1534382.07
HP-01697,Atasehir,Townhouse,203.6,7,3,6,13,18,Natural_Gas,Unfurnished,1,1,Yes,Street,5.53,0.67,Yes,No,13832257.34
HP-01698,Karsiyaka,Detached,233.1,6,2,42,0,13,Coal,Unfurnished,1,1,Yes,Park,1.02,0.16,Yes,Yes,11101904.72
HP-01699,Nilufer,Residence,101.3,3,1,4,12,21,Natural_Gas,Semi_Furnished,1,3,No,Nature,,0.55,Yes,Yes,5372415.37
HP-01700,Besiktas,Townhouse,183.0,5,2,8,24,33,Coal,Unfurnished,1,2,Yes,Park,9.79,1.80,Yes,Yes,21122851.58
HP-01701,Cankaya,Residence,97.4,2,1,18,18,27,Heat_Pump,Semi_Furnished,1,1,No,City,5.27,0.89,Yes,Yes,5011450.58
HP-01702,Atasehir,Apartment,88.5,2,1,2,13,18,Natural_Gas,Semi_Furnished,0,1,Yes,Street,,0.56,Yes,No,6528125.77
HP-01703,Kadikoy,Townhouse,176.1,4,2,1,11,24,Natural_Gas,Unfurnished,0,1,Yes,Street,1.63,0.31,Yes,Yes,19572224.64
HP-01704,Kadikoy,Residence,84.9,2,1,13,26,36,Natural_Gas,Semi_Furnished,2,1,No,Nature,13.33,0.75,Yes,No,6756000.22
HP-01705,Besiktas,Villa,203.0,7,3,28,0,9,Central,Semi_Furnished,1,1,No,Park,16.47,0.93,Yes,No,25356402.47
HP-01706,Atasehir,Residence,110.8,3,1,13,17,21,Natural_Gas,Furnished,1,2,No,Park,2.45,1.20,No,Yes,8360871.96
HP-01707,Nilufer,Apartment,85.6,2,1,38,12,24,Natural_Gas,Unfurnished,2,1,No,Street,11.20,0.51,No,No,2132731.27
HP-01708,Sisli,Residence,139.6,5,2,10,19,30,Central,Unfurnished,0,2,Yes,Street,1.32,0.41,Yes,Yes,11449779.27
HP-01709,Kadikoy,Detached,245.7,7,3,28,0,4,Electric,Unfurnished,1,2,No,City,8.22,2.59,No,Yes,18272361.67
HP-01710,Cankaya,Residence,146.8,4,1,8,10,13,Natural_Gas,Semi_Furnished,0,1,No,Street,2.75,2.33,No,No,8964910.60
HP-01711,Atasehir,Apartment,84.2,3,1,1,8,13,Natural_Gas,Unfurnished,1,0,No,City,2.98,0.73,Yes,Yes,6360041.88
HP-01712,Karsiyaka,Apartment,56.3,1,1,75,2,8,Central,Furnished,1,1,No,Park,6.91,0.52,Yes,No,1971745.34
HP-01713,Karsiyaka,Detached,197.2,6,2,0,0,2,Natural_Gas,Semi_Furnished,1,1,No,Park,2.41,,Yes,Yes,14048265.44
HP-01714,Kadikoy,Apartment,118.0,3,1,13,19,22,Heat_Pump,Semi_Furnished,1,1,Yes,Street,8.57,0.57,Yes,Yes,7508195.15
HP-01715,Kadikoy,Apartment,160.7,4,2,9,0,9,Natural_Gas,Semi_Furnished,0,3,Yes,Sea,9.06,1.16,Yes,Yes,51624591.46
HP-01716,Uskudar,Residence,107.4,3,1,41,17,25,Central,Unfurnished,1,1,No,Street,2.10,1.26,Yes,Yes,5350711.11
HP-01717,Kadikoy,Detached,152.5,4,2,28,0,13,Central,Semi_Furnished,0,,Yes,City,8.33,0.65,Yes,Yes,10222628.50
HP-01718,Besiktas,Townhouse,236.0,6,2,9,15,20,Central,Semi_Furnished,0,1,No,Nature,11.36,1.63,No,No,24330461.87
HP-01719,Besiktas,Townhouse,246.4,6,2,5,1,11,Natural_Gas,Semi_Furnished,2,1,Yes,City,2.61,0.60,Yes,Yes,26849714.27
HP-01720,Atasehir,Apartment,137.5,4,1,1,5,18,Natural_Gas,Semi_Furnished,1,1,No,Street,7.55,0.37,Yes,No,7551333.29
HP-01721,Konyaalti,Apartment,,2,1,9,17,19,Natural_Gas,Unfurnished,0,2,Yes,Street,4.44,1.12,Yes,Yes,3386076.72
HP-01722,Karsiyaka,Apartment,109.9,3,1,10,24,34,Natural_Gas,Unfurnished,1,3,No,City,10.40,0.77,Yes,Yes,5364907.09
HP-01723,Cankaya,Residence,140.8,3,1,11,22,25,Natural_Gas,Semi_Furnished,1,1,No,Park,,1.29,No,Yes,7654625.11
HP-01724,Nilufer,Apartment,96.4,2,1,57,8,12,Natural_Gas,Furnished,1,1,No,Nature,9.52,1.96,Yes,Yes,2307829.67
HP-01725,Besiktas,Apartment,122.7,4,1,49,3,15,Natural_Gas,Unfurnished,2,2,Yes,Street,3.25,0.11,Yes,No,10711325.56
HP-01726,Sisli,Apartment,114.2,4,1,8,19,22,Central,Unfurnished,0,2,No,Street,2.94,1.49,No,No,7028153.41
HP-01727,Nilufer,Apartment,184.6,6,3,6,14,23,Central,Furnished,1,2,No,Sea,8.20,0.30,Yes,Yes,10521117.58
HP-01728,Sisli,Detached,188.5,5,2,1,0,13,Central,Furnished,2,1,No,Park,3.14,0.84,Yes,Yes,20220234.78
HP-01729,Atasehir,Residence,35.0,1,1,17,23,27,Natural_Gas,Unfurnished,2,1,Yes,Park,11.34,2.96,Yes,No,1997314.84
HP-01730,Atasehir,Apartment,103.7,3,1,9,25,33,Coal,Furnished,1,2,Yes,City,1.52,0.84,Yes,Yes,8718740.72
HP-01731,Konyaalti,Apartment,147.4,4,2,2,27,34,Electric,Semi_Furnished,1,0,Yes,Street,3.08,0.62,Yes,Yes,9081717.51
HP-01732,Atasehir,Townhouse,234.9,6,2,3,5,17,Natural_Gas,Semi_Furnished,0,0,No,City,8.50,0.79,Yes,No,16619344.01
HP-01733,Kadikoy,Apartment,68.3,2,1,25,27,30,Central,Semi_Furnished,2,1,No,Street,2.77,1.34,No,Yes,4681446.30
HP-01734,Uskudar,Apartment,441.1,11,3,43,23,35,,Semi_Furnished,1,0,Yes,Park,3.17,0.16,Yes,No,24526796.76
HP-01735,Sisli,Residence,90.4,2,1,2,7,14,Natural_Gas,Furnished,1,1,Yes,Nature,4.36,3.20,Yes,Yes,8481935.50
HP-01736,Atasehir,Apartment,213.7,6,2,0,14,18,Natural_Gas,Semi_Furnished,1,1,Yes,Park,3.99,0.49,Yes,No,16494634.08
HP-01737,Besiktas,Apartment,250.9,7,2,19,18,21,Natural_Gas,Furnished,1,0,No,Street,5.77,0.42,No,No,19359463.09
HP-01738,Cankaya,Apartment,69.9,2,1,2,7,19,Natural_Gas,Semi_Furnished,1,2,Yes,Park,3.72,1.41,Yes,No,4411893.41
HP-01739,Uskudar,Apartment,160.5,5,2,4,14,27,Natural_Gas,Furnished,2,2,Yes,Sea,8.98,1.37,Yes,No,16236851.35
HP-01740,Konyaalti,Townhouse,176.0,6,3,39,7,17,Natural_Gas,Semi_Furnished,1,1,No,Street,11.71,0.23,Yes,No,6474422.88
HP-01741,Sisli,Apartment,127.8,3,1,,,33,Central,Unfurnished,1,1,Yes,Street,7.46,1.09,Yes,No,6850893.84
HP-01742,Karsiyaka,Residence,91.5,3,1,17,28,34,Central,Furnished,1,1,No,Street,0.25,0.35,No,Yes,5378391.74
HP-01743,Nilufer,Apartment,98.9,3,1,30,18,20,Natural_Gas,Unfurnished,1,2,Yes,Street,11.75,2.10,Yes,No,3262896.29
HP-01744,Kadikoy,Apartment,,2,1,31,14,23,Heat_Pump,Semi_Furnished,2,4,No,Sea,2.53,0.70,Yes,No,6734915.58
HP-01745,Kadikoy,Townhouse,120.7,4,1,22,1,7,Natural_Gas,Unfurnished,2,0,No,City,4.43,0.55,No,Yes,10561638.46
HP-01746,Besiktas,Apartment,122.7,4,1,6,16,20,Natural_Gas,Furnished,1,2,Yes,Park,24.37,0.81,Yes,No,9848154.33
HP-01747,Karsiyaka,Apartment,117.5,3,1,4,11,14,Electric,Furnished,1,1,No,Sea,2.49,0.20,Yes,Yes,7291741.78
HP-01748,Nilufer,Apartment,59.3,2,1,4,18,20,Central,Semi_Furnished,2,0,No,Street,4.79,0.67,Yes,No,2052940.25
HP-01749,Uskudar,Apartment,,1,1,5,23,36,Central,Semi_Furnished,2,,No,City,9.67,1.16,No,Yes,2444954.91
HP-01750,Sisli,Apartment,64.3,2,1,60,17,21,Natural_Gas,Semi_Furnished,1,2,No,Street,1.10,1.65,Yes,Yes,2449788.50
HP-01751,Karsiyaka,Detached,257.8,7,2,0,0,4,Electric,Semi_Furnished,1,2,Yes,Sea,9.84,0.96,No,No,22827955.28
HP-01752,Konyaalti,Villa,248.3,8,3,12,0,10,Central,Unfurnished,1,0,No,Street,2.33,1.11,No,No,45623824.22
HP-01753,Besiktas,Apartment,170.1,4,2,28,23,27,Central,Furnished,0,0,No,City,5.07,1.07,Yes,Yes,15027783.78
HP-01754,Besiktas,Apartment,78.1,2,1,0,24,31,Natural_Gas,Unfurnished,1,1,Yes,Nature,5.65,0.73,Yes,No,8047933.88
HP-01755,Kadikoy,Residence,146.7,4,2,22,25,27,Natural_Gas,Unfurnished,2,0,Yes,Street,0.10,2.49,Yes,No,10650390.21
HP-01756,Karsiyaka,Apartment,70.3,2,1,0,12,16,Natural_Gas,Semi_Furnished,1,2,Yes,City,5.28,0.52,Yes,No,4570659.21
HP-01757,Sisli,Apartment,185.5,5,2,9,16,22,Natural_Gas,Furnished,1,1,Yes,Park,6.98,2.61,No,No,12417544.14
HP-01758,Kadikoy,Apartment,252.2,6,2,20,7,14,Heat_Pump,Unfurnished,1,1,Yes,City,2.59,1.37,Yes,No,21899112.52
HP-01759,Konyaalti,Residence,156.6,4,2,3,6,9,Natural_Gas,Semi_Furnished,1,1,No,City,8.75,0.21,Yes,No,12012899.56
HP-01760,Uskudar,Villa,159.0,5,2,19,0,3,Coal,Unfurnished,1,0,No,City,6.48,0.52,Yes,Yes,14644688.13
HP-01761,Besiktas,Detached,167.7,5,2,35,0,13,Natural_Gas,Unfurnished,2,2,No,Street,2.28,0.28,No,No,12946826.14
HP-01762,Besiktas,Residence,136.2,4,1,,11,24,Natural_Gas,Unfurnished,0,1,No,City,9.84,1.49,Yes,Yes,8420445.63
HP-01763,Sisli,Apartment,120.7,4,2,8,15,27,Natural_Gas,Furnished,2,0,No,Street,5.97,0.26,Yes,No,7476983.42
HP-01764,Uskudar,Townhouse,182.0,5,2,6,24,32,Central,Furnished,0,2,No,Street,0.65,1.39,No,No,12281703.64
HP-01765,Uskudar,Apartment,,3,1,24,27,34,Natural_Gas,Unfurnished,2,0,Yes,City,19.14,0.80,Yes,Yes,4955173.37
HP-01766,Besiktas,Apartment,176.3,4,2,3,1,12,Natural_Gas,Semi_Furnished,1,3,Yes,City,3.73,0.24,Yes,No,22988872.59
HP-01767,Nilufer,Villa,254.7,8,3,71,0,7,Central,Furnished,2,1,Yes,Street,10.87,0.47,Yes,No,11173466.84
HP-01768,Karsiyaka,Apartment,158.5,4,1,1,9,12,Natural_Gas,Semi_Furnished,0,0,No,City,8.05,0.49,Yes,Yes,8105863.87
HP-01769,Sisli,Apartment,116.8,3,1,27,28,38,Natural_Gas,Semi_Furnished,1,1,Yes,City,8.57,1.42,Yes,No,7256522.56
HP-01770,Beylikduzu,Detached,222.4,6,2,17,0,6,Heat_Pump,Unfurnished,3,3,No,Street,7.62,0.77,Yes,Yes,8154790.64
HP-01771,Besiktas,Villa,166.1,6,3,11,0,2,Natural_Gas,Furnished,2,1,Yes,Street,5.88,1.68,Yes,No,19186684.20
HP-01772,Beylikduzu,Villa,197.1,5,2,7,0,8,Central,Furnished,2,1,No,Park,6.26,1.45,Yes,No,10285355.99
HP-01773,Uskudar,Villa,197.8,6,,7,0,13,,Unfurnished,3,1,No,Street,3.80,0.50,Yes,Yes,16741574.98
HP-01774,Cankaya,Residence,99.0,2,1,16,27,37,Central,Unfurnished,1,1,No,Street,6.05,1.61,Yes,No,5547785.77
HP-01775,Karsiyaka,Detached,179.3,6,2,7,0,2,Electric,Unfurnished,2,1,Yes,Park,14.87,0.60,Yes,No,12625031.80
HP-01776,Konyaalti,Residence,84.9,2,,11,16,21,Coal,Semi_Furnished,1,1,Yes,Street,2.46,1.13,No,No,4538787.00
HP-01777,Beylikduzu,Apartment,71.7,2,1,3,15,23,Electric,Unfurnished,0,2,No,Street,3.51,3.68,Yes,No,2508769.47
HP-01778,Karsiyaka,Townhouse,151.8,4,2,3,15,21,Natural_Gas,Furnished,2,2,No,Park,3.49,0.83,No,Yes,10991008.34
HP-01779,Nilufer,Townhouse,165.6,5,2,4,8,12,Central,Unfurnished,1,2,Yes,Street,7.53,0.93,Yes,Yes,7535266.91
HP-01780,Cankaya,Apartment,146.9,5,2,10,12,18,Natural_Gas,Unfurnished,1,1,No,Nature,5.86,2.37,Yes,No,8083221.71
HP-01781,Cankaya,Apartment,75.9,2,1,4,13,20,Natural_Gas,Unfurnished,2,0,No,Sea,12.19,1.68,Yes,Yes,4418638.81
HP-01782,Sisli,Apartment,56.6,2,1,20,8,13,Heat_Pump,Furnished,1,2,Yes,Park,16.83,1.42,Yes,No,3385495.52
HP-01783,Karsiyaka,Villa,182.9,4,2,8,0,13,Central,Unfurnished,0,0,Yes,Street,5.76,0.40,Yes,Yes,14058201.10
HP-01784,Uskudar,Villa,224.6,8,3,,0,8,Natural_Gas,Unfurnished,1,1,No,Street,7.00,1.99,No,No,20099163.09
HP-01785,Cankaya,Townhouse,166.8,4,1,24,10,14,Central,Unfurnished,1,1,No,City,4.80,1.91,No,No,8340608.63
HP-01786,Beylikduzu,Detached,169.7,5,2,4,0,9,Natural_Gas,Unfurnished,0,0,No,Street,2.60,0.07,Yes,No,7705322.57
HP-01787,Nilufer,Apartment,42.1,1,1,,25,31,Natural_Gas,Semi_Furnished,1,2,No,Street,2.64,1.53,Yes,No,1271152.35
HP-01788,Cankaya,Residence,117.1,3,1,39,15,19,Natural_Gas,Unfurnished,1,2,No,Park,2.72,1.02,Yes,Yes,6186194.43
HP-01789,Sisli,Townhouse,233.5,6,2,7,8,11,Natural_Gas,Furnished,1,1,No,Street,6.82,1.99,Yes,Yes,14653994.43
HP-01790,Atasehir,Apartment,76.7,2,1,21,8,19,Natural_Gas,Unfurnished,1,2,Yes,Street,12.14,1.12,Yes,Yes,3482960.69
HP-01791,Kadikoy,Residence,206.1,5,2,26,3,7,Heat_Pump,Unfurnished,1,0,Yes,City,6.25,0.79,No,Yes,22433594.65
HP-01792,Beylikduzu,Apartment,60.8,2,1,7,9,19,Natural_Gas,Semi_Furnished,1,0,Yes,Nature,6.58,1.45,Yes,No,2262797.43
HP-01793,Cankaya,Apartment,155.1,5,2,9,10,18,Heat_Pump,Furnished,1,3,No,Street,5.36,2.05,Yes,Yes,14555131.09
HP-01794,Atasehir,Apartment,176.8,5,2,17,0,10,Central,Semi_Furnished,2,0,No,City,5.13,0.84,Yes,Yes,10503895.00
HP-01795,Atasehir,Detached,223.6,6,2,0,0,10,Natural_Gas,Unfurnished,0,1,No,Street,5.23,0.84,Yes,No,18931096.74
HP-01796,Atasehir,Detached,119.6,3,1,0,0,3,Electric,Unfurnished,1,0,No,City,4.01,0.27,Yes,No,11102996.69
HP-01797,Beylikduzu,Residence,88.6,3,1,43,14,17,Natural_Gas,Semi_Furnished,0,1,No,City,7.28,3.02,Yes,Yes,2742833.59
HP-01798,Besiktas,Apartment,90.6,3,1,40,0,9,Heat_Pump,Semi_Furnished,1,0,Yes,Nature,,1.21,No,No,6473653.28
HP-01799,Nilufer,Apartment,132.7,4,2,13,2,10,Natural_Gas,Semi_Furnished,1,1,Yes,City,8.28,,Yes,No,4874342.04
HP-01800,Atasehir,Apartment,71.2,2,1,15,27,31,Electric,Semi_Furnished,2,1,No,City,11.96,0.48,Yes,Yes,3767271.23
HP-01801,Karsiyaka,Residence,104.8,3,1,7,,10,Natural_Gas,Semi_Furnished,2,3,No,Sea,4.26,0.62,Yes,Yes,9468938.60
HP-01802,Besiktas,Apartment,77.6,3,1,51,27,40,Natural_Gas,Semi_Furnished,1,0,No,Park,2.46,1.31,Yes,Yes,5888604.10
HP-01803,Cankaya,Apartment,192.3,6,2,17,28,30,Central,Semi_Furnished,1,2,Yes,Street,4.85,1.03,Yes,No,8567112.59
HP-01804,Nilufer,Villa,247.5,8,3,2,0,9,Natural_Gas,Furnished,1,1,Yes,Street,11.87,0.90,Yes,No,17212391.63
HP-01805,Uskudar,Residence,81.9,2,1,23,2,10,Natural_Gas,Semi_Furnished,0,0,No,City,1.91,0.81,No,Yes,4898937.68
HP-01806,Cankaya,Villa,158.5,5,2,2,0,13,Natural_Gas,Semi_Furnished,1,1,No,Nature,4.41,0.48,Yes,No,11813749.71
HP-01807,Sisli,Villa,304.7,8,3,38,0,2,Natural_Gas,Semi_Furnished,1,1,Yes,Street,14.47,2.35,Yes,No,21826892.62
HP-01808,Atasehir,Detached,318.3,8,3,5,0,13,Natural_Gas,Semi_Furnished,1,0,No,Nature,0.22,1.25,Yes,Yes,26690883.27
HP-01809,Sisli,Apartment,138.9,5,2,15,1,3,Natural_Gas,Unfurnished,1,1,No,City,3.08,0.95,Yes,No,9006781.31
HP-01810,Karsiyaka,Residence,162.9,4,2,7,11,18,Natural_Gas,Semi_Furnished,1,3,Yes,Street,0.10,0.91,Yes,No,11615195.03
HP-01811,Besiktas,Detached,192.1,6,2,12,0,12,Central,Unfurnished,1,1,No,Nature,4.49,,Yes,No,21211840.53
HP-01812,Nilufer,Apartment,144.4,4,1,2,24,31,Central,Unfurnished,0,0,No,Street,2.07,0.41,No,Yes,5883232.18
HP-01813,Karsiyaka,Apartment,152.6,5,2,1,11,13,Natural_Gas,Semi_Furnished,1,0,No,Park,10.76,1.28,No,Yes,9340524.94
HP-01814,Cankaya,Apartment,35.0,1,1,10,20,23,Natural_Gas,Unfurnished,1,1,Yes,City,1.58,0.88,No,No,1603506.44
HP-01815,Nilufer,Apartment,175.2,6,3,6,19,28,Natural_Gas,Unfurnished,0,1,Yes,Park,2.32,0.19,Yes,No,7830519.85
HP-01816,Cankaya,Apartment,207.3,5,2,5,19,32,Natural_Gas,Unfurnished,1,1,Yes,Street,1.78,3.88,No,Yes,10957870.16
HP-01817,Karsiyaka,Villa,171.7,6,2,13,0,10,Natural_Gas,Unfurnished,2,1,Yes,City,10.73,0.32,Yes,Yes,11809535.83
HP-01818,Atasehir,Apartment,155.3,5,2,1,8,14,Natural_Gas,Unfurnished,1,1,No,Street,1.80,0.98,Yes,Yes,14805425.01
HP-01819,Beylikduzu,Detached,274.7,7,2,4,0,11,Central,Semi_Furnished,1,,No,Street,1.40,0.27,No,No,14888997.76
HP-01820,Cankaya,Apartment,184.8,5,2,50,9,13,Natural_Gas,Semi_Furnished,1,1,Yes,City,12.42,1.25,No,No,6071699.72
HP-01821,Cankaya,Apartment,85.4,2,1,2,26,32,Natural_Gas,Unfurnished,1,0,Yes,Street,2.86,1.29,No,No,4764658.12
HP-01822,Konyaalti,Apartment,188.0,5,2,0,11,20,Natural_Gas,Semi_Furnished,3,1,Yes,Street,1.91,0.09,Yes,Yes,28178135.78
HP-01823,Karsiyaka,Apartment,86.7,2,1,3,6,15,Central,Unfurnished,1,2,No,Park,1.92,0.38,Yes,Yes,4801799.62
HP-01824,Sisli,Apartment,135.1,4,1,19,6,17,Natural_Gas,Semi_Furnished,1,1,No,Street,,0.17,No,No,28512935.46
HP-01825,Beylikduzu,Apartment,92.8,3,1,24,15,18,Natural_Gas,Semi_Furnished,1,3,No,Street,3.57,0.82,Yes,No,2936951.97
HP-01826,Kadikoy,Residence,120.7,4,2,6,22,24,Natural_Gas,Unfurnished,1,2,No,Street,10.71,0.46,Yes,No,8276719.94
HP-01827,Uskudar,Detached,147.2,5,2,10,0,5,Heat_Pump,Semi_Furnished,1,1,No,Street,1.87,0.69,Yes,Yes,11193723.38
HP-01828,Sisli,Detached,174.0,6,2,14,0,13,Natural_Gas,Semi_Furnished,0,2,Yes,Street,6.98,0.35,Yes,No,14028756.22
HP-01829,Kadikoy,Apartment,852.7,12,4,5,21,28,Electric,Unfurnished,2,2,Yes,Street,12.57,1.52,Yes,Yes,68969778.97
HP-01830,Uskudar,Detached,226.4,7,3,20,0,7,Natural_Gas,Unfurnished,3,1,Yes,City,13.93,1.17,No,Yes,13120903.09
HP-01831,Atasehir,Residence,109.6,3,1,3,21,34,Natural_Gas,Unfurnished,1,1,Yes,Nature,2.86,2.10,No,Yes,9917055.18
HP-01832,Sisli,Detached,169.9,5,2,18,0,10,Natural_Gas,Furnished,0,1,Yes,Nature,6.57,0.91,Yes,Yes,12840673.12
HP-01833,Karsiyaka,Apartment,102.1,2,1,7,6,13,Natural_Gas,Furnished,3,1,No,Park,5.20,0.41,Yes,No,5848607.17
HP-01834,Sisli,Apartment,35.0,1,1,9,25,30,Heat_Pump,Unfurnished,1,1,Yes,Nature,5.67,2.82,Yes,No,2285473.70
HP-01835,Nilufer,Residence,80.4,2,1,15,22,28,Central,Semi_Furnished,0,1,No,Park,10.96,0.50,No,Yes,3750967.03
HP-01836,Nilufer,Detached,150.9,4,1,9,0,2,Natural_Gas,Semi_Furnished,1,1,No,Sea,3.97,0.30,Yes,No,8435172.67
HP-01837,Besiktas,Apartment,,2,1,75,21,27,Natural_Gas,Unfurnished,1,3,No,City,1.49,0.19,No,No,3516475.41
HP-01838,Kadikoy,Apartment,79.0,2,1,0,13,16,Natural_Gas,Unfurnished,0,0,No,Nature,2.90,0.47,Yes,No,9178929.58
HP-01839,Besiktas,Residence,108.4,3,1,,10,22,Natural_Gas,Unfurnished,2,1,No,City,7.99,0.97,Yes,No,10978685.17
HP-01840,Kadikoy,Apartment,,5,2,5,14,27,Natural_Gas,Unfurnished,1,1,Yes,Sea,10.36,0.97,Yes,No,23523148.25
HP-01841,Karsiyaka,Apartment,52.2,1,1,4,0,7,Natural_Gas,Furnished,1,1,No,Sea,4.43,0.59,No,No,3455116.36
HP-01842,Atasehir,Detached,303.5,9,4,30,0,5,Natural_Gas,Unfurnished,2,1,Yes,City,9.93,3.53,Yes,No,23996731.83
HP-01843,Karsiyaka,Apartment,47.1,2,1,11,15,27,Natural_Gas,Semi_Furnished,1,2,No,Park,2.88,,No,No,2249707.13
HP-01844,Nilufer,Apartment,115.5,4,2,13,14,24,Heat_Pump,Semi_Furnished,1,1,Yes,Street,6.21,0.32,No,No,4070128.05
HP-01845,Kadikoy,Residence,66.7,2,1,44,8,12,Natural_Gas,Furnished,2,2,No,Street,5.57,0.37,Yes,No,4084686.87
HP-01846,Sisli,Apartment,112.1,3,1,26,9,13,Central,Unfurnished,2,1,No,Sea,6.82,0.92,Yes,Yes,8719940.62
HP-01847,Kadikoy,Apartment,217.4,5,2,5,6,8,Electric,Semi_Furnished,0,3,No,City,2.77,0.70,Yes,No,18885365.19
HP-01848,Kadikoy,Apartment,117.1,3,1,37,15,19,Natural_Gas,Unfurnished,1,2,No,Nature,1.76,1.49,Yes,No,7783380.67
HP-01849,Uskudar,Residence,54.4,2,1,6,28,38,Natural_Gas,Unfurnished,3,1,Yes,Street,2.18,1.10,No,Yes,4391989.91
HP-01850,Sisli,Apartment,134.8,3,1,6,12,15,Central,Semi_Furnished,1,2,Yes,Nature,,2.61,No,Yes,9187196.29
HP-01851,Konyaalti,Apartment,69.2,2,1,28,7,19,Electric,Unfurnished,1,1,No,Nature,3.47,1.99,Yes,No,3168264.21
HP-01852,Cankaya,Apartment,66.4,2,1,20,11,13,Natural_Gas,Furnished,1,1,Yes,City,6.40,1.33,Yes,Yes,2809309.46
HP-01853,Nilufer,Detached,262.3,8,3,5,0,13,Central,Unfurnished,2,2,No,Street,13.06,0.41,Yes,Yes,10822001.45
HP-01854,Kadikoy,Apartment,68.1,2,1,1,0,8,Natural_Gas,Semi_Furnished,1,0,No,Street,8.73,0.59,No,No,4763724.11
HP-01855,Beylikduzu,Apartment,259.1,9,3,13,2,6,Heat_Pump,Unfurnished,1,2,Yes,Park,4.48,1.65,No,Yes,9209576.90
HP-01856,Beylikduzu,Apartment,221.3,6,2,37,28,32,Natural_Gas,Semi_Furnished,1,1,No,Nature,3.44,0.68,Yes,No,5495814.21
HP-01857,Sisli,Residence,195.0,5,2,3,12,25,Natural_Gas,Unfurnished,1,1,Yes,City,12.27,1.92,Yes,Yes,19684312.26
HP-01858,Karsiyaka,Apartment,242.7,8,4,23,20,30,Central,Unfurnished,1,0,No,Nature,6.86,0.96,Yes,No,12769682.53
HP-01859,Atasehir,Apartment,152.2,4,1,7,22,30,Central,Semi_Furnished,1,1,No,Park,6.88,1.35,No,Yes,10110160.37
HP-01860,Kadikoy,Detached,78.9,3,1,13,0,4,Natural_Gas,Unfurnished,1,2,Yes,Park,6.45,0.77,Yes,No,7141291.58
HP-01861,Karsiyaka,Apartment,109.1,3,1,2,14,24,Electric,Semi_Furnished,1,2,No,City,8.23,,Yes,Yes,5706080.30
HP-01862,Kadikoy,Apartment,88.5,2,1,7,0,8,Electric,Unfurnished,1,2,No,Sea,3.51,1.66,Yes,No,8755260.53
HP-01863,Karsiyaka,Apartment,147.0,4,1,16,26,38,Central,Unfurnished,1,1,Yes,City,5.39,0.76,Yes,No,7071748.59
HP-01864,Cankaya,Detached,197.7,6,2,3,0,7,Natural_Gas,Furnished,2,4,No,City,4.56,2.19,Yes,No,11401305.88
HP-01865,Cankaya,Detached,243.3,6,2,64,0,2,Natural_Gas,Semi_Furnished,1,1,Yes,Nature,6.97,2.44,Yes,Yes,9950816.44
HP-01866,Karsiyaka,Apartment,109.9,3,1,0,22,30,Natural_Gas,Semi_Furnished,0,2,No,City,6.70,1.24,Yes,No,6304001.82
HP-01867,Kadikoy,Residence,116.6,3,1,9,7,18,Natural_Gas,Semi_Furnished,0,1,No,Sea,5.22,0.63,Yes,Yes,22956422.17
HP-01868,Kadikoy,Apartment,65.4,2,1,11,25,34,Natural_Gas,Unfurnished,1,0,Yes,Street,1.79,0.96,Yes,No,5285589.48
HP-01869,Atasehir,Apartment,72.5,2,1,0,14,18,,Furnished,1,2,No,Park,3.20,2.09,Yes,Yes,4315850.98
HP-01870,Uskudar,Apartment,156.2,5,2,16,3,16,Natural_Gas,Semi_Furnished,2,2,Yes,Nature,4.78,,No,Yes,11332291.59
HP-01871,Sisli,Apartment,80.0,3,1,13,3,9,Natural_Gas,Semi_Furnished,1,1,No,Park,12.25,0.54,No,Yes,4315941.18
HP-01872,Uskudar,Apartment,,5,2,8,18,28,Coal,Unfurnished,1,3,No,Street,3.57,0.68,Yes,No,12571878.35
HP-01873,Sisli,Detached,153.8,5,2,43,0,12,Natural_Gas,Semi_Furnished,1,2,No,Park,4.19,0.10,Yes,No,9963986.81
HP-01874,Kadikoy,Apartment,79.9,2,1,14,28,38,Coal,Furnished,1,1,No,Nature,2.55,1.73,No,Yes,5406814.51
HP-01875,Konyaalti,Apartment,78.3,2,1,4,8,20,Natural_Gas,Unfurnished,1,1,Yes,City,13.28,0.47,Yes,Yes,4075998.78
HP-01876,Nilufer,Townhouse,291.0,8,3,37,18,31,Natural_Gas,Unfurnished,2,0,Yes,Street,14.54,1.51,No,No,8964417.71
HP-01877,Kadikoy,Apartment,135.4,3,1,0,4,8,Natural_Gas,Unfurnished,1,1,Yes,Street,10.02,0.66,Yes,Yes,11479057.75
HP-01878,Uskudar,Apartment,50.4,1,1,11,17,25,,Unfurnished,1,2,Yes,Sea,7.05,1.21,No,Yes,3332522.47
HP-01879,Uskudar,Apartment,35.0,1,1,6,18,25,Natural_Gas,Furnished,0,2,No,Sea,4.83,1.46,Yes,No,2858631.00
HP-01880,Cankaya,Apartment,134.1,3,,25,24,26,Coal,Furnished,0,0,Yes,Street,13.66,0.48,Yes,Yes,5895441.56
HP-01881,Uskudar,Apartment,110.2,3,1,3,24,28,Heat_Pump,Unfurnished,1,1,No,Street,4.50,2.80,No,No,7607295.96
HP-01882,Kadikoy,Residence,111.9,3,1,9,1,3,Electric,Semi_Furnished,2,2,No,Nature,1.21,0.76,Yes,Yes,11922116.73
HP-01883,Konyaalti,Apartment,157.6,4,2,7,7,11,Natural_Gas,Semi_Furnished,1,2,No,Street,3.63,1.39,Yes,No,6588175.27
HP-01884,Uskudar,Apartment,213.2,6,3,6,13,21,Natural_Gas,Unfurnished,1,0,Yes,Street,1.72,1.80,Yes,Yes,12686266.94
HP-01885,Kadikoy,Apartment,190.7,5,2,59,23,28,Natural_Gas,Unfurnished,1,2,No,City,0.77,1.70,Yes,Yes,10421123.04
HP-01886,Karsiyaka,Residence,178.9,5,2,2,17,28,Natural_Gas,Unfurnished,1,2,No,Street,16.44,1.18,Yes,No,9958944.71
HP-01887,Beylikduzu,Apartment,189.5,5,2,11,26,28,Central,Unfurnished,1,1,No,Nature,5.42,2.40,Yes,No,7401571.01
HP-01888,Kadikoy,Detached,281.7,10,4,24,0,4,Heat_Pump,Unfurnished,1,2,Yes,Street,9.16,1.49,Yes,No,58566771.69
HP-01889,Beylikduzu,Apartment,144.8,5,2,26,26,36,Natural_Gas,Semi_Furnished,1,1,Yes,Park,6.64,0.72,Yes,Yes,5372974.22
HP-01890,Cankaya,Apartment,111.0,3,1,35,23,30,Natural_Gas,Semi_Furnished,0,1,No,Park,3.31,1.07,Yes,No,4621599.32
HP-01891,Sisli,Apartment,73.4,2,1,12,19,26,Central,Furnished,0,0,Yes,City,3.11,0.26,Yes,No,4157588.95
HP-01892,Beylikduzu,Apartment,35.0,1,1,24,9,12,Natural_Gas,Unfurnished,0,0,No,City,0.69,0.87,No,No,1226314.83
HP-01893,Atasehir,Apartment,123.3,3,1,0,8,15,Natural_Gas,Unfurnished,0,2,No,City,11.03,0.49,Yes,Yes,7437919.43
HP-01894,Sisli,Apartment,92.9,3,1,15,2,12,Natural_Gas,Unfurnished,1,2,Yes,Nature,1.51,0.83,Yes,No,7403603.31
HP-01895,Beylikduzu,Apartment,101.6,2,1,3,1,4,Natural_Gas,Furnished,2,0,No,City,2.61,0.32,Yes,Yes,4196611.67
HP-01896,Sisli,Apartment,124.8,4,2,17,0,8,Central,Semi_Furnished,1,2,Yes,City,1.94,0.56,Yes,No,9485196.15
HP-01897,Besiktas,Apartment,207.5,7,3,19,28,39,Central,Semi_Furnished,0,1,Yes,Street,7.32,0.73,Yes,No,19511992.18
HP-01898,Konyaalti,Apartment,67.8,2,1,29,26,30,Electric,Semi_Furnished,2,2,Yes,Park,9.06,1.08,Yes,No,3913261.71
HP-01899,Sisli,Detached,242.7,6,2,19,0,13,Natural_Gas,Semi_Furnished,2,2,Yes,Street,2.22,0.48,Yes,Yes,20344880.12
HP-01900,Konyaalti,Detached,164.3,5,2,22,0,8,Electric,Unfurnished,1,1,Yes,Nature,5.81,0.78,Yes,No,10625328.85
HP-01901,Beylikduzu,Apartment,165.6,4,2,2,17,25,Natural_Gas,Semi_Furnished,2,1,No,Park,5.09,,Yes,No,7168147.31
HP-01902,Cankaya,Residence,118.9,3,1,2,27,40,Natural_Gas,Unfurnished,2,2,Yes,Street,6.97,0.95,Yes,Yes,8734214.73
HP-01903,Atasehir,Residence,121.3,3,1,4,14,21,Natural_Gas,Unfurnished,1,2,No,Street,2.61,0.69,Yes,Yes,7839610.46
HP-01904,Uskudar,Detached,,4,2,5,0,5,Coal,Semi_Furnished,2,3,No,Nature,8.57,0.64,Yes,No,11056395.08
HP-01905,Karsiyaka,Apartment,156.6,4,2,32,9,20,Natural_Gas,Unfurnished,0,2,Yes,City,4.04,1.57,Yes,Yes,6847999.78
HP-01906,Atasehir,Apartment,66.7,2,1,10,6,19,Heat_Pump,Unfurnished,0,1,Yes,Street,14.22,1.50,No,No,3528761.68
HP-01907,Atasehir,Detached,192.5,5,2,4,0,11,Natural_Gas,Semi_Furnished,1,2,No,Street,7.62,2.03,No,Yes,13089465.38
HP-01908,Uskudar,Detached,175.6,5,2,14,0,3,Natural_Gas,Semi_Furnished,1,1,Yes,Nature,6.63,1.03,Yes,Yes,14259841.70
HP-01909,Atasehir,Apartment,163.3,4,1,36,10,21,Natural_Gas,Semi_Furnished,0,0,No,City,5.43,4.58,No,Yes,6392105.77
HP-01910,Besiktas,Townhouse,151.0,4,2,11,3,7,Natural_Gas,Semi_Furnished,2,1,No,City,,4.82,Yes,Yes,16625690.27
HP-01911,Konyaalti,Residence,42.6,1,1,2,1,5,Natural_Gas,Furnished,0,1,No,City,11.46,1.39,No,Yes,2623945.99
HP-01912,Atasehir,Apartment,133.1,5,2,16,2,9,Electric,Unfurnished,1,2,No,City,1.42,0.69,Yes,Yes,7601029.06
HP-01913,Besiktas,Residence,140.2,3,1,,12,25,Natural_Gas,Semi_Furnished,0,1,Yes,Nature,6.15,1.59,No,No,17210780.41
HP-01914,Uskudar,Apartment,,2,1,48,13,18,Central,Unfurnished,0,0,Yes,Nature,7.32,1.29,No,Yes,2959242.81
HP-01915,Nilufer,Detached,255.5,9,3,1,0,8,Electric,Unfurnished,2,1,No,City,7.26,0.90,Yes,Yes,14123159.61
HP-01916,Sisli,Detached,144.2,4,2,19,0,12,Natural_Gas,Unfurnished,0,0,Yes,Street,,0.68,Yes,Yes,9888458.49
HP-01917,Uskudar,Apartment,147.3,5,2,58,25,32,Natural_Gas,Unfurnished,0,2,No,City,11.68,0.42,Yes,No,6684167.25
HP-01918,Nilufer,Residence,109.7,3,1,1,24,35,Heat_Pump,Unfurnished,0,1,No,City,1.92,1.55,Yes,No,5779699.08
HP-01919,Kadikoy,Apartment,149.1,4,1,47,28,36,Electric,Unfurnished,0,1,Yes,Park,2.91,0.34,No,No,11344198.31
HP-01920,Nilufer,Residence,62.4,2,1,9,5,12,Central,Semi_Furnished,0,1,No,City,4.35,1.26,Yes,Yes,2246707.97
HP-01921,Cankaya,Villa,197.1,5,2,27,0,7,Natural_Gas,Unfurnished,0,2,No,Sea,5.75,0.98,Yes,No,15915000.01
HP-01922,Besiktas,Apartment,151.7,5,2,,14,20,Electric,Furnished,2,1,No,Street,11.98,3.15,Yes,No,9442071.70
HP-01923,Nilufer,Residence,189.0,6,2,14,4,14,Natural_Gas,Unfurnished,2,2,Yes,Street,0.66,0.64,No,Yes,9707174.67
HP-01924,Atasehir,Apartment,153.8,4,2,14,4,12,Natural_Gas,Semi_Furnished,0,2,No,City,6.91,2.99,No,Yes,8276001.51
HP-01925,Cankaya,Apartment,121.9,3,1,14,11,16,Electric,Semi_Furnished,1,1,No,Street,5.71,0.39,Yes,Yes,5695401.38
HP-01926,Karsiyaka,Apartment,,4,1,16,9,15,Natural_Gas,Unfurnished,0,2,Yes,Street,5.41,1.46,Yes,No,6008851.14
HP-01927,Konyaalti,Apartment,139.6,4,2,13,24,35,Central,Semi_Furnished,0,2,No,Park,0.25,1.46,No,No,7632328.79
HP-01928,Sisli,Apartment,224.8,5,2,29,16,28,Natural_Gas,Semi_Furnished,1,0,No,Street,0.92,1.90,Yes,Yes,14245998.93
HP-01929,Konyaalti,Residence,162.1,5,2,16,3,13,Natural_Gas,Semi_Furnished,1,1,Yes,Street,5.72,0.40,No,Yes,13008520.05
HP-01930,Konyaalti,Detached,122.1,3,1,1,0,9,Heat_Pump,Furnished,0,1,No,Park,4.37,0.77,No,Yes,8317337.95
HP-01931,Karsiyaka,Apartment,144.7,4,1,5,21,24,Central,Semi_Furnished,1,1,No,Nature,17.21,2.50,No,Yes,6470524.83
HP-01932,Atasehir,Apartment,280.0,9,3,49,22,26,Natural_Gas,Semi_Furnished,2,2,No,Park,9.18,0.29,Yes,Yes,15263858.82
HP-01933,Beylikduzu,Apartment,137.9,3,1,18,7,14,Natural_Gas,Unfurnished,1,1,Yes,Nature,1.24,,Yes,Yes,5969367.93
HP-01934,Atasehir,Apartment,134.2,4,2,35,15,21,Natural_Gas,Unfurnished,1,1,Yes,Street,2.77,0.95,Yes,No,6084344.04
HP-01935,Kadikoy,Apartment,79.8,3,1,10,25,33,Natural_Gas,Furnished,0,1,No,Street,15.75,1.09,No,No,3804921.11
HP-01936,Atasehir,Residence,230.5,7,3,6,1,10,Natural_Gas,Semi_Furnished,2,1,No,Nature,4.87,0.35,Yes,Yes,20566009.99
HP-01937,Sisli,Apartment,146.8,4,2,27,24,30,Natural_Gas,Semi_Furnished,0,0,Yes,Street,4.82,0.71,No,Yes,9671739.41
HP-01938,Kadikoy,Townhouse,252.9,6,2,13,27,29,Natural_Gas,Semi_Furnished,2,3,No,Nature,3.77,0.75,No,Yes,22915308.46
HP-01939,Karsiyaka,Detached,250.3,8,,9,0,10,Electric,Semi_Furnished,2,3,Yes,Sea,5.30,1.02,Yes,No,23631370.16
HP-01940,Besiktas,Apartment,169.4,6,3,13,1,5,Natural_Gas,Semi_Furnished,1,1,No,Nature,4.10,0.22,Yes,No,19408750.80
HP-01941,Kadikoy,Apartment,35.0,1,1,16,16,19,Electric,Furnished,2,1,Yes,Park,5.53,0.75,Yes,No,2547416.19
HP-01942,Nilufer,Apartment,106.6,3,1,25,20,28,Central,Unfurnished,1,1,Yes,City,4.30,2.86,Yes,No,4709757.34
HP-01943,Nilufer,Apartment,138.8,4,1,0,3,10,Central,Unfurnished,1,0,Yes,Sea,,2.28,Yes,Yes,8239111.05
HP-01944,Kadikoy,Apartment,146.5,4,1,19,0,9,Natural_Gas,Unfurnished,3,2,Yes,Street,5.11,1.58,Yes,No,11233128.33
HP-01945,Kadikoy,Apartment,255.0,6,3,1,11,17,Central,Unfurnished,1,1,No,Sea,6.11,0.68,Yes,Yes,32196564.93
HP-01946,Besiktas,Apartment,150.9,4,1,6,5,10,Electric,Furnished,1,2,No,Sea,1.42,0.82,Yes,No,17134678.35
HP-01947,Kadikoy,Apartment,119.0,4,1,43,11,17,Central,Unfurnished,0,1,No,Park,2.99,0.98,No,Yes,6634857.69
HP-01948,Kadikoy,Residence,104.0,3,1,10,,14,Natural_Gas,Semi_Furnished,1,1,Yes,Park,8.53,0.38,No,Yes,10605277.06
HP-01949,Sisli,Villa,211.7,5,2,54,0,11,Electric,Semi_Furnished,1,2,Yes,Street,4.06,2.03,No,Yes,15454018.43
HP-01950,Karsiyaka,Apartment,114.5,4,2,10,27,31,Natural_Gas,Unfurnished,1,2,No,Sea,4.46,0.49,Yes,No,7044045.36
HP-01951,Atasehir,Residence,78.5,2,1,4,17,24,Natural_Gas,Unfurnished,1,1,Yes,Park,11.89,1.54,Yes,Yes,5897164.93
HP-01952,Besiktas,Apartment,145.9,4,2,4,24,27,Electric,Furnished,0,1,No,Nature,11.93,1.10,Yes,No,11416421.58
HP-01953,Kadikoy,Apartment,35.0,1,1,9,2,9,Natural_Gas,Unfurnished,1,1,Yes,City,3.26,1.56,Yes,No,2244504.01
HP-01954,Karsiyaka,Townhouse,709.6,12,5,75,6,19,Heat_Pump,Semi_Furnished,1,0,Yes,Street,3.46,0.33,No,No,29600349.37
HP-01955,Konyaalti,Apartment,171.1,5,2,31,3,13,Coal,Furnished,1,2,No,Nature,2.85,1.95,Yes,No,7990651.35
HP-01956,Uskudar,Residence,121.5,3,1,44,20,27,Central,Furnished,1,0,Yes,City,7.09,0.38,No,Yes,6762966.71
HP-01957,Kadikoy,Apartment,197.3,6,2,1,17,20,Natural_Gas,Unfurnished,1,1,Yes,City,5.77,0.60,Yes,No,18575617.45
HP-01958,Kadikoy,Apartment,162.2,5,2,2,18,25,Heat_Pump,Semi_Furnished,2,0,No,Street,6.26,1.30,No,Yes,11698621.48
HP-01959,Konyaalti,Detached,308.5,11,3,35,0,6,Central,Semi_Furnished,1,0,No,Street,2.13,1.22,Yes,No,14585041.76
HP-01960,Konyaalti,Residence,172.7,6,3,11,3,7,Natural_Gas,Unfurnished,0,1,Yes,Nature,12.53,0.65,Yes,No,11744010.22
HP-01961,Kadikoy,Residence,232.7,6,2,1,1,3,,Furnished,1,0,No,Nature,6.11,,Yes,No,20489300.71
HP-01962,Cankaya,Apartment,68.1,2,1,55,4,17,Central,Furnished,1,2,No,Street,0.75,,Yes,Yes,2073958.05
HP-01963,Besiktas,Apartment,108.7,3,1,0,11,18,,Semi_Furnished,0,2,Yes,City,3.98,0.48,No,No,12678997.60
HP-01964,Uskudar,Residence,103.4,3,1,1,23,30,Natural_Gas,Unfurnished,1,0,Yes,Street,4.39,2.24,Yes,Yes,8108840.83
HP-01965,Sisli,Apartment,113.8,3,1,15,25,36,Heat_Pump,Unfurnished,1,2,Yes,Street,7.77,1.37,Yes,Yes,9336755.03
HP-01966,Kadikoy,Apartment,162.7,4,1,34,2,8,Natural_Gas,Unfurnished,3,1,Yes,Street,2.65,1.49,Yes,Yes,11867368.38
HP-01967,Cankaya,Apartment,157.4,4,2,35,27,33,Electric,Unfurnished,2,1,Yes,Street,8.01,1.70,Yes,Yes,5703888.14
HP-01968,Kadikoy,Apartment,55.8,2,,17,27,35,Natural_Gas,Unfurnished,1,,No,Street,19.50,2.16,No,Yes,3418480.46
HP-01969,Uskudar,Apartment,239.6,8,,0,4,9,Central,Semi_Furnished,0,0,Yes,Street,4.23,1.18,Yes,Yes,16974956.56
HP-01970,Nilufer,Residence,141.7,4,1,24,27,29,Natural_Gas,Furnished,2,3,No,Street,3.91,2.22,No,No,5795136.74
HP-01971,Cankaya,Apartment,139.7,3,1,59,5,16,Natural_Gas,Furnished,2,1,Yes,Park,,0.74,Yes,No,5824477.74
HP-01972,Uskudar,Townhouse,161.8,5,2,43,6,10,Natural_Gas,Unfurnished,1,1,No,Street,2.48,0.79,Yes,No,7361209.77
HP-01973,Uskudar,Villa,169.0,5,2,,0,11,Central,Unfurnished,0,2,No,Street,6.86,0.21,Yes,Yes,12574228.36
HP-01974,Uskudar,Residence,71.0,2,1,42,11,14,Central,Unfurnished,1,1,No,Street,1.42,1.71,Yes,No,3603746.18
HP-01975,Cankaya,Apartment,81.2,2,1,6,10,18,Central,Furnished,1,1,Yes,Nature,4.88,0.18,No,Yes,4579920.25
HP-01976,Atasehir,Apartment,123.9,3,1,25,20,26,Natural_Gas,Unfurnished,2,0,No,Street,8.80,0.59,No,No,5798715.11
HP-01977,Sisli,Apartment,116.6,4,2,12,15,17,Coal,Unfurnished,2,0,No,Street,2.21,0.74,Yes,No,9708657.89
HP-01978,Besiktas,Townhouse,70.3,2,1,10,,37,,Furnished,0,1,No,Sea,14.80,1.06,Yes,Yes,6371561.32
HP-01979,Besiktas,Residence,93.5,2,1,4,14,22,Natural_Gas,Unfurnished,2,1,Yes,Street,2.25,0.58,No,No,11196031.91
HP-01980,Kadikoy,Apartment,164.3,5,2,0,26,33,Natural_Gas,Furnished,2,2,No,City,3.66,1.79,Yes,No,14884108.85
HP-01981,Sisli,Apartment,89.1,3,1,4,23,26,Heat_Pump,Semi_Furnished,1,2,No,Street,4.27,1.26,Yes,No,5162143.19
HP-01982,Nilufer,Apartment,137.6,4,2,15,14,22,Natural_Gas,Furnished,0,1,No,Park,4.41,0.08,Yes,No,5087602.93
HP-01983,Nilufer,Residence,249.1,6,2,37,28,31,Natural_Gas,Furnished,0,1,Yes,City,9.66,3.17,No,No,9970934.75
HP-01984,Karsiyaka,Apartment,188.2,5,2,67,13,23,Central,Unfurnished,0,1,No,Street,7.44,0.50,Yes,Yes,6826455.42
HP-01985,Nilufer,Apartment,163.8,4,1,0,2,12,Central,Unfurnished,1,1,No,City,9.79,0.81,No,Yes,7270271.72
HP-01986,Besiktas,Apartment,116.4,3,1,20,28,33,Natural_Gas,Unfurnished,0,1,Yes,Nature,0.61,0.59,Yes,Yes,13166831.01
HP-01987,Uskudar,Apartment,95.1,3,1,5,14,27,Natural_Gas,Unfurnished,0,0,Yes,Nature,12.28,0.42,Yes,No,5933837.04
HP-01988,Konyaalti,Apartment,128.3,3,1,45,10,23,Heat_Pump,Semi_Furnished,1,1,No,City,4.28,0.31,Yes,Yes,6124176.60
HP-01989,Sisli,Apartment,141.4,4,1,10,6,13,Central,Semi_Furnished,1,1,Yes,Nature,7.73,0.66,Yes,No,11894695.51
HP-01990,Besiktas,Apartment,35.0,1,1,11,16,25,Natural_Gas,Unfurnished,0,0,No,Street,1.64,1.03,Yes,Yes,2657384.81
HP-01991,Cankaya,Apartment,35.0,1,1,7,18,20,Central,Unfurnished,1,1,Yes,City,2.88,1.15,No,No,1493847.27
HP-01992,Karsiyaka,Apartment,59.5,2,1,31,17,29,Natural_Gas,Semi_Furnished,1,0,Yes,Park,13.05,1.94,Yes,No,2339704.62
HP-01993,Uskudar,Townhouse,203.0,5,2,,10,17,Natural_Gas,Furnished,1,2,No,Street,6.41,0.39,No,Yes,13132380.29
HP-01994,Cankaya,Apartment,35.0,1,1,1,16,21,Natural_Gas,Semi_Furnished,2,2,Yes,Nature,7.88,1.03,Yes,No,2151999.90
HP-01995,Beylikduzu,Apartment,114.8,3,1,7,15,26,Natural_Gas,Semi_Furnished,0,2,Yes,City,8.76,0.30,Yes,No,4656951.19
HP-01996,Sisli,Apartment,105.3,3,1,28,5,13,Natural_Gas,Furnished,0,3,No,Park,7.45,0.86,No,Yes,7166029.07
HP-01997,Konyaalti,Detached,209.8,5,2,12,0,11,Natural_Gas,Semi_Furnished,1,1,Yes,Street,4.31,1.03,Yes,No,13129479.42
HP-01998,Uskudar,Apartment,124.5,4,2,1,8,16,Electric,Semi_Furnished,1,2,No,City,14.66,0.67,Yes,Yes,7609263.52
HP-01999,Beylikduzu,Apartment,42.0,1,1,2,8,10,Natural_Gas,Unfurnished,0,1,No,Sea,1.35,2.05,Yes,No,2128537.76
HP-02000,Cankaya,Apartment,122.1,4,1,10,14,18,Electric,Semi_Furnished,1,2,Yes,City,10.24,1.35,No,No,5078557.73
HP-02001,Sisli,Apartment,174.9,4,2,6,12,21,Heat_Pump,Unfurnished,0,1,Yes,Park,1.99,0.42,Yes,No,15867827.40
HP-02002,Kadikoy,Detached,,7,3,35,0,12,Heat_Pump,Unfurnished,0,1,No,Street,15.73,0.86,Yes,Yes,13852639.48
HP-02003,Atasehir,Apartment,126.2,3,1,2,23,33,Central,Unfurnished,2,1,Yes,Park,,0.96,Yes,No,11305152.40
HP-02004,Uskudar,Apartment,92.7,2,1,3,21,26,Central,Semi_Furnished,1,3,No,Park,6.30,0.42,Yes,Yes,7934588.56
HP-02005,Konyaalti,Detached,227.8,8,4,,0,4,Central,Furnished,0,1,Yes,City,8.20,1.26,Yes,Yes,12845662.41
HP-02006,Nilufer,Apartment,127.3,3,1,3,12,24,Coal,Semi_Furnished,1,1,Yes,City,3.69,0.44,Yes,No,6190239.41
HP-02007,Nilufer,Apartment,85.8,2,1,5,10,14,Coal,Semi_Furnished,1,2,No,Street,4.56,2.53,Yes,No,3447324.18
HP-02008,Atasehir,Apartment,178.9,6,2,2,27,32,Natural_Gas,Unfurnished,1,1,Yes,Street,5.04,0.74,No,Yes,11961243.01
HP-02009,Nilufer,Apartment,159.5,4,2,3,0,11,Central,Furnished,1,2,Yes,Street,7.21,4.55,Yes,No,7511922.36
HP-02010,Besiktas,Apartment,178.2,5,2,1,24,32,Natural_Gas,Semi_Furnished,1,2,Yes,Street,4.71,1.55,Yes,No,21338064.82
HP-02011,Konyaalti,Residence,,2,1,21,6,14,Heat_Pump,Semi_Furnished,1,4,Yes,City,6.02,0.73,No,Yes,6231503.55
HP-02012,Nilufer,Residence,77.8,3,1,41,24,31,Natural_Gas,Unfurnished,1,2,Yes,Nature,8.95,0.30,Yes,No,2741181.35
HP-02013,Nilufer,Villa,188.8,5,2,8,0,2,Electric,Semi_Furnished,1,1,Yes,City,8.31,1.13,Yes,No,11279355.61
HP-02014,Sisli,Detached,108.4,3,1,14,0,9,Natural_Gas,Furnished,0,4,No,Nature,4.16,3.49,Yes,No,7818010.81
HP-02015,Atasehir,Apartment,114.3,3,1,27,5,16,Natural_Gas,Unfurnished,0,1,No,Park,9.98,0.48,Yes,Yes,13282845.21
HP-02016,Sisli,Apartment,75.7,2,1,18,23,35,Central,Unfurnished,1,1,Yes,Street,2.26,0.93,Yes,No,5497920.14
HP-02017,Cankaya,Apartment,62.2,1,1,8,20,25,Natural_Gas,Semi_Furnished,2,1,Yes,Street,1.77,0.74,Yes,Yes,2571279.95
HP-02018,Cankaya,Apartment,227.5,8,3,16,15,27,Natural_Gas,Semi_Furnished,0,1,No,Park,5.98,0.45,Yes,No,10838862.62
HP-02019,Konyaalti,Apartment,71.6,2,1,2,6,19,Natural_Gas,Unfurnished,3,2,No,Street,4.81,1.39,Yes,No,4425170.92
HP-02020,Karsiyaka,Residence,35.0,1,1,30,12,18,Natural_Gas,Semi_Furnished,1,2,Yes,City,0.96,1.11,Yes,No,1958496.25
HP-02021,Kadikoy,Apartment,136.1,4,2,25,19,29,Natural_Gas,Unfurnished,0,0,Yes,Street,3.10,0.98,Yes,No,8912103.52
HP-02022,Sisli,Residence,146.5,4,1,24,26,35,Electric,Unfurnished,1,0,No,Street,3.50,2.81,Yes,No,12178834.12
HP-02023,Atasehir,Apartment,100.5,2,1,22,16,22,Central,Furnished,2,2,Yes,Street,4.49,0.47,Yes,Yes,6267820.61
HP-02024,Besiktas,Apartment,52.6,2,1,11,22,27,Heat_Pump,Semi_Furnished,2,1,Yes,Park,6.23,0.84,Yes,No,4463369.18
HP-02025,Karsiyaka,Apartment,129.7,4,2,0,14,21,Natural_Gas,Unfurnished,1,0,No,Street,3.11,2.08,Yes,No,7052867.78
HP-02026,Besiktas,Apartment,165.9,4,1,23,15,18,Natural_Gas,Unfurnished,0,,Yes,Park,2.37,2.34,Yes,No,17173579.16
HP-02027,Uskudar,Apartment,35.0,1,1,1,15,21,Coal,Furnished,1,1,Yes,Street,7.80,2.54,Yes,No,2029854.51
HP-02028,Sisli,Apartment,158.1,4,1,14,2,15,Heat_Pump,Semi_Furnished,0,3,No,Park,4.12,0.13,Yes,No,12533421.80
HP-02029,Sisli,Apartment,35.0,1,1,10,6,14,Natural_Gas,Semi_Furnished,1,1,No,Street,10.01,0.48,Yes,No,1982218.66
HP-02030,Konyaalti,Apartment,206.1,6,2,4,20,26,Heat_Pump,Furnished,1,2,Yes,Sea,3.70,,Yes,No,19739694.04
HP-02031,Konyaalti,Apartment,,3,1,0,13,20,Heat_Pump,Semi_Furnished,2,1,No,Street,12.17,0.26,Yes,Yes,5201807.95
HP-02032,Besiktas,Apartment,191.7,4,2,3,1,14,,Unfurnished,1,3,No,Nature,6.65,0.92,No,No,22211165.57
HP-02033,Besiktas,Villa,155.2,4,2,42,0,11,Natural_Gas,Semi_Furnished,1,0,Yes,Sea,2.71,0.21,Yes,Yes,23874697.89
HP-02034,Sisli,Apartment,266.0,6,2,64,5,15,Electric,Semi_Furnished,1,1,No,Street,6.93,2.62,No,No,12451443.95
HP-02035,Nilufer,Residence,147.0,4,2,6,22,31,Natural_Gas,Semi_Furnished,2,2,No,Street,2.57,1.83,Yes,Yes,6107269.86
HP-02036,Cankaya,Apartment,191.8,6,2,28,8,12,Heat_Pump,Semi_Furnished,1,0,Yes,Street,6.34,2.28,No,No,8012965.17
HP-02037,Sisli,Villa,169.9,5,2,28,0,3,Heat_Pump,Unfurnished,1,0,No,Nature,5.60,0.45,No,Yes,17097593.05
HP-02038,Cankaya,Residence,,2,1,3,7,9,Natural_Gas,Unfurnished,1,0,No,City,9.23,1.13,Yes,Yes,4987717.72
HP-02039,Nilufer,Villa,196.0,5,2,9,0,2,Electric,Unfurnished,1,0,No,Street,6.44,1.62,Yes,Yes,11146282.72
HP-02040,Cankaya,Residence,130.1,4,1,0,25,34,Natural_Gas,Furnished,0,1,Yes,Street,6.27,,Yes,Yes,7344638.76
HP-02041,Nilufer,Villa,143.5,4,2,22,0,12,,Unfurnished,1,0,Yes,Street,9.44,1.92,Yes,No,5776538.74
HP-02042,Cankaya,Apartment,179.6,5,2,8,7,11,Central,Unfurnished,0,2,No,Street,3.51,1.00,Yes,Yes,8439621.60
HP-02043,Atasehir,Apartment,182.9,6,2,6,27,36,Natural_Gas,Unfurnished,2,1,No,Street,5.04,1.53,No,No,8980544.11
HP-02044,Atasehir,Apartment,123.7,3,1,4,16,24,Natural_Gas,Unfurnished,2,1,Yes,Street,6.12,0.65,No,No,8447160.88
HP-02045,Atasehir,Apartment,35.0,1,1,6,21,28,Central,Furnished,1,1,No,City,1.95,0.34,No,No,2377266.01
HP-02046,Atasehir,Residence,103.6,2,1,5,12,25,Coal,Semi_Furnished,1,1,No,Street,9.90,1.23,Yes,No,6896178.20
HP-02047,Sisli,Apartment,132.3,4,1,34,10,16,Natural_Gas,Unfurnished,0,1,Yes,City,4.98,0.61,No,Yes,7766365.02
HP-02048,Konyaalti,Detached,174.2,5,2,9,0,2,Central,Unfurnished,1,1,No,Street,7.28,0.60,No,Yes,11086047.89
HP-02049,Sisli,Apartment,81.5,2,1,8,13,16,Coal,Unfurnished,1,2,No,Park,24.45,0.70,Yes,No,5818398.21
HP-02050,Uskudar,Townhouse,,6,3,30,11,21,Electric,Furnished,1,0,Yes,City,10.42,,Yes,Yes,16646980.65
HP-02051,Kadikoy,Apartment,,2,1,35,28,39,,Unfurnished,2,0,No,Street,3.21,0.07,No,Yes,7003838.57
HP-02052,Kadikoy,Apartment,113.4,4,2,0,1,10,Central,Semi_Furnished,0,2,No,Nature,4.85,0.68,Yes,Yes,10168284.28
HP-02053,Cankaya,Townhouse,156.6,4,1,3,0,7,Natural_Gas,Unfurnished,1,1,Yes,Nature,5.89,1.21,Yes,No,10500164.41
HP-02054,Beylikduzu,Residence,66.4,2,1,4,27,31,Central,Furnished,0,2,No,Street,8.43,0.84,Yes,No,2525256.16
HP-02055,Beylikduzu,Apartment,120.7,3,1,4,,2,Central,Unfurnished,2,1,Yes,Park,3.85,0.36,Yes,No,4751488.90
HP-02056,Konyaalti,Apartment,210.6,6,2,4,11,22,Central,Unfurnished,0,2,No,Street,11.45,1.76,Yes,Yes,9346519.10
HP-02057,Cankaya,Apartment,211.0,5,2,20,26,28,Natural_Gas,Furnished,0,1,No,Street,2.92,1.52,Yes,No,9284255.69
HP-02058,Cankaya,Apartment,152.4,4,1,1,6,16,Natural_Gas,Semi_Furnished,1,2,Yes,Street,2.65,1.28,Yes,No,8911911.49
HP-02059,Sisli,Detached,147.9,3,1,38,0,13,Electric,Semi_Furnished,3,1,No,Street,3.55,2.72,Yes,Yes,8558665.03
HP-02060,Sisli,Villa,229.5,6,2,31,0,4,Natural_Gas,Unfurnished,1,1,No,City,6.53,0.71,Yes,Yes,20664801.35
HP-02061,Beylikduzu,Apartment,241.2,7,3,36,20,24,Central,Unfurnished,1,2,Yes,Street,5.17,0.75,Yes,No,5689442.51
HP-02062,Uskudar,Apartment,104.7,3,1,17,2,10,Natural_Gas,Unfurnished,2,1,No,Street,4.95,2.39,Yes,No,5498690.68
HP-02063,Sisli,Villa,205.0,5,2,1,0,3,Central,Furnished,1,1,Yes,Sea,7.95,1.98,Yes,Yes,27438728.05
HP-02064,Cankaya,Residence,38.2,1,1,3,5,14,,Semi_Furnished,1,2,Yes,Nature,0.90,0.67,Yes,Yes,2382514.74
HP-02065,Beylikduzu,Apartment,155.1,5,2,1,23,36,Natural_Gas,Unfurnished,1,1,No,City,9.62,0.70,Yes,Yes,5343203.24
HP-02066,Atasehir,Apartment,166.8,5,2,36,19,22,Natural_Gas,Furnished,0,1,Yes,Street,5.42,1.77,No,Yes,27264194.26
HP-02067,Karsiyaka,Apartment,143.9,4,2,17,28,41,Natural_Gas,Semi_Furnished,1,2,No,City,2.78,2.45,Yes,Yes,7668015.23
HP-02068,Kadikoy,Apartment,,4,2,6,19,28,Heat_Pump,Unfurnished,1,1,No,Sea,1.81,0.77,Yes,Yes,16465052.10
HP-02069,Atasehir,Apartment,167.3,5,2,24,6,13,Coal,Unfurnished,0,1,Yes,Street,2.15,0.67,Yes,No,8484182.27
HP-02070,Beylikduzu,Apartment,158.7,4,,2,5,15,Natural_Gas,Unfurnished,1,2,Yes,Nature,6.52,1.44,No,Yes,7620123.97
HP-02071,Sisli,Apartment,35.0,1,1,17,20,31,Natural_Gas,Unfurnished,1,1,No,Park,5.30,1.36,No,No,2376671.49
HP-02072,Nilufer,Villa,,7,3,1,0,8,Central,Unfurnished,1,1,Yes,Street,4.00,1.06,No,No,11906299.66
HP-02073,Nilufer,Detached,234.6,6,2,7,,3,Natural_Gas,Semi_Furnished,2,1,Yes,Sea,5.28,1.18,Yes,Yes,17572871.19
HP-02074,Beylikduzu,Apartment,158.6,4,1,12,7,19,Natural_Gas,Semi_Furnished,1,0,No,Nature,5.92,0.75,Yes,No,5332153.24
HP-02075,Sisli,Apartment,65.3,2,1,10,12,19,Natural_Gas,Unfurnished,1,0,Yes,Nature,1.81,0.76,Yes,Yes,4316251.29
HP-02076,Beylikduzu,Villa,147.2,5,2,3,0,11,Natural_Gas,Semi_Furnished,2,1,Yes,City,9.99,0.85,Yes,Yes,8754209.91
HP-02077,Atasehir,Villa,268.1,7,3,0,0,6,Central,Unfurnished,2,1,Yes,Park,6.37,0.51,Yes,Yes,30701552.95
HP-02078,Cankaya,Apartment,79.7,2,1,,4,15,Natural_Gas,Unfurnished,1,2,No,Nature,13.87,0.30,Yes,Yes,3281681.80
HP-02079,Besiktas,Apartment,187.7,5,2,20,28,38,Natural_Gas,Unfurnished,2,1,Yes,Street,0.20,0.82,Yes,No,16644675.71
HP-02080,Uskudar,Apartment,82.5,2,1,3,10,12,Natural_Gas,Unfurnished,1,2,Yes,Park,5.19,1.40,Yes,Yes,6089591.04
HP-02081,Cankaya,Residence,141.2,4,2,11,18,25,Natural_Gas,Semi_Furnished,0,1,No,Nature,5.03,4.51,No,Yes,7173550.39
HP-02082,Atasehir,Apartment,144.9,4,1,22,0,9,Central,Furnished,0,2,Yes,Street,7.23,0.46,Yes,Yes,6446195.96
HP-02083,Beylikduzu,Detached,141.9,4,2,4,0,4,Central,Furnished,2,1,No,Street,6.00,0.24,Yes,No,6275965.30
HP-02084,Kadikoy,Residence,67.6,2,1,6,3,14,Heat_Pump,Semi_Furnished,0,1,No,Street,5.71,0.22,Yes,No,5444258.36
HP-02085,Karsiyaka,Residence,110.6,3,1,48,5,9,Natural_Gas,Semi_Furnished,1,2,No,Nature,8.61,0.73,No,Yes,3873764.78
HP-02086,Konyaalti,Townhouse,202.2,6,2,7,26,35,Natural_Gas,Unfurnished,1,0,No,Nature,,0.70,Yes,No,12512747.99
HP-02087,Beylikduzu,Residence,189.6,5,,7,23,32,Central,Unfurnished,1,2,Yes,Street,2.12,1.24,Yes,Yes,8685640.68
HP-02088,Uskudar,Apartment,81.1,2,1,13,4,10,Natural_Gas,Semi_Furnished,1,1,No,Nature,4.26,0.30,No,No,5102559.14
HP-02089,Cankaya,Apartment,,4,1,8,21,23,Central,Furnished,1,2,Yes,Sea,0.47,3.07,Yes,No,12477589.93
HP-02090,Beylikduzu,Detached,175.5,5,2,15,0,12,Central,Furnished,1,1,No,City,0.45,0.34,Yes,Yes,7628036.41
HP-02091,Besiktas,Apartment,175.3,5,2,0,14,22,Natural_Gas,Furnished,1,1,Yes,City,5.58,0.12,Yes,Yes,23473017.47
HP-02092,Sisli,Residence,96.1,3,1,0,3,5,Electric,Semi_Furnished,1,1,Yes,Street,13.22,2.80,No,No,9327342.13
HP-02093,Sisli,Villa,294.8,7,3,31,0,12,Natural_Gas,Semi_Furnished,1,2,No,Street,3.75,1.52,Yes,No,28962590.71
HP-02094,Atasehir,Residence,126.7,3,1,,6,18,Natural_Gas,Unfurnished,1,0,No,Park,3.20,0.20,No,Yes,7875885.42
HP-02095,Kadikoy,Apartment,113.4,4,2,9,21,25,Natural_Gas,Unfurnished,1,2,No,Park,8.60,0.89,Yes,Yes,10195816.21
HP-02096,Kadikoy,Apartment,158.0,4,2,57,23,31,Natural_Gas,Unfurnished,0,2,No,Sea,8.35,2.96,No,Yes,9421339.71
HP-02097,Atasehir,Apartment,149.1,5,2,75,26,31,Natural_Gas,Furnished,2,2,No,Street,2.07,0.16,Yes,Yes,7473077.56
HP-02098,Atasehir,Residence,,3,1,6,6,19,,Unfurnished,1,1,Yes,Street,5.72,0.96,Yes,Yes,7167559.59
HP-02099,Atasehir,Apartment,210.8,7,3,13,14,27,,Unfurnished,1,1,No,City,7.69,1.59,Yes,Yes,11546327.38
HP-02100,Uskudar,Residence,140.3,5,2,0,14,17,Natural_Gas,Unfurnished,0,1,Yes,Street,13.07,0.71,Yes,Yes,11084386.21
HP-02101,Sisli,Detached,219.0,7,2,11,0,9,Central,Unfurnished,0,1,No,Street,6.26,0.34,Yes,No,15375242.34
HP-02102,Beylikduzu,Apartment,161.5,5,2,2,2,7,Electric,Furnished,1,1,No,City,7.05,0.22,Yes,No,7044732.27
HP-02103,Kadikoy,Detached,228.3,6,2,16,0,12,Heat_Pump,Furnished,1,1,Yes,City,,1.02,Yes,Yes,15995728.00
HP-02104,Cankaya,Residence,77.9,2,1,31,9,17,Central,Unfurnished,0,1,Yes,Street,3.60,0.95,Yes,Yes,3566692.87
HP-02105,Sisli,Apartment,87.5,2,1,4,9,21,Natural_Gas,Furnished,0,1,Yes,City,5.21,3.48,Yes,No,6241618.29
HP-02106,Besiktas,Apartment,158.9,4,,15,28,35,Natural_Gas,Semi_Furnished,1,1,Yes,Nature,10.82,0.54,No,No,13534767.03
HP-02107,Beylikduzu,Residence,35.0,1,1,32,11,15,Coal,Unfurnished,1,2,No,Nature,5.59,0.20,Yes,Yes,1019541.05
HP-02108,Uskudar,Apartment,110.9,3,1,1,13,15,Natural_Gas,Unfurnished,2,1,No,Park,5.78,0.98,Yes,Yes,8601229.34
HP-02109,Atasehir,Townhouse,314.2,8,3,37,18,21,Natural_Gas,Unfurnished,1,0,Yes,Nature,5.57,2.42,Yes,Yes,23248923.11
HP-02110,Kadikoy,Residence,107.0,3,1,35,17,29,Electric,Semi_Furnished,0,1,Yes,Street,8.86,1.50,Yes,Yes,6307354.48
HP-02111,Beylikduzu,Detached,216.3,6,3,34,0,13,Natural_Gas,Unfurnished,0,0,Yes,Street,23.14,1.06,Yes,No,5239611.25
HP-02112,Atasehir,Apartment,127.9,3,1,12,18,24,Natural_Gas,Furnished,1,1,No,Sea,3.77,0.61,Yes,No,11253613.18
HP-02113,Besiktas,Apartment,60.8,2,1,3,3,5,Natural_Gas,Semi_Furnished,1,1,Yes,Nature,3.27,2.23,No,Yes,6783194.51
HP-02114,Uskudar,Apartment,175.3,6,2,40,6,8,Natural_Gas,Unfurnished,1,1,No,Street,4.09,0.28,No,Yes,9567473.44
HP-02115,Kadikoy,Residence,35.0,1,1,,8,14,Natural_Gas,Unfurnished,1,2,No,Street,9.28,1.34,Yes,No,2580875.76
HP-02116,Konyaalti,Detached,198.4,6,3,6,0,9,Natural_Gas,Furnished,1,1,Yes,Nature,4.36,0.30,Yes,Yes,15049988.78
HP-02117,Cankaya,Villa,145.5,3,1,13,0,13,Natural_Gas,Semi_Furnished,1,1,No,City,4.19,1.92,No,No,8145203.49
HP-02118,Kadikoy,Apartment,62.9,2,,21,28,38,Natural_Gas,Unfurnished,1,0,No,Nature,2.30,0.32,No,No,4366618.05
HP-02119,Cankaya,Apartment,189.7,7,,0,7,11,Central,Semi_Furnished,1,0,No,Nature,9.74,0.25,No,No,11328042.99
HP-02120,Uskudar,Apartment,136.4,4,2,6,15,17,Natural_Gas,Unfurnished,2,1,Yes,Street,7.53,0.82,Yes,No,9063613.85
HP-02121,Cankaya,Detached,114.4,4,1,9,0,9,Central,Semi_Furnished,2,1,No,Park,7.47,1.17,No,No,6511931.18
HP-02122,Beylikduzu,Apartment,112.4,3,1,24,4,10,Natural_Gas,Semi_Furnished,2,1,No,Nature,6.02,0.51,Yes,Yes,3992028.39
HP-02123,Karsiyaka,Apartment,150.1,4,2,54,15,27,Natural_Gas,Semi_Furnished,1,0,Yes,Street,3.51,0.51,Yes,Yes,5538737.46
HP-02124,Uskudar,Residence,87.0,2,1,10,26,39,Natural_Gas,Furnished,1,1,Yes,Nature,10.82,0.70,Yes,Yes,6215982.33
HP-02125,Cankaya,Apartment,135.9,5,2,59,18,30,Natural_Gas,Unfurnished,1,0,Yes,Street,4.29,0.05,Yes,No,4360396.72
HP-02126,Kadikoy,Townhouse,227.1,6,2,24,10,21,Natural_Gas,Unfurnished,1,0,No,Nature,11.41,1.93,No,Yes,16766426.23
HP-02127,Sisli,Townhouse,202.4,5,2,2,10,16,Central,Furnished,0,2,No,City,6.82,0.87,No,Yes,18406836.99
HP-02128,Konyaalti,Detached,208.2,7,2,24,0,2,Coal,Unfurnished,1,0,Yes,City,4.53,1.04,Yes,Yes,12587458.93
HP-02129,Uskudar,Apartment,131.2,4,1,18,28,34,Heat_Pump,Semi_Furnished,1,1,Yes,Street,8.55,1.13,No,Yes,7619660.07
HP-02130,Besiktas,Apartment,93.8,3,1,23,10,21,Natural_Gas,Furnished,1,0,Yes,Street,11.66,0.34,Yes,Yes,6891762.48
HP-02131,Uskudar,Residence,115.0,3,1,11,24,36,Natural_Gas,Unfurnished,2,2,Yes,Sea,,0.29,Yes,No,14993350.32
HP-02132,Nilufer,Detached,167.5,5,,4,0,3,Natural_Gas,Semi_Furnished,0,1,No,City,3.52,0.38,No,Yes,6820353.38
HP-02133,Beylikduzu,Townhouse,231.4,7,3,41,10,16,Heat_Pump,Unfurnished,0,2,Yes,Park,1.83,1.40,Yes,Yes,7592904.00
HP-02134,Nilufer,Apartment,65.5,2,1,3,12,25,Natural_Gas,Unfurnished,0,2,No,Street,2.64,0.19,Yes,No,3000276.53
HP-02135,Beylikduzu,Villa,191.4,7,2,33,0,11,Coal,Unfurnished,1,3,Yes,City,2.49,1.33,Yes,No,8583608.42
HP-02136,Beylikduzu,Townhouse,288.6,10,4,8,15,28,Central,Unfurnished,1,2,No,Street,1.48,0.63,Yes,No,12932701.01
HP-02137,Kadikoy,Villa,200.1,7,3,18,0,3,Central,Semi_Furnished,2,1,No,Street,1.96,1.50,No,No,24469515.67
HP-02138,Konyaalti,Apartment,172.3,5,2,9,5,13,Central,Semi_Furnished,1,1,Yes,Park,2.39,0.62,Yes,No,10541776.81
HP-02139,Cankaya,Residence,81.8,2,1,23,13,25,,Unfurnished,1,1,No,Street,0.96,2.10,Yes,Yes,3935217.22
HP-02140,Atasehir,Detached,225.2,6,2,7,0,5,Electric,Unfurnished,0,1,No,City,5.95,,Yes,Yes,18309036.11
HP-02141,Uskudar,Apartment,169.4,5,2,4,10,16,Natural_Gas,Furnished,0,3,No,Street,12.02,0.07,Yes,No,10896036.59
HP-02142,Besiktas,Apartment,140.7,5,2,10,9,22,Heat_Pump,Unfurnished,2,1,Yes,City,4.69,0.57,No,No,12856705.64
HP-02143,Besiktas,Residence,173.0,4,1,36,9,11,Natural_Gas,Semi_Furnished,0,2,No,City,6.86,2.10,No,Yes,15508052.91
HP-02144,Karsiyaka,Residence,124.6,3,1,0,10,14,Natural_Gas,Semi_Furnished,2,1,No,Street,5.36,0.48,Yes,Yes,7766394.96
HP-02145,Cankaya,Apartment,133.3,5,2,14,,8,Central,Unfurnished,0,1,No,Park,2.35,1.21,Yes,No,6198736.28
HP-02146,Besiktas,Townhouse,227.7,6,2,26,27,37,Natural_Gas,Unfurnished,1,2,Yes,Nature,10.30,0.84,Yes,No,27384983.24
HP-02147,Atasehir,Apartment,101.0,3,1,19,8,15,Natural_Gas,Unfurnished,1,1,No,Sea,1.27,1.27,Yes,Yes,7121991.16
HP-02148,Besiktas,Detached,197.8,7,3,4,0,9,Natural_Gas,Furnished,1,1,No,Park,4.87,2.85,Yes,Yes,26322776.43
HP-02149,Kadikoy,Apartment,160.3,5,2,6,14,22,Central,Unfurnished,1,2,No,Nature,0.34,3.86,No,Yes,13809244.45
HP-02150,Besiktas,Residence,126.5,4,2,20,6,19,Natural_Gas,Furnished,0,1,No,Sea,9.61,0.65,No,No,14818860.17
HP-02151,Karsiyaka,Detached,113.1,3,1,38,0,8,Central,Unfurnished,0,1,Yes,Street,8.31,3.53,No,No,4018857.13
HP-02152,Uskudar,Residence,113.6,3,1,,27,31,Natural_Gas,Unfurnished,2,2,No,Street,5.52,0.54,No,Yes,9601415.64
HP-02153,Uskudar,Townhouse,195.9,7,2,16,26,31,Heat_Pump,Semi_Furnished,1,2,No,City,9.02,0.91,Yes,No,12893116.66
HP-02154,Atasehir,Apartment,111.9,4,1,12,17,27,Natural_Gas,Semi_Furnished,1,3,No,Street,4.80,0.94,No,No,6157977.34
HP-02155,Nilufer,Apartment,152.8,5,2,25,21,26,Natural_Gas,Semi_Furnished,1,1,No,Street,4.47,1.18,Yes,No,4606831.47
HP-02156,Besiktas,Apartment,115.9,3,1,28,15,28,Natural_Gas,Semi_Furnished,0,1,Yes,City,16.14,0.32,Yes,No,9434779.10
HP-02157,Cankaya,Apartment,216.6,5,2,38,13,19,Natural_Gas,Semi_Furnished,0,3,No,Nature,0.81,0.66,Yes,No,8096474.34
HP-02158,Kadikoy,Apartment,135.9,5,2,14,2,11,Natural_Gas,Semi_Furnished,1,1,Yes,Park,10.81,1.18,Yes,No,9236353.12
HP-02159,Sisli,Detached,227.3,7,3,2,0,4,Natural_Gas,Unfurnished,1,2,No,Street,4.04,0.35,No,Yes,25196406.94
HP-02160,Atasehir,Apartment,146.8,4,1,4,2,11,Natural_Gas,Semi_Furnished,1,2,No,City,7.70,2.05,No,No,10225160.48
HP-02161,Beylikduzu,Apartment,162.3,5,2,14,3,12,Natural_Gas,Unfurnished,1,,Yes,Street,3.01,1.42,Yes,No,5567366.36
HP-02162,Konyaalti,Residence,118.2,3,1,0,21,27,Central,Unfurnished,1,2,No,Street,19.62,1.38,Yes,No,5741370.19
HP-02163,Beylikduzu,Apartment,91.5,2,1,9,9,22,Natural_Gas,Unfurnished,1,1,No,Street,2.87,0.82,Yes,Yes,3148619.39
HP-02164,Karsiyaka,Apartment,80.5,2,1,6,28,33,Natural_Gas,Furnished,1,1,Yes,Park,8.40,0.93,Yes,Yes,4111352.53
HP-02165,Besiktas,Apartment,131.8,4,2,12,12,23,Natural_Gas,Semi_Furnished,1,1,Yes,City,7.49,1.46,Yes,No,11340952.49
HP-02166,Sisli,Apartment,122.7,3,1,10,4,14,Electric,Unfurnished,1,2,No,City,4.25,1.18,Yes,No,8210480.81
HP-02167,Nilufer,Apartment,126.1,4,1,3,1,5,Natural_Gas,Semi_Furnished,1,1,No,Street,5.50,,Yes,No,5452022.03
HP-02168,Besiktas,Apartment,109.5,4,1,1,14,16,Coal,Furnished,1,1,No,Sea,3.93,0.74,Yes,No,12632790.41
HP-02169,Uskudar,Apartment,111.2,3,1,1,27,34,Natural_Gas,Unfurnished,1,2,Yes,Park,2.83,0.31,No,Yes,9914705.23
HP-02170,Sisli,Apartment,158.0,6,,10,18,27,Natural_Gas,Unfurnished,0,2,Yes,Street,1.32,1.83,No,No,10784529.05
HP-02171,Uskudar,Apartment,157.1,5,2,11,,13,Natural_Gas,Unfurnished,1,1,No,Sea,4.99,1.05,Yes,Yes,13479453.66
HP-02172,Kadikoy,Apartment,108.3,3,1,5,6,11,Natural_Gas,Semi_Furnished,1,1,No,Nature,6.79,1.75,Yes,Yes,7378765.32
HP-02173,Kadikoy,Apartment,155.8,4,2,11,3,5,Natural_Gas,Semi_Furnished,1,3,No,City,1.89,0.23,Yes,Yes,12817066.36
HP-02174,Uskudar,Apartment,171.1,4,2,16,0,12,Natural_Gas,Unfurnished,1,2,Yes,Park,7.81,0.86,Yes,No,14001076.64
HP-02175,Beylikduzu,Apartment,,3,1,41,11,14,Natural_Gas,Semi_Furnished,1,1,No,Sea,5.28,,No,No,3297762.85
HP-02176,Sisli,Apartment,104.9,3,1,8,25,38,,Semi_Furnished,2,0,No,Street,6.38,0.08,Yes,No,8687351.06
HP-02177,Karsiyaka,Apartment,119.8,3,1,31,14,18,Central,Semi_Furnished,0,1,No,City,9.85,0.41,Yes,No,4817685.09
HP-02178,Beylikduzu,Apartment,87.9,2,1,48,25,28,Coal,Semi_Furnished,1,1,No,Street,4.50,1.48,Yes,No,1977932.66
HP-02179,Nilufer,Villa,170.6,5,2,7,0,11,Natural_Gas,Unfurnished,3,,Yes,Park,5.87,1.72,No,Yes,12050447.19
HP-02180,Nilufer,Residence,100.3,4,2,19,4,7,Central,Semi_Furnished,1,,No,City,1.34,1.54,Yes,Yes,4653497.22
HP-02181,Konyaalti,Apartment,133.3,5,,2,16,22,Central,Semi_Furnished,1,3,Yes,Park,16.12,1.85,Yes,Yes,8401280.08
HP-02182,Beylikduzu,Detached,113.2,4,1,,0,5,Natural_Gas,Furnished,1,1,No,Street,2.85,2.56,Yes,Yes,3116783.25
HP-02183,Sisli,Residence,137.7,4,1,22,2,4,Central,Unfurnished,1,1,No,Street,4.22,0.43,Yes,Yes,10859626.93
HP-02184,Besiktas,Residence,,3,1,10,13,15,Natural_Gas,Semi_Furnished,0,1,No,Street,12.81,0.25,Yes,No,8735413.59
HP-02185,Konyaalti,Apartment,157.7,4,1,5,11,23,Heat_Pump,Furnished,0,0,Yes,City,9.16,0.89,Yes,No,9187383.96
HP-02186,Karsiyaka,Detached,238.2,8,4,0,0,5,Natural_Gas,Unfurnished,2,0,Yes,City,8.58,1.77,Yes,Yes,23445924.24
HP-02187,Beylikduzu,Apartment,109.3,3,1,2,18,31,Natural_Gas,Furnished,1,3,Yes,Sea,3.13,0.42,No,No,8050619.35
HP-02188,Karsiyaka,Apartment,56.0,2,1,28,2,6,Central,Unfurnished,1,1,No,Park,11.03,1.14,No,No,2204023.09
HP-02189,Atasehir,Apartment,99.3,2,1,50,23,31,Natural_Gas,Semi_Furnished,1,1,Yes,Park,3.53,0.20,No,No,4386245.19
HP-02190,Nilufer,Residence,177.0,5,2,3,6,15,Heat_Pump,Unfurnished,1,1,Yes,Park,3.48,0.05,Yes,No,12861340.48
HP-02191,Nilufer,Residence,52.0,2,1,35,20,26,Natural_Gas,Semi_Furnished,1,2,No,City,9.73,2.67,Yes,No,1686317.20
HP-02192,Beylikduzu,Villa,219.1,8,4,1,0,12,Central,Semi_Furnished,1,1,Yes,Sea,2.72,0.52,Yes,No,17283009.11
HP-02193,Atasehir,Detached,198.2,6,3,2,0,13,,Unfurnished,1,3,No,City,4.43,0.81,Yes,No,16530023.66
HP-02194,Atasehir,Townhouse,142.7,4,1,11,8,19,Natural_Gas,Unfurnished,1,2,No,Street,2.30,0.96,Yes,No,8479770.72
HP-02195,Uskudar,Apartment,202.6,7,3,43,7,17,Central,Furnished,1,2,No,Sea,7.33,1.85,Yes,Yes,13938711.89
HP-02196,Nilufer,Residence,138.0,5,2,30,17,23,Central,Semi_Furnished,1,0,No,Park,3.95,0.66,No,No,5902881.96
HP-02197,Beylikduzu,Apartment,231.5,7,3,6,22,27,Natural_Gas,Semi_Furnished,1,0,No,City,10.13,0.38,Yes,Yes,8448697.70
HP-02198,Besiktas,Residence,80.7,2,1,12,3,13,Heat_Pump,Semi_Furnished,1,2,Yes,Nature,2.61,0.58,Yes,Yes,7631475.43
HP-02199,Cankaya,Apartment,194.4,5,2,7,9,16,Central,Semi_Furnished,2,1,Yes,Street,7.54,0.78,Yes,Yes,10516639.51
HP-02200,Beylikduzu,Apartment,185.9,5,2,1,23,35,Central,Unfurnished,2,0,No,City,1.81,0.32,No,Yes,7122717.59
HP-02201,Kadikoy,Detached,132.0,4,1,12,0,13,Heat_Pump,Unfurnished,0,1,No,Street,1.08,3.34,Yes,Yes,10286907.37
HP-02202,Kadikoy,Detached,187.2,6,2,24,0,8,Central,Furnished,2,1,No,Street,6.81,0.54,Yes,No,12931599.72
HP-02203,Beylikduzu,Townhouse,206.6,6,2,9,13,26,Central,Unfurnished,3,1,No,City,5.80,0.86,No,No,10230467.89
HP-02204,Konyaalti,Villa,108.2,3,1,10,,3,Natural_Gas,Semi_Furnished,0,1,Yes,Sea,4.39,2.66,No,Yes,8882708.56
HP-02205,Besiktas,Residence,76.1,2,1,4,20,28,Natural_Gas,Furnished,1,2,Yes,Sea,4.64,1.64,No,Yes,10156860.57
HP-02206,Uskudar,Apartment,142.4,4,2,16,25,37,Natural_Gas,Semi_Furnished,1,1,No,Street,3.01,2.97,Yes,No,8460193.29
HP-02207,Beylikduzu,Apartment,203.1,6,2,8,9,14,Central,Semi_Furnished,1,1,Yes,Nature,1.74,0.46,Yes,No,7932476.13
HP-02208,Karsiyaka,Apartment,60.9,2,1,0,15,25,Natural_Gas,Unfurnished,1,1,No,Street,4.58,1.04,No,No,3467820.92
HP-02209,Kadikoy,Apartment,98.5,2,1,19,17,22,Natural_Gas,Unfurnished,1,2,No,City,2.18,0.82,Yes,No,6708259.03
HP-02210,Cankaya,Detached,268.8,7,2,1,0,10,Heat_Pump,Semi_Furnished,0,1,Yes,Sea,0.86,,No,No,27283355.78
HP-02211,Atasehir,Apartment,147.4,4,1,1,21,32,Natural_Gas,Unfurnished,1,2,Yes,Street,1.82,0.18,Yes,Yes,12030432.35
HP-02212,Nilufer,Apartment,100.7,3,1,25,1,6,Natural_Gas,Unfurnished,1,2,Yes,Nature,5.36,0.22,Yes,Yes,4631354.53
HP-02213,Beylikduzu,Detached,191.1,5,2,0,0,12,Central,Furnished,1,2,No,Street,5.67,0.99,Yes,Yes,8329938.51
HP-02214,Kadikoy,Detached,173.6,5,2,28,0,7,Central,Unfurnished,0,2,No,Street,0.76,2.13,Yes,No,11382864.85
HP-02215,Beylikduzu,Apartment,107.4,3,1,29,6,14,Electric,Unfurnished,1,1,No,Street,7.65,1.24,No,No,3100196.60
HP-02216,Konyaalti,Apartment,125.2,3,1,64,12,20,Coal,Furnished,1,2,Yes,Park,11.46,0.83,Yes,No,5455769.18
HP-02217,Atasehir,Detached,191.3,5,2,2,0,12,Natural_Gas,Unfurnished,2,2,No,Street,12.57,0.95,Yes,No,11628698.21
HP-02218,Uskudar,Villa,159.8,4,2,28,0,12,Natural_Gas,Semi_Furnished,0,1,No,Park,5.69,1.72,Yes,No,13801873.76
HP-02219,Cankaya,Townhouse,297.5,9,4,41,2,7,Natural_Gas,Semi_Furnished,1,0,No,Street,3.70,4.71,No,No,12823350.35
HP-02220,Karsiyaka,Villa,254.0,8,3,21,0,2,Central,Semi_Furnished,2,2,No,City,3.60,0.91,Yes,No,22070295.07
HP-02221,Cankaya,Apartment,173.1,6,3,14,24,36,Natural_Gas,Unfurnished,0,1,Yes,City,1.00,0.40,No,No,8307633.08
HP-02222,Besiktas,Villa,184.4,5,2,49,0,8,Natural_Gas,Semi_Furnished,2,0,No,Street,3.90,0.62,Yes,No,17433761.96
HP-02223,Sisli,Apartment,,4,1,14,28,37,Natural_Gas,Unfurnished,0,,Yes,City,8.97,0.33,No,Yes,11057991.41
HP-02224,Beylikduzu,Apartment,98.7,3,1,0,10,22,,Semi_Furnished,0,0,No,Street,18.88,0.57,Yes,Yes,3096316.74
HP-02225,Kadikoy,Apartment,134.2,4,2,3,8,13,Heat_Pump,Semi_Furnished,0,3,No,City,0.52,0.84,Yes,Yes,12492675.48
HP-02226,Konyaalti,Apartment,186.1,6,2,7,5,9,Central,Unfurnished,1,0,Yes,Nature,7.21,0.53,Yes,No,11284385.96
HP-02227,Beylikduzu,Villa,220.0,7,2,1,0,6,Natural_Gas,Semi_Furnished,1,,Yes,Park,8.51,0.42,No,No,15281051.92
HP-02228,Sisli,Apartment,178.7,4,2,34,18,29,Heat_Pump,Semi_Furnished,0,2,No,Street,0.86,2.76,Yes,No,10763023.40
HP-02229,Atasehir,Detached,237.2,6,3,29,0,10,Central,Unfurnished,2,2,No,Street,1.50,0.18,No,No,15751130.36
HP-02230,Karsiyaka,Residence,190.4,6,3,9,12,24,Electric,Unfurnished,1,0,No,City,6.75,0.81,Yes,No,11778612.53
HP-02231,Kadikoy,Detached,118.5,3,1,8,0,9,Natural_Gas,Unfurnished,2,2,Yes,City,4.79,0.33,Yes,Yes,11552224.14
HP-02232,Karsiyaka,Apartment,322.7,8,3,12,11,17,Natural_Gas,Unfurnished,1,1,No,City,10.95,1.51,Yes,No,15564705.04
HP-02233,Besiktas,Apartment,50.2,1,1,14,8,15,Natural_Gas,Semi_Furnished,0,1,No,City,7.55,1.57,Yes,Yes,4394199.50
HP-02234,Nilufer,Townhouse,289.5,10,4,2,23,25,Natural_Gas,Furnished,1,1,Yes,Nature,2.39,1.33,Yes,No,17715007.75
HP-02235,Sisli,Apartment,188.7,6,2,14,28,34,Natural_Gas,Furnished,1,1,No,City,4.72,0.60,No,Yes,13385265.52
HP-02236,Cankaya,Apartment,124.2,3,1,13,14,19,Natural_Gas,Unfurnished,3,1,Yes,Street,6.23,2.27,Yes,No,5489207.56
HP-02237,Sisli,Apartment,84.4,3,1,20,18,20,Natural_Gas,Unfurnished,1,1,Yes,Street,6.07,0.15,Yes,No,6338916.51
HP-02238,Karsiyaka,Residence,176.1,5,2,67,23,26,Natural_Gas,Furnished,2,1,Yes,Street,4.17,0.88,No,No,6634106.82
HP-02239,Besiktas,Apartment,101.5,3,1,28,12,24,Central,Unfurnished,1,1,No,City,0.90,1.16,No,Yes,7581243.83
HP-02240,Beylikduzu,Apartment,63.0,2,1,10,4,14,Central,Unfurnished,1,1,Yes,Nature,6.23,1.58,No,Yes,1824238.10
HP-02241,Kadikoy,Apartment,124.5,4,1,0,28,32,Electric,Unfurnished,2,1,No,Street,16.36,0.66,Yes,No,10124786.02
HP-02242,Kadikoy,Apartment,113.9,3,1,24,13,18,Heat_Pump,Unfurnished,0,2,Yes,Park,8.44,1.63,Yes,No,8834960.55
HP-02243,Atasehir,Townhouse,174.4,4,1,7,23,26,Natural_Gas,Semi_Furnished,1,2,No,Street,2.00,0.60,Yes,No,9727121.62
HP-02244,Sisli,Residence,71.2,2,1,2,7,20,Heat_Pump,Unfurnished,1,2,Yes,Street,4.88,2.29,Yes,No,5881430.23
HP-02245,Kadikoy,Apartment,185.9,5,2,49,19,22,Central,Unfurnished,0,2,No,City,6.13,0.48,No,Yes,10702767.89
HP-02246,Nilufer,Apartment,210.7,5,2,4,12,16,Electric,Furnished,3,0,Yes,Park,2.60,0.56,No,Yes,12682817.47
HP-02247,Uskudar,Apartment,36.7,1,1,14,,22,Natural_Gas,Unfurnished,2,1,Yes,Street,12.93,1.59,Yes,Yes,1983985.97
HP-02248,Cankaya,Apartment,121.2,4,2,3,15,23,Central,Semi_Furnished,3,1,No,City,14.32,0.55,Yes,Yes,6462440.95
HP-02249,Konyaalti,Detached,200.6,6,2,5,0,5,Central,Semi_Furnished,1,2,No,City,4.94,1.66,Yes,Yes,11065253.13
HP-02250,Beylikduzu,Apartment,35.0,1,1,22,27,29,Electric,Unfurnished,1,1,Yes,Street,,0.32,Yes,Yes,1096737.77
HP-02251,Nilufer,Residence,140.1,5,2,7,5,12,Heat_Pump,Semi_Furnished,2,1,No,Nature,2.40,0.54,No,No,7079776.05
HP-02252,Konyaalti,Apartment,187.8,5,2,9,11,24,Natural_Gas,Semi_Furnished,1,1,No,Park,6.15,0.52,Yes,No,10093321.99
HP-02253,Atasehir,Villa,246.9,8,4,6,0,11,Natural_Gas,Semi_Furnished,1,3,No,Street,4.46,0.27,Yes,Yes,23277971.97
HP-02254,Kadikoy,Apartment,162.7,4,1,8,1,3,Natural_Gas,Furnished,1,1,No,Sea,4.33,0.48,Yes,No,14316353.10
HP-02255,Cankaya,Detached,221.3,5,2,3,0,4,Central,Unfurnished,1,1,Yes,Nature,3.99,2.25,No,No,12526604.10
HP-02256,Uskudar,Apartment,66.7,2,1,6,15,24,Natural_Gas,Unfurnished,1,0,No,Park,5.84,0.31,Yes,No,4473254.77
HP-02257,Cankaya,Apartment,193.7,5,2,19,23,31,Heat_Pump,Unfurnished,0,3,Yes,Street,14.95,1.43,No,Yes,8269127.09
HP-02258,Sisli,Townhouse,151.9,5,2,8,27,32,Central,Semi_Furnished,1,1,No,Nature,7.22,0.18,No,Yes,11398653.78
HP-02259,Beylikduzu,Villa,200.6,6,3,40,0,4,Natural_Gas,Unfurnished,1,1,No,Street,2.92,0.51,Yes,Yes,8432156.10
HP-02260,Nilufer,Apartment,84.0,2,1,24,10,15,Natural_Gas,Unfurnished,0,2,No,City,7.31,1.48,No,Yes,2891193.38
HP-02261,Konyaalti,Apartment,111.0,4,1,14,25,37,Natural_Gas,Semi_Furnished,1,3,No,City,1.57,1.09,No,Yes,4786840.62
HP-02262,Cankaya,Apartment,55.6,2,1,48,17,19,Coal,Semi_Furnished,1,1,No,Sea,7.81,1.39,Yes,Yes,1835024.36
HP-02263,Karsiyaka,Apartment,184.8,7,3,2,15,25,Central,Unfurnished,1,1,Yes,City,4.57,0.83,Yes,Yes,10788450.91
HP-02264,Konyaalti,Residence,130.4,3,1,2,17,28,Natural_Gas,Semi_Furnished,0,1,No,Park,1.44,2.15,Yes,Yes,11459241.73
HP-02265,Kadikoy,Apartment,77.0,2,1,24,13,24,Natural_Gas,Semi_Furnished,0,1,No,Nature,16.34,0.62,Yes,No,5310593.80
HP-02266,Sisli,Villa,230.4,8,3,1,0,10,Central,Unfurnished,1,1,Yes,Street,0.15,0.09,No,Yes,26890921.31
HP-02267,Nilufer,Detached,202.6,6,3,4,0,9,Natural_Gas,Unfurnished,0,1,Yes,Street,3.13,0.73,Yes,No,10618503.71
HP-02268,Konyaalti,Villa,249.7,6,2,4,0,3,Central,Unfurnished,1,2,No,Nature,5.83,1.06,Yes,Yes,26561887.03
HP-02269,Karsiyaka,Detached,165.9,5,2,16,0,11,Natural_Gas,Semi_Furnished,1,1,Yes,Nature,3.45,,Yes,No,10983442.58
HP-02270,Beylikduzu,Apartment,107.3,3,1,15,21,30,Electric,Semi_Furnished,0,1,Yes,Sea,9.27,1.14,No,No,4723225.36
HP-02271,Atasehir,Detached,146.9,4,1,43,0,12,Natural_Gas,Semi_Furnished,2,2,No,Nature,7.83,0.49,No,No,7470359.13
HP-02272,Uskudar,Residence,133.7,4,1,4,17,28,Central,Unfurnished,0,2,No,Park,12.03,2.14,Yes,No,9163630.93
HP-02273,Karsiyaka,Detached,151.6,5,2,,0,11,Central,Unfurnished,2,2,No,Street,4.61,1.43,No,No,10021923.54
HP-02274,Konyaalti,Residence,132.1,4,2,8,4,13,Natural_Gas,Furnished,1,1,Yes,Nature,5.14,0.82,No,Yes,8194029.61
HP-02275,Uskudar,Villa,247.6,8,4,3,0,9,Natural_Gas,Furnished,1,2,No,Sea,4.71,2.02,No,Yes,29792441.17
HP-02276,Atasehir,Apartment,131.6,4,1,4,11,21,Natural_Gas,Semi_Furnished,1,1,No,Park,2.52,0.78,Yes,No,10521071.17
HP-02277,Beylikduzu,Villa,104.1,3,1,,0,10,Natural_Gas,Semi_Furnished,0,1,Yes,Street,11.89,0.56,No,No,4371709.62
HP-02278,Uskudar,Apartment,78.4,2,1,22,2,11,Central,Semi_Furnished,0,,No,Park,2.55,0.09,Yes,Yes,4257933.01
HP-02279,Nilufer,Residence,140.2,3,1,16,12,15,Central,Furnished,0,1,Yes,Sea,2.18,0.99,Yes,No,8509268.57
HP-02280,Uskudar,Residence,185.1,5,2,23,7,20,Natural_Gas,Unfurnished,1,0,Yes,Nature,3.46,1.10,Yes,No,13609153.00
HP-02281,Sisli,Apartment,179.3,6,2,39,28,30,Central,Furnished,0,2,No,Park,10.49,0.81,No,Yes,7886353.77
HP-02282,Atasehir,Residence,129.8,4,2,14,6,8,Natural_Gas,Unfurnished,1,1,Yes,Nature,7.60,2.08,Yes,Yes,10020721.51
HP-02283,Cankaya,Residence,94.5,2,1,0,4,6,Central,Semi_Furnished,1,2,Yes,Nature,3.26,0.73,Yes,Yes,7495787.20
HP-02284,Besiktas,Apartment,75.1,3,1,17,4,14,Electric,Furnished,1,1,No,Park,1.65,0.68,Yes,No,7945518.76
HP-02285,Uskudar,Apartment,143.9,4,2,16,17,25,Natural_Gas,Furnished,1,2,No,Street,3.64,2.80,Yes,No,8590241.31
HP-02286,Besiktas,Apartment,44.1,1,1,0,16,27,Heat_Pump,Semi_Furnished,0,2,No,Sea,2.41,1.61,No,Yes,5191291.82
HP-02287,Konyaalti,Apartment,128.0,4,1,17,3,14,Central,Unfurnished,0,1,No,Sea,1.79,0.90,Yes,Yes,7887687.22
HP-02288,Sisli,Apartment,112.2,4,2,1,9,15,Natural_Gas,Unfurnished,1,1,No,Street,5.29,1.05,Yes,No,7326881.21
HP-02289,Nilufer,Apartment,137.4,4,1,16,11,15,Coal,Unfurnished,2,1,No,Street,0.93,2.80,No,Yes,4843324.06
HP-02290,Cankaya,Detached,204.5,5,2,16,0,13,Central,Semi_Furnished,0,2,Yes,Park,1.10,0.44,Yes,Yes,12895301.26
HP-02291,Kadikoy,Apartment,188.9,6,2,0,0,6,Electric,Semi_Furnished,1,4,Yes,Street,3.27,1.23,Yes,Yes,19354307.40
HP-02292,Beylikduzu,Residence,93.1,3,1,1,20,27,Heat_Pump,Semi_Furnished,2,2,Yes,Street,2.57,0.91,Yes,No,4901484.40
HP-02293,Beylikduzu,Villa,188.0,5,2,23,0,2,Natural_Gas,Furnished,1,3,Yes,City,7.56,1.29,No,No,9385807.13
HP-02294,Sisli,Villa,130.9,4,2,,0,5,Natural_Gas,Unfurnished,1,1,Yes,City,4.33,0.97,Yes,No,15553546.10
HP-02295,Karsiyaka,Apartment,144.1,4,1,0,9,15,Natural_Gas,Furnished,3,1,Yes,Park,7.36,1.40,No,No,9872410.34
HP-02296,Kadikoy,Residence,109.5,3,,4,25,36,Coal,Unfurnished,3,1,No,Street,3.28,0.38,Yes,No,10553269.44
HP-02297,Sisli,Apartment,145.0,4,1,37,,26,Natural_Gas,Unfurnished,2,1,Yes,City,9.65,1.59,Yes,No,8736310.50
HP-02298,Atasehir,Apartment,109.0,3,1,8,20,33,Heat_Pump,Semi_Furnished,2,0,Yes,Nature,,0.67,No,Yes,7005753.56
HP-02299,Nilufer,Villa,233.9,6,2,10,0,4,Natural_Gas,Furnished,1,1,No,Street,3.94,0.44,Yes,No,15484150.26
HP-02300,Kadikoy,Residence,175.1,5,2,16,28,32,Heat_Pump,Furnished,1,1,Yes,Street,7.40,0.45,Yes,No,15200727.88
HP-02301,Konyaalti,Apartment,124.8,3,1,16,20,26,Central,Furnished,1,3,Yes,Street,5.11,2.36,Yes,No,8010821.96
HP-02302,Atasehir,Apartment,,3,1,8,14,21,,Semi_Furnished,0,2,No,Street,1.84,0.83,Yes,No,6955556.69
HP-02303,Kadikoy,Villa,269.2,6,2,6,0,7,Natural_Gas,Furnished,1,3,Yes,Nature,5.33,0.16,Yes,Yes,34916044.47
HP-02304,Atasehir,Apartment,164.8,5,2,0,5,12,,Furnished,2,2,No,Street,5.43,1.54,Yes,Yes,11924126.15
HP-02305,Cankaya,Apartment,74.5,2,1,9,20,29,Natural_Gas,Unfurnished,1,2,Yes,Park,4.34,0.27,Yes,No,5043796.87
HP-02306,Uskudar,Villa,188.3,6,2,27,0,5,Natural_Gas,Unfurnished,2,0,Yes,Street,12.28,0.20,No,No,15088835.31
HP-02307,Konyaalti,Apartment,69.4,2,1,53,6,18,Heat_Pump,Furnished,2,2,Yes,Nature,3.17,0.25,No,Yes,3050477.77
HP-02308,Beylikduzu,Apartment,104.2,3,1,17,20,27,Natural_Gas,Semi_Furnished,1,0,No,Park,8.72,1.30,Yes,Yes,3005520.29
HP-02309,Karsiyaka,Apartment,122.6,4,1,18,13,21,Natural_Gas,Furnished,1,3,Yes,Park,5.96,2.78,Yes,Yes,5863665.39
HP-02310,Kadikoy,Apartment,147.4,5,2,5,1,8,Central,Unfurnished,1,1,Yes,City,7.29,0.57,Yes,Yes,11614077.05
HP-02311,Karsiyaka,Apartment,137.0,4,1,20,,27,Natural_Gas,Furnished,1,,No,Street,16.79,1.35,Yes,No,4367928.52
HP-02312,Beylikduzu,Apartment,149.5,4,1,57,3,5,Natural_Gas,Semi_Furnished,0,2,Yes,Park,8.33,1.26,Yes,Yes,4124685.76
HP-02313,Karsiyaka,Detached,186.4,4,2,20,0,9,Natural_Gas,Unfurnished,2,1,No,Street,15.02,0.81,No,No,9584937.07
HP-02314,Uskudar,Apartment,102.0,2,1,17,12,22,Central,Unfurnished,1,3,No,Street,15.99,0.46,Yes,Yes,6265781.58
HP-02315,Nilufer,Apartment,171.3,6,2,26,15,25,Natural_Gas,Furnished,1,1,No,Park,1.42,1.39,Yes,Yes,7048447.54
HP-02316,Nilufer,Apartment,234.5,8,3,21,22,26,Central,Furnished,2,1,Yes,Nature,2.93,0.25,Yes,Yes,10250680.83
HP-02317,Uskudar,Detached,212.4,7,3,16,0,9,Central,Furnished,0,1,Yes,City,16.55,0.56,Yes,Yes,13053416.64
HP-02318,Besiktas,Apartment,109.4,3,1,75,2,4,Central,Semi_Furnished,3,0,No,Street,6.22,1.58,Yes,No,5829667.01
HP-02319,Uskudar,Villa,209.4,6,2,22,0,9,Central,Semi_Furnished,1,1,No,Street,3.19,0.63,No,Yes,24362729.62
HP-02320,Cankaya,Apartment,37.2,1,1,29,,15,Heat_Pump,Unfurnished,1,0,Yes,Nature,7.65,0.42,No,No,1466179.41
HP-02321,Sisli,Townhouse,115.2,3,1,6,22,25,Natural_Gas,Unfurnished,1,1,Yes,Park,4.53,,Yes,No,8992331.80
HP-02322,Atasehir,Apartment,100.8,2,1,10,18,22,Central,Unfurnished,1,2,Yes,Street,14.13,1.17,Yes,Yes,4213156.89
HP-02323,Uskudar,Apartment,183.5,5,2,4,,38,Natural_Gas,Unfurnished,2,4,No,Street,2.73,1.07,No,No,15079276.27
HP-02324,Beylikduzu,Residence,94.2,3,1,4,23,29,Natural_Gas,Furnished,1,1,Yes,City,7.17,2.25,No,Yes,3962871.16
HP-02325,Uskudar,Apartment,35.0,1,1,16,4,15,Central,Unfurnished,1,1,Yes,Nature,0.98,0.48,Yes,Yes,2579093.49
HP-02326,Kadikoy,Detached,789.5,12,4,1,0,2,Natural_Gas,Unfurnished,2,1,Yes,Street,11.54,0.90,No,No,77204059.39
HP-02327,Nilufer,Detached,176.0,4,1,31,0,5,Natural_Gas,Semi_Furnished,1,1,No,City,14.55,1.11,Yes,No,5606841.40
HP-02328,Konyaalti,Apartment,134.0,5,2,24,23,28,Natural_Gas,Unfurnished,1,0,No,Street,8.26,2.30,No,Yes,5699527.91
HP-02329,Karsiyaka,Apartment,74.7,2,1,7,13,19,Heat_Pump,Furnished,1,4,No,Street,6.50,2.47,Yes,No,3589353.20
HP-02330,Kadikoy,Detached,88.6,2,1,26,0,4,Natural_Gas,Semi_Furnished,1,1,Yes,Street,8.05,1.55,Yes,No,5326790.59
HP-02331,Uskudar,Apartment,55.6,2,1,61,3,13,Natural_Gas,Furnished,1,1,No,City,6.06,1.04,Yes,No,2269880.53
HP-02332,Karsiyaka,Detached,254.6,6,2,10,0,5,Natural_Gas,Furnished,0,1,No,Park,5.18,0.05,Yes,Yes,18521530.10
HP-02333,Uskudar,Villa,141.5,3,1,3,0,10,Central,Unfurnished,1,0,No,Street,1.73,1.72,No,No,12173485.92
HP-02334,Karsiyaka,Apartment,104.2,3,1,0,20,22,Natural_Gas,Unfurnished,2,1,No,Street,11.32,0.68,Yes,Yes,5102071.36
HP-02335,Cankaya,Apartment,86.0,3,1,5,12,23,Natural_Gas,Furnished,1,2,Yes,Street,3.71,0.87,Yes,No,4572179.10
HP-02336,Konyaalti,Apartment,55.3,1,1,4,18,20,,Furnished,0,2,Yes,City,3.55,0.38,Yes,Yes,3338557.94
HP-02337,Kadikoy,Apartment,189.9,6,2,12,10,23,Central,Semi_Furnished,3,1,No,Street,17.83,,Yes,No,13942522.35
HP-02338,Uskudar,Residence,146.5,5,2,26,17,25,Natural_Gas,Unfurnished,2,1,No,City,1.90,1.51,No,No,10360005.97
HP-02339,Cankaya,Detached,251.2,6,2,34,0,9,Natural_Gas,Furnished,1,1,No,Street,8.31,2.10,Yes,No,10584040.31
HP-02340,Nilufer,Detached,256.7,6,2,8,,9,Central,Semi_Furnished,1,,No,Park,2.95,3.90,Yes,Yes,13605906.03
HP-02341,Uskudar,Apartment,74.8,2,1,6,25,34,Natural_Gas,Semi_Furnished,1,2,Yes,City,0.88,0.64,Yes,Yes,5938589.35
HP-02342,Uskudar,Apartment,60.7,2,1,3,15,24,Natural_Gas,Furnished,1,2,No,Street,12.23,1.17,Yes,Yes,4486765.42
HP-02343,Cankaya,Residence,126.7,3,1,6,8,17,Heat_Pump,Semi_Furnished,0,2,Yes,City,9.28,1.41,Yes,No,6666952.72
HP-02344,Cankaya,Apartment,150.4,5,2,28,8,11,Central,Unfurnished,1,1,No,Street,1.67,0.94,Yes,No,5510342.70
HP-02345,Uskudar,Apartment,133.4,4,1,,4,6,Natural_Gas,Unfurnished,1,2,No,City,,0.92,Yes,Yes,9825379.62
HP-02346,Cankaya,Apartment,143.8,3,1,30,4,14,Heat_Pump,Unfurnished,1,1,No,Street,3.16,0.07,Yes,No,6885316.19
HP-02347,Cankaya,Detached,297.1,7,3,13,0,13,Central,Semi_Furnished,2,2,Yes,Street,7.41,1.17,Yes,No,16068920.38
HP-02348,Sisli,Detached,125.5,3,1,4,0,9,Central,Unfurnished,1,1,Yes,Park,0.96,2.73,No,No,11852982.56
HP-02349,Cankaya,Apartment,124.3,4,2,24,21,29,Natural_Gas,Semi_Furnished,1,2,No,Sea,7.35,0.52,No,No,6558620.74
HP-02350,Karsiyaka,Apartment,122.7,3,1,11,15,26,Electric,Unfurnished,1,2,Yes,Sea,4.51,0.79,Yes,No,9810637.27
HP-02351,Konyaalti,Apartment,169.2,5,2,7,5,18,Natural_Gas,Unfurnished,2,1,No,Street,8.79,0.78,No,Yes,9327513.66
HP-02352,Kadikoy,Apartment,112.2,3,1,33,10,23,Natural_Gas,Furnished,0,1,No,Street,5.83,0.16,Yes,Yes,6058071.70
HP-02353,Besiktas,Apartment,130.0,3,1,5,28,37,Natural_Gas,Semi_Furnished,2,1,No,Street,10.26,0.63,Yes,Yes,12018541.57
HP-02354,Kadikoy,Apartment,175.5,6,3,5,23,36,Heat_Pump,Semi_Furnished,0,1,Yes,Street,1.32,1.32,Yes,No,16204840.52
HP-02355,Besiktas,Townhouse,206.7,5,2,8,12,18,Central,Semi_Furnished,1,1,No,Street,5.78,2.10,No,No,19386671.92
HP-02356,Nilufer,Residence,119.3,4,2,8,12,19,Coal,Semi_Furnished,1,1,Yes,City,6.03,0.32,Yes,Yes,6038516.23
HP-02357,Cankaya,Apartment,108.0,3,1,10,18,30,Central,Unfurnished,2,2,No,Nature,3.07,2.00,Yes,Yes,5367453.83
HP-02358,Sisli,Residence,152.6,4,1,26,20,25,Natural_Gas,Semi_Furnished,1,3,Yes,Nature,6.98,2.11,Yes,No,10977886.68
HP-02359,Beylikduzu,Apartment,120.8,3,1,1,5,18,Natural_Gas,Semi_Furnished,1,1,No,Street,4.15,1.00,Yes,No,4947309.51
HP-02360,Uskudar,Apartment,101.0,3,1,34,12,22,Natural_Gas,Unfurnished,1,0,Yes,City,7.64,1.19,Yes,Yes,5118476.42
HP-02361,Beylikduzu,Apartment,120.2,3,1,22,0,7,Natural_Gas,Unfurnished,1,0,No,Street,11.65,0.77,Yes,No,3412385.09
HP-02362,Karsiyaka,Apartment,130.0,4,2,8,5,12,Natural_Gas,Semi_Furnished,0,2,Yes,Park,6.12,0.99,No,Yes,6923241.19
HP-02363,Atasehir,Apartment,146.1,5,2,9,12,22,Natural_Gas,Furnished,2,1,Yes,Street,4.92,1.53,Yes,Yes,9800392.72
HP-02364,Beylikduzu,Apartment,228.2,6,3,10,23,32,Central,Semi_Furnished,1,1,No,Nature,6.00,0.35,Yes,No,9246489.91
HP-02365,Besiktas,Residence,190.5,5,2,19,10,15,Electric,Semi_Furnished,2,1,No,Street,8.49,0.61,No,Yes,17901555.05
HP-02366,Beylikduzu,Apartment,93.1,3,1,2,15,23,Central,Unfurnished,1,0,Yes,Street,4.41,2.49,Yes,Yes,4307642.06
HP-02367,Atasehir,Residence,210.5,5,2,2,13,24,Natural_Gas,Unfurnished,2,2,No,Park,17.88,1.96,Yes,No,18134953.55
HP-02368,Kadikoy,Detached,276.2,8,3,14,0,2,Central,Semi_Furnished,2,1,No,Park,3.88,0.22,Yes,Yes,31374754.81
HP-02369,Nilufer,Apartment,146.1,4,1,12,3,11,Central,Semi_Furnished,3,3,No,Street,2.24,1.52,No,Yes,5546936.83
HP-02370,Uskudar,Detached,190.6,5,2,2,0,8,Natural_Gas,Unfurnished,1,2,Yes,Street,0.87,3.42,Yes,Yes,15853926.65
HP-02371,Kadikoy,Detached,265.7,7,2,5,0,9,Natural_Gas,Semi_Furnished,1,0,No,Park,3.62,2.25,No,Yes,27594835.01
HP-02372,Sisli,Apartment,135.7,4,2,11,1,14,Natural_Gas,Furnished,1,0,Yes,Park,3.04,1.29,Yes,Yes,9529802.14
HP-02373,Konyaalti,Residence,142.7,4,1,27,11,24,Heat_Pump,Furnished,1,1,No,City,9.55,0.59,No,No,6841410.38
HP-02374,Beylikduzu,Residence,,4,1,5,8,12,Natural_Gas,Unfurnished,1,1,No,City,4.10,0.68,Yes,No,5212053.00
HP-02375,Beylikduzu,Apartment,192.8,6,3,4,26,29,Natural_Gas,Furnished,1,1,No,Street,6.61,1.83,Yes,Yes,6712448.19
HP-02376,Cankaya,Townhouse,253.5,6,3,17,,37,Heat_Pump,Unfurnished,2,0,No,Street,10.69,1.07,Yes,Yes,11780096.96
HP-02377,Kadikoy,Residence,186.4,6,3,10,23,30,Natural_Gas,Semi_Furnished,1,2,No,City,5.68,1.78,Yes,Yes,13907314.69
HP-02378,Kadikoy,Apartment,71.0,2,1,3,19,23,Electric,Unfurnished,2,2,No,Street,1.59,1.15,Yes,No,6314624.68
HP-02379,Atasehir,Apartment,202.3,6,2,10,23,29,Central,Unfurnished,3,1,Yes,Nature,5.42,0.81,Yes,No,14952771.44
HP-02380,Sisli,Apartment,163.8,4,2,1,15,18,Heat_Pump,Unfurnished,1,2,Yes,Street,0.63,0.28,Yes,No,17220614.82
HP-02381,Cankaya,Apartment,117.5,4,1,12,25,28,Natural_Gas,Semi_Furnished,0,1,Yes,Street,5.56,0.48,No,Yes,4398227.24
HP-02382,Besiktas,Apartment,163.3,5,2,7,16,22,Natural_Gas,Unfurnished,2,0,Yes,City,,0.96,No,Yes,14492870.75
HP-02383,Nilufer,Apartment,35.0,1,1,4,28,38,Natural_Gas,Unfurnished,0,1,No,Street,10.71,0.60,No,Yes,1094098.78
HP-02384,Cankaya,Apartment,87.5,2,1,22,15,27,Natural_Gas,Semi_Furnished,2,2,No,Sea,6.56,0.74,Yes,Yes,4024822.11
HP-02385,Konyaalti,Apartment,114.5,3,1,28,0,13,Heat_Pump,Unfurnished,1,2,Yes,Street,4.46,0.83,Yes,No,4945158.03
HP-02386,Beylikduzu,Apartment,73.4,3,1,2,6,13,Central,Furnished,2,,Yes,Street,11.14,2.04,No,Yes,2291044.96
HP-02387,Besiktas,Residence,71.9,2,1,9,17,21,Natural_Gas,Unfurnished,1,3,Yes,Street,7.10,3.59,Yes,No,7939126.32
HP-02388,Atasehir,Detached,219.5,7,3,3,0,2,Central,Furnished,0,1,No,Park,0.77,0.05,No,No,19715209.12
HP-02389,Besiktas,Apartment,143.6,3,1,31,22,24,Electric,Unfurnished,1,3,Yes,Nature,5.88,1.15,No,Yes,14139611.11
HP-02390,Nilufer,Detached,185.7,6,2,20,0,6,Central,Semi_Furnished,0,0,No,Park,4.58,0.42,Yes,No,8256530.80
HP-02391,Karsiyaka,Residence,173.8,4,1,28,20,30,Natural_Gas,Furnished,1,2,No,Sea,6.28,1.91,Yes,Yes,12642708.96
HP-02392,Beylikduzu,Townhouse,144.8,4,1,53,17,29,Natural_Gas,Unfurnished,0,1,No,City,7.82,0.39,No,Yes,3443356.35
HP-02393,Cankaya,Apartment,94.6,3,1,2,26,30,Natural_Gas,Semi_Furnished,1,1,Yes,Street,2.62,2.62,Yes,Yes,4813807.91
HP-02394,Uskudar,Apartment,58.4,1,1,2,14,18,Natural_Gas,Unfurnished,1,0,No,City,3.05,0.95,No,No,4531698.66
HP-02395,Sisli,Apartment,101.9,4,2,20,15,24,Central,Unfurnished,2,1,No,Street,8.57,0.86,Yes,No,6549626.91
HP-02396,Kadikoy,Apartment,65.3,2,1,7,16,28,Central,Furnished,1,1,No,Sea,15.45,2.81,Yes,No,5175489.37
HP-02397,Karsiyaka,Apartment,150.4,4,1,2,12,15,Natural_Gas,Unfurnished,0,0,Yes,City,3.63,1.65,No,No,9724784.32
HP-02398,Besiktas,Apartment,156.1,4,2,17,8,15,Natural_Gas,Furnished,0,1,No,Nature,0.59,1.00,No,Yes,15942776.50
HP-02399,Atasehir,Apartment,412.2,12,4,8,0,3,Natural_Gas,Unfurnished,1,1,No,Sea,6.30,1.12,Yes,Yes,34854933.37
HP-02400,Atasehir,Detached,106.7,3,1,6,0,4,Central,Furnished,0,4,Yes,Nature,9.36,0.27,No,No,9302310.86
HP-02401,Kadikoy,Apartment,49.3,1,1,6,20,23,Central,Furnished,1,2,Yes,Street,17.32,0.46,Yes,Yes,3061407.43
HP-02402,Atasehir,Apartment,39.6,1,1,13,6,17,Electric,Furnished,0,3,No,Street,5.09,0.99,Yes,No,1896488.82
HP-02403,Cankaya,Residence,35.0,1,1,11,8,15,Natural_Gas,Furnished,0,2,Yes,Park,6.83,2.09,Yes,No,1676989.38
HP-02404,Konyaalti,Detached,161.2,5,2,4,0,3,Natural_Gas,Furnished,2,1,No,Street,1.29,,No,No,10617421.15
HP-02405,Besiktas,Apartment,111.0,3,1,1,20,30,Central,Furnished,2,0,No,City,5.32,2.22,Yes,Yes,12233948.67
HP-02406,Nilufer,Detached,196.3,5,2,17,0,5,Central,Semi_Furnished,1,1,Yes,Sea,2.69,0.82,Yes,Yes,11129488.22
HP-02407,Nilufer,Apartment,186.3,5,2,33,14,25,Natural_Gas,Unfurnished,1,3,Yes,Street,7.10,0.26,Yes,Yes,6336032.27
HP-02408,Atasehir,Apartment,58.3,2,1,7,9,20,Heat_Pump,Semi_Furnished,2,1,No,Nature,4.13,0.92,Yes,No,3138636.94
HP-02409,Karsiyaka,Apartment,35.0,1,1,12,23,33,Natural_Gas,Furnished,3,1,Yes,Street,3.47,0.49,Yes,Yes,1916301.27
HP-02410,Nilufer,Detached,111.1,3,1,20,0,4,Natural_Gas,Unfurnished,0,1,Yes,Street,11.57,1.22,No,No,4202102.75
HP-02411,Beylikduzu,Apartment,166.0,4,2,11,9,21,Natural_Gas,Unfurnished,2,0,No,Street,0.55,1.19,Yes,Yes,6620575.39
HP-02412,Nilufer,Apartment,52.8,1,1,6,13,24,Central,Semi_Furnished,1,2,No,Sea,2.33,1.46,Yes,Yes,2348930.30
HP-02413,Nilufer,Apartment,52.3,2,1,75,9,20,Coal,Unfurnished,1,1,No,Nature,2.85,1.51,Yes,Yes,1264502.50
HP-02414,Sisli,Residence,159.6,4,2,33,,18,Central,Unfurnished,1,2,Yes,City,0.76,0.31,Yes,No,10232395.31
HP-02415,Sisli,Apartment,164.8,6,2,25,5,16,Electric,Furnished,1,0,Yes,Sea,2.97,1.20,No,Yes,12727061.20
HP-02416,Kadikoy,Residence,158.5,5,2,27,8,21,Central,Furnished,1,4,No,Park,4.53,0.21,Yes,No,15105940.75
HP-02417,Nilufer,Apartment,35.0,1,1,11,10,21,Electric,Unfurnished,0,1,Yes,Street,6.90,1.37,Yes,No,1124800.62
HP-02418,Uskudar,Apartment,176.9,4,1,3,16,22,Natural_Gas,Semi_Furnished,2,1,No,Park,1.52,0.24,Yes,No,16235825.92
HP-02419,Karsiyaka,Detached,174.7,6,2,50,0,7,Natural_Gas,Furnished,1,1,Yes,City,6.32,1.43,Yes,Yes,6785679.71
HP-02420,Besiktas,Apartment,245.6,7,3,8,13,24,Natural_Gas,Unfurnished,3,1,Yes,Park,7.22,,Yes,Yes,29108951.42
HP-02421,Konyaalti,Apartment,85.4,3,1,27,28,40,Electric,Unfurnished,1,1,Yes,Street,20.01,0.59,No,Yes,3524605.70
HP-02422,Sisli,Apartment,86.7,2,1,31,18,25,Heat_Pump,Furnished,1,1,No,Street,0.87,1.09,Yes,No,5284283.35
HP-02423,Kadikoy,Apartment,150.7,5,2,6,26,37,Natural_Gas,Semi_Furnished,1,1,No,City,1.03,2.17,No,No,12402864.20
HP-02424,Atasehir,Villa,163.4,5,2,14,0,8,Central,Furnished,1,,No,Nature,6.95,1.74,Yes,Yes,14092504.61
HP-02425,Uskudar,Apartment,154.9,4,1,5,1,12,Natural_Gas,Unfurnished,0,0,No,Street,4.98,0.20,Yes,No,10309367.96
HP-02426,Cankaya,Apartment,160.7,5,2,21,14,25,Natural_Gas,Unfurnished,1,1,No,Sea,6.90,0.71,Yes,No,8744877.89
HP-02427,Beylikduzu,Apartment,152.6,4,2,6,17,29,Natural_Gas,Unfurnished,1,1,Yes,Nature,3.19,1.10,Yes,Yes,6796281.09
HP-02428,Atasehir,Apartment,105.1,3,1,20,0,9,Central,Semi_Furnished,2,0,Yes,Nature,1.87,0.67,No,No,6894269.09
HP-02429,Besiktas,Apartment,138.1,4,1,7,19,26,Natural_Gas,Unfurnished,1,2,Yes,Nature,6.39,0.71,Yes,Yes,15126183.32
HP-02430,Besiktas,Apartment,145.1,4,1,23,3,14,Electric,Semi_Furnished,2,1,No,Street,5.36,1.11,Yes,No,11774743.80
HP-02431,Cankaya,Apartment,195.1,5,2,3,26,34,Natural_Gas,Furnished,0,1,Yes,Street,1.15,0.44,Yes,No,10861230.53
HP-02432,Nilufer,Detached,248.5,6,3,29,0,2,Central,Unfurnished,1,2,Yes,City,0.30,1.16,Yes,No,11275048.91
HP-02433,Beylikduzu,Apartment,239.8,7,3,19,23,28,Natural_Gas,Unfurnished,1,2,Yes,Street,7.09,0.54,Yes,Yes,9805840.15
HP-02434,Kadikoy,Apartment,,2,1,17,27,34,Natural_Gas,Furnished,1,0,Yes,City,5.49,1.77,No,No,3926150.27
HP-02435,Beylikduzu,Apartment,271.6,7,3,7,19,29,Electric,Furnished,2,1,No,Nature,5.59,1.23,Yes,No,10798400.60
HP-02436,Atasehir,Apartment,142.2,4,2,41,18,28,Natural_Gas,Furnished,1,1,Yes,Park,7.17,0.22,Yes,No,8218897.50
HP-02437,Beylikduzu,Villa,170.6,4,1,2,0,4,Central,Furnished,1,,Yes,Street,1.31,0.67,Yes,Yes,10805208.67
HP-02438,Karsiyaka,Detached,156.9,5,2,9,0,5,Electric,Furnished,0,1,No,Sea,4.57,0.67,Yes,Yes,12076414.94
HP-02439,Konyaalti,Apartment,244.5,8,3,1,10,16,Natural_Gas,Unfurnished,2,1,Yes,City,9.16,0.70,No,No,16041963.07
HP-02440,Kadikoy,Villa,179.2,6,2,9,0,3,Central,Unfurnished,1,1,No,Street,2.11,0.67,Yes,No,20173791.01
HP-02441,Besiktas,Apartment,139.7,5,2,58,20,23,Central,Unfurnished,1,2,No,City,3.65,1.22,Yes,Yes,7962779.12
HP-02442,Beylikduzu,Apartment,63.9,2,1,4,23,32,Central,Semi_Furnished,1,2,Yes,Street,6.81,0.19,No,Yes,2449813.28
HP-02443,Cankaya,Detached,181.6,5,2,21,0,11,Natural_Gas,Unfurnished,0,2,No,City,1.51,0.65,Yes,No,9353582.19
HP-02444,Cankaya,Residence,96.8,3,1,16,18,26,Central,Semi_Furnished,1,2,No,Park,1.98,2.31,Yes,No,4946396.81
HP-02445,Kadikoy,Apartment,41.0,1,1,21,10,17,Natural_Gas,Unfurnished,0,2,No,Nature,1.13,0.56,Yes,Yes,2714651.44
HP-02446,Uskudar,Detached,163.5,5,2,48,0,6,Central,Unfurnished,1,1,No,Park,8.40,0.66,No,Yes,8651962.39
HP-02447,Konyaalti,Apartment,571.4,12,5,1,8,17,Central,Unfurnished,2,2,No,Park,4.37,1.33,No,Yes,42119175.99
HP-02448,Kadikoy,Apartment,129.6,4,2,10,13,20,Central,Unfurnished,2,1,Yes,Nature,6.08,1.26,Yes,No,12262782.63
HP-02449,Karsiyaka,Apartment,160.7,4,2,9,5,11,Natural_Gas,Semi_Furnished,0,2,Yes,Street,9.79,2.45,Yes,Yes,6743928.53
HP-02450,Karsiyaka,Apartment,220.2,6,2,1,12,17,Natural_Gas,Furnished,1,3,No,Street,1.08,0.59,No,No,12680136.79
HP-02451,Cankaya,Apartment,182.8,5,2,17,16,24,Natural_Gas,Unfurnished,1,1,No,Street,4.21,1.53,No,No,7202969.71
HP-02452,Besiktas,Apartment,142.1,5,2,16,5,14,Natural_Gas,Semi_Furnished,1,3,No,City,10.92,1.24,Yes,Yes,13111181.04
HP-02453,Atasehir,Apartment,139.9,4,1,12,8,16,Electric,Furnished,1,1,No,Street,3.65,0.40,Yes,No,7168022.65
HP-02454,Cankaya,Residence,42.4,1,1,8,17,30,Natural_Gas,Unfurnished,1,0,No,Sea,1.21,0.97,Yes,Yes,3531314.22
HP-02455,Cankaya,Residence,91.8,3,1,29,23,28,Central,Semi_Furnished,1,1,Yes,City,2.61,2.75,No,Yes,5152848.28
HP-02456,Karsiyaka,Apartment,186.7,5,2,15,27,33,Natural_Gas,Furnished,0,1,No,Street,3.94,0.79,Yes,No,10271751.56
HP-02457,Uskudar,Residence,169.4,5,2,9,23,25,Heat_Pump,Semi_Furnished,1,0,Yes,Street,4.20,0.94,Yes,Yes,15302469.32
HP-02458,Uskudar,Apartment,166.6,6,3,16,11,16,Natural_Gas,Unfurnished,1,2,No,Street,3.64,0.46,Yes,Yes,13396209.46
HP-02459,Kadikoy,Apartment,35.0,1,1,1,21,28,,Furnished,2,1,No,Street,7.49,4.03,No,Yes,2612827.65
HP-02460,Karsiyaka,Apartment,168.6,5,2,42,3,8,Natural_Gas,Furnished,1,1,No,Street,5.97,2.51,No,No,5880473.67
HP-02461,Besiktas,Residence,119.7,4,2,0,22,24,Electric,Unfurnished,2,2,No,Nature,5.24,0.48,No,No,17482398.51
HP-02462,Atasehir,Apartment,56.4,2,1,25,22,30,Natural_Gas,Semi_Furnished,1,1,Yes,Street,7.90,0.16,No,No,3011376.95
HP-02463,Kadikoy,Apartment,135.7,4,2,23,28,34,Natural_Gas,Furnished,0,0,No,Street,4.23,0.29,No,No,6864003.20
HP-02464,Sisli,Apartment,120.6,3,1,35,16,27,Central,Semi_Furnished,1,1,No,Sea,8.70,0.72,Yes,Yes,7745609.78
HP-02465,Uskudar,Apartment,160.4,4,2,9,14,22,Natural_Gas,Unfurnished,0,1,No,City,4.77,0.65,No,No,9666790.69
HP-02466,Kadikoy,Apartment,259.4,7,3,17,2,14,,Furnished,1,2,No,City,6.64,2.53,Yes,Yes,16540227.57
HP-02467,Beylikduzu,Apartment,198.0,5,,20,28,31,Electric,Semi_Furnished,1,3,Yes,Nature,12.95,0.36,Yes,No,6598730.05
HP-02468,Beylikduzu,Residence,91.4,3,1,12,5,12,Central,Semi_Furnished,2,1,No,Street,2.04,1.00,No,No,4016823.27
HP-02469,Kadikoy,Villa,,3,1,5,0,2,Electric,Semi_Furnished,1,2,Yes,City,10.91,1.10,Yes,Yes,12788694.64
HP-02470,Kadikoy,Residence,131.5,3,1,40,8,14,Electric,Unfurnished,2,1,Yes,Street,8.61,1.34,No,Yes,8938095.58
HP-02471,Karsiyaka,Apartment,149.9,4,,1,25,33,Central,Unfurnished,1,0,No,City,5.46,0.63,No,No,10180557.34
HP-02472,Uskudar,Residence,232.9,6,2,20,7,14,Natural_Gas,Unfurnished,1,2,Yes,Park,9.71,0.13,Yes,No,19212438.54
HP-02473,Besiktas,Detached,162.7,5,2,17,0,12,Natural_Gas,Unfurnished,1,1,Yes,Street,5.20,0.56,Yes,No,16319008.19
HP-02474,Konyaalti,Apartment,131.2,4,,22,5,18,Central,Semi_Furnished,0,2,No,Street,2.58,0.27,Yes,Yes,6279054.75
HP-02475,Atasehir,Apartment,68.0,2,1,1,14,19,Natural_Gas,Semi_Furnished,1,0,Yes,City,3.15,0.55,Yes,No,4760435.59
HP-02476,Uskudar,Apartment,504.1,12,4,,13,24,Electric,Semi_Furnished,1,3,Yes,City,4.07,2.91,Yes,Yes,44020119.68
HP-02477,Besiktas,Apartment,180.8,5,2,5,18,23,Natural_Gas,Unfurnished,0,2,No,City,5.08,2.49,Yes,No,16909343.22
HP-02478,Nilufer,Apartment,67.7,2,1,12,19,22,Natural_Gas,Furnished,1,1,No,Street,6.51,0.32,Yes,Yes,2375114.00
HP-02479,Besiktas,Apartment,56.6,2,1,75,22,34,Natural_Gas,Furnished,1,1,No,Park,2.20,1.72,Yes,Yes,3160827.51
HP-02480,Atasehir,Apartment,125.2,4,2,75,6,14,Natural_Gas,Semi_Furnished,1,1,Yes,Park,4.09,0.41,Yes,Yes,5183865.55
HP-02481,Kadikoy,Apartment,133.2,4,2,19,16,25,Natural_Gas,Unfurnished,3,1,No,Street,4.18,2.34,Yes,Yes,9152254.72
HP-02482,Konyaalti,Residence,234.7,7,2,,3,16,Electric,Furnished,1,1,No,Street,12.65,1.01,No,No,13301454.69
HP-02483,Beylikduzu,Apartment,243.5,8,3,28,27,35,Electric,Unfurnished,1,2,No,Nature,2.19,1.54,Yes,No,7605533.28
HP-02484,Karsiyaka,Residence,82.2,3,1,1,7,18,Electric,Unfurnished,0,1,Yes,Park,6.78,0.77,No,Yes,5911285.95
HP-02485,Konyaalti,Apartment,111.7,3,1,70,14,21,Heat_Pump,Furnished,1,1,Yes,Park,1.72,,Yes,Yes,4762988.43
HP-02486,Beylikduzu,Apartment,65.6,2,1,13,21,33,Electric,Unfurnished,1,2,No,Street,0.96,1.05,Yes,Yes,2102964.40
HP-02487,Kadikoy,Apartment,112.2,3,1,18,10,14,Heat_Pump,Furnished,1,4,Yes,Street,1.97,1.15,Yes,Yes,9519312.08
HP-02488,Karsiyaka,Residence,161.7,6,2,8,24,35,Natural_Gas,Unfurnished,0,3,No,Street,3.00,3.04,No,Yes,7658735.34
HP-02489,Karsiyaka,Detached,211.2,5,2,20,0,7,Central,Unfurnished,1,1,No,Street,3.52,0.40,Yes,Yes,10516992.04
HP-02490,Kadikoy,Apartment,,4,1,4,4,8,Natural_Gas,Semi_Furnished,2,1,Yes,Park,2.76,0.64,Yes,Yes,16150639.29
HP-02491,Besiktas,Apartment,191.3,6,3,5,16,27,Natural_Gas,Unfurnished,1,2,No,Street,6.71,2.79,Yes,No,16114686.56
HP-02492,Konyaalti,Apartment,193.9,5,2,14,11,20,Natural_Gas,Semi_Furnished,1,1,Yes,Park,9.53,1.19,Yes,No,11113594.92
HP-02493,Uskudar,Villa,170.1,5,,12,0,5,Natural_Gas,Unfurnished,1,1,No,Street,2.09,0.74,No,Yes,15658695.89
HP-02494,Kadikoy,Apartment,163.0,4,1,5,23,34,Natural_Gas,Semi_Furnished,1,1,Yes,Nature,4.52,0.20,Yes,No,15310652.56
HP-02495,Sisli,Detached,244.0,7,3,2,0,3,Natural_Gas,Semi_Furnished,0,1,No,City,8.04,0.19,Yes,No,24109987.10
HP-02496,Cankaya,Residence,57.2,1,1,3,20,25,Natural_Gas,Semi_Furnished,1,1,Yes,City,1.68,1.72,Yes,Yes,3350177.97
HP-02497,Konyaalti,Apartment,58.9,1,1,19,2,5,Natural_Gas,Unfurnished,1,3,No,Street,3.71,0.30,Yes,Yes,2807622.44
HP-02498,Nilufer,Apartment,120.5,4,2,9,4,8,Heat_Pump,Semi_Furnished,1,0,No,Nature,1.48,0.53,Yes,No,5937684.91
HP-02499,Nilufer,Apartment,100.0,3,1,11,18,31,Central,Unfurnished,0,0,No,Nature,3.76,0.53,No,Yes,3694351.58
HP-02500,Besiktas,Townhouse,264.4,6,2,2,17,26,Natural_Gas,Unfurnished,1,1,No,Street,6.43,2.15,Yes,Yes,26275909.83
HP-02501,Cankaya,Apartment,91.8,2,1,35,23,33,Central,Semi_Furnished,0,1,No,Street,24.27,1.15,Yes,Yes,2510705.92
HP-02502,Konyaalti,Apartment,83.5,2,1,14,15,26,Natural_Gas,Semi_Furnished,2,0,No,City,4.67,2.91,No,No,5197364.40
HP-02503,Besiktas,Apartment,139.4,4,2,3,27,35,Natural_Gas,Unfurnished,3,1,No,Park,1.68,0.80,No,Yes,19381002.70
HP-02504,Kadikoy,Apartment,83.3,2,1,4,3,15,Natural_Gas,Unfurnished,1,2,Yes,Park,14.12,0.64,No,Yes,6164044.41
HP-02505,Beylikduzu,Residence,210.6,6,2,15,3,7,Electric,Furnished,1,3,Yes,Park,1.76,1.88,Yes,No,10704520.69
HP-02506,Nilufer,Apartment,143.8,4,1,66,3,14,Natural_Gas,Unfurnished,1,1,Yes,Nature,3.26,0.43,Yes,Yes,5140687.12
HP-02507,Kadikoy,Apartment,146.6,4,1,3,24,30,Central,Unfurnished,1,3,No,Nature,7.49,1.39,Yes,No,12733864.23
HP-02508,Sisli,Apartment,86.5,2,1,17,6,9,Central,Unfurnished,0,2,Yes,Park,5.59,1.34,No,No,5475127.23
HP-02509,Besiktas,Villa,102.1,3,1,18,0,13,Heat_Pump,Unfurnished,2,2,Yes,Street,12.16,0.97,Yes,Yes,12138187.64
HP-02510,Atasehir,Townhouse,108.2,3,1,21,18,23,Central,Semi_Furnished,1,1,No,Street,5.19,,Yes,No,5752263.52
HP-02511,Beylikduzu,Apartment,52.3,1,1,21,17,23,Central,Unfurnished,1,,No,City,6.82,2.40,Yes,Yes,1665153.83
HP-02512,Atasehir,Residence,178.6,5,2,12,2,8,Electric,Unfurnished,1,,No,City,13.91,0.73,Yes,Yes,10617224.29
HP-02513,Karsiyaka,Apartment,176.7,6,3,3,13,22,Heat_Pump,Unfurnished,2,1,No,Sea,1.87,0.27,Yes,Yes,13291685.01
HP-02514,Nilufer,Apartment,141.1,4,1,12,17,29,Natural_Gas,Semi_Furnished,1,1,Yes,City,5.25,1.17,No,Yes,5289570.84
HP-02515,Sisli,Villa,241.6,7,3,9,0,4,Central,Unfurnished,0,2,No,Street,9.99,1.97,Yes,No,20786716.34
HP-02516,Karsiyaka,Apartment,50.4,1,1,2,18,20,Natural_Gas,Semi_Furnished,0,1,No,Sea,12.82,4.63,No,Yes,2411686.50
HP-02517,Konyaalti,Apartment,143.1,4,2,21,12,20,Coal,Unfurnished,0,2,No,City,6.94,1.57,Yes,Yes,5798510.05
HP-02518,Uskudar,Apartment,213.0,7,3,5,,12,Natural_Gas,Unfurnished,0,0,No,City,2.61,3.03,Yes,No,11876162.62
HP-02519,Sisli,Residence,142.6,5,2,0,18,25,Natural_Gas,Unfurnished,2,0,No,Street,5.68,0.66,Yes,No,13163828.03
HP-02520,Uskudar,Apartment,109.0,3,1,5,19,30,,Furnished,2,0,Yes,Street,4.73,0.54,Yes,Yes,8142558.38
HP-02521,Atasehir,Apartment,125.4,4,2,13,2,15,Natural_Gas,Unfurnished,1,1,No,Street,10.64,0.73,Yes,Yes,4708348.90
HP-02522,Karsiyaka,Apartment,150.8,4,2,22,14,24,Heat_Pump,Unfurnished,0,3,Yes,City,3.23,1.12,Yes,No,7366136.51
HP-02523,Karsiyaka,Apartment,158.0,4,2,1,8,10,Natural_Gas,Unfurnished,2,0,No,Street,6.17,0.21,Yes,No,8291878.35
HP-02524,Besiktas,Residence,191.3,6,3,0,10,19,Natural_Gas,Semi_Furnished,1,2,No,City,10.00,0.41,Yes,No,25149324.66
HP-02525,Sisli,Townhouse,174.3,6,2,13,15,27,Heat_Pump,Semi_Furnished,2,1,Yes,Park,2.01,0.58,Yes,Yes,15810161.60
HP-02526,Besiktas,Detached,147.7,4,1,18,0,6,Electric,Unfurnished,1,2,Yes,Street,2.22,0.89,Yes,No,17065562.65
HP-02527,Besiktas,Apartment,134.2,3,1,5,25,32,Natural_Gas,Unfurnished,0,2,Yes,Nature,0.55,1.30,Yes,No,15041950.38
HP-02528,Nilufer,Apartment,255.2,9,3,13,15,20,Central,Unfurnished,1,1,No,Street,10.50,2.49,Yes,Yes,8013879.28
HP-02529,Besiktas,Apartment,,6,2,75,14,24,Heat_Pump,Semi_Furnished,1,1,Yes,Park,16.23,1.65,Yes,No,10394860.96
HP-02530,Uskudar,Apartment,122.2,4,1,4,19,25,Natural_Gas,Semi_Furnished,0,1,No,Street,4.67,0.34,Yes,Yes,7309588.76
HP-02531,Nilufer,Villa,221.3,7,3,1,0,9,Natural_Gas,Unfurnished,1,2,No,Nature,8.57,0.53,Yes,No,13460810.78
HP-02532,Atasehir,Townhouse,254.2,6,2,15,23,34,Central,Semi_Furnished,1,1,No,Street,3.55,2.19,Yes,Yes,15611696.46
HP-02533,Nilufer,Villa,278.1,10,3,13,0,2,Natural_Gas,Unfurnished,2,1,No,Street,3.52,0.30,Yes,No,18649686.86
HP-02534,Karsiyaka,Apartment,153.2,5,2,,27,38,Natural_Gas,Unfurnished,0,1,Yes,City,4.25,0.25,No,Yes,9771512.16
HP-02535,Cankaya,Residence,173.2,5,2,,10,13,Natural_Gas,Unfurnished,0,2,No,Street,5.92,0.27,Yes,Yes,11065424.05
HP-02536,Konyaalti,Residence,217.7,6,2,18,9,16,Natural_Gas,Unfurnished,1,0,No,City,7.78,0.53,Yes,No,13566482.82
HP-02537,Beylikduzu,Apartment,47.3,1,1,36,14,16,Central,Unfurnished,1,1,No,City,3.98,1.04,Yes,No,1401026.49
HP-02538,Beylikduzu,Residence,45.9,1,1,51,2,11,Natural_Gas,Furnished,2,1,Yes,Street,1.70,1.39,Yes,No,1396579.62
HP-02539,Cankaya,Apartment,158.8,5,2,0,2,8,Natural_Gas,Unfurnished,1,1,Yes,City,2.10,0.91,No,Yes,8947528.72
HP-02540,Karsiyaka,Apartment,65.2,2,1,25,5,10,Natural_Gas,Furnished,1,0,No,Park,3.18,1.22,No,No,2517865.21
HP-02541,Konyaalti,Villa,132.7,4,1,19,0,4,Central,Unfurnished,1,1,Yes,Nature,18.31,0.10,Yes,No,10225034.47
HP-02542,Nilufer,Apartment,109.7,3,1,10,4,6,Natural_Gas,Unfurnished,2,0,No,City,1.11,1.11,Yes,Yes,5046914.20
HP-02543,Uskudar,Apartment,184.6,4,2,12,9,15,Central,Semi_Furnished,1,1,No,Park,9.09,0.36,Yes,Yes,11260794.14
HP-02544,Nilufer,Apartment,154.5,5,2,1,18,22,Central,Unfurnished,2,2,No,Sea,5.35,0.92,Yes,Yes,7887983.79
HP-02545,Kadikoy,Apartment,141.9,4,2,13,13,24,Heat_Pump,Unfurnished,0,2,No,City,12.36,3.81,Yes,No,9490220.55
HP-02546,Atasehir,Apartment,190.0,7,3,,3,12,Natural_Gas,Furnished,2,0,Yes,Park,3.60,0.36,No,No,16112854.18
HP-02547,Kadikoy,Apartment,98.7,3,1,8,7,14,Natural_Gas,Unfurnished,1,1,No,Park,3.75,0.79,Yes,No,9117803.86
HP-02548,Besiktas,Apartment,173.2,6,2,37,23,32,Natural_Gas,Unfurnished,1,1,Yes,Street,5.22,0.60,Yes,Yes,13790292.85
HP-02549,Atasehir,Apartment,162.8,4,1,15,23,35,Natural_Gas,Furnished,0,1,Yes,City,7.61,1.70,Yes,Yes,8792699.44
HP-02550,Besiktas,Apartment,198.4,6,2,35,19,24,Central,Semi_Furnished,1,0,Yes,Street,3.65,0.43,Yes,No,13823232.19
HP-02551,Uskudar,Townhouse,227.5,6,2,33,9,19,,Semi_Furnished,1,1,Yes,Nature,8.74,1.81,No,No,16624339.53
HP-02552,Besiktas,Apartment,185.1,6,3,11,12,18,Natural_Gas,Semi_Furnished,0,1,No,Street,1.32,0.88,Yes,No,20454547.09
HP-02553,Nilufer,Apartment,118.2,4,1,75,15,20,Heat_Pump,Unfurnished,0,1,No,Street,11.63,2.76,Yes,Yes,2089012.88
HP-02554,Cankaya,Detached,185.4,5,2,31,0,2,Natural_Gas,Semi_Furnished,2,2,Yes,Street,2.65,0.79,Yes,Yes,9356925.11
HP-02555,Karsiyaka,Apartment,125.0,3,1,,18,24,Natural_Gas,Semi_Furnished,2,1,No,Street,4.20,0.91,Yes,No,4811642.46
HP-02556,Karsiyaka,Apartment,89.2,3,1,17,28,41,,Unfurnished,0,2,Yes,Sea,15.07,0.50,Yes,Yes,5025180.86
HP-02557,Karsiyaka,Apartment,160.2,5,2,3,2,4,Heat_Pump,Unfurnished,1,1,No,Sea,8.95,2.39,Yes,No,11273545.26
HP-02558,Beylikduzu,Apartment,134.7,4,2,29,12,22,Natural_Gas,Unfurnished,2,1,Yes,Street,6.56,0.71,Yes,Yes,4465231.14
HP-02559,Uskudar,Apartment,35.0,1,1,13,2,14,Natural_Gas,Unfurnished,0,2,No,City,3.40,0.76,Yes,Yes,2259374.86
HP-02560,Kadikoy,Villa,169.0,6,3,4,0,7,Heat_Pump,Semi_Furnished,2,0,Yes,City,1.00,0.37,Yes,Yes,25527629.90
HP-02561,Besiktas,Apartment,86.3,3,1,7,3,7,Electric,Semi_Furnished,0,1,No,Street,3.83,0.89,Yes,Yes,7539149.24
HP-02562,Nilufer,Residence,188.3,5,2,3,8,12,Electric,Semi_Furnished,1,1,Yes,Nature,8.46,1.87,No,No,9528188.25
HP-02563,Kadikoy,Residence,149.1,4,2,7,7,14,Central,Unfurnished,1,1,No,City,3.33,1.29,Yes,No,16619129.45
HP-02564,Cankaya,Apartment,82.6,3,1,19,22,28,Natural_Gas,Unfurnished,2,3,Yes,City,2.96,2.18,Yes,Yes,4329213.37
HP-02565,Beylikduzu,Apartment,187.5,6,2,3,19,21,Heat_Pump,Semi_Furnished,0,1,No,Street,5.08,1.93,Yes,No,6462163.06
HP-02566,Karsiyaka,Apartment,97.2,2,1,0,1,4,Natural_Gas,Semi_Furnished,0,1,No,Park,4.39,0.85,Yes,Yes,5100335.83
HP-02567,Nilufer,Apartment,129.3,4,1,2,20,26,Central,Unfurnished,1,1,Yes,City,4.91,0.39,No,No,6295579.57
HP-02568,Uskudar,Detached,187.9,6,2,18,0,11,Electric,Semi_Furnished,2,1,No,Street,3.27,0.90,Yes,Yes,11602424.66
HP-02569,Nilufer,Residence,143.4,4,1,36,5,18,Natural_Gas,Unfurnished,1,0,No,Street,2.98,1.73,Yes,Yes,4680551.41
HP-02570,Besiktas,Apartment,77.1,2,1,11,15,20,Natural_Gas,Unfurnished,0,3,No,City,1.47,1.99,Yes,No,6826546.74
HP-02571,Nilufer,Apartment,71.1,2,1,14,5,18,Natural_Gas,Unfurnished,0,1,No,Street,4.84,0.42,Yes,No,2034125.19
HP-02572,Atasehir,Villa,,5,2,7,0,11,Electric,Unfurnished,1,2,Yes,Sea,,0.51,Yes,Yes,30156931.45
HP-02573,Cankaya,Residence,62.8,2,1,44,9,21,Natural_Gas,Unfurnished,0,1,No,Street,5.38,0.42,Yes,Yes,2059576.20
HP-02574,Beylikduzu,Residence,183.8,5,2,3,23,27,Coal,Unfurnished,0,1,Yes,City,4.20,0.48,Yes,Yes,8439682.00
HP-02575,Besiktas,Apartment,92.8,2,1,0,17,20,Central,Unfurnished,1,1,No,Sea,4.05,2.02,Yes,No,12608093.97
HP-02576,Sisli,Residence,176.8,4,1,4,14,19,Natural_Gas,Unfurnished,0,0,Yes,Street,1.69,0.95,No,No,15651684.67
HP-02577,Beylikduzu,Apartment,150.9,4,1,15,11,14,,Semi_Furnished,0,1,No,Park,2.19,1.68,Yes,Yes,5606650.15
HP-02578,Atasehir,Apartment,94.8,3,1,1,20,30,Central,Semi_Furnished,1,1,No,Street,2.26,0.81,Yes,No,7349038.16
HP-02579,Kadikoy,Apartment,169.8,5,2,18,8,13,Central,Semi_Furnished,0,1,No,City,2.91,0.74,Yes,No,10718357.53
HP-02580,Cankaya,Residence,165.0,4,2,13,17,24,Natural_Gas,Semi_Furnished,1,,No,Street,13.29,0.25,No,No,9271273.99
HP-02581,Beylikduzu,Villa,75.5,3,1,1,,13,Central,Furnished,2,2,Yes,Park,2.48,1.04,Yes,No,6407370.93
HP-02582,Atasehir,Villa,147.7,5,2,4,0,5,Heat_Pump,Semi_Furnished,0,1,Yes,Street,2.19,0.37,Yes,No,14407105.30
HP-02583,Sisli,Apartment,133.6,5,2,2,27,30,Central,Furnished,2,1,No,Street,5.78,0.78,Yes,No,11441883.45
HP-02584,Karsiyaka,Apartment,120.0,4,2,0,2,4,Electric,Unfurnished,1,2,No,Nature,3.50,0.72,Yes,No,6268680.57
HP-02585,Cankaya,Apartment,35.0,1,1,29,28,34,Natural_Gas,Furnished,1,2,Yes,Street,3.78,2.98,No,Yes,1295404.18
HP-02586,Besiktas,Villa,131.1,3,1,10,0,6,Natural_Gas,Semi_Furnished,0,2,Yes,Street,11.81,0.67,Yes,No,15714673.41
HP-02587,Cankaya,Apartment,103.6,3,1,,20,22,Natural_Gas,Unfurnished,0,2,No,Street,9.91,0.28,Yes,Yes,4738596.42
HP-02588,Konyaalti,Apartment,81.8,3,1,45,16,22,Natural_Gas,Furnished,2,2,No,Nature,9.96,1.87,Yes,Yes,3082633.33
HP-02589,Cankaya,Apartment,199.0,5,2,13,25,38,Central,Semi_Furnished,1,1,Yes,Street,14.37,0.79,Yes,No,8782040.74
HP-02590,Nilufer,Apartment,74.3,2,1,10,28,32,Heat_Pump,Furnished,1,1,Yes,City,1.27,1.93,No,Yes,3063827.75
HP-02591,Karsiyaka,Apartment,166.1,5,2,16,10,21,Electric,Unfurnished,1,1,Yes,City,9.58,2.32,No,No,9276311.43
HP-02592,Uskudar,Apartment,64.0,2,1,7,25,38,Heat_Pump,Unfurnished,1,3,Yes,Street,10.26,0.76,No,No,3982163.24
HP-02593,Nilufer,Detached,110.4,3,1,9,0,6,Heat_Pump,Unfurnished,0,1,No,City,5.82,1.79,Yes,Yes,4441725.71
HP-02594,Karsiyaka,Apartment,76.7,2,1,31,6,13,Central,Semi_Furnished,1,0,No,City,7.65,0.77,Yes,No,2991971.11
HP-02595,Kadikoy,Apartment,144.9,4,1,12,3,16,Natural_Gas,Unfurnished,1,1,Yes,Park,9.01,1.47,Yes,Yes,11011383.20
HP-02596,Besiktas,Apartment,,3,1,25,23,28,Central,Semi_Furnished,1,2,Yes,City,3.06,1.67,No,Yes,8671857.30
HP-02597,Kadikoy,Townhouse,110.2,3,1,15,3,6,Electric,Semi_Furnished,1,1,No,Street,7.71,0.75,Yes,No,10017712.76
HP-02598,Cankaya,Residence,186.1,6,2,11,28,39,Natural_Gas,Semi_Furnished,2,1,Yes,Street,2.90,1.53,Yes,Yes,11702093.15
HP-02599,Konyaalti,Apartment,151.7,5,2,10,15,17,Heat_Pump,Semi_Furnished,1,,Yes,City,2.37,0.51,Yes,Yes,10079616.86
HP-02600,Uskudar,Detached,187.3,4,1,31,0,5,Central,Semi_Furnished,1,0,No,Street,5.90,1.23,No,No,9347383.40
