Customer_ID,Age,Gender,Marital_Status,Education_Level,Employment_Type,Annual_Income,Monthly_Debt,Credit_Score,Credit_History_Years,Num_Credit_Cards,Num_Late_Payments,Loan_Amount,Loan_Term_Months,Interest_Rate,Existing_Loans,Savings_Balance,Checking_Balance,Home_Ownership,Dependents,Years_at_Current_Job,Region,Monthly_Expenses,Debt_to_Income_Ratio,Utilization_Rate,Recent_Credit_Inquiries,Has_CoSigner,Previous_Default,Default
CUST-000001,30,Female,Single,Master,Salaried,51381.72,642.12,662.0,9.5,4,2,31473.5,24,5.69,0,,5478.05,,1,0.7,North,1549.55,0.15,0.4865,2,No,0,0
CUST-000002,58,Male,Married,Bachelor,Salaried,53626.86,1727.29,705.0,37.6,2,0,14568.87,36,2.51,2,11521.16,3336.07,Mortgage,2,,North,2225.68,0.3865,0.4578,1,No,0,0
CUST-000003,42,Female,Married,High School,Salaried,19289.48,945.95,635.0,17.8,2,1,60583.3,12,8.78,1,1529.81,2165.44,Rent,2,2.4,South,1017.09,0.5885,0.1824,1,Yes,0,1
CUST-000004,37,Male,Single,,Unemployed,19593.81,848.4,,17.2,2,0,31383.8,60,6.43,1,7121.24,524.02,Mortgage,1,1.5,West,698.54,0.5196,0.7927,2,Yes,0,1
CUST-000005,53,Female,Single,Associate,Unemployed,8558.69,364.94,753.0,30.1,5,0,27761.9,36,2.5,3,1460.75,1143.47,Mortgage,0,2.6,South,350.0,0.5117,0.6196,1,No,0,1
CUST-000006,48,Male,Married,High School,Self-employed,16499.47,654.68,687.0,27.6,7,0,10192.5,36,6.05,2,4614.56,1770.98,Own,1,10.4,East,587.38,0.4761,0.5509,1,No,0,0
CUST-000007,19,Female,Married,Bachelor,Contract,75576.03,1375.52,775.0,0.0,2,0,38640.81,84,5.17,2,5635.35,2226.31,Rent,2,0.5,West,2855.31,0.2184,0.3321,2,No,0,0
CUST-000008,39,Male,Single,High School,Self-employed,277778.25,1575.2,748.0,18.9,5,1,2499.32,36,3.69,0,2525.42,4009.45,Mortgage,0,5.3,East,1867.64,0.3938,0.1764,3,No,0,0
CUST-000009,62,Female,Single,High School,Unemployed,14605.69,837.03,644.0,42.2,5,4,15919.52,84,9.09,5,4948.63,-745.32,Mortgage,0,3.0,West,522.6,0.6877,0.4441,2,No,0,1
CUST-000010,44,Male,Divorced,Bachelor,Salaried,32175.86,426.27,714.0,21.0,0,0,12797.12,60,3.76,0,6375.22,353.63,Own,0,10.7,East,730.31,0.159,0.4779,1,No,0,0
CUST-000011,65,Female,Single,Bachelor,Salaried,59611.84,2049.32,785.0,43.9,3,0,15607.8,60,2.5,1,2684.36,-3500.0,Own,0,6.4,South,4412.54,0.4125,0.3622,1,No,0,0
CUST-000012,18,Male,Married,Bachelor,Self-employed,50864.34,896.81,796.0,0.0,4,0,15475.24,60,5.71,1,13203.23,2669.37,Own,2,0.0,South,918.5,0.2116,0.1866,2,Yes,0,0
CUST-000013,47,Female,Married,Bachelor,Salaried,38730.38,1298.43,552.0,25.2,3,4,22977.72,84,14.75,1,3209.25,2079.51,Rent,3,11.4,Central,3351.65,0.4023,0.7709,1,Yes,1,0
CUST-000014,29,Female,Single,Master,Salaried,58937.84,995.82,696.0,9.0,5,2,44957.83,84,7.19,0,,5942.97,Mortgage,0,0.9,West,1438.39,0.2028,0.8719,1,No,0,0
CUST-000015,33,Female,Married,Bachelor,Self-employed,115115.61,2357.87,735.0,8.0,0,0,17771.06,12,7.75,1,81799.42,641.75,Rent,2,6.6,Central,6814.0,0.2458,0.5339,1,No,0,0
CUST-000016,46,Male,Single,Master,Salaried,103113.89,962.79,756.0,20.3,6,1,20055.46,36,2.84,1,5764.39,6795.07,,0,20.7,South,4938.72,0.112,0.3595,0,No,0,0
CUST-000017,44,Male,Single,Bachelor,Salaried,55178.62,1709.28,732.0,23.3,0,0,23223.34,60,3.61,3,7460.08,3381.97,Mortgage,1,7.8,South,1623.25,0.3717,0.6959,4,Yes,0,0
CUST-000018,31,Male,Married,High School,Contract,28366.58,485.16,741.0,11.2,5,0,17358.77,36,2.97,1,1279.59,813.22,Rent,1,1.7,North,1131.28,0.2052,0.6483,1,No,0,0
CUST-000019,55,Male,Single,Bachelor,Contract,63621.61,2340.69,596.0,35.5,3,3,13263.46,48,11.21,1,8154.78,-762.04,Own,0,18.3,East,1814.51,0.4415,0.4971,1,No,1,1
CUST-000020,48,Female,Single,Master,Salaried,53149.0,1376.42,643.0,20.9,2,1,15221.1,24,4.38,1,14891.24,1859.02,Mortgage,1,7.4,North,3176.09,0.3108,0.4809,1,No,0,0
CUST-000021,30,Female,Married,Bachelor,Salaried,89063.8,478.75,679.0,9.7,1,1,14414.96,84,7.13,0,37879.36,9676.48,Rent,3,9.2,West,3141.33,0.0645,0.8465,2,No,0,0
CUST-000022,36,Female,Single,Master,Contract,80694.5,1092.62,689.0,10.2,2,1,30406.97,48,5.99,5,9675.48,1135.34,Rent,0,7.3,West,1168.59,0.1625,0.2304,1,No,0,1
CUST-000023,50,Male,Married,Bachelor,Salaried,38418.11,1291.2,682.0,30.2,0,0,31848.95,60,8.41,0,1574.37,1811.09,Rent,2,17.9,South,1427.18,0.4033,0.4723,0,No,0,0
CUST-000024,48,Male,Divorced,Master,Salaried,213390.27,3544.08,714.0,25.1,4,0,55209.0,24,5.29,4,18047.86,7384.34,Other,0,,North,11361.76,0.1993,0.5436,3,No,0,1
CUST-000025,39,Female,Married,Associate,Self-employed,86338.23,2428.06,731.0,17.8,4,0,24258.02,24,3.66,1,29032.8,7962.75,Mortgage,1,8.4,West,3088.06,0.3375,0.5069,3,No,0,0
CUST-000026,35,Female,Single,Bachelor,Self-employed,88289.59,977.13,736.0,16.6,5,0,4510.03,60,4.98,1,11663.39,8396.88,Rent,2,10.7,South,1871.41,0.1328,0.1284,2,No,0,0
CUST-000027,26,Female,Single,Master,Salaried,142389.46,4032.02,667.0,0.0,5,0,7371.98,60,5.94,0,1735.7,12483.66,Other,1,3.4,North,3305.17,0.3398,0.4301,5,Yes,0,0
CUST-000028,36,Male,Single,Master,Self-employed,82196.34,3865.99,683.0,11.3,1,2,16210.85,60,2.86,3,2831.58,6230.74,Own,0,14.7,North,2399.66,0.5644,0.5144,3,Yes,0,0
CUST-000029,33,Male,Married,Master,Self-employed,57608.83,1408.88,699.0,8.4,2,2,24626.41,36,8.9,1,1168.6,449.96,Own,4,2.3,South,2031.65,0.2935,0.4877,0,No,0,0
CUST-000030,43,Male,Married,High School,Salaried,25104.6,1008.83,696.0,21.9,5,1,15293.45,60,5.01,1,16695.74,468.05,Rent,1,8.1,South,818.05,0.4822,0.2597,1,No,0,0
CUST-000031,34,Male,Married,High School,Self-employed,36586.98,1799.83,712.0,11.7,9,1,32179.13,48,3.75,1,4135.05,4343.35,Mortgage,1,4.6,East,2199.33,0.5903,0.6207,2,Yes,0,0
CUST-000032,51,Female,Married,High School,Self-employed,63308.42,1167.6,755.0,30.0,3,0,41624.61,48,4.06,3,2462.07,3905.06,Own,1,15.2,East,4385.02,0.2213,0.199,3,No,0,0
CUST-000033,40,Male,Single,Bachelor,Salaried,24813.9,1221.49,723.0,12.0,5,1,22139.98,24,3.18,1,844.25,1825.68,Mortgage,1,13.4,North,1318.59,0.5907,0.3269,1,No,0,1
CUST-000034,40,Male,Married,Bachelor,Salaried,34975.63,1488.42,779.0,15.2,3,0,5555.13,72,5.63,2,11092.09,2639.52,Rent,3,11.4,West,1818.19,0.5107,0.5146,1,No,0,0
CUST-000035,41,Male,Married,Associate,Salaried,22698.27,1148.17,691.0,21.1,1,2,83141.99,84,3.75,2,0.0,-440.55,Mortgage,3,15.7,North,1229.63,0.607,0.3209,1,No,0,0
CUST-000036,51,Female,Divorced,High School,Salaried,59379.49,761.5,687.0,29.4,3,1,29685.37,60,6.78,0,3569.39,-431.82,Other,0,23.1,East,1065.23,0.1539,0.3198,0,Yes,0,1
CUST-000037,38,Male,Single,Bachelor,Salaried,29851.18,8132.46,671.0,17.3,4,1,27632.58,60,4.05,3,4018.6,1878.63,Rent,2,7.4,West,843.24,0.7645,0.6833,2,Yes,0,0
CUST-000038,44,Male,Married,High School,Salaried,46149.95,1133.86,803.0,23.5,8,0,16776.42,60,2.53,3,1179.94,-744.64,Mortgage,2,22.4,South,1081.98,0.2948,0.0882,0,No,0,0
CUST-000039,43,Male,Single,Bachelor,Salaried,64977.57,914.2,784.0,23.4,2,0,40357.14,24,4.66,1,2742.13,697.89,Own,0,9.4,North,1696.95,0.1688,0.4238,1,Yes,0,0
CUST-000040,51,Non-binary,Single,Associate,Salaried,51234.94,1165.6,706.0,31.4,4,0,14805.04,36,7.07,0,1146.93,505.77,Mortgage,0,8.7,Central,2135.49,0.273,0.4446,1,No,0,0
CUST-000041,31,Male,Divorced,Bachelor,Retired,55199.53,1250.67,765.0,4.7,0,1,12298.95,36,3.04,1,,-1074.07,Mortgage,0,7.7,South,1080.95,0.2719,0.5403,1,No,0,0
CUST-000042,46,Male,Married,Master,Salaried,68797.34,3244.08,704.0,23.8,2,1,20336.06,24,4.6,1,4726.98,1171.13,Mortgage,1,1.2,East,1208.71,0.5658,0.393,3,No,0,1
CUST-000043,46,Male,Married,Bachelor,Unemployed,14371.7,747.26,522.0,25.7,0,5,80286.83,60,11.39,2,0.0,399.91,Rent,0,2.9,North,467.47,0.6239,0.6846,3,No,1,1
CUST-000044,30,Female,Married,Master,Retired,45589.67,1586.71,715.0,4.9,2,1,8351.87,24,6.91,1,18964.01,6660.01,Mortgage,1,8.5,North,1419.8,0.4176,0.6127,1,No,0,0
CUST-000045,22,Female,Married,Associate,Salaried,219246.27,8165.94,711.0,2.5,2,0,12504.11,60,3.86,2,13059.56,-3500.0,,3,1.7,North,5939.25,0.4469,0.8158,2,No,0,0
CUST-000046,39,Male,Married,High School,Salaried,24961.95,1019.45,716.0,17.5,3,0,70829.76,36,10.54,1,11018.28,,Mortgage,3,15.0,West,1079.99,0.4901,0.6775,2,No,0,0
CUST-000047,28,Male,Single,Doctorate,Salaried,62964.0,3360.03,635.0,6.0,0,1,68748.39,36,6.05,0,15675.52,3436.32,Own,1,1.6,South,1124.94,0.6404,0.5548,1,No,0,0
CUST-000048,23,Female,Single,Doctorate,Contract,522343.26,1327.38,726.0,3.3,4,0,11046.82,84,4.33,0,8041.9,3773.78,Own,1,1.1,South,2289.46,0.1698,0.6927,1,No,0,0
CUST-000049,51,Female,Married,High School,Salaried,59141.84,863.74,743.0,31.2,5,0,4060.55,36,5.45,1,7999.03,6782.79,Rent,1,13.2,North,1842.29,0.1753,0.8822,0,No,0,0
CUST-000050,60,Female,Widowed,Bachelor,Salaried,43746.82,625.77,618.0,32.2,2,2,29908.21,60,8.26,5,1480.68,2377.85,Own,1,31.1,West,2621.77,0.1717,0.4716,2,No,1,0
CUST-000051,23,Male,Widowed,High School,Contract,28428.02,1779.52,642.0,3.2,4,2,20993.99,60,4.21,2,4606.04,644.35,Own,0,2.6,South,1183.51,0.7512,0.5139,0,No,0,0
CUST-000052,46,Female,Single,Doctorate,Self-employed,50480.19,1894.71,565.0,26.4,4,4,24494.55,60,15.87,3,1081.73,2246.51,Rent,0,23.7,East,1860.02,0.4504,0.6267,3,No,1,1
CUST-000053,18,Male,Single,High School,Contract,39148.68,416.22,762.0,0.0,6,0,11801.14,48,6.16,0,4323.09,4947.97,,1,0.0,South,361.61,0.1276,0.3966,2,No,0,0
CUST-000054,31,Female,Single,High School,Salaried,69295.68,661.16,725.0,7.1,2,2,31237.61,36,6.92,2,3277.4,6358.55,Mortgage,0,4.8,Central,4330.46,0.1145,0.6528,0,Yes,0,0
CUST-000055,46,Male,Married,Bachelor,Salaried,56312.4,1894.9,738.0,23.4,3,0,23441.99,36,9.74,1,2606.59,5852.91,Mortgage,4,16.7,South,2087.37,0.4038,0.5416,1,No,0,0
CUST-000056,40,Female,Married,Associate,Contract,74201.5,1086.08,616.0,20.5,4,3,18400.99,36,10.47,1,6139.74,8092.88,Own,2,14.9,North,2403.82,0.1756,0.3763,1,No,1,0
CUST-000057,36,Male,Married,Bachelor,Contract,48371.87,594.8,701.0,17.7,2,1,20471.13,24,7.45,1,5745.39,1732.27,Other,2,3.4,West,2453.89,0.1476,0.6096,1,No,0,0
CUST-000058,53,Male,Single,Master,Salaried,81600.01,508.84,746.0,23.3,5,1,22800.58,48,5.46,1,18003.47,519.07,Rent,0,18.8,West,2854.21,0.0748,0.4845,2,No,0,0
CUST-000059,46,Female,Divorced,Associate,Self-employed,69771.43,1775.2,759.0,21.5,3,1,22477.56,48,5.05,3,2166.16,,Rent,0,21.2,Central,1559.94,0.3053,0.3085,1,Yes,0,0
CUST-000060,47,Male,Married,Master,Salaried,73249.99,1858.0,707.0,27.6,5,0,67416.37,36,5.24,1,5865.96,916.11,Mortgage,2,12.6,West,1499.16,0.3044,0.6573,0,No,0,0
CUST-000061,49,Female,Single,Associate,Self-employed,54244.42,679.77,673.0,23.4,2,0,35789.42,60,6.38,1,2107.18,,Mortgage,1,10.5,East,2922.69,0.1504,0.3761,2,No,0,0
CUST-000062,38,Female,Married,Bachelor,Self-employed,60881.81,641.47,731.0,18.0,5,1,47719.11,48,4.18,0,1514.15,,Rent,0,8.7,Central,2588.6,0.1264,0.6507,0,No,0,0
CUST-000063,57,Female,Single,Associate,Salaried,27272.87,645.39,657.0,36.9,3,2,20187.23,60,7.63,1,6970.12,-823.12,Own,0,4.2,Central,1309.91,0.284,0.7633,0,No,0,0
CUST-000064,28,Male,Married,Bachelor,Salaried,183981.82,1646.49,717.0,6.3,6,0,50071.33,24,2.9,6,41704.36,23991.18,Mortgage,0,5.7,West,10910.65,0.1074,0.5407,3,No,0,0
CUST-000065,37,Female,Married,Associate,Salaried,60308.65,2032.66,693.0,10.3,3,2,32736.7,60,7.04,5,12535.27,3975.96,Rent,1,6.4,South,3287.52,0.4045,0.4924,0,No,0,0
CUST-000066,50,Male,Married,Master,Salaried,110691.12,1480.13,635.0,31.0,4,0,28869.1,60,10.17,3,22638.65,2703.69,Own,0,15.1,West,2311.74,0.1605,0.7373,2,No,0,0
CUST-000067,32,Female,Single,Bachelor,Salaried,31580.76,414.0,627.0,9.6,4,4,19401.33,36,6.1,1,1331.54,1627.36,Own,0,9.8,West,350.0,0.1573,0.3213,0,No,0,0
CUST-000068,45,Female,Single,Associate,Salaried,53227.41,1880.69,792.0,25.3,7,0,12189.59,36,2.5,2,8507.99,4348.05,Mortgage,0,23.5,West,1537.45,0.424,0.0996,0,No,0,0
CUST-000069,45,Female,Married,High School,Salaried,28806.8,1834.35,747.0,25.1,5,0,8959.3,24,6.43,0,12698.28,3020.11,Rent,1,13.6,Central,1624.16,0.7641,0.5668,3,No,0,1
CUST-000070,32,Female,Married,Associate,Salaried,64233.57,521.41,751.0,10.8,2,0,42070.62,60,5.29,1,2784.23,9445.62,Mortgage,1,1.4,North,2700.77,0.0974,0.613,1,Yes,0,0
CUST-000071,64,Male,Married,Associate,Self-employed,50589.09,898.25,746.0,40.2,5,0,27014.98,36,6.42,1,18436.71,2503.2,Rent,0,13.9,West,2362.1,0.2131,0.3925,1,No,0,0
CUST-000072,51,Male,Married,Bachelor,Salaried,,1623.07,746.0,29.9,5,0,46348.42,60,4.63,1,5367.98,3334.88,Mortgage,4,18.7,West,933.01,0.4026,0.6179,0,No,0,0
CUST-000073,44,Male,Divorced,High School,,16207.38,446.09,702.0,22.5,0,0,30882.06,60,2.5,1,5171.54,445.69,Rent,0,14.3,West,415.1,0.3303,,1,No,0,0
CUST-000074,43,Female,Married,Bachelor,Self-employed,94276.93,377.63,773.0,13.2,1,0,12470.87,36,4.06,1,29775.12,6082.04,Mortgage,1,15.2,North,3656.58,0.0481,0.2592,0,Yes,0,0
CUST-000075,50,Female,Married,Bachelor,Salaried,42695.99,111.39,717.0,29.2,4,1,37683.78,72,8.75,2,10229.23,1930.11,Mortgage,1,20.4,West,1553.51,0.0313,0.1839,1,No,0,0
CUST-000076,30,Female,Single,Associate,Salaried,104646.22,965.96,662.0,9.0,3,1,11376.89,36,5.03,0,5820.04,3272.6,Own,0,5.5,West,5022.23,0.1108,0.7076,1,No,0,0
CUST-000077,33,Male,Married,High School,Retired,25848.49,651.82,698.0,11.4,3,0,33996.43,24,9.31,0,9065.04,-40.06,Mortgage,1,3.6,West,1454.13,0.3026,0.4035,1,No,0,0
CUST-000078,37,Female,Married,Associate,Contract,31449.14,1495.5,656.0,18.6,3,1,18627.47,24,8.71,0,1269.36,2007.14,Mortgage,4,4.6,South,2395.59,0.5706,0.4274,1,Yes,0,0
CUST-000079,19,Female,Married,Doctorate,Salaried,115347.45,3359.32,667.0,0.0,3,2,21399.0,60,4.8,2,26022.75,,Rent,2,0.3,East,3986.63,0.3495,0.4134,0,No,0,0
CUST-000080,45,Female,Married,Bachelor,Contract,40069.74,897.2,618.0,23.3,2,3,18714.12,12,8.23,2,809.93,,Own,1,14.3,South,1203.63,0.2687,0.5451,2,No,0,0
CUST-000081,49,Male,Single,High School,Salaried,84673.08,1946.13,727.0,19.5,3,0,18511.21,48,6.1,4,8471.27,-3500.0,Rent,0,5.6,East,1823.56,0.2758,0.2813,0,No,0,0
CUST-000082,32,Female,Married,Master,Retired,73186.55,1885.0,712.0,13.0,1,2,35841.99,36,8.54,0,9079.41,3301.23,Mortgage,1,4.2,East,1472.64,0.3091,0.3199,3,Yes,0,0
CUST-000083,46,Male,Single,Associate,Salaried,32932.24,1230.84,736.0,27.5,3,1,14647.43,48,4.88,1,3668.06,3557.57,Mortgage,0,11.0,South,688.1,0.4485,0.8391,1,No,0,0
CUST-000084,22,Female,Married,Bachelor,Salaried,76985.09,4302.99,688.0,0.1,1,3,31055.58,36,6.29,2,9377.4,-2155.16,Mortgage,2,1.2,South,4277.03,0.6707,0.2447,1,No,0,0
CUST-000085,65,Male,Single,Associate,Unemployed,18232.95,853.85,709.0,44.8,4,2,20233.43,60,7.79,2,0.0,1242.73,Other,0,2.4,South,350.0,0.562,0.2827,1,No,0,1
CUST-000086,27,Female,Married,Associate,Salaried,41164.55,2067.84,747.0,0.8,5,0,23692.54,36,10.36,2,6107.84,4731.94,Rent,0,5.0,South,1561.75,0.6028,0.2166,2,No,0,0
CUST-000087,27,Male,Married,Master,Contract,157098.16,1439.77,702.0,7.0,4,1,22482.31,36,8.53,2,29658.56,-2845.27,Rent,1,2.3,North,5943.89,0.11,0.4068,1,Yes,0,0
CUST-000088,32,Female,Single,Bachelor,Salaried,67605.22,3029.88,618.0,13.1,2,1,8727.58,72,9.36,1,2333.22,9075.89,Mortgage,0,5.2,North,1436.5,0.5378,0.3283,0,No,0,0
CUST-000089,53,Male,Single,Bachelor,Salaried,87603.36,1228.68,670.0,26.9,3,0,32702.2,36,6.65,1,3452.47,-328.5,Mortgage,1,5.4,Central,2134.29,0.1683,0.276,1,No,0,0
CUST-000090,32,Male,Married,Associate,Salaried,57442.39,2391.63,624.0,7.0,2,1,59468.01,48,13.59,0,5797.09,1334.19,Mortgage,1,1.8,East,3480.62,0.4996,0.5509,3,No,1,1
CUST-000091,42,Female,Single,Associate,Salaried,153529.8,715.98,710.0,22.1,2,1,34936.65,60,3.89,1,26473.98,10216.56,Rent,0,1.4,North,7163.7,0.056,0.2069,3,No,0,0
CUST-000092,47,Female,Single,Bachelor,Salaried,62159.72,914.68,675.0,28.0,2,2,34059.77,60,6.74,2,8165.02,-3500.0,Rent,0,14.1,West,1589.41,0.1766,0.3668,1,No,1,0
CUST-000093,35,Male,Single,High School,Self-employed,42451.65,297.2,674.0,16.0,0,1,38709.78,60,7.72,2,6351.93,,Own,0,9.2,South,1213.76,0.084,0.1966,5,No,0,1
CUST-000094,56,Male,Single,Bachelor,Retired,60358.24,2441.8,760.0,30.9,3,0,11540.55,24,2.5,2,4872.84,823.88,Mortgage,0,17.0,West,2941.31,0.4855,0.5769,2,No,0,0
CUST-000095,35,Male,Single,Bachelor,Self-employed,90489.8,4605.81,711.0,12.7,3,0,34681.68,60,5.3,3,29152.61,3860.14,Rent,1,5.0,East,5821.88,0.6108,0.5249,0,No,0,0
CUST-000096,41,Female,Single,Master,Salaried,71420.35,509.32,817.0,18.1,6,0,21774.06,60,4.08,1,858.66,8252.75,Rent,0,11.8,West,3076.05,0.0856,0.5451,2,No,0,0
CUST-000097,50,Female,Divorced,High School,Salaried,19396.8,398.79,739.0,27.5,2,0,10698.31,36,2.91,2,2426.5,380.1,Mortgage,0,5.5,South,552.91,0.2467,0.2484,0,No,0,0
CUST-000098,38,Male,Married,Doctorate,Salaried,41973.26,1476.13,619.0,16.2,6,1,7898.11,72,11.82,1,12184.21,2471.11,Mortgage,4,6.5,East,1672.37,0.422,,1,No,0,0
CUST-000099,44,Female,Married,Doctorate,Salaried,69299.56,1715.63,783.0,25.1,3,0,26942.83,60,2.5,0,38230.15,,Rent,2,8.4,Central,1873.92,0.2971,0.0654,0,No,0,0
CUST-000100,31,Female,Married,Associate,Salaried,37639.01,797.57,691.0,11.4,0,1,13815.18,36,7.46,0,4294.89,923.54,Rent,0,7.5,West,2221.57,0.2543,0.3098,1,No,0,0
CUST-000101,41,Female,Single,Bachelor,Salaried,67146.17,1033.72,715.0,17.5,1,1,39093.13,48,7.29,0,5457.91,-2663.16,Other,0,5.0,South,2103.95,0.1847,0.6397,3,No,0,0
CUST-000102,32,Male,Married,Bachelor,Salaried,46741.78,1614.3,772.0,13.2,5,0,17083.96,36,5.06,3,22951.12,111.65,Own,0,0.8,West,2328.42,0.4144,0.6472,1,No,0,0
CUST-000103,25,Female,Divorced,Bachelor,Salaried,56834.52,1174.05,708.0,5.2,3,0,15356.49,84,5.56,1,31765.76,5490.02,Rent,0,2.4,East,2770.53,0.2479,0.1789,1,No,0,0
CUST-000104,34,Female,Married,Bachelor,Contract,20261.26,413.43,686.0,15.0,1,0,3627.83,36,9.77,0,927.37,164.79,Rent,0,4.4,North,746.99,0.2449,0.0777,0,No,0,0
CUST-000105,49,Male,Married,Doctorate,Retired,54290.58,1219.97,762.0,24.6,2,0,30685.4,72,2.55,5,3371.65,3251.04,Rent,1,9.6,West,1482.86,0.2697,0.308,2,No,0,0
CUST-000106,32,Male,Married,High School,Unemployed,8933.83,68.86,747.0,9.5,5,1,23798.76,60,2.5,0,,297.79,Own,1,1.1,Central,670.43,0.0925,0.5344,1,No,0,1
CUST-000107,54,Female,Married,Bachelor,Salaried,66647.09,2323.5,765.0,30.1,0,1,35309.55,36,4.25,1,1483.66,2722.76,Own,2,11.0,West,2402.03,0.4184,0.6329,2,No,0,0
CUST-000108,51,Male,Single,Associate,Retired,39887.11,1088.68,713.0,32.2,4,1,14799.07,60,6.04,1,2390.74,-311.05,Rent,0,26.8,Central,877.88,0.3275,0.4824,1,No,0,0
CUST-000109,40,Female,Single,Bachelor,Self-employed,73851.67,1350.15,696.0,16.5,2,0,11014.85,36,5.03,2,5679.23,12583.79,Own,0,10.7,West,3526.05,0.2194,0.6942,2,No,0,0
CUST-000110,57,Male,Single,High School,Salaried,47797.54,1105.38,719.0,35.0,4,1,11263.24,60,4.61,2,3634.77,1211.56,Mortgage,0,17.4,West,2551.99,0.2775,0.2976,0,No,0,0
CUST-000111,34,Male,Widowed,Master,Salaried,60580.82,371.83,637.0,10.6,2,2,4238.2,48,6.9,1,10693.64,3427.68,Other,0,6.0,East,1147.79,0.0737,0.7879,0,Yes,0,0
CUST-000112,60,Male,Divorced,Bachelor,Salaried,142346.5,4169.85,679.0,40.8,3,3,22809.76,60,5.1,2,5080.39,3090.44,Own,0,36.3,West,3794.08,0.3515,0.7741,3,No,0,0
CUST-000113,31,Female,Single,Doctorate,Salaried,106690.72,3918.92,570.0,9.6,6,1,59447.03,48,11.49,1,22902.89,-2412.41,Mortgage,0,8.3,West,6750.41,0.4408,0.6653,1,No,1,1
CUST-000114,39,Male,Divorced,Doctorate,Self-employed,95170.56,1039.93,644.0,20.5,0,3,12117.4,48,10.6,2,43527.46,11769.81,Own,1,7.1,East,2932.49,0.1311,0.6001,3,No,1,1
CUST-000115,35,Male,Single,Associate,Salaried,29522.09,1509.38,671.0,11.8,3,0,13120.25,48,3.94,2,2537.14,-762.33,,0,7.1,West,1843.66,0.6135,0.6965,1,No,0,0
CUST-000116,30,Male,Single,Bachelor,Contract,35395.61,1041.18,670.0,6.1,2,1,28411.66,36,8.14,1,167.0,2012.33,Mortgage,1,,North,1418.71,0.353,0.1179,1,No,0,0
CUST-000117,46,Male,Married,Bachelor,Salaried,93836.25,4493.31,740.0,21.0,3,1,14542.66,48,4.36,1,968.08,12342.41,Mortgage,2,8.3,North,5951.38,0.5746,0.3566,1,No,0,0
CUST-000118,32,Female,Single,Bachelor,Unemployed,49567.53,532.2,629.0,12.3,2,1,18007.59,60,11.55,1,8742.82,681.81,Rent,0,1.1,East,1843.88,0.1288,0.1348,0,No,0,0
CUST-000119,42,Male,Divorced,Bachelor,Contract,69688.1,1531.21,726.0,21.5,1,1,52622.56,60,5.58,2,3703.99,7413.49,Rent,2,6.5,South,4456.69,0.2637,0.2399,1,No,0,0
CUST-000120,38,Female,Single,Associate,Self-employed,54385.14,3157.44,708.0,14.2,2,0,14162.15,48,6.67,0,9995.29,2366.95,Own,0,4.9,West,1790.12,0.6967,0.2257,0,No,0,0
CUST-000121,55,Male,Single,Master,Contract,43334.84,386.19,598.0,36.3,5,0,33559.89,48,14.6,3,7326.68,-2351.38,Mortgage,1,5.6,South,1894.36,0.1069,0.2346,1,No,1,0
CUST-000122,44,Non-binary,Single,Master,Contract,86689.05,3747.9,749.0,24.4,3,1,15769.46,84,3.9,1,4068.36,-3500.0,Rent,1,2.0,North,3036.07,0.5188,0.5515,0,Yes,0,0
CUST-000123,48,Female,Married,High School,Unemployed,13220.84,240.75,694.0,22.5,4,4,6572.47,60,8.47,0,0.0,-321.96,Mortgage,1,0.9,East,477.49,0.2185,0.8584,0,No,0,0
CUST-000124,39,Female,Married,High School,Salaried,50453.83,598.71,785.0,14.4,5,0,48243.88,48,5.94,2,3231.17,-1242.18,Own,2,8.7,South,3531.22,0.1424,0.8422,2,No,0,0
CUST-000125,30,Female,Single,Master,Salaried,65153.23,2750.78,733.0,5.4,5,0,13725.47,60,4.43,0,6505.68,7488.49,Own,0,1.8,South,2203.39,0.5066,0.5786,1,No,0,0
CUST-000126,43,Male,Single,Bachelor,Self-employed,438426.35,643.39,639.0,23.2,0,1,63285.14,36,6.0,1,5359.22,5717.06,Rent,1,,South,3485.34,0.0637,0.3169,2,No,0,0
CUST-000127,32,Female,Married,Bachelor,Salaried,50296.8,1345.31,672.0,4.8,5,0,14343.46,24,3.38,3,9811.04,-2351.37,Rent,2,9.0,West,818.05,0.321,0.2743,4,No,0,1
CUST-000128,32,Female,Married,Bachelor,Salaried,58793.45,1755.85,696.0,9.3,3,1,256993.27,48,6.45,4,4773.81,4294.51,Mortgage,0,7.5,North,1623.93,0.3584,0.5166,2,No,0,1
CUST-000129,47,Female,Single,Bachelor,Salaried,39478.64,1179.33,716.0,22.9,8,0,12010.34,84,6.26,2,11452.25,-3500.0,Rent,1,11.1,North,1635.06,0.3585,0.2834,0,No,0,0
CUST-000130,47,Male,Single,Master,Self-employed,30918.77,753.47,688.0,14.8,4,0,35923.22,48,8.05,1,6378.02,1945.16,Rent,3,8.7,East,835.47,0.2924,0.2639,0,Yes,0,0
CUST-000131,52,Female,Married,Bachelor,Contract,57023.84,1351.94,767.0,33.2,4,0,7017.19,60,4.32,2,2181.77,1852.99,,1,19.1,Central,2088.01,0.2845,0.3177,0,No,0,0
CUST-000132,30,Female,Single,Associate,Unemployed,35103.31,1099.63,645.0,3.4,2,2,10962.49,48,7.16,1,2672.1,880.46,Rent,0,1.4,North,2105.85,0.3759,0.3374,0,No,0,1
CUST-000133,61,Male,Married,High School,Salaried,37593.77,1937.98,731.0,41.1,3,1,29552.37,48,6.02,2,2652.39,3868.31,Mortgage,3,15.8,South,2283.67,0.6186,0.2942,1,No,0,0
CUST-000134,51,Male,Married,High School,Self-employed,51210.92,2056.89,699.0,31.0,4,1,43173.93,48,4.39,2,1469.81,8703.57,Mortgage,3,12.2,East,2270.01,0.482,0.3831,0,No,0,0
CUST-000135,40,Male,Married,Bachelor,Salaried,39495.83,1147.72,688.0,21.0,2,1,23561.96,48,6.48,3,8743.78,2708.19,Mortgage,0,5.4,East,1687.18,0.3487,0.7696,1,No,0,0
CUST-000136,43,Male,Single,High School,Salaried,52234.31,2036.33,685.0,14.2,3,2,19434.3,24,6.46,2,5268.47,2056.16,Own,1,6.0,East,1101.12,0.4678,0.1542,0,No,0,0
CUST-000137,31,Female,Single,Bachelor,Salaried,34478.47,917.58,715.0,5.4,1,0,22352.31,24,5.07,3,1814.29,1861.8,Mortgage,2,4.3,Central,1226.14,0.3194,0.2413,0,No,0,0
CUST-000138,56,Male,Married,Associate,Salaried,67390.16,2141.65,676.0,36.3,2,2,22425.85,48,5.43,1,7755.28,-3500.0,Own,2,16.2,East,2594.33,0.3814,0.3496,0,No,0,0
CUST-000139,56,Non-binary,Single,Bachelor,Retired,52636.92,1570.19,711.0,30.5,1,0,26001.62,24,6.68,2,23068.86,3618.52,Mortgage,0,2.2,South,697.1,0.358,0.242,2,No,0,0
CUST-000140,51,Male,Married,Bachelor,Salaried,35566.33,1004.98,676.0,30.5,3,1,39913.6,60,7.2,2,4063.28,4985.33,Own,5,10.2,North,2000.47,0.3391,0.4319,0,No,0,0
CUST-000141,45,Female,Single,Master,,11283.77,156.01,628.0,25.1,2,3,18038.23,36,6.43,0,0.0,350.0,Rent,0,2.3,West,500.66,0.1659,0.8251,0,No,0,0
CUST-000142,43,Male,Divorced,High School,Salaried,28344.07,1035.13,700.0,19.9,2,0,40221.0,36,5.15,0,1669.77,2559.11,Own,0,11.8,South,1826.53,0.4382,0.736,2,No,0,0
CUST-000143,32,Male,Single,High School,,26402.09,1275.38,597.0,7.2,1,3,22233.59,48,12.05,0,0.0,3897.65,Mortgage,0,0.8,West,350.0,0.5797,0.5213,1,No,0,1
CUST-000144,39,Female,Divorced,Bachelor,Salaried,45855.45,425.51,671.0,19.4,2,2,15404.79,84,8.12,1,989.9,5260.22,Mortgage,0,13.6,North,1205.55,0.1114,0.805,2,No,0,0
CUST-000145,46,Male,Married,Associate,Salaried,90138.73,2470.41,721.0,24.4,3,0,21512.77,36,5.19,0,5328.04,,Rent,1,12.4,North,5525.3,0.3289,0.2429,0,No,0,0
CUST-000146,21,Male,Single,Associate,Contract,74097.79,3808.84,712.0,0.0,2,0,3627.47,24,8.01,2,14347.45,-1339.43,Mortgage,0,1.0,East,2293.78,0.6168,0.4684,1,No,0,0
CUST-000147,53,Male,Married,High School,Unemployed,11242.5,179.42,691.0,31.8,4,0,25653.19,36,10.44,1,134.71,391.77,Mortgage,2,0.4,West,613.05,0.1915,0.8458,1,No,0,1
CUST-000148,44,Female,Widowed,Bachelor,Retired,47968.63,1696.75,688.0,17.3,0,0,114186.95,36,9.2,1,66033.53,1016.01,Rent,0,1.2,Central,1189.02,0.4245,0.7092,3,No,0,0
CUST-000149,42,Female,Single,Associate,Salaried,118971.16,3587.57,735.0,20.1,4,0,33704.7,48,4.69,1,9415.63,-1250.07,Mortgage,0,3.2,East,6015.62,0.3619,0.5789,0,Yes,0,0
CUST-000150,54,Female,Married,High School,Salaried,26960.28,1449.99,744.0,33.3,1,1,8966.63,36,2.5,4,3483.46,608.93,Own,1,2.6,East,1109.79,0.6454,0.217,0,No,0,0
CUST-000151,29,Female,Divorced,High School,Salaried,33467.61,699.97,759.0,7.1,5,1,8984.87,60,8.41,2,862.47,1797.43,Mortgage,0,5.7,West,401.21,0.251,0.7044,4,Yes,0,0
CUST-000152,50,Female,Married,High School,Retired,50701.37,898.93,743.0,21.7,5,0,17063.54,24,2.5,1,2946.5,-867.5,Rent,3,11.0,Central,2999.56,0.2128,0.4711,1,No,0,0
CUST-000153,49,Female,Single,High School,Contract,24198.02,1062.68,680.0,29.2,3,2,51926.83,48,5.25,3,4151.02,2374.72,Rent,1,24.1,East,350.0,0.527,0.2344,1,No,0,0
CUST-000154,31,Female,Married,Master,Contract,,458.75,751.0,2.8,3,0,9126.2,36,2.96,0,1082.0,-415.81,Mortgage,2,9.3,South,942.62,0.2219,0.109,0,No,0,0
CUST-000155,36,Female,Single,Bachelor,Salaried,49352.04,219.89,694.0,16.5,4,0,18135.71,12,9.38,2,3472.19,423.44,Own,0,10.0,Central,2795.7,0.0535,0.2324,1,Yes,0,0
CUST-000156,46,Male,Married,Master,Contract,66005.35,812.76,754.0,24.9,2,0,39623.89,60,3.37,0,17654.7,2261.45,Mortgage,0,20.5,North,1214.25,0.1478,0.4549,1,Yes,0,0
CUST-000157,41,Female,Single,High School,Unemployed,15901.26,905.69,767.0,8.3,4,0,7815.37,60,2.96,3,965.62,-1716.03,Mortgage,0,,North,491.13,0.6835,0.4824,0,No,0,0
CUST-000158,43,Male,Single,Master,Salaried,56783.92,2261.13,655.0,23.3,3,4,66081.05,24,8.7,1,639.17,5492.51,Rent,0,17.1,South,2409.18,0.4778,0.4136,1,No,0,1
CUST-000159,21,Male,Widowed,Bachelor,Salaried,23003.16,860.33,665.0,2.1,4,1,33010.3,24,6.01,4,5455.85,1094.46,Rent,0,1.2,South,1508.49,0.4488,0.374,3,No,0,0
CUST-000160,55,Female,Married,High School,Salaried,21867.63,413.0,690.0,34.2,3,1,18059.65,36,4.05,1,2078.08,1285.26,Rent,1,18.4,South,565.65,0.2266,0.7316,0,No,0,0
CUST-000161,48,Male,Single,Associate,Salaried,67413.92,1705.86,633.0,25.0,3,2,5024.04,12,8.49,0,3466.89,7769.26,Own,1,14.5,Central,1741.71,0.3037,0.4135,2,Yes,0,0
CUST-000162,39,Female,Married,Associate,,84169.51,1708.83,803.0,18.5,5,0,27446.58,36,2.5,5,7331.53,12947.45,Mortgage,0,6.6,North,1814.63,0.2436,0.1065,1,No,0,0
CUST-000163,29,Female,Married,Associate,Self-employed,31007.69,453.42,755.0,4.5,1,0,68268.01,36,5.88,1,586.0,4262.36,Own,2,6.8,Central,1265.95,0.1755,0.9564,0,No,0,0
CUST-000164,49,Male,Single,Bachelor,Salaried,143747.39,1517.05,681.0,27.5,1,2,18608.22,24,3.89,0,17399.09,7245.12,Own,0,15.1,Central,7417.38,0.1266,0.348,1,Yes,0,0
CUST-000165,52,Male,Married,Master,Retired,26154.92,751.13,716.0,30.9,1,0,18092.77,60,4.01,0,5036.18,2011.8,Rent,0,2.1,North,1124.45,0.3446,0.6565,2,No,0,0
CUST-000166,48,Female,Single,Bachelor,Contract,46441.69,1276.59,773.0,24.7,4,0,25096.38,60,2.5,1,7288.5,4231.3,Rent,0,16.6,East,1548.08,0.3299,0.4732,0,No,0,0
CUST-000167,18,Female,Married,Doctorate,Salaried,124241.25,1305.86,672.0,0.0,2,1,39822.57,36,10.37,1,5560.74,-118.81,Own,2,0.0,Central,9379.55,0.1261,0.3425,0,No,0,0
CUST-000168,50,Female,Single,,Self-employed,81387.15,511.2,759.0,30.6,5,0,17497.91,60,8.74,2,17495.8,-3500.0,Rent,1,18.4,South,3217.71,0.0754,0.4477,1,No,0,0
CUST-000169,44,Female,Married,High School,Contract,54147.78,333.02,684.0,24.4,3,2,13433.02,72,7.66,1,3709.18,5618.54,Rent,3,14.6,South,1219.41,0.0738,0.3754,2,No,0,0
CUST-000170,49,Female,Married,High School,Salaried,37551.77,485.06,698.0,20.2,1,1,11664.64,24,7.69,0,9594.29,2434.79,Rent,0,14.4,North,1063.39,0.155,0.4978,1,No,0,0
CUST-000171,33,Female,Married,High School,Salaried,27894.65,557.34,673.0,11.4,2,2,18052.07,60,7.17,2,10662.11,1985.53,Own,0,6.1,South,711.27,0.2398,0.8169,2,Yes,0,0
CUST-000172,18,Male,Single,Doctorate,Salaried,96183.98,2914.05,729.0,0.0,3,0,14688.25,72,4.65,1,1527.77,2602.45,Rent,2,0.0,Central,1896.37,0.3636,0.5501,1,No,0,0
CUST-000173,37,Male,Married,Associate,Salaried,32771.35,1008.2,707.0,17.3,1,1,9286.8,24,7.57,1,9170.05,3996.65,Mortgage,5,5.5,South,1258.75,0.3692,0.6777,1,No,0,0
CUST-000174,58,Female,Married,Master,Salaried,33526.24,938.04,,36.7,1,0,49263.23,36,9.06,3,3270.37,-2617.88,Rent,3,13.6,North,1181.43,0.3358,0.6291,0,Yes,0,1
CUST-000175,34,Female,Divorced,High School,Contract,62312.8,929.63,766.0,8.2,2,0,51258.14,36,2.5,2,30311.23,2713.4,Mortgage,1,3.2,South,3337.27,0.179,0.4261,1,No,0,0
CUST-000176,29,Female,Single,High School,Contract,28071.92,308.48,677.0,8.0,2,1,48281.99,36,5.89,2,981.26,1932.32,Mortgage,1,3.8,South,1262.32,0.1319,0.6754,2,No,0,0
CUST-000177,53,Male,Single,Bachelor,Unemployed,9882.16,343.96,773.0,33.8,2,0,15892.25,24,3.59,0,675.3,1026.42,Rent,0,2.3,South,559.78,0.4177,0.2028,0,No,0,0
CUST-000178,43,Male,Married,High School,Salaried,16877.52,340.57,608.0,20.5,3,1,18831.24,36,5.76,1,1908.14,1854.6,Rent,1,11.5,West,948.27,0.2421,0.6589,2,Yes,1,0
CUST-000179,52,Male,Single,Associate,Unemployed,19842.81,847.17,666.0,30.4,2,3,13751.86,24,8.29,0,1919.87,27.87,Mortgage,0,0.9,North,1056.14,0.5123,0.4025,0,No,0,1
CUST-000180,54,Male,Single,High School,Salaried,38773.21,1262.44,666.0,35.5,2,1,12283.55,60,7.03,2,5622.79,-3500.0,Rent,0,13.2,East,1229.57,0.3907,0.3375,0,No,0,1
CUST-000181,50,Female,Married,Associate,Salaried,37729.47,1230.16,758.0,29.6,1,0,20916.65,72,3.75,1,3462.79,-557.84,Rent,1,13.4,Central,2744.39,0.3913,0.3349,1,No,0,0
CUST-000182,41,Male,Single,High School,Salaried,25498.21,308.34,728.0,21.4,1,1,8756.88,60,3.64,1,18377.78,-561.38,Rent,2,15.0,South,1412.65,0.1451,0.3778,1,No,0,0
CUST-000183,42,Male,Married,High School,Salaried,32408.62,427.48,668.0,21.8,4,2,59332.88,72,6.64,0,14.26,3226.12,Mortgage,1,6.1,West,2028.16,0.1583,0.2816,0,No,0,0
CUST-000184,18,Female,Married,Master,,86271.87,2990.81,714.0,0.0,2,1,10397.16,60,3.88,0,6561.74,-3142.85,Mortgage,2,0.0,South,3967.9,0.416,0.4906,1,No,0,0
CUST-000185,46,Female,Single,Bachelor,Contract,71939.75,1668.56,460.0,25.5,3,9,20629.11,60,17.24,2,,6286.69,Mortgage,0,11.9,West,2101.09,0.2783,0.8398,3,No,1,1
CUST-000186,50,Male,Single,Bachelor,Contract,31874.45,1196.93,631.0,27.3,3,1,16841.23,36,10.5,0,408.93,2494.08,Rent,0,13.3,East,1074.28,0.4506,0.4366,0,No,0,1
CUST-000187,52,Male,Single,Master,Unemployed,20731.69,1004.97,684.0,26.8,5,2,36424.38,60,6.93,2,0.0,-567.02,Own,1,1.2,West,901.97,0.5817,0.7102,1,No,1,1
CUST-000188,40,Female,Divorced,Associate,Salaried,63284.52,2222.12,675.0,21.5,5,0,34733.26,48,6.07,0,2159.16,2069.11,Mortgage,1,2.2,South,2509.34,0.4214,,4,Yes,0,0
CUST-000189,46,Male,Single,Bachelor,Salaried,81526.5,2271.92,570.0,25.3,1,3,73752.67,36,11.43,3,0.0,544.27,Rent,1,6.0,West,3401.73,0.3344,0.6173,0,No,1,1
CUST-000190,31,Female,Widowed,High School,Salaried,28979.25,1096.98,664.0,10.7,5,1,15433.04,60,9.21,2,5169.95,2590.04,Rent,2,10.7,West,1192.68,0.4542,0.4381,2,Yes,0,0
CUST-000191,45,Female,Single,High School,Salaried,35965.61,325.04,676.0,24.6,1,2,6602.71,36,8.8,0,2009.38,3119.14,Own,0,14.9,North,970.83,0.1085,0.4946,1,No,0,0
CUST-000192,36,Female,Divorced,Bachelor,Salaried,55089.36,380.87,556.0,16.7,2,4,18256.34,84,9.18,1,14471.38,7715.04,Mortgage,1,7.2,South,2436.1,0.083,0.4891,0,Yes,1,1
CUST-000193,21,Male,Divorced,Doctorate,Salaried,,3575.56,572.0,1.9,2,2,11526.33,72,14.05,2,1162.32,9528.92,Rent,1,0.3,West,6477.92,0.3879,0.3559,3,Yes,1,1
CUST-000194,36,Male,Married,Associate,Retired,39334.56,408.14,724.0,4.0,5,1,30844.24,60,7.02,0,2458.95,4895.37,Rent,3,8.7,North,1701.78,0.1245,0.317,0,No,0,0
CUST-000195,36,Female,Married,High School,Salaried,32840.63,476.96,662.0,15.2,3,1,14312.12,48,6.93,1,3371.22,2355.4,Rent,2,6.1,South,1647.51,0.1743,0.7977,1,No,0,0
CUST-000196,36,Male,Married,Bachelor,Self-employed,68482.98,1074.52,764.0,15.1,3,0,10862.57,60,2.5,5,10756.8,-2362.03,Rent,0,6.4,East,3328.83,0.1883,0.6189,1,No,0,0
CUST-000197,38,Female,Single,High School,Self-employed,35050.68,1355.24,719.0,17.0,5,0,21928.52,48,8.42,0,2912.61,1071.05,Mortgage,1,7.1,South,1679.65,0.464,0.5305,2,No,0,0
CUST-000198,41,Female,Single,Bachelor,Salaried,105315.4,1117.07,700.0,15.8,4,1,11732.35,36,5.54,1,6469.51,11597.94,Own,1,4.7,West,6329.32,0.1273,0.3284,0,No,0,0
CUST-000199,32,Male,Married,Associate,Salaried,73309.7,1396.33,684.0,8.5,2,1,17713.95,48,9.42,1,13670.58,-3500.0,Mortgage,0,4.7,East,2149.05,0.2286,0.7701,1,No,0,0
CUST-000200,32,Female,Single,Bachelor,Self-employed,85326.89,2731.89,782.0,10.7,6,0,61474.44,36,3.76,4,31400.18,6907.64,Own,1,4.4,East,4535.5,0.3842,0.4864,1,No,0,0
CUST-000201,44,Male,Married,High School,Salaried,32829.37,242.19,764.0,20.3,4,0,10366.95,36,7.23,0,6995.21,495.29,Rent,0,19.5,South,1361.31,0.0885,0.4445,1,Yes,0,0
CUST-000202,37,Female,Married,High School,Salaried,41722.15,1966.56,767.0,13.7,3,0,18764.45,24,2.5,3,1964.24,-1310.08,Rent,1,8.2,West,1421.32,0.5656,0.6605,1,Yes,0,0
CUST-000203,55,Male,Married,Associate,Self-employed,78982.38,532.92,743.0,32.8,3,0,17134.15,24,5.03,1,63928.59,560.02,Mortgage,0,27.8,East,951.77,0.081,0.5258,2,No,0,0
CUST-000204,42,Male,Single,Bachelor,Self-employed,82565.0,2345.44,796.0,15.6,3,0,33118.12,60,4.01,2,5781.65,4861.79,Rent,0,,South,3660.22,0.3409,0.0513,1,No,0,0
CUST-000205,37,Female,Single,,Contract,100225.53,3490.11,728.0,14.4,1,0,68828.75,36,5.28,1,6671.14,-3500.0,Mortgage,1,12.8,South,1843.93,0.4179,0.1663,1,No,0,0
CUST-000206,48,Female,Single,High School,Salaried,18003.0,603.38,724.0,24.9,6,1,10192.91,24,4.65,3,2145.97,1827.27,Mortgage,0,15.3,North,454.79,0.4022,0.5225,1,No,0,1
CUST-000207,51,Male,Married,High School,Contract,35866.45,546.09,580.0,30.9,5,2,19829.51,24,9.49,1,1840.19,-990.49,Rent,3,17.1,South,1643.59,0.1827,0.6967,0,No,1,1
CUST-000208,37,Male,Single,Bachelor,Salaried,48765.38,791.66,716.0,11.7,5,0,12460.56,36,5.23,1,2234.25,5360.72,Rent,0,5.4,Central,1632.67,0.1948,0.7276,3,Yes,0,0
CUST-000209,44,Male,Single,Master,Salaried,69286.54,884.16,630.0,25.4,1,3,96875.46,36,4.86,2,18128.49,2906.22,Rent,0,14.3,East,2997.71,0.1531,0.684,0,Yes,0,1
CUST-000210,33,Female,Married,Bachelor,Self-employed,33454.75,1127.15,720.0,9.3,4,0,72841.18,36,6.38,3,,2072.73,Mortgage,1,0.5,East,1366.21,0.4043,0.1288,0,No,0,0
CUST-000211,48,Male,Married,High School,Contract,56577.35,2174.3,713.0,27.1,2,1,93201.16,36,4.56,3,3145.5,4960.89,Rent,0,7.2,Central,908.65,0.4612,0.2507,0,No,0,0
CUST-000212,41,Female,Single,Bachelor,Salaried,112515.88,1590.41,741.0,21.6,7,0,7842.6,48,6.12,2,1221.24,8336.16,Rent,0,6.1,West,4726.68,0.1696,0.3709,1,Yes,0,0
CUST-000213,60,Female,Divorced,High School,Salaried,115819.04,847.86,779.0,36.5,2,0,50813.3,12,4.77,3,1883.45,8522.56,Rent,0,20.8,West,4955.25,0.0878,0.2632,1,No,0,0
CUST-000214,33,Male,Divorced,Associate,Salaried,83706.64,3083.42,780.0,0.0,1,0,35986.54,36,4.53,0,55586.89,9885.5,Own,1,3.5,East,4108.59,0.442,0.5223,4,No,0,0
CUST-000215,34,Male,Married,Bachelor,Salaried,72067.94,3593.87,732.0,10.1,3,0,41495.3,84,7.52,0,,-2414.66,Mortgage,1,9.0,Central,2188.78,0.5984,0.5141,1,No,0,0
CUST-000216,34,Male,Married,High School,Salaried,30169.08,1762.39,645.0,6.7,5,2,8273.1,36,11.32,3,1942.13,1425.12,Own,0,9.4,West,576.42,0.701,0.3046,2,No,0,0
CUST-000217,22,Male,Single,Associate,Self-employed,29526.8,439.61,777.0,0.0,1,2,21004.03,60,4.03,2,2358.59,,Rent,0,1.1,West,822.23,0.1787,0.4658,1,No,0,0
CUST-000218,43,Female,Single,Bachelor,Unemployed,14269.83,202.79,637.0,24.0,3,2,114147.43,36,7.81,1,0.0,-312.65,Rent,1,0.7,East,1033.44,0.1705,0.6737,1,No,1,1
CUST-000219,52,Female,Single,High School,Retired,31501.67,1255.41,679.0,33.1,6,1,17117.29,60,7.43,0,14550.34,535.39,Rent,0,9.8,North,1034.41,0.4782,0.3923,3,No,0,1
CUST-000220,35,Male,Married,Bachelor,Salaried,89812.32,1888.54,705.0,15.2,1,0,44395.94,24,4.89,3,30100.45,-3500.0,Own,3,9.1,South,4421.23,0.2523,0.1425,3,No,0,0
CUST-000221,58,Male,Married,High School,Contract,36119.54,963.67,734.0,35.6,1,0,7979.29,60,4.47,0,2203.16,2314.59,Own,4,20.7,South,2887.6,0.3202,0.595,1,Yes,0,1
CUST-000222,30,Male,Married,High School,Unemployed,12293.16,615.64,741.0,8.3,2,1,23678.87,36,2.5,3,158.84,1287.13,Own,0,1.3,South,568.17,0.601,0.4775,6,No,0,1
CUST-000223,31,Male,Single,High School,Retired,33473.94,948.61,613.0,6.2,4,1,10525.3,60,10.86,0,9856.88,211.14,Rent,0,3.9,Central,1582.72,0.3401,0.9439,2,No,1,0
CUST-000224,40,Female,Married,Associate,Salaried,100560.2,3694.7,671.0,18.2,3,3,8043.25,36,9.98,3,7886.46,1788.0,Mortgage,2,9.8,South,6432.2,0.4409,0.8258,0,No,1,1
CUST-000225,24,Female,Single,Bachelor,Salaried,26907.86,585.4,733.0,4.0,2,0,56186.32,72,5.03,1,1987.43,654.48,Mortgage,0,1.4,South,1040.26,0.2611,,0,No,0,0
CUST-000226,38,Female,Married,High School,Contract,29196.89,754.38,689.0,15.0,2,2,21295.33,60,8.7,1,1738.7,4615.58,Mortgage,1,6.4,East,1663.7,0.3101,0.681,0,No,0,0
CUST-000227,44,Non-binary,Single,Associate,Salaried,84925.48,1951.97,730.0,22.4,2,0,26673.51,60,6.73,2,5814.59,492.25,Rent,0,10.6,West,4796.76,0.2758,0.2728,1,No,0,0
CUST-000228,35,Female,Married,Bachelor,Salaried,72572.25,1567.15,706.0,10.9,2,2,8098.83,84,6.56,3,6632.98,-843.27,Mortgage,6,2.3,West,4535.02,0.2591,0.6412,3,No,0,0
CUST-000229,35,Male,Single,Bachelor,Self-employed,61954.13,1243.53,738.0,11.8,2,1,30281.5,60,5.05,2,12536.05,5441.1,Mortgage,0,2.0,South,694.1,0.2409,0.4515,1,No,0,0
CUST-000230,40,Male,Single,Associate,Salaried,77001.35,2334.27,656.0,17.0,2,1,90061.41,60,6.1,3,8810.68,3538.57,Own,0,14.7,East,2928.12,0.3638,0.4461,2,Yes,0,0
CUST-000231,34,Female,Single,Bachelor,Contract,27344.02,1145.74,602.0,12.4,4,0,16150.59,48,8.6,2,4384.08,647.12,Rent,0,1.6,North,1580.41,0.5028,0.7565,2,No,1,1
CUST-000232,38,Male,Married,Master,Salaried,90029.1,1553.43,753.0,15.9,3,3,5341.55,48,7.68,1,11133.45,7046.14,Rent,2,6.6,West,5239.35,0.2071,0.9128,0,No,0,0
CUST-000233,38,Male,Single,Master,Unemployed,27640.16,1398.73,708.0,12.1,4,0,11699.82,36,3.22,4,5681.31,1672.99,Own,0,2.7,East,1553.78,0.6073,0.5332,1,No,0,1
CUST-000234,39,Male,Married,Master,Salaried,136774.79,7607.9,691.0,19.3,1,1,29313.7,36,8.84,0,14549.13,-3500.0,Mortgage,3,5.6,South,6344.08,0.6675,0.718,2,No,1,0
CUST-000235,46,Female,Married,Doctorate,Contract,37963.98,1925.95,761.0,26.4,4,0,20932.4,84,4.06,1,5368.73,1966.57,Own,0,4.4,Central,1906.59,0.6088,0.1956,3,No,0,0
CUST-000236,21,Female,Married,Bachelor,Salaried,30988.34,733.84,772.0,0.0,2,0,34401.45,60,5.31,1,4616.06,2595.53,Own,2,0.3,South,971.88,0.2842,0.4257,1,No,0,0
CUST-000237,40,Female,Single,Bachelor,Salaried,31831.34,607.17,700.0,19.0,3,1,39695.37,36,6.77,1,577.42,6961.25,Rent,1,5.6,West,2178.29,0.2289,0.4612,1,No,0,0
CUST-000238,57,Male,Married,Bachelor,Salaried,98745.31,2203.21,613.0,34.1,3,3,11055.17,60,12.29,1,27123.53,8097.33,Mortgage,0,16.9,East,3375.67,0.2677,0.6975,1,No,0,0
CUST-000239,50,Female,Married,Master,Self-employed,71484.07,1868.52,643.0,29.6,3,0,22189.03,48,5.33,2,14846.76,7025.02,Rent,1,11.7,West,2606.38,0.3137,0.2293,2,No,0,0
CUST-000240,51,Female,Married,Bachelor,Retired,89149.37,1504.85,571.0,32.7,3,1,6117.58,36,15.15,2,2113.88,4868.99,Own,0,26.8,West,1168.4,0.2026,0.5269,1,No,1,0
CUST-000241,67,Female,Married,Bachelor,Retired,93901.57,579.9,748.0,44.9,2,1,26857.29,24,2.5,1,24790.81,-2205.17,Own,1,17.7,South,2507.93,0.0741,0.51,0,No,0,0
CUST-000242,31,Male,Single,High School,Salaried,21150.11,1035.85,640.0,11.1,5,1,24909.43,48,9.77,2,2493.66,568.32,Own,0,3.9,South,1256.57,0.5877,0.4056,1,Yes,0,0
CUST-000243,44,Female,Single,Doctorate,Salaried,79210.87,1691.84,728.0,24.7,1,1,19393.46,60,7.25,1,10267.1,8807.08,Mortgage,1,,South,2016.54,0.2563,0.4056,1,No,0,0
CUST-000244,40,Male,Married,Master,Self-employed,151765.0,4192.75,597.0,15.8,4,3,17803.87,60,8.19,2,165786.04,296.31,Rent,4,11.9,North,8220.56,0.3315,0.4217,2,No,0,0
CUST-000245,57,Female,Married,Bachelor,Retired,39168.37,1377.59,740.0,37.2,1,0,33450.14,60,2.5,1,17421.36,5093.89,,1,17.2,North,938.18,0.4221,0.2444,1,No,0,0
CUST-000246,18,Male,Single,Associate,Contract,38064.81,907.04,756.0,0.0,2,0,12685.14,72,2.5,1,,-1420.26,Mortgage,1,0.0,East,1921.67,0.2859,0.3717,0,No,0,1
CUST-000247,40,Male,Single,Master,Contract,208923.32,2239.15,720.0,20.2,2,0,17327.96,36,3.69,4,9976.98,20174.09,Mortgage,0,10.8,North,11471.75,0.1286,0.5524,1,No,0,0
CUST-000248,44,Male,Single,Associate,Unemployed,26984.11,117.67,523.0,19.9,2,3,43020.23,36,9.47,0,0.0,-1105.95,Mortgage,1,,North,1242.7,0.0523,0.3627,1,No,1,0
CUST-000249,54,Female,Married,High School,Salaried,32897.81,1001.13,692.0,32.3,4,0,16116.14,84,9.83,1,1732.66,3735.93,Mortgage,1,14.1,Central,801.67,0.3652,0.2185,2,No,0,0
CUST-000250,37,Male,Married,Associate,Salaried,54456.06,728.75,718.0,17.6,4,1,17098.2,48,2.5,0,4853.94,3728.99,Rent,2,7.2,Central,2123.03,0.1606,0.6532,1,No,0,0
CUST-000251,45,Male,Single,High School,Contract,102684.24,5235.76,764.0,26.2,0,0,20918.4,36,4.2,5,3087.32,17816.11,Rent,2,11.3,North,6666.69,0.6119,0.1892,2,No,0,0
CUST-000252,43,Female,Single,High School,Salaried,22965.18,645.14,744.0,23.0,1,0,5826.74,36,4.9,0,7206.5,-891.45,Rent,0,10.5,North,624.82,0.3371,0.6415,0,Yes,0,0
CUST-000253,31,Male,Married,Bachelor,Salaried,67645.92,929.3,715.0,7.6,2,0,19401.31,60,6.48,1,1623.78,10276.66,Rent,1,5.2,South,1139.55,0.1649,0.4995,1,No,0,0
CUST-000254,28,Male,Widowed,Master,Self-employed,44290.33,1225.05,711.0,4.6,2,0,14496.63,60,5.92,1,10432.33,4553.46,Mortgage,2,3.9,North,1507.67,0.3319,0.4114,2,No,0,0
CUST-000255,45,Male,Single,Associate,Retired,35502.16,1686.08,675.0,21.4,3,2,22095.64,60,7.08,2,4611.71,3094.68,Rent,1,9.4,South,938.22,0.5699,0.5346,0,Yes,0,0
CUST-000256,26,Female,Married,Doctorate,Salaried,146414.54,4432.79,721.0,0.0,2,0,39924.5,60,7.01,2,4584.65,7338.79,Mortgage,2,3.5,East,9542.28,0.3633,0.5864,1,No,0,0
CUST-000257,34,Female,Divorced,Associate,Self-employed,65132.72,1875.04,759.0,11.8,2,0,13589.18,12,2.5,0,5600.75,6152.43,Rent,0,1.9,South,2758.25,0.3455,0.5175,0,Yes,0,0
CUST-000258,49,Female,Married,Associate,Unemployed,26196.82,896.86,562.0,28.2,3,3,29155.76,60,15.02,0,388.99,-473.43,Mortgage,2,1.9,West,1170.16,0.4108,0.5505,1,No,1,1
CUST-000259,48,Female,Married,Associate,Salaried,72518.02,517.81,709.0,21.0,2,1,14914.63,48,10.71,2,4666.12,4570.64,Mortgage,5,9.6,West,1742.86,0.0857,0.4199,1,No,0,0
CUST-000260,46,Female,Married,Associate,Salaried,67190.96,1551.92,738.0,25.4,6,1,56931.22,12,3.84,1,5324.92,5557.9,Mortgage,2,3.0,West,3767.59,0.2772,0.6301,0,No,0,0
CUST-000261,44,Male,Married,Associate,Self-employed,26126.25,1203.92,676.0,17.5,4,0,9756.08,72,3.7,1,2297.8,2239.42,Mortgage,1,3.4,South,1534.86,0.553,0.4414,0,No,0,0
CUST-000262,58,Female,Married,Doctorate,Salaried,135453.81,3183.15,646.0,32.9,2,1,79017.59,36,8.71,2,7438.77,9539.26,Mortgage,2,14.9,West,3035.88,0.282,0.7011,2,Yes,0,0
CUST-000263,41,Male,Single,Associate,Retired,35035.49,1447.28,770.0,20.6,2,0,57817.03,60,4.95,1,973.29,2633.82,Mortgage,1,9.5,North,802.73,0.4957,0.2948,4,No,0,0
CUST-000264,39,Female,Married,High School,Self-employed,196717.55,3349.87,708.0,3.8,1,1,18463.47,60,5.62,3,22188.59,-3500.0,Rent,0,10.7,West,10485.75,0.2043,0.5116,2,Yes,0,0
CUST-000265,26,Female,Single,Doctorate,Salaried,81641.64,1383.73,725.0,5.7,6,1,16641.78,48,5.68,0,7058.97,2210.22,Mortgage,1,6.3,East,2697.95,0.2034,0.3072,0,No,0,0
CUST-000266,18,Female,Married,High School,Salaried,46326.33,831.55,692.0,0.0,1,1,6662.12,84,6.65,1,6802.36,5448.35,Rent,2,0.0,South,1936.15,0.2154,0.3029,2,No,0,0
CUST-000267,34,Male,Widowed,Associate,Salaried,37926.27,1057.43,676.0,13.7,2,0,16613.9,72,5.12,1,6384.82,1853.74,Rent,0,10.7,South,1165.38,0.3346,0.2578,2,No,0,1
CUST-000268,51,Female,Single,Master,Salaried,36127.06,777.66,777.0,14.8,3,0,31144.22,84,4.69,2,4374.87,3199.22,Mortgage,1,11.4,South,1958.13,0.2583,0.2748,2,Yes,0,0
CUST-000269,41,Female,Married,Master,Self-employed,57710.28,1919.3,761.0,22.3,6,0,12520.71,60,6.39,2,,4661.63,Rent,0,5.4,West,2430.68,0.3991,0.4925,1,Yes,0,1
CUST-000270,40,Female,Married,,Salaried,36156.4,1122.88,689.0,17.0,6,1,76969.54,84,2.86,1,4901.8,566.04,Other,1,6.1,North,2105.64,0.3727,0.7343,1,No,0,0
CUST-000271,26,Female,Single,Associate,Salaried,65480.75,2362.24,753.0,4.7,3,1,23012.4,60,2.5,0,,-806.39,Rent,0,5.7,North,1051.6,0.4329,0.2425,0,No,0,0
CUST-000272,43,Male,Divorced,Bachelor,Self-employed,60308.4,798.85,669.0,22.3,0,1,24861.47,12,6.25,1,1652.58,3027.59,Rent,0,17.0,South,1302.07,0.159,0.3078,1,No,0,0
CUST-000273,53,Female,Divorced,Associate,Self-employed,47331.28,237.8,,31.5,3,0,4518.83,48,7.36,0,9060.12,5332.29,Rent,0,15.9,Central,1118.91,0.0603,0.2951,0,No,0,0
CUST-000274,59,Male,Married,Associate,Unemployed,24382.95,526.2,561.0,36.1,3,6,14235.92,60,10.31,0,0.0,857.66,Mortgage,3,4.5,West,624.29,0.259,0.3986,1,Yes,0,0
CUST-000275,21,Male,Single,High School,Salaried,28816.95,642.01,750.0,0.0,1,0,36536.88,60,3.13,2,2431.89,31.33,Own,0,1.3,Central,1420.04,0.2673,0.2585,0,No,0,0
CUST-000276,29,Female,Single,Bachelor,Salaried,79926.17,1975.98,710.0,6.7,4,1,20756.44,72,3.4,0,5832.22,11706.45,Own,0,5.2,East,5410.62,0.2967,0.2857,2,No,0,0
CUST-000277,48,Female,Single,High School,Salaried,55289.58,1920.8,621.0,26.4,3,1,29379.83,60,12.3,1,3956.19,-1083.68,Rent,1,12.4,Central,1182.98,0.4169,0.5396,1,No,0,0
CUST-000278,20,Male,Single,Bachelor,Self-employed,80818.57,2331.43,662.0,0.0,1,1,3660.74,36,6.57,1,3536.51,8588.59,Rent,0,1.4,North,1975.48,0.3462,0.4519,1,No,0,0
CUST-000279,45,Female,Single,Master,Salaried,44076.14,643.56,707.0,14.9,4,0,8047.1,12,3.64,0,7479.16,4515.54,Mortgage,1,10.3,North,1665.39,0.1752,0.3551,0,No,0,0
CUST-000280,45,Male,Married,Bachelor,Unemployed,13399.43,722.97,,22.5,5,2,10969.73,60,7.27,1,0.0,89.37,Own,2,2.0,West,538.01,0.6475,0.3377,1,No,1,0
CUST-000281,33,Male,Single,Bachelor,Contract,40462.1,872.61,633.0,12.8,2,0,16722.09,84,7.87,2,2872.47,-2021.57,Rent,0,,North,1296.89,0.2588,0.2547,0,Yes,0,0
CUST-000282,29,Male,Divorced,Master,Salaried,55337.87,2031.29,654.0,9.0,3,2,33922.98,36,5.22,3,10669.19,4470.86,Rent,2,6.3,Central,2016.79,0.4405,0.4234,4,No,0,0
CUST-000283,47,Male,Divorced,Doctorate,Unemployed,28134.26,824.17,685.0,28.5,3,1,49990.12,12,4.3,1,4633.26,-573.89,Rent,1,2.6,North,877.71,0.3515,0.526,1,No,0,0
CUST-000284,58,Female,Divorced,Bachelor,Salaried,56625.31,2183.52,487.0,37.5,1,6,33180.77,60,16.12,0,1795.49,-1020.87,Mortgage,1,12.5,North,2394.15,0.4627,0.7038,4,Yes,1,1
CUST-000285,40,Female,Married,Master,Unemployed,23761.79,94.51,684.0,20.7,2,0,19210.42,24,10.45,1,1065.42,626.78,Own,0,2.5,Central,592.98,0.0477,0.688,2,Yes,0,0
CUST-000286,42,Male,Single,Associate,Salaried,37904.47,494.19,696.0,21.6,2,0,18543.71,36,9.9,1,3833.1,-1630.23,Rent,1,3.3,West,1348.49,0.1565,0.8531,1,No,0,0
CUST-000287,38,Female,Single,Doctorate,Salaried,91863.56,3374.69,700.0,17.6,4,0,31926.66,36,9.39,3,21444.51,,Mortgage,0,7.5,East,3719.47,0.4408,0.6577,1,No,0,0
CUST-000288,63,Female,Married,Associate,Salaried,25894.75,433.87,735.0,42.3,1,0,11258.09,60,5.64,0,4593.29,-341.76,Rent,3,4.4,East,1932.05,0.2011,0.3527,0,No,0,0
CUST-000289,34,Male,Married,Master,Salaried,68988.89,700.04,677.0,11.6,4,1,13304.88,72,3.11,3,3959.99,7855.97,Mortgage,1,10.6,West,1793.54,0.1218,0.5007,2,Yes,0,1
CUST-000290,31,Female,Divorced,Bachelor,Contract,68592.95,2954.68,752.0,9.9,4,1,10747.47,60,3.56,2,14624.03,2781.56,Own,1,3.9,Central,661.05,0.5169,0.7667,0,No,0,0
CUST-000291,45,Male,Married,Associate,Retired,44557.88,1422.61,701.0,23.8,5,0,34187.48,24,7.56,0,16834.13,-197.47,Mortgage,2,16.2,East,2768.58,0.3831,0.2472,0,Yes,0,0
CUST-000292,25,Female,Single,Bachelor,Salaried,50195.02,1228.53,684.0,5.6,3,1,15124.8,36,5.13,0,7242.74,-319.86,Rent,0,1.3,West,1102.08,0.2937,0.306,0,No,0,0
CUST-000293,30,Male,Divorced,Bachelor,Unemployed,10180.45,270.17,665.0,9.3,0,2,22937.93,48,11.93,0,835.65,-488.44,Rent,1,1.4,South,366.14,0.3185,0.1888,3,Yes,1,0
CUST-000294,38,Male,Single,Associate,Salaried,43783.21,1625.74,778.0,15.5,3,1,20722.88,60,4.97,1,5033.43,2234.68,Own,1,7.3,South,1289.7,0.4456,0.3059,0,No,0,0
CUST-000295,41,Male,Single,Associate,Salaried,59644.6,638.3,748.0,21.1,0,0,25425.58,36,2.5,1,30950.55,5888.37,Own,0,5.2,West,2351.48,0.1284,0.2186,1,Yes,0,0
CUST-000296,57,Male,Married,Bachelor,Unemployed,24321.77,518.95,695.0,38.2,4,0,13940.82,36,4.93,1,2454.85,1570.79,Own,0,2.5,North,682.32,0.256,0.1041,0,No,0,0
CUST-000297,38,Female,Married,Bachelor,Salaried,35954.18,1112.01,719.0,15.1,5,0,57011.44,60,3.18,3,1301.09,-589.69,Rent,1,0.6,Central,1903.08,0.3711,0.6267,1,No,0,0
CUST-000298,36,Male,Married,Master,Self-employed,68198.6,2379.9,568.0,9.8,0,3,7798.39,60,6.55,1,,2802.46,Mortgage,1,7.6,West,3198.62,0.4188,0.9099,0,No,0,1
CUST-000299,28,Female,Married,Associate,Salaried,98802.9,1246.48,653.0,7.5,6,0,34533.66,60,3.4,4,11820.67,6759.41,Mortgage,2,4.5,West,5434.26,0.1514,0.389,2,No,0,0
CUST-000300,33,Male,Single,Associate,Self-employed,45848.45,501.12,733.0,14.4,3,0,14282.92,48,2.5,2,15110.88,3651.68,Other,0,9.3,North,1121.41,0.1312,0.1265,0,No,0,0
CUST-000301,43,Female,Married,Bachelor,Salaried,126574.6,2490.15,776.0,19.7,6,1,17369.26,36,2.5,1,9824.72,4075.06,Mortgage,0,8.2,West,5316.18,0.2361,0.9419,0,No,0,0
CUST-000302,31,Female,Married,Bachelor,Retired,59916.92,900.06,719.0,11.7,4,0,15711.14,36,4.68,1,6283.92,192.22,Own,0,8.1,South,2361.34,0.1803,0.5376,0,Yes,0,0
CUST-000303,48,Male,Married,High School,Retired,26057.57,357.51,738.0,25.9,5,0,17452.93,60,7.66,1,1392.79,1256.94,Rent,1,13.6,South,1087.62,0.1646,0.4387,2,No,0,0
CUST-000304,35,Male,Married,Bachelor,Salaried,63408.66,1834.8,685.0,12.3,2,0,33570.28,36,5.48,1,1718.62,1559.06,Mortgage,2,1.4,South,1142.6,0.3472,0.3975,1,No,0,0
CUST-000305,39,Female,Married,Bachelor,Salaried,82432.54,1900.66,701.0,18.7,3,0,22019.15,12,8.5,1,6104.52,7283.07,Other,1,8.4,East,1506.71,0.2767,0.5833,1,No,0,0
CUST-000306,43,Female,Married,Bachelor,Salaried,22257.35,926.79,743.0,20.5,3,0,15735.37,36,2.63,3,1190.13,1381.64,Own,3,11.3,Central,1419.64,0.4997,0.1283,2,No,0,0
CUST-000307,29,Female,Single,Master,Self-employed,33614.79,788.81,783.0,10.4,6,0,42964.61,60,3.28,2,,3092.21,Rent,2,2.9,West,1965.52,0.2816,0.5763,0,No,0,0
CUST-000308,30,Female,Married,Bachelor,Retired,29050.61,817.51,778.0,3.7,3,0,17026.65,60,2.5,1,20882.34,723.1,Mortgage,2,4.2,West,850.04,0.3377,0.3022,4,No,0,0
CUST-000309,57,Female,Married,Associate,Salaried,,580.25,674.0,38.4,2,0,12727.35,36,7.01,1,4897.58,2932.07,Rent,2,1.2,North,2424.7,0.1309,0.7036,1,No,0,0
CUST-000310,33,Male,Single,Bachelor,Unemployed,14560.75,712.76,681.0,14.0,5,2,30198.29,36,3.58,1,0.0,29.49,Mortgage,0,1.4,East,350.0,0.5874,0.9722,1,No,0,0
CUST-000311,50,Female,Married,Associate,Retired,21825.49,796.12,689.0,28.2,2,0,10943.43,60,2.5,0,2190.35,-261.55,Mortgage,1,16.2,South,571.01,0.4377,0.2585,0,No,0,0
CUST-000312,37,Female,Married,Bachelor,Self-employed,75066.37,3273.56,747.0,10.3,3,0,11228.69,60,8.44,1,6839.92,8137.78,Mortgage,1,9.3,North,4093.31,0.5233,0.3008,1,Yes,0,0
CUST-000313,44,Male,Single,High School,Unemployed,12608.28,283.37,733.0,21.1,1,0,24085.94,36,7.31,0,5096.84,898.93,Own,3,0.5,South,682.31,0.2697,0.355,1,No,0,0
CUST-000314,51,Male,Single,High School,Salaried,69882.47,1065.39,570.0,25.4,1,0,18336.51,60,15.14,0,3616.91,3611.74,Own,0,11.4,North,2219.91,0.1829,0.424,2,No,1,1
CUST-000315,33,Male,Married,High School,Salaried,76506.05,665.22,592.0,11.1,6,2,9631.06,60,6.28,1,2825.7,8713.04,Mortgage,1,10.2,East,3921.94,0.1043,0.6638,1,No,0,0
CUST-000316,23,Female,Single,High School,Salaried,,870.7,685.0,0.0,1,1,23573.13,36,3.96,0,2803.67,3541.63,Rent,1,4.1,North,1608.45,0.3004,0.269,1,No,0,0
CUST-000317,36,Male,Divorced,Master,Contract,36653.1,1969.91,736.0,16.7,1,0,51976.84,36,3.63,0,745.14,4213.31,Rent,0,2.2,South,546.86,0.6449,0.7739,2,No,0,0
CUST-000318,33,Female,Married,Master,Salaried,63815.35,1072.6,779.0,12.1,4,0,23194.58,48,5.59,3,9647.19,2736.68,Mortgage,0,2.0,East,2292.52,0.2017,0.0954,2,Yes,0,1
CUST-000319,39,Female,Married,Bachelor,Contract,66053.03,991.88,727.0,20.1,2,1,11469.88,48,4.43,2,16183.74,7378.07,Mortgage,1,12.0,Central,2361.27,0.1802,0.3717,2,No,0,0
CUST-000320,62,Male,Single,Master,Salaried,70070.53,929.86,722.0,35.5,8,0,11421.8,60,5.84,2,2478.36,555.84,Mortgage,1,28.7,Central,2221.55,0.1592,0.0745,1,No,0,0
CUST-000321,43,Male,Single,Bachelor,Salaried,98221.87,5380.92,763.0,20.4,6,0,110998.97,12,5.49,4,7165.95,7174.55,Mortgage,0,1.7,West,4406.52,0.6574,0.4976,0,No,0,0
CUST-000322,52,Non-binary,Married,High School,Salaried,35728.29,613.03,752.0,32.4,5,1,11235.02,60,2.53,0,6586.09,1796.07,Mortgage,0,6.7,Central,2347.26,0.2059,,1,No,0,0
CUST-000323,37,Male,Single,Associate,Self-employed,18776.72,485.39,538.0,10.8,3,5,18872.25,60,13.93,1,0.0,-3.87,Rent,1,7.2,South,453.66,0.3102,0.6104,1,No,1,1
CUST-000324,66,Male,Married,Bachelor,Retired,29081.81,196.99,498.0,46.6,1,5,126728.74,72,15.93,1,0.0,1528.36,Rent,1,3.3,North,1413.1,0.0813,1.1313,2,No,1,1
CUST-000325,44,Male,Divorced,Master,Retired,76888.66,995.98,,24.3,2,0,64475.92,60,2.5,0,4467.88,1672.22,,0,14.8,East,2579.8,0.1554,0.3512,1,No,0,0
CUST-000326,32,Male,Married,High School,Retired,16367.18,528.95,721.0,12.9,4,0,25356.69,60,6.78,4,1446.12,976.1,Rent,0,2.5,West,766.94,0.3878,0.2605,2,No,0,0
CUST-000327,41,Female,Married,Master,Contract,104577.66,1991.69,755.0,20.3,7,0,71921.19,24,3.54,2,1514.63,5431.08,Mortgage,0,10.9,East,5530.43,0.2285,0.6542,5,No,0,0
CUST-000328,42,Male,Single,High School,Salaried,21325.75,442.38,742.0,19.3,2,1,30282.22,24,3.65,1,631.97,201.06,Rent,0,14.5,North,975.6,0.2489,0.8619,1,No,0,0
CUST-000329,55,Female,Single,Master,Contract,88124.52,3011.17,772.0,31.5,4,0,32811.31,60,2.5,3,1623.88,1326.52,Rent,0,12.9,East,2602.34,0.41,0.502,2,No,0,0
CUST-000330,49,Male,Single,High School,Salaried,30102.74,14395.37,716.0,23.2,2,1,62001.23,60,5.77,0,4659.83,687.99,Own,0,16.6,North,1322.36,0.6579,0.6064,1,Yes,0,0
CUST-000331,38,Male,Single,High School,Salaried,56959.08,1814.83,778.0,19.1,5,0,45890.08,60,2.5,1,2166.41,-378.07,Rent,0,11.0,East,2814.34,0.3823,0.1879,2,No,0,0
CUST-000332,41,Female,Single,Bachelor,Unemployed,11789.33,763.63,719.0,16.4,5,0,13239.91,60,6.52,2,6556.75,615.07,Own,0,1.8,West,527.56,0.7773,0.3643,1,Yes,0,0
CUST-000333,39,Male,Married,High School,Self-employed,67902.9,512.72,551.0,14.9,0,1,11956.94,12,15.48,1,4999.67,6407.9,Rent,1,9.6,South,2562.29,0.0906,0.4624,2,Yes,1,1
CUST-000334,34,Female,Divorced,High School,Self-employed,24486.83,330.66,664.0,15.8,3,0,34810.65,72,9.43,0,10276.41,3330.25,Rent,1,4.3,North,1263.51,0.162,0.1518,1,Yes,0,0
CUST-000335,37,Male,Married,Master,Salaried,149771.04,2717.58,690.0,15.3,3,1,25897.08,84,4.92,0,50083.3,2849.89,Mortgage,1,4.1,South,5608.57,0.2177,0.1588,0,No,0,0
CUST-000336,33,Female,Married,Doctorate,Salaried,118689.64,3338.92,717.0,13.3,5,0,11613.18,48,5.35,4,6807.74,9080.92,Mortgage,0,1.5,East,7994.24,0.3376,0.1095,2,No,0,0
CUST-000337,47,Male,Single,Bachelor,Contract,52173.97,1373.81,712.0,22.8,1,3,29630.35,60,7.12,1,16688.02,6141.42,Mortgage,1,16.0,South,1156.58,0.316,0.6327,1,No,0,0
CUST-000338,48,Female,Single,High School,Contract,13585.05,681.86,744.0,22.9,4,1,36013.63,36,5.23,2,194.87,-1124.08,Own,1,10.7,East,593.12,0.6023,0.4194,0,No,0,0
CUST-000339,53,Female,Married,Master,Salaried,39245.39,1305.72,718.0,26.9,3,0,58519.35,36,7.1,2,6896.14,3117.15,Rent,3,16.5,East,1302.84,0.3992,0.5313,2,No,0,0
CUST-000340,35,Female,Single,Master,Salaried,40372.19,1020.95,650.0,15.4,1,1,6043.46,60,5.3,2,3872.14,-3500.0,Rent,1,10.6,Central,1704.23,0.3035,0.4135,0,No,0,0
CUST-000341,35,Female,Married,Master,Salaried,73515.48,3702.39,658.0,13.1,1,0,16813.09,48,6.77,2,15740.74,-2540.78,Mortgage,2,5.2,West,4577.58,0.6043,0.2698,1,No,0,0
CUST-000342,24,Male,Married,High School,Salaried,24425.22,832.42,646.0,1.5,2,1,10963.4,36,8.66,1,18806.34,2754.86,Rent,2,1.4,South,1447.42,0.409,0.4117,1,No,0,0
CUST-000343,45,Male,Divorced,High School,Salaried,48424.78,1543.57,637.0,25.6,4,2,9914.79,60,7.89,2,1741.36,1658.12,Rent,0,12.9,East,1123.51,0.3825,0.4892,3,Yes,1,0
CUST-000344,21,Male,Single,Associate,Contract,14899.96,383.66,711.0,2.8,6,0,21870.91,72,4.73,0,3885.61,-426.3,Mortgage,3,0.7,West,1436.73,0.309,0.7606,0,Yes,0,1
CUST-000345,40,Female,Single,High School,Salaried,,3070.36,720.0,17.1,1,2,10430.67,24,2.5,3,5685.46,9195.11,Mortgage,0,6.4,North,2134.83,0.5545,0.4921,0,No,0,0
CUST-000346,41,Male,Married,High School,Salaried,56549.87,707.11,686.0,21.6,5,0,40253.27,60,4.21,2,8982.14,-1023.64,Own,3,3.4,South,3034.95,0.1501,0.7184,0,No,0,0
CUST-000347,31,Male,Married,High School,Salaried,85999.24,2883.13,747.0,5.4,4,0,49645.41,60,7.16,3,4555.51,228.77,Rent,0,4.6,West,3178.8,0.4023,0.5495,4,No,0,0
CUST-000348,47,Male,Married,Associate,Self-employed,108717.19,3893.43,663.0,23.6,2,3,10346.58,24,7.85,0,12856.77,-1660.72,Mortgage,1,24.0,West,2784.26,0.4297,0.3085,0,Yes,0,0
CUST-000349,41,Female,Married,High School,Self-employed,36997.21,561.2,649.0,13.8,2,1,15411.17,24,10.32,0,1611.18,2634.94,Mortgage,2,14.8,East,2616.94,0.182,0.2537,1,No,0,0
CUST-000350,40,Female,Single,Bachelor,Salaried,53283.99,564.17,752.0,21.0,4,0,17107.19,72,3.79,1,17869.6,-81.82,Mortgage,0,4.5,Central,2329.58,0.1271,0.3299,0,Yes,0,0
CUST-000351,32,Male,Single,High School,Salaried,40235.78,610.63,746.0,6.8,3,2,68524.9,36,2.5,3,2862.19,3310.58,Mortgage,1,8.4,Central,1927.9,0.1821,0.4027,2,No,0,0
CUST-000352,45,Female,Single,Bachelor,Salaried,52797.85,2505.1,773.0,20.5,4,2,26019.98,84,3.73,1,24547.63,25.15,Mortgage,1,11.1,West,1261.96,0.5694,0.5406,0,No,0,1
CUST-000353,58,Male,Single,Master,Salaried,75690.37,73.42,733.0,35.8,7,0,74178.65,60,12.12,0,12804.59,14283.49,Mortgage,1,6.8,West,1780.19,0.0116,0.6884,1,No,0,0
CUST-000354,44,Male,Divorced,Master,Contract,119605.05,1523.73,725.0,25.4,3,1,19314.13,72,4.31,0,3015.81,14382.7,Own,0,13.7,South,3461.88,0.1529,0.5887,1,No,0,0
CUST-000355,63,Male,Married,Bachelor,Salaried,56823.53,1178.57,770.0,43.5,4,0,10452.33,72,6.52,2,22107.84,3810.83,Mortgage,1,22.2,West,1862.3,0.2489,0.9162,0,No,0,0
CUST-000356,34,Female,Single,Bachelor,Unemployed,38097.46,1234.86,698.0,11.6,2,1,2290.98,60,5.63,2,10134.86,189.41,Mortgage,1,1.0,West,853.28,0.389,0.2388,4,No,0,0
CUST-000357,29,Female,Married,Bachelor,Salaried,55286.58,2250.71,727.0,6.3,2,0,6195.08,24,6.35,0,1800.09,317.05,Rent,1,3.5,West,3602.08,0.4885,0.2255,1,No,0,0
CUST-000358,37,Male,Divorced,Associate,Salaried,66957.23,1676.46,697.0,15.0,0,1,16155.94,48,5.52,0,36695.63,4376.97,Mortgage,0,14.8,Central,3028.94,0.3005,0.1469,1,Yes,0,0
CUST-000359,47,Male,Single,High School,Salaried,34550.06,1220.3,673.0,25.3,2,0,14578.26,60,4.32,0,9182.56,2685.91,Rent,0,9.9,West,1581.58,0.4238,0.3473,1,No,0,0
CUST-000360,43,Male,Married,Bachelor,Salaried,27336.69,884.0,734.0,24.1,4,0,4641.52,72,3.2,1,3335.56,148.19,Other,1,18.0,West,1049.2,0.388,0.6029,2,No,0,0
CUST-000361,44,Female,Married,High School,Salaried,82443.65,2819.73,748.0,23.3,0,0,26545.62,60,2.5,1,7941.37,7059.34,Rent,1,4.5,West,1929.24,0.4104,0.4384,2,Yes,0,1
CUST-000362,56,Male,Divorced,Associate,Salaried,44922.46,655.32,714.0,31.9,4,0,16110.39,60,4.91,1,9107.23,-3500.0,Rent,0,12.7,West,2525.39,0.1751,0.7868,2,No,0,0
CUST-000363,31,Female,Single,High School,Contract,43737.17,795.06,684.0,11.0,3,1,24092.83,60,7.86,1,7059.46,-460.59,Rent,0,,East,1452.65,0.2181,0.1455,3,No,0,0
CUST-000364,39,Male,Single,High School,Salaried,29126.61,1133.59,719.0,19.7,6,0,4923.8,60,6.07,2,2618.92,1654.71,Mortgage,0,9.3,West,944.24,0.467,0.4422,0,No,0,0
CUST-000365,28,Male,Married,Associate,Unemployed,16215.29,620.0,676.0,0.0,0,0,34061.58,36,4.63,1,2008.33,-238.79,Own,2,0.4,East,1059.5,0.4588,0.1807,1,No,0,0
CUST-000366,49,Female,Married,Bachelor,Contract,56974.46,1400.64,674.0,27.3,4,0,18021.11,24,8.06,2,1537.61,4239.22,Rent,2,21.0,Central,1735.64,0.295,0.3635,0,No,0,0
CUST-000367,46,Female,Single,Doctorate,Unemployed,19795.86,551.08,555.0,21.8,4,3,43286.04,72,10.88,0,68.93,519.36,Rent,0,1.8,West,1090.77,0.3341,0.6121,0,No,0,1
CUST-000368,45,Female,Married,Associate,Salaried,33148.16,2054.84,682.0,16.6,3,0,15685.02,60,6.13,3,3128.38,-954.3,Own,0,1.4,West,1031.92,0.7439,0.4834,0,No,0,0
CUST-000369,46,Male,Single,High School,Self-employed,57296.33,1124.82,716.0,26.0,3,0,7577.12,60,2.5,2,5934.58,-2801.54,Mortgage,1,6.6,South,1601.98,0.2356,0.5964,1,No,0,0
CUST-000370,44,Female,Married,Bachelor,Self-employed,99510.86,2108.58,689.0,23.3,1,0,11711.51,36,6.79,0,10319.19,12604.73,Own,2,5.6,South,4422.14,0.2543,0.7611,1,No,0,0
CUST-000371,39,Female,Single,High School,Salaried,49633.32,1832.12,800.0,11.6,3,0,19452.68,36,3.85,2,24013.89,309.99,Mortgage,3,6.9,South,2151.02,0.443,0.2633,0,No,0,0
CUST-000372,33,Male,Married,High School,Contract,35168.44,395.06,667.0,12.0,1,1,27827.76,36,4.87,0,1125.63,1791.15,Rent,1,2.7,West,1208.33,0.1348,0.1949,2,No,0,0
CUST-000373,27,Male,Married,Bachelor,Self-employed,32873.72,881.63,746.0,8.3,2,0,14949.76,60,5.12,1,970.47,931.19,Mortgage,3,1.6,West,894.38,0.3218,0.0384,2,No,0,0
CUST-000374,33,Female,Married,High School,Salaried,65829.56,2957.61,722.0,13.5,2,0,38575.44,12,8.21,2,16003.03,-1177.78,Mortgage,1,9.8,North,2388.05,0.5391,0.5411,0,No,0,0
CUST-000375,56,Male,Married,High School,Salaried,49288.31,828.67,690.0,34.0,1,1,6870.85,24,6.71,0,2939.14,4102.48,Rent,0,12.9,East,2533.53,0.2018,0.3222,0,No,0,0
CUST-000376,37,Male,Single,Master,Self-employed,81349.69,1760.98,745.0,10.7,1,0,22107.83,72,5.85,0,9453.43,5638.76,Own,0,0.5,West,2266.81,0.2598,0.7574,0,Yes,0,0
CUST-000377,50,Female,Married,Bachelor,Self-employed,95911.59,2371.99,779.0,27.4,2,0,38487.75,60,5.01,1,9813.8,4475.6,Rent,3,15.6,South,4614.73,0.2968,0.6029,1,Yes,0,0
CUST-000378,44,Male,Married,Associate,Self-employed,23179.9,628.81,681.0,25.6,2,1,26607.93,72,9.33,2,1241.43,-995.5,Rent,2,15.2,Central,1159.88,0.3255,0.5163,1,No,1,0
CUST-000379,51,Female,Married,,Salaried,34867.33,411.82,599.0,28.5,1,4,77867.88,24,11.01,2,8624.33,-661.19,Other,2,15.2,East,1500.55,0.1417,0.9915,0,No,1,1
CUST-000380,54,Female,Divorced,Bachelor,Salaried,50751.7,1610.98,695.0,31.7,3,0,4303.1,60,7.97,2,3131.52,718.42,Mortgage,0,27.5,South,1924.22,0.3809,0.5424,1,No,0,0
CUST-000381,27,Female,Single,Bachelor,Salaried,166409.25,1607.23,672.0,3.2,1,0,23078.18,12,9.96,0,46977.81,-3154.75,Rent,0,6.3,Central,6802.13,0.1159,0.1903,2,No,0,0
CUST-000382,49,Female,Divorced,Master,Contract,155551.14,7257.43,659.0,22.0,1,3,23912.88,60,4.47,1,14064.66,353.66,Own,0,4.7,North,6858.41,0.5599,0.2321,3,Yes,0,0
CUST-000383,48,Male,Married,Bachelor,Salaried,40726.5,1891.43,636.0,27.3,3,3,15728.42,72,7.23,1,2267.79,5515.24,Mortgage,1,12.4,North,1454.89,0.5573,0.3144,1,No,0,0
CUST-000384,18,Female,Married,Bachelor,Salaried,58409.6,867.83,727.0,0.0,4,0,28523.1,60,3.43,2,4835.08,-1434.2,Rent,0,0.0,East,3633.81,0.1783,0.4665,1,No,0,0
CUST-000385,46,Female,Single,Bachelor,Unemployed,28998.09,947.39,695.0,26.5,2,1,15318.01,60,7.45,1,7015.9,1383.43,Mortgage,0,2.1,Central,1402.89,0.392,0.8074,2,No,0,1
CUST-000386,50,Female,Divorced,Associate,Salaried,22799.8,1218.75,724.0,31.0,1,0,24140.44,12,8.27,1,902.45,1674.63,Own,0,8.4,Central,783.36,0.6415,0.743,1,Yes,0,0
CUST-000387,49,Female,Single,High School,Salaried,45583.89,1459.38,718.0,30.6,3,1,4634.21,60,6.91,2,19950.92,5025.96,Rent,0,12.7,South,2806.48,0.3842,0.3745,2,Yes,0,0
CUST-000388,57,Male,Married,Bachelor,Self-employed,68469.99,1639.7,709.0,37.8,6,1,19439.36,72,5.29,0,5973.11,-2213.84,Mortgage,1,13.0,East,2777.98,0.2874,0.6566,0,No,1,0
CUST-000389,42,Female,Married,Associate,Salaried,71187.53,1127.84,742.0,22.1,4,1,13206.62,12,4.32,2,3336.49,-3040.97,Mortgage,0,9.4,East,2854.25,0.1901,0.384,1,No,0,0
CUST-000390,23,Female,Married,Associate,Salaried,65367.41,3204.75,681.0,2.0,4,1,19577.64,60,6.38,2,3559.08,1395.13,Rent,0,0.9,South,2230.3,0.5883,0.3444,3,No,0,0
CUST-000391,55,Female,Married,High School,Salaried,69259.72,2262.99,700.0,32.7,2,1,53848.5,36,9.97,1,6599.8,6690.83,Rent,1,10.3,West,5285.4,0.3921,0.4956,3,No,0,0
CUST-000392,50,Female,Single,Master,Salaried,49576.03,1302.14,658.0,23.6,4,2,9727.45,24,10.77,3,567.0,688.37,Mortgage,0,6.4,West,2370.35,0.3152,0.5682,2,Yes,0,0
CUST-000393,53,Female,Married,High School,Contract,49197.31,1979.75,768.0,26.4,5,0,13319.23,48,4.32,1,1870.5,3713.02,Rent,1,17.7,Central,2681.05,0.4829,0.3835,1,No,0,0
CUST-000394,67,Male,Divorced,High School,Salaried,14207.45,501.42,672.0,46.1,3,1,15604.92,60,5.24,2,1563.77,909.48,Mortgage,0,34.6,North,459.72,0.4235,0.7774,1,No,0,1
CUST-000395,44,Female,Married,Bachelor,Self-employed,32175.28,876.59,713.0,23.6,2,2,35099.65,60,6.39,1,4040.31,3228.98,Own,2,1.9,West,1461.15,0.3269,0.5665,2,No,0,0
CUST-000396,40,Male,Married,Bachelor,Contract,113084.37,3671.37,654.0,14.9,3,1,44237.87,24,7.05,1,12110.46,16638.29,Mortgage,3,19.7,East,5740.37,0.3896,0.3842,1,No,0,1
CUST-000397,43,Female,Single,Master,Retired,90334.33,3518.01,682.0,17.1,2,2,64398.97,36,6.65,3,8796.32,-2525.89,Rent,1,13.2,Central,2480.16,0.4673,0.7705,3,No,0,0
CUST-000398,47,Male,Married,Associate,Salaried,26636.35,1263.14,716.0,27.4,6,1,20035.53,48,4.85,1,8987.41,1675.04,Mortgage,0,10.2,East,1111.52,0.5691,0.4333,0,No,0,0
CUST-000399,43,Male,Married,Bachelor,,86983.84,2457.23,684.0,14.2,4,0,41202.49,24,6.85,3,48431.22,9422.91,Own,2,9.0,Central,4857.88,0.339,0.7017,0,No,0,0
CUST-000400,36,Female,Widowed,Bachelor,Salaried,54117.65,338.88,752.0,13.8,3,0,7783.39,24,2.5,1,3450.15,-666.61,Rent,0,5.1,Central,1667.63,0.0751,0.7105,0,No,0,0
CUST-000401,44,Female,Single,Master,Self-employed,96170.55,2653.32,746.0,25.5,4,1,27301.81,72,4.75,1,8205.15,12868.54,Mortgage,0,7.0,North,3933.64,0.3311,0.5406,0,No,0,0
CUST-000402,42,Female,Married,Associate,Retired,26068.4,658.61,664.0,20.9,0,0,36708.91,72,8.27,2,909.93,1661.74,Own,0,8.4,South,986.77,0.3032,0.1893,2,No,0,0
CUST-000403,49,Male,Divorced,Bachelor,Salaried,38218.76,1180.79,727.0,27.4,0,0,11929.11,24,8.55,1,5113.03,-1824.78,Rent,2,19.5,West,2426.31,0.3707,0.8405,1,Yes,0,0
CUST-000404,30,Male,Married,Master,Salaried,29979.86,1501.36,708.0,10.6,3,0,34348.73,12,10.2,3,5205.98,1379.71,Own,1,3.3,East,535.88,0.6009,0.7102,0,No,0,0
CUST-000405,60,Male,Married,Associate,Contract,26636.92,841.94,765.0,37.7,5,0,9676.33,36,3.15,4,2070.56,1194.1,Mortgage,1,28.8,West,1250.56,0.3793,0.4384,0,No,0,0
CUST-000406,45,Male,Married,Associate,Salaried,35881.05,996.48,719.0,22.4,4,1,23070.67,60,3.88,4,3335.73,2475.87,Mortgage,1,16.4,North,1004.7,0.3333,0.5723,3,No,0,0
CUST-000407,53,Male,Married,High School,Self-employed,51693.54,2343.0,701.0,29.0,3,0,15083.19,36,5.36,4,1080.57,4161.04,Rent,3,16.7,North,3125.54,0.5439,0.2688,0,Yes,0,0
CUST-000408,44,Male,Single,Bachelor,Salaried,106727.16,2202.89,691.0,23.1,1,2,13106.15,48,5.34,1,15047.48,11434.46,Mortgage,1,1.8,Central,5933.64,0.2477,0.2857,3,No,0,1
CUST-000409,29,Female,Married,Bachelor,Salaried,41482.49,698.5,749.0,7.9,4,0,12228.64,36,6.74,0,1269.13,2.92,Rent,1,2.9,South,2094.91,0.2021,0.2963,1,No,0,1
CUST-000410,42,Male,Single,High School,Salaried,66355.09,1973.52,719.0,21.2,0,0,26130.35,36,4.12,3,2363.22,6722.66,Mortgage,1,8.0,West,3817.72,0.3569,0.3806,2,No,0,1
CUST-000411,37,Male,Single,Bachelor,Salaried,40869.35,1287.37,723.0,14.9,2,1,17010.9,60,2.53,2,23164.95,-1887.32,Own,1,7.6,North,1575.03,0.378,0.1494,2,No,0,0
CUST-000412,40,Female,Widowed,High School,Salaried,,2568.83,658.0,17.7,1,2,9734.01,12,5.61,2,53674.95,6257.75,Rent,1,3.4,West,1501.4,0.6262,0.3758,2,No,0,1
CUST-000413,27,Female,Married,Associate,Salaried,47124.02,1945.54,561.0,7.2,1,3,19757.23,84,14.72,3,7378.02,66.46,Rent,1,0.7,North,1502.42,0.4954,0.4493,1,No,1,0
CUST-000414,47,Female,Married,Bachelor,Salaried,66733.58,2780.73,745.0,26.9,4,2,29207.97,36,5.57,2,2009.69,11371.83,Rent,0,11.5,Central,2054.25,0.5,0.7133,0,No,0,0
CUST-000415,55,Male,Single,Bachelor,Unemployed,8590.15,780.96,470.0,34.6,2,6,61932.28,72,16.39,2,0.0,289.77,Own,1,3.2,Central,350.0,1.091,0.6591,2,No,1,1
CUST-000416,31,Female,Single,High School,Salaried,112670.79,3497.65,786.0,11.7,1,1,39834.92,48,6.34,2,6296.49,2171.99,Rent,0,4.5,West,3514.73,0.3725,0.5673,1,No,0,0
CUST-000417,46,Male,Married,,Self-employed,44490.12,1977.78,625.0,16.6,2,1,98102.24,24,13.74,2,6094.27,4904.89,Own,0,8.3,East,2714.76,0.5335,0.3638,1,No,1,1
CUST-000418,54,Female,Married,High School,Unemployed,7000.0,76.9,621.0,27.1,5,2,24423.55,84,11.24,1,0.0,181.12,Rent,0,1.5,South,350.0,0.1318,0.6214,0,No,0,1
CUST-000419,44,Female,Single,High School,Self-employed,34915.09,496.1,752.0,22.5,2,0,30601.09,60,3.15,1,978.3,2945.11,Rent,1,12.2,North,1809.64,0.1705,0.428,1,Yes,0,0
CUST-000420,43,Female,Married,High School,Retired,36938.67,649.42,634.0,18.7,2,3,33095.72,24,9.11,0,330.46,,Mortgage,1,8.7,North,481.73,0.211,0.476,1,No,0,0
CUST-000421,34,Male,Married,Master,Salaried,156358.97,5295.01,765.0,14.1,2,0,8296.01,48,2.5,0,13130.2,-3500.0,Own,2,9.3,South,3132.28,0.4064,0.1458,0,Yes,0,0
CUST-000422,59,Female,Single,Bachelor,Salaried,57552.51,216.32,645.0,36.1,9,0,9828.86,60,10.69,1,6942.12,2038.79,Own,0,20.8,West,773.57,0.0451,0.5966,1,No,0,0
CUST-000423,43,Female,Married,High School,Retired,42820.0,1248.1,667.0,21.6,1,1,9831.16,72,6.92,3,2999.82,-3500.0,Mortgage,2,3.7,Central,1785.93,0.3498,0.1909,2,No,0,0
CUST-000424,35,Female,Married,Bachelor,Unemployed,36065.75,1232.36,725.0,13.7,2,1,6409.0,84,2.5,0,7133.67,6421.84,Rent,5,1.4,South,2944.65,0.41,0.2273,0,No,0,0
CUST-000425,43,Male,Married,Master,Self-employed,48204.27,695.59,629.0,10.4,5,2,12418.86,48,8.24,3,14775.91,2631.02,Rent,2,12.9,Central,2269.45,0.1732,0.912,3,Yes,0,0
CUST-000426,42,Male,Single,Master,Salaried,48810.54,406.81,723.0,18.5,3,0,20837.65,60,8.9,2,2761.16,5683.84,Own,0,0.5,Central,2325.01,0.1,0.6444,0,No,0,0
CUST-000427,54,Female,Married,Master,Salaried,101161.03,2056.24,735.0,31.2,4,0,22169.97,36,3.3,1,13148.52,4588.84,Own,2,7.0,South,3296.05,0.2439,0.508,0,No,0,0
CUST-000428,25,Female,Married,High School,,53654.65,2727.88,695.0,4.0,3,1,39080.13,36,7.9,2,1518.78,1485.3,Rent,1,5.5,North,3472.86,0.6101,0.6825,2,No,0,0
CUST-000429,44,Male,Married,Master,Salaried,121416.42,5739.35,769.0,25.6,6,0,28102.89,36,4.02,3,8938.58,7855.15,Mortgage,2,13.0,Central,3726.0,0.5672,,0,No,0,0
CUST-000430,33,Male,Married,Associate,Contract,92347.94,4863.45,666.0,10.3,3,0,23317.9,84,7.81,1,7829.65,-3500.0,Mortgage,1,2.3,North,3882.18,0.632,0.2058,0,No,0,0
CUST-000431,39,Male,Single,High School,Salaried,43228.88,2575.91,666.0,16.5,3,0,13191.69,24,9.69,1,4495.18,-1225.94,Rent,1,7.6,North,1875.9,0.7151,0.1866,0,No,0,0
CUST-000432,42,Male,Divorced,Master,Salaried,82964.4,3877.39,548.0,17.1,1,3,10894.67,36,15.7,1,9657.21,2948.27,Rent,0,7.6,East,4512.09,0.5608,0.5141,1,No,1,1
CUST-000433,36,Male,Married,High School,Unemployed,18726.75,1341.51,654.0,11.8,5,0,18020.47,36,8.16,6,3387.8,2026.1,Rent,3,0.5,South,1142.1,0.8596,0.8366,1,No,0,1
CUST-000434,50,Male,Widowed,Bachelor,Salaried,53213.94,2561.64,668.0,30.7,2,0,11104.39,36,6.07,2,6110.87,-67.04,Own,0,11.2,North,1615.32,0.5777,0.7512,3,No,0,0
CUST-000435,47,Male,Married,High School,Self-employed,22743.32,902.58,682.0,26.3,0,0,28161.31,60,6.49,1,1126.56,604.24,Rent,3,14.7,South,1727.7,0.4762,0.4691,1,No,0,1
CUST-000436,29,Female,Married,Bachelor,Unemployed,28908.94,616.9,745.0,8.8,1,1,7397.31,36,2.5,1,5339.1,719.47,Own,0,0.1,East,617.35,0.2561,0.3489,0,No,0,0
CUST-000437,49,Male,Married,High School,Contract,51645.5,407.4,720.0,27.2,2,0,36723.4,24,6.77,1,6056.54,5279.81,Own,1,14.0,South,792.12,0.0947,0.3634,2,No,0,0
CUST-000438,36,Female,Single,Bachelor,Self-employed,111885.14,4752.67,777.0,10.1,3,0,32727.77,60,4.58,2,35282.33,13488.14,Own,0,4.3,West,3618.86,0.5097,0.5085,1,No,0,0
CUST-000439,33,Female,Married,Bachelor,Contract,76880.23,2382.3,704.0,12.4,2,2,34493.11,36,7.42,1,7294.76,3007.14,Mortgage,2,4.9,West,770.75,0.3718,0.4557,2,No,0,1
CUST-000440,33,Male,Married,High School,,15314.2,603.41,653.0,12.7,2,1,28031.39,72,7.38,1,471.37,1168.38,Rent,1,6.9,South,861.04,0.4728,0.4962,0,No,0,0
CUST-000441,50,Female,Single,Bachelor,Salaried,109191.59,3493.59,633.0,30.9,1,2,15785.38,24,6.8,0,23599.81,325.65,Rent,1,11.0,West,4284.45,0.3839,0.3288,0,No,1,1
CUST-000442,41,Female,Divorced,Master,Salaried,,697.18,767.0,14.4,2,0,23590.92,60,2.5,0,6051.27,-875.46,Mortgage,1,5.0,Central,1735.41,0.1475,0.094,1,No,0,0
CUST-000443,42,Female,Single,Bachelor,Self-employed,35553.22,1987.29,515.0,21.6,0,4,36495.36,48,20.96,2,,8295.76,Mortgage,0,6.3,West,904.22,0.6708,0.8269,2,No,1,1
CUST-000444,32,Male,Single,Associate,Salaried,33788.19,976.31,686.0,12.0,3,1,58836.84,48,5.64,1,1454.76,2954.61,Rent,0,4.5,South,1040.05,0.3467,0.2456,1,No,0,0
CUST-000445,53,Male,Divorced,Doctorate,Contract,72910.07,2811.26,759.0,28.6,2,1,16170.28,36,3.51,1,5791.32,3362.54,Rent,1,10.8,North,3123.9,0.4627,0.4505,1,No,0,0
CUST-000446,51,Female,Divorced,Bachelor,Retired,54987.7,527.18,744.0,29.9,6,0,107454.96,48,4.16,2,39501.1,5096.99,Mortgage,0,20.8,South,1603.26,0.115,0.3884,1,No,0,0
CUST-000447,43,Male,Divorced,High School,Salaried,45122.4,693.9,685.0,20.6,6,2,20897.74,48,9.2,2,8626.98,1449.75,Mortgage,2,18.9,East,1209.78,0.1845,0.4246,0,No,0,0
CUST-000448,34,Male,Single,Master,Self-employed,48437.55,1239.22,722.0,14.2,2,1,29765.34,48,4.66,0,6336.19,2072.34,Own,1,5.3,North,1060.72,0.307,0.5377,2,Yes,0,0
CUST-000449,59,Male,Married,High School,Salaried,30868.14,2139.09,725.0,38.4,3,1,28557.85,36,8.16,2,,19.09,Own,0,24.9,Central,1025.29,0.8316,0.546,1,No,1,0
CUST-000450,39,Female,Married,Doctorate,Retired,52116.11,646.7,738.0,12.8,2,0,48564.13,72,5.91,1,6393.52,7184.91,Rent,1,17.9,East,839.77,0.1489,0.257,0,No,0,0
CUST-000451,47,Male,Single,Master,Salaried,66512.14,1011.23,716.0,27.2,6,0,73988.09,60,3.18,3,2471.62,-3500.0,Rent,0,19.2,Central,3154.82,0.1824,0.4493,1,No,0,0
CUST-000452,33,Male,Single,Doctorate,Salaried,62714.77,2074.93,776.0,11.3,1,0,46834.3,36,2.5,0,2877.56,973.09,Rent,0,9.3,West,2022.91,0.397,0.5269,2,No,0,0
CUST-000453,22,Male,Single,High School,Salaried,108437.4,4149.88,714.0,0.0,1,2,13223.48,60,7.56,0,7822.3,-1155.87,Own,0,1.0,Central,6089.41,0.4592,0.5302,3,No,0,0
CUST-000454,28,Male,Married,Master,Salaried,108264.87,3105.37,621.0,5.4,2,2,19655.36,24,10.36,2,14203.1,7976.43,Own,0,4.7,North,2419.58,0.3442,0.4577,1,Yes,0,0
CUST-000455,38,Male,Single,Master,Salaried,37979.45,772.26,663.0,13.4,3,1,38479.09,60,9.4,1,3876.13,984.94,Mortgage,1,6.1,East,936.19,0.244,0.6298,2,No,0,0
CUST-000456,36,Non-binary,Married,Master,Unemployed,27103.89,1028.74,640.0,17.1,2,4,13119.38,48,9.86,1,,2136.97,Mortgage,3,1.6,North,1226.18,0.4555,0.8137,2,No,1,1
CUST-000457,54,Male,Married,Master,Contract,60248.11,2917.25,698.0,26.7,2,1,12024.12,36,10.25,0,1773.03,-2480.47,Mortgage,0,18.3,South,1511.29,0.581,0.7399,0,No,0,0
CUST-000458,37,Male,Single,Doctorate,Self-employed,36177.52,687.3,658.0,11.3,1,1,47565.89,48,9.65,2,10381.76,-429.15,Mortgage,1,5.0,East,781.25,0.228,0.7782,1,No,0,0
CUST-000459,30,Female,Married,High School,Salaried,19348.5,248.29,666.0,9.4,1,2,37245.16,60,8.15,0,64.2,1092.35,Rent,1,3.1,East,1021.7,0.154,0.8357,1,No,0,0
CUST-000460,43,Male,Married,Bachelor,Salaried,67031.06,404.3,747.0,18.8,2,0,72488.12,48,4.14,2,25791.6,1704.41,Mortgage,2,6.3,West,3075.1,0.0724,0.3964,1,No,0,0
CUST-000461,38,Male,Divorced,High School,Unemployed,7000.0,200.47,697.0,14.3,2,2,15146.88,36,7.95,1,0.0,-43.66,Rent,1,1.5,South,450.36,0.3437,0.3506,1,No,0,0
CUST-000462,54,Female,Married,High School,Contract,37372.11,2291.88,767.0,35.0,0,0,18855.66,48,2.5,2,1560.98,-327.99,Own,0,7.3,North,1053.95,0.7359,0.9753,0,No,0,1
CUST-000463,23,Male,Single,Associate,Unemployed,36275.96,909.8,782.0,1.6,6,1,59990.57,60,2.5,1,3741.35,1935.53,Own,0,0.2,East,2151.55,0.301,0.4424,2,No,0,0
CUST-000464,40,Female,Married,Master,Salaried,67755.91,1008.64,697.0,18.8,4,0,17354.42,24,6.25,0,2735.99,3926.67,Mortgage,1,8.0,South,1049.36,0.1786,0.477,0,Yes,0,0
CUST-000465,46,Male,Married,Bachelor,Salaried,49293.43,1185.79,763.0,26.2,4,0,38332.21,36,4.87,4,5786.39,-1818.56,Mortgage,1,19.6,West,2606.56,0.2887,0.4668,0,No,0,0
CUST-000466,53,Female,Single,Bachelor,Contract,46091.76,1012.45,714.0,33.6,3,1,9301.7,48,2.5,2,9041.25,6116.56,Rent,0,7.6,East,1776.39,0.2636,0.5147,0,No,0,0
CUST-000467,39,Male,Married,Bachelor,Unemployed,28995.87,907.75,662.0,16.6,1,3,11714.63,36,2.83,1,1839.93,1782.34,Own,3,1.2,West,738.94,0.3757,0.2502,3,Yes,0,0
CUST-000468,75,Male,Married,Doctorate,Self-employed,104080.72,1319.89,677.0,50.0,0,0,20085.24,36,6.21,0,8516.87,2218.06,Mortgage,2,14.5,East,6646.65,0.1522,0.1907,0,No,0,0
CUST-000469,54,Male,Single,Bachelor,Self-employed,49562.13,558.36,628.0,18.1,3,3,35936.5,36,10.42,1,4235.87,-3500.0,Mortgage,0,11.1,West,3298.19,0.1352,1.0344,1,No,1,0
CUST-000470,29,Male,Single,Bachelor,Salaried,67520.49,683.72,713.0,6.3,7,2,54761.95,24,6.07,3,19089.88,4090.57,Mortgage,1,3.6,North,4732.48,0.1215,0.5344,0,No,0,1
CUST-000471,35,Female,Single,Master,Salaried,49969.35,464.74,660.0,13.8,5,1,49132.87,36,9.74,1,1239.5,-1806.99,Mortgage,1,3.2,North,1830.51,0.1116,0.4834,0,Yes,0,0
CUST-000472,60,Female,Married,Bachelor,Salaried,102612.62,4091.99,644.0,31.4,5,2,21961.68,36,6.19,0,93.8,8384.86,Rent,1,18.9,East,5460.08,0.4785,0.3808,1,No,0,0
CUST-000473,34,Male,Married,Associate,Retired,25847.56,685.54,674.0,15.1,1,0,11442.49,60,8.92,2,5350.64,-464.72,Mortgage,1,12.7,East,1385.74,0.3183,0.4241,0,Yes,0,0
CUST-000474,44,Female,Single,Associate,Salaried,70278.44,2515.85,716.0,19.6,4,1,21139.2,60,2.5,2,2898.3,3453.57,Mortgage,2,24.3,East,3372.06,0.4296,0.1375,0,No,0,1
CUST-000475,62,Male,Single,High School,Salaried,31626.07,493.34,723.0,39.0,2,1,5901.56,60,3.86,0,2551.68,235.56,Rent,4,21.0,East,1324.08,0.1872,0.4318,1,No,0,0
CUST-000476,52,Male,Married,Associate,Salaried,53141.97,1387.45,706.0,32.6,6,2,32689.62,84,5.99,4,13225.49,401.47,Mortgage,0,3.3,East,1237.73,0.3133,0.5323,1,No,0,0
CUST-000477,32,Male,Single,Associate,Salaried,49617.91,1926.79,758.0,6.4,2,1,14495.22,60,6.51,1,5675.43,2020.68,Mortgage,1,1.8,South,1103.83,0.466,0.2874,0,No,0,0
CUST-000478,41,Male,Married,High School,Unemployed,15027.87,171.79,609.0,21.1,0,4,31389.75,36,10.55,1,0.0,59.26,Mortgage,1,1.5,North,925.13,0.1372,0.5185,2,No,1,0
CUST-000479,31,Male,Married,Doctorate,Salaried,52912.87,2117.69,712.0,4.1,2,0,7437.88,48,5.35,0,8502.15,7702.79,Mortgage,0,7.5,East,350.0,0.4803,0.111,2,No,0,0
CUST-000480,53,Female,Married,Bachelor,Salaried,42368.66,685.05,665.0,33.3,1,1,10705.41,60,5.05,2,3778.44,-1036.59,Rent,4,25.8,North,2990.82,0.194,0.4183,1,No,0,0
CUST-000481,28,Female,Married,High School,Salaried,28224.7,281.46,739.0,6.9,4,0,19665.58,24,4.67,0,3044.38,2908.38,Rent,0,5.2,South,829.02,0.1197,0.1594,1,No,0,0
CUST-000482,53,Female,Widowed,Bachelor,Salaried,45965.6,1915.41,,31.1,4,1,64828.94,24,8.29,1,3421.09,6454.3,Mortgage,0,13.1,Central,1138.46,0.5,0.7762,1,No,0,0
CUST-000483,24,Male,Married,Bachelor,Self-employed,139612.08,3998.29,710.0,5.3,1,0,30429.13,60,8.46,2,9451.5,16793.19,Mortgage,2,3.0,North,3093.63,0.3437,0.4269,1,No,0,0
CUST-000484,30,Female,Married,Master,Unemployed,15901.82,458.17,725.0,8.5,1,0,9578.72,48,3.94,1,721.2,2078.55,Mortgage,0,1.7,East,416.71,0.3458,0.6223,1,Yes,0,0
CUST-000485,34,Female,Single,Bachelor,Unemployed,19024.48,371.25,646.0,9.1,3,2,4812.88,84,10.9,2,,2648.68,Rent,3,0.6,South,1089.31,0.2342,0.3796,2,No,1,0
CUST-000486,29,Female,Divorced,High School,Unemployed,17855.02,246.99,676.0,8.2,5,2,16865.61,60,9.04,1,0.0,1720.78,Mortgage,0,0.8,North,1033.96,0.166,0.2816,0,No,0,0
CUST-000487,33,Male,Single,Doctorate,Salaried,59628.81,2363.12,784.0,11.8,6,0,8068.63,24,6.74,2,47514.1,3504.6,Rent,1,3.8,South,1546.9,0.4756,0.3687,1,No,0,0
CUST-000488,46,Female,Single,Associate,Salaried,70161.63,3193.16,694.0,22.8,4,1,20092.05,60,6.38,2,4459.6,5985.21,Own,1,12.8,North,2498.51,0.5461,0.3041,3,No,0,0
CUST-000489,41,Male,Single,Bachelor,Salaried,81006.91,1591.17,696.0,22.1,2,3,16464.17,60,5.16,1,9649.57,3569.71,Rent,1,9.3,North,5870.49,0.2357,0.3503,1,No,0,0
CUST-000490,44,Female,Divorced,Bachelor,Salaried,39601.95,998.12,736.0,23.1,3,0,7141.29,36,3.2,2,2208.83,-1887.12,Rent,3,3.4,North,1619.35,0.3024,0.2173,3,No,0,0
CUST-000491,34,Male,Single,Bachelor,Unemployed,10120.76,628.32,531.0,11.9,3,5,31560.11,84,9.17,2,0.0,-27.2,Rent,0,1.2,East,416.12,0.745,0.5449,1,No,1,1
CUST-000492,47,Female,Married,Bachelor,Salaried,25737.21,1770.83,723.0,26.0,8,1,24063.13,60,9.0,4,926.63,453.72,Own,2,5.2,Central,863.28,0.8257,0.5662,1,No,0,0
CUST-000493,22,Male,Married,High School,Salaried,42274.74,555.55,695.0,3.1,5,0,60384.23,60,6.1,0,3224.17,2819.62,Rent,4,0.5,South,2898.39,0.1577,0.4317,1,Yes,0,0
CUST-000494,45,Female,Single,Bachelor,Contract,89612.44,3999.99,716.0,22.3,1,1,12956.18,36,4.52,1,16619.4,1600.75,,0,5.1,East,5086.61,0.5356,0.7188,1,No,0,1
CUST-000495,49,Male,Married,High School,Contract,20048.35,772.31,768.0,25.5,3,1,16257.58,36,7.74,2,398.58,,Mortgage,2,3.7,Central,1208.71,0.4623,0.7579,2,No,0,0
CUST-000496,26,Male,Married,Master,Self-employed,114529.72,1609.84,812.0,0.3,4,0,24161.51,48,5.96,5,15987.77,14503.48,Own,1,1.0,West,6060.96,0.1687,0.5539,2,No,0,0
CUST-000497,35,Female,Married,High School,Salaried,53095.34,895.28,720.0,14.6,2,0,17848.58,48,2.59,0,11695.65,-2362.75,Mortgage,1,6.3,North,3405.45,0.2023,0.2034,0,No,0,0
CUST-000498,45,Female,Married,Bachelor,Self-employed,80241.19,2112.89,655.0,20.6,1,2,5357.89,24,8.26,0,1517.96,3962.41,Mortgage,2,8.1,North,3924.31,0.316,0.4826,0,No,0,0
CUST-000499,38,Male,Divorced,High School,Self-employed,38012.72,1253.45,674.0,16.7,2,2,23627.26,48,7.75,1,1602.14,3908.66,Other,0,2.1,South,1000.27,0.3957,0.5931,1,No,0,0
CUST-000500,44,Male,Married,Bachelor,Salaried,68082.6,850.23,756.0,18.7,6,0,36688.3,72,2.5,5,6912.11,4643.14,Own,1,5.4,South,3489.02,0.1499,0.6577,1,No,0,0
CUST-000501,56,Female,Single,Associate,Salaried,79192.14,684.17,694.0,32.4,4,0,66240.51,36,4.7,0,39315.51,2977.96,Rent,1,22.9,East,1784.75,0.1037,0.7861,0,No,0,0
CUST-000502,41,Male,Married,Bachelor,Salaried,49065.68,754.95,,18.0,5,2,8797.87,60,7.89,1,11465.73,5846.92,Mortgage,1,5.9,South,1755.64,0.1846,0.699,2,No,1,0
CUST-000503,37,Female,Married,Bachelor,Contract,111448.3,4046.73,696.0,10.1,3,1,41758.43,60,4.97,2,68110.07,5773.82,Own,0,6.7,North,6452.18,0.4357,0.2897,1,No,0,0
CUST-000504,31,Male,Single,Master,Salaried,81694.11,1305.33,,10.2,2,1,9137.12,84,6.4,1,,-2786.37,Own,2,8.6,West,2167.68,0.1917,0.719,1,No,0,0
CUST-000505,18,Male,Married,Bachelor,Self-employed,104633.53,5742.62,783.0,0.0,5,0,22311.63,36,4.71,2,24212.97,-1407.31,,1,0.0,North,4175.26,0.6586,0.3671,1,Yes,0,0
CUST-000506,42,Male,Single,High School,Salaried,33328.29,1265.11,655.0,19.1,1,1,17095.95,60,9.23,1,724.55,1385.9,Rent,0,11.5,North,1398.42,0.4555,0.449,1,No,0,1
CUST-000507,31,Male,Single,Bachelor,Contract,34684.33,809.58,637.0,10.7,2,2,15435.33,12,8.62,3,26049.47,1821.39,Mortgage,1,4.8,Central,682.84,0.2801,0.6571,3,No,0,0
CUST-000508,28,Female,Divorced,Associate,Salaried,51841.65,2347.03,726.0,9.1,0,1,54446.3,24,3.12,2,20015.11,1958.71,Rent,2,6.6,East,1699.29,0.5433,0.7797,0,No,0,1
CUST-000509,41,Male,Married,Master,Salaried,73740.99,2992.68,733.0,21.9,5,0,18369.89,24,2.5,0,11401.97,-1218.21,Rent,3,11.8,West,2156.18,0.487,0.143,1,No,0,1
CUST-000510,27,Male,Single,Associate,Self-employed,36895.62,1032.07,623.0,7.9,2,3,10602.64,36,8.43,1,7390.77,5059.37,Mortgage,0,2.0,West,801.41,0.3357,0.6639,1,Yes,0,1
CUST-000511,40,Female,Single,Doctorate,Salaried,35477.8,959.29,653.0,15.7,3,2,29425.29,36,10.2,2,0.0,812.4,Rent,1,5.5,North,1542.73,0.3245,0.862,4,No,0,1
CUST-000512,40,Male,Married,Bachelor,Salaried,28552.83,6997.24,829.0,14.1,3,0,4340.29,36,2.5,2,3423.46,-1448.15,Mortgage,1,15.4,South,1542.6,0.4805,0.4015,2,No,0,0
CUST-000513,30,Female,Single,Associate,Self-employed,40830.01,392.46,630.0,8.1,1,4,22277.2,84,6.23,1,10679.79,674.26,Rent,0,8.6,South,1401.63,0.1153,0.6032,2,No,1,0
CUST-000514,30,Female,Widowed,Bachelor,Retired,52217.97,2920.33,694.0,9.8,3,1,15115.17,60,4.56,1,6220.0,2817.02,Rent,1,7.8,Central,578.14,0.6711,0.1796,3,No,0,1
CUST-000515,59,Female,Married,Associate,Salaried,47393.34,2144.06,719.0,37.7,7,0,152934.94,60,5.03,3,1874.3,46.11,Mortgage,1,23.4,West,2127.31,0.5429,0.8058,4,No,0,0
CUST-000516,25,Male,Divorced,Bachelor,Salaried,62339.44,831.6,701.0,6.2,7,0,15976.52,36,2.67,0,642.98,-3500.0,Mortgage,1,1.3,West,3670.59,0.1601,0.399,0,No,0,1
CUST-000517,23,Male,Married,Master,Salaried,89899.47,3975.04,608.0,0.0,8,2,24752.78,24,10.64,3,5982.48,6383.4,Mortgage,2,1.1,West,4935.28,0.5306,0.8046,1,Yes,1,0
CUST-000518,30,Female,Married,High School,Salaried,42769.29,1107.58,758.0,9.8,2,0,4415.35,36,2.69,0,4003.41,3647.09,Rent,0,1.1,West,784.33,0.3108,0.3937,0,No,0,1
CUST-000519,51,Male,Married,High School,Salaried,35842.29,1707.19,709.0,30.3,3,0,18953.52,60,6.22,4,3350.51,2287.51,Rent,2,11.0,West,1261.17,0.5716,,3,No,0,0
CUST-000520,30,Male,Single,Master,Unemployed,22397.13,503.97,682.0,8.7,3,1,35834.11,60,3.98,2,1831.28,2835.62,Mortgage,1,1.6,South,878.53,0.27,0.3634,0,No,0,0
CUST-000521,46,Female,Married,High School,Salaried,38701.88,1441.43,663.0,25.6,1,2,13710.25,36,7.2,4,6772.51,765.82,Mortgage,1,5.1,North,1305.46,0.4469,0.4613,0,No,0,1
CUST-000522,39,Female,Single,High School,Self-employed,56695.79,2097.19,726.0,18.6,1,0,13670.46,36,5.07,0,15274.66,-638.91,Rent,0,9.7,Central,1780.75,0.4439,0.3565,3,No,0,0
CUST-000523,34,Female,Single,High School,Salaried,30655.24,656.9,694.0,15.3,1,1,14630.74,24,5.72,1,152.43,293.04,Rent,1,2.2,South,1230.01,0.2571,0.8545,2,No,0,0
CUST-000524,39,Male,Divorced,High School,Salaried,27089.04,198.41,686.0,17.1,1,0,28867.21,24,8.66,0,1920.38,1881.65,Rent,0,3.8,West,350.0,0.0879,0.2605,3,No,0,0
CUST-000525,45,Male,Single,Associate,Salaried,17072.79,932.07,757.0,20.4,5,0,20286.16,60,2.5,4,3045.65,1131.43,Mortgage,0,17.4,Central,482.58,0.6551,0.8465,0,No,0,0
CUST-000526,31,Male,Married,High School,Unemployed,19871.37,608.05,658.0,10.0,1,3,4342.07,24,5.56,2,188.8,1701.72,Rent,3,0.6,North,694.27,0.3672,0.7201,2,No,0,1
CUST-000527,45,Female,Divorced,Master,Unemployed,52048.03,1465.97,687.0,25.3,2,1,6281.06,72,8.47,2,2954.32,4065.93,Mortgage,0,1.1,South,1640.06,0.338,0.3506,0,Yes,0,0
CUST-000528,27,Female,Married,,Salaried,107986.06,2217.39,695.0,5.2,5,1,34076.72,48,7.4,2,5858.63,13149.5,Rent,3,0.7,Central,1499.82,0.2464,0.7686,4,No,0,0
CUST-000529,42,Female,Single,Master,Salaried,70913.76,1631.44,658.0,19.8,3,1,11920.89,60,10.56,1,9769.65,566.64,Own,1,16.7,North,2666.34,0.2761,0.5371,2,No,0,0
CUST-000530,64,Female,Single,Bachelor,Salaried,102477.33,3320.11,724.0,39.3,6,1,55942.12,48,5.26,2,6395.58,2506.29,Other,1,2.2,South,3557.91,0.3888,0.4953,2,No,0,0
CUST-000531,54,Female,Married,Bachelor,Salaried,35639.77,445.08,731.0,31.3,5,0,4579.44,48,5.61,0,3972.47,2018.53,Other,2,12.9,West,1590.93,0.1499,0.3086,0,Yes,0,0
CUST-000532,41,Female,Married,Bachelor,Salaried,42835.63,2095.1,744.0,13.5,2,0,14265.01,48,8.97,1,12591.77,1686.7,Mortgage,1,12.5,South,2156.95,0.5869,0.8391,1,No,0,0
CUST-000533,32,Female,Single,High School,Salaried,40509.09,1253.37,779.0,5.5,2,0,13528.89,60,2.5,4,2740.2,3562.03,Rent,2,0.6,South,1734.21,0.3713,0.5966,1,No,0,0
CUST-000534,35,Female,Married,Master,Salaried,41199.17,2064.89,676.0,16.5,5,0,47430.56,60,8.72,1,2257.26,5093.84,Rent,1,4.8,East,946.5,0.6014,0.4141,2,Yes,0,1
CUST-000535,39,Male,Single,Bachelor,Self-employed,54723.59,1607.0,,15.6,2,0,40937.05,48,9.67,1,5471.88,5531.48,Mortgage,0,6.8,Central,1127.46,0.3524,0.2232,1,No,0,0
CUST-000536,29,Male,Married,Master,Salaried,60151.52,1196.54,506.0,4.9,0,4,8152.89,60,14.18,1,2368.43,-322.99,Own,2,1.3,West,1758.27,0.2387,0.7578,3,No,1,1
CUST-000537,25,Male,Single,High School,Contract,39152.3,1298.16,714.0,5.0,0,0,20853.47,60,5.84,0,3298.81,747.02,Mortgage,3,0.6,East,1580.88,0.3979,0.3988,1,No,0,0
CUST-000538,35,Male,Divorced,Bachelor,Self-employed,38717.07,1873.4,768.0,13.2,2,0,60470.02,24,2.5,2,7998.4,1609.53,Own,3,10.6,South,1360.67,0.5806,0.4268,1,No,0,0
CUST-000539,54,Female,Single,Bachelor,Salaried,,2245.75,727.0,32.6,4,0,9433.5,60,8.35,1,160807.82,4395.02,Rent,3,14.1,North,3805.35,0.3017,0.3029,0,No,0,0
CUST-000540,18,Female,Married,,Unemployed,29740.37,1330.63,485.0,0.0,2,6,20873.69,60,14.85,2,10976.48,-2157.63,Rent,3,0.0,East,1784.21,0.5369,1.0113,4,No,1,1
CUST-000541,45,Female,Married,Bachelor,Unemployed,24218.66,955.71,777.0,25.8,4,1,37161.64,36,2.94,4,237.55,1819.18,Rent,2,0.7,South,1000.02,0.4735,0.7733,1,No,0,0
CUST-000542,56,Female,Single,Master,Unemployed,17470.28,1182.19,650.0,29.7,0,1,33028.39,36,10.11,3,1127.31,713.48,Mortgage,1,2.7,North,1212.18,0.812,0.7747,2,No,1,1
CUST-000543,18,Male,Married,Bachelor,Salaried,85958.11,1587.85,664.0,0.0,0,1,13122.94,36,8.28,0,53348.54,-1951.56,Mortgage,3,0.0,Central,4547.83,0.2217,0.517,1,No,0,0
CUST-000544,31,Male,Married,Associate,Contract,47229.88,2421.04,674.0,11.8,1,1,37676.83,24,5.57,1,1200.84,-1872.8,Own,0,7.3,Central,1946.34,0.6151,0.3251,1,No,0,0
CUST-000545,30,Male,Single,Bachelor,Retired,73383.3,1129.69,732.0,9.6,7,0,22291.65,60,5.14,1,3801.33,2397.15,Mortgage,0,3.5,West,2095.32,0.1847,0.5063,1,No,0,0
CUST-000546,62,Female,Single,Master,Self-employed,92035.9,1159.49,760.0,39.0,3,0,65327.75,36,2.5,2,6631.47,78.24,Mortgage,0,25.3,East,2403.09,0.1512,0.7489,1,No,0,0
CUST-000547,46,Female,Single,Bachelor,Salaried,134235.11,4350.48,689.0,25.9,5,1,13045.3,60,7.46,1,5291.64,4935.24,Mortgage,0,3.2,Central,3555.33,0.3889,0.4607,1,No,0,0
CUST-000548,50,Female,Single,Doctorate,Unemployed,29417.27,1243.38,754.0,27.8,4,0,24739.41,60,3.27,3,6638.9,1688.01,Rent,2,1.2,Central,1080.57,0.5072,0.1689,1,No,0,0
CUST-000549,55,Male,Married,Bachelor,Unemployed,19045.42,978.25,678.0,36.0,9,2,24428.4,36,9.92,3,0.0,1703.14,Rent,0,3.2,East,929.8,0.6164,0.5829,3,No,1,1
CUST-000550,32,Female,Married,Master,Salaried,130304.16,3209.7,550.0,4.7,1,2,25298.21,36,17.54,2,,13027.26,Rent,2,1.5,West,5795.54,0.2956,0.8632,1,No,1,0
CUST-000551,45,Female,Married,Bachelor,Contract,61392.96,2451.99,,20.6,7,0,15520.42,24,2.5,1,1499.15,-2091.37,Mortgage,2,15.8,South,3239.03,0.4793,0.6252,0,No,0,0
CUST-000552,24,Male,Single,High School,Salaried,154378.27,2097.49,714.0,2.1,7,0,11126.14,24,3.78,1,75346.41,11455.12,Rent,0,2.3,South,8413.21,0.163,0.394,1,No,0,0
CUST-000553,37,Female,Single,Associate,Salaried,31418.46,1149.74,733.0,10.9,3,0,10689.31,48,5.68,1,2694.47,2852.6,Mortgage,0,6.2,North,468.29,0.4391,0.6616,3,Yes,0,0
CUST-000554,38,Male,Married,Master,Salaried,135055.76,1463.47,669.0,14.2,6,3,9426.65,48,3.28,2,7365.64,-3500.0,Own,1,9.9,East,8370.45,0.13,0.4807,3,No,0,0
CUST-000555,52,Female,Married,Bachelor,Self-employed,164779.49,3981.8,638.0,32.6,4,0,55869.11,60,4.34,0,37999.32,-3500.0,Own,0,8.4,West,5314.77,0.29,0.2612,1,No,0,0
CUST-000556,35,Female,Married,Doctorate,Salaried,78410.3,2775.96,766.0,15.3,6,0,23238.79,60,6.77,5,13404.97,6425.66,Own,1,5.6,South,4686.3,0.4248,0.7795,0,No,0,0
CUST-000557,45,Female,Married,Bachelor,Salaried,69073.19,1281.61,656.0,24.1,2,3,19874.94,24,9.43,1,667.6,7079.33,Mortgage,2,5.6,West,1651.03,0.2227,0.643,0,No,0,0
CUST-000558,47,Female,Married,High School,Self-employed,79154.06,3097.03,680.0,22.9,3,0,14484.19,60,6.56,0,3788.43,6119.91,Own,0,14.2,Central,874.83,0.4695,0.6097,0,No,0,1
CUST-000559,44,Male,Single,Master,Self-employed,150597.57,5578.64,767.0,25.6,1,0,17339.15,60,3.77,1,58889.73,-3500.0,Mortgage,1,3.8,North,2666.72,0.4445,0.5239,1,No,0,0
CUST-000560,42,Male,Single,Bachelor,Contract,101553.17,4077.49,718.0,15.1,2,0,16973.34,72,4.53,4,1980.14,-45.16,Rent,0,12.3,East,1500.2,0.4818,0.6806,1,No,0,0
CUST-000561,54,Female,Married,High School,Contract,62608.38,809.7,733.0,33.7,4,0,27274.1,36,5.7,1,1976.08,2668.44,Rent,2,17.3,West,2113.08,0.1552,0.537,3,No,0,0
CUST-000562,50,Female,Married,Master,Salaried,92535.51,1490.83,708.0,30.3,7,0,14731.63,36,2.5,3,41797.79,7829.27,Own,5,23.1,West,3429.24,0.1933,0.6737,0,Yes,0,0
CUST-000563,33,Male,Widowed,High School,Salaried,49934.19,943.93,676.0,13.5,4,1,16978.55,36,6.17,3,28311.13,2996.24,Own,0,1.8,North,1331.13,0.2268,0.789,4,No,0,0
CUST-000564,28,Female,Single,Bachelor,Salaried,34734.73,629.43,727.0,7.9,5,1,17783.54,36,2.5,0,750.06,3111.98,Mortgage,1,4.9,Central,970.53,0.2175,0.6474,0,No,0,0
CUST-000565,43,Male,Married,High School,Unemployed,32144.82,555.98,762.0,21.1,5,0,6468.89,24,6.41,1,1899.8,1906.5,Own,5,1.6,Central,2256.05,0.2076,0.3924,0,Yes,0,0
CUST-000566,27,Female,Single,Master,Salaried,103867.03,3473.87,713.0,7.4,1,0,10656.97,72,3.88,2,2983.34,6619.8,Rent,0,5.4,North,3953.36,0.4013,0.0712,1,No,0,0
CUST-000567,38,Male,Married,High School,Salaried,52903.68,2019.11,631.0,14.4,5,3,43283.6,48,12.03,3,40603.23,-2729.4,Mortgage,0,16.6,East,1164.3,0.458,0.7877,1,Yes,0,1
CUST-000568,51,Female,Married,Master,Contract,50646.58,1321.7,704.0,32.8,2,2,17354.3,60,9.76,6,0.0,2428.81,Mortgage,1,16.5,West,3429.5,0.3132,0.6464,5,No,0,0
CUST-000569,24,Female,Married,Bachelor,Contract,49841.22,706.03,596.0,4.7,2,2,28387.4,84,11.94,1,4391.47,-3500.0,Rent,0,2.9,Central,2056.97,0.17,0.4509,2,No,1,1
CUST-000570,53,Male,Married,Bachelor,Contract,89288.3,502.77,668.0,32.7,5,0,23951.88,48,6.39,0,38844.97,777.04,Mortgage,2,4.1,East,6008.53,0.0676,0.831,2,No,0,0
CUST-000571,46,Male,Single,Bachelor,Salaried,52639.97,1181.91,684.0,22.3,3,2,32556.34,60,5.84,0,9531.98,5187.2,Rent,1,6.9,North,599.89,0.2694,0.7868,2,Yes,0,0
CUST-000572,42,Female,Divorced,Associate,Self-employed,42725.8,1270.86,797.0,19.9,7,1,34529.15,36,4.32,0,1198.24,3493.47,Rent,1,7.6,South,877.61,0.3569,0.3515,0,No,0,0
CUST-000573,52,Male,Married,Associate,Salaried,24945.17,685.66,596.0,33.2,1,2,9644.67,60,10.97,2,12177.11,5794.46,Rent,0,23.6,East,880.19,0.3298,0.457,1,No,0,0
CUST-000574,32,Female,Single,Bachelor,Unemployed,29452.3,1011.16,690.0,9.5,5,1,9233.52,60,6.0,3,4051.31,2173.6,Own,0,1.4,West,1059.29,0.412,0.644,2,Yes,0,0
CUST-000575,18,Female,Married,Bachelor,Salaried,41274.38,1639.88,654.0,0.0,3,2,6609.76,60,7.57,1,5622.97,3724.05,Mortgage,2,0.0,South,974.45,0.4768,0.6202,0,No,1,1
CUST-000576,59,Female,Married,,Salaried,64786.71,468.9,630.0,37.4,2,3,7183.74,36,6.13,0,7515.66,2781.79,Rent,1,14.2,Central,1980.3,0.0869,0.4942,0,No,0,0
CUST-000577,42,Male,Single,High School,Unemployed,16129.77,638.9,711.0,22.0,4,0,33560.04,60,5.08,4,2862.71,1889.21,Mortgage,0,1.2,North,414.4,0.4753,0.7175,0,No,0,0
CUST-000578,38,Male,Single,Master,,44655.54,368.39,705.0,16.3,5,0,7305.41,48,7.25,0,51244.35,1661.64,Rent,0,11.9,Central,2313.92,0.099,0.3829,0,No,0,0
CUST-000579,44,Male,Single,High School,Salaried,46036.05,1865.22,613.0,24.0,1,0,27495.8,48,9.21,2,1651.04,1167.88,Mortgage,0,14.1,West,2637.7,0.4862,0.6617,1,No,0,1
CUST-000580,61,Male,Married,High School,Contract,28253.07,1705.56,677.0,32.5,4,1,26100.94,84,5.57,1,923.5,1280.11,Rent,3,12.8,North,2135.84,0.7244,0.511,0,No,0,0
CUST-000581,36,Male,Married,Master,Salaried,51942.47,781.83,650.0,10.7,3,4,13970.31,60,5.46,0,6410.19,10367.65,Own,0,0.7,West,1907.92,0.1806,0.3706,0,No,0,0
CUST-000582,21,Male,Married,Associate,Contract,26491.28,509.44,694.0,0.4,3,1,69812.4,24,6.53,1,256.49,-679.0,Rent,1,0.8,Central,1112.82,0.2308,0.5098,1,No,0,0
CUST-000583,61,Female,Married,Bachelor,Self-employed,74678.34,1547.67,714.0,39.2,6,1,50022.77,72,4.69,0,4439.87,5655.04,Own,4,7.0,West,2843.6,0.2487,,1,No,0,0
CUST-000584,54,Male,Divorced,Doctorate,Contract,52978.55,2459.31,692.0,29.7,3,1,81946.54,48,2.76,1,6987.34,5948.6,Rent,0,16.3,South,2869.9,0.5571,0.4963,0,Yes,0,0
CUST-000585,56,Male,Widowed,Master,Salaried,44040.74,1276.86,651.0,34.3,2,0,70728.94,60,8.01,2,10207.39,364.51,Rent,0,14.9,South,1272.31,0.3479,0.2905,1,No,0,0
CUST-000586,48,Female,Single,Bachelor,,68533.56,1205.88,652.0,22.5,2,4,53502.66,36,11.94,3,0.0,199.49,Own,2,19.3,South,3069.36,0.2111,0.713,0,No,1,0
CUST-000587,50,Male,Married,Master,Contract,71911.86,5445.3,801.0,30.4,3,0,175976.27,12,2.5,3,3123.99,4170.95,Rent,0,5.7,South,2424.12,0.1152,0.186,2,No,0,0
CUST-000588,35,Male,Divorced,Master,Unemployed,23608.38,845.59,554.0,10.0,2,3,14230.58,24,14.16,0,0.0,-2119.6,Mortgage,1,1.2,South,1152.51,0.4298,0.5027,2,No,1,0
CUST-000589,34,Female,Single,Associate,Salaried,52155.55,630.02,718.0,12.6,6,2,16434.27,12,2.89,2,5591.75,-1698.69,Mortgage,0,10.5,East,689.79,0.145,0.4218,2,No,0,0
CUST-000590,54,Male,Married,High School,Salaried,51287.6,928.65,696.0,25.1,0,0,11265.26,36,9.79,1,5513.8,8107.79,Own,4,15.4,East,2007.11,0.2173,0.7382,1,No,0,1
CUST-000591,47,Female,Married,Master,Contract,150945.22,8634.98,756.0,26.5,1,1,21622.76,60,7.17,0,19093.94,11259.06,Mortgage,2,15.3,South,5349.43,0.6865,0.1582,2,No,0,0
CUST-000592,49,Male,Married,Bachelor,Self-employed,28620.59,351.23,669.0,26.8,2,2,24407.18,36,3.47,0,5315.71,3182.06,Mortgage,0,12.0,East,1309.31,0.1473,0.4491,0,No,0,0
CUST-000593,31,Male,Married,High School,Unemployed,17436.9,582.47,729.0,8.9,4,1,16463.8,48,4.83,2,578.91,3406.39,Mortgage,3,0.8,North,1257.96,0.4009,,1,No,0,0
CUST-000594,45,Male,Divorced,High School,Retired,40469.76,2012.85,694.0,21.9,0,0,12801.31,36,4.72,1,7165.75,3897.3,Own,2,3.8,South,1234.76,0.5968,0.1998,0,No,0,0
CUST-000595,18,Female,Divorced,Bachelor,Salaried,39684.35,1224.91,640.0,0.0,5,1,45944.29,24,3.91,0,5366.88,-3500.0,Rent,1,0.0,East,1224.39,0.3704,0.5966,1,No,0,1
CUST-000596,58,Male,Married,High School,Salaried,33338.53,834.82,680.0,26.3,2,2,47968.46,60,6.29,1,12636.7,1529.55,Mortgage,1,14.4,East,2299.21,0.3005,0.4424,0,No,0,1
CUST-000597,66,Female,Married,High School,Unemployed,25668.88,551.3,725.0,45.3,4,0,6209.88,36,4.47,1,6333.79,3679.47,Rent,2,4.0,North,1520.19,0.2577,0.5952,1,Yes,0,0
CUST-000598,40,Male,Divorced,Master,Unemployed,38705.75,950.01,700.0,19.2,3,0,19199.94,24,9.23,1,2201.56,2525.97,Mortgage,1,1.9,East,1565.97,0.2945,0.462,1,Yes,0,0
CUST-000599,54,Male,Married,Doctorate,Salaried,135499.79,1543.56,696.0,34.5,1,0,7679.12,48,5.46,1,19701.71,3854.76,Mortgage,0,6.3,East,8571.48,0.1367,0.5679,2,Yes,0,0
CUST-000600,53,Female,Divorced,High School,Contract,34152.61,690.83,748.0,32.0,3,0,41867.5,36,6.59,2,11230.76,-2106.34,Mortgage,0,7.9,East,772.28,0.2427,0.4455,0,No,0,0
CUST-000601,48,Female,Divorced,High School,Salaried,55649.03,858.34,695.0,23.9,1,1,11232.5,12,7.18,0,3754.14,2292.65,Rent,0,3.7,West,2753.57,0.1851,0.4118,2,No,0,0
CUST-000602,38,Male,Single,Bachelor,Salaried,29219.95,599.26,741.0,13.3,2,0,66280.11,48,8.23,2,627.77,-300.89,Own,0,12.0,West,1539.82,0.2461,0.4476,2,No,0,0
CUST-000603,32,Male,Married,Master,Salaried,125486.71,1425.67,729.0,12.7,7,0,19841.34,24,6.76,1,25941.34,5106.22,Mortgage,2,4.8,Central,1910.46,0.1363,0.7437,0,No,0,1
CUST-000604,52,Female,Single,Bachelor,Salaried,66010.66,626.92,720.0,21.7,5,2,37900.69,48,7.99,4,11002.74,9522.04,Rent,0,16.1,North,951.49,0.114,0.4328,0,No,0,0
CUST-000605,27,Male,Married,Master,Salaried,112522.06,3299.5,634.0,7.0,2,2,7974.81,24,13.25,0,10648.96,725.31,Own,2,3.3,West,5731.18,0.3519,0.7418,0,No,1,0
CUST-000606,47,Female,Single,High School,Self-employed,29891.88,534.33,719.0,23.2,4,1,32836.15,60,6.92,0,3840.59,-930.42,Rent,0,11.0,South,713.17,0.2145,0.3994,0,No,0,0
CUST-000607,54,Female,Married,Master,Contract,27041.76,1047.67,709.0,33.1,3,0,15652.75,36,3.87,1,1177.38,1995.99,Own,2,17.4,South,1897.5,0.4649,0.4697,1,No,0,0
CUST-000608,41,Non-binary,Married,High School,,54591.03,1191.02,716.0,13.5,2,0,23529.09,36,7.28,1,2171.33,2414.04,Rent,1,2.7,East,1978.8,0.2618,0.4264,1,Yes,0,0
CUST-000609,29,Male,Single,High School,Salaried,23218.43,439.73,742.0,8.5,3,0,21540.14,60,7.01,1,754.65,-294.94,Rent,0,1.5,Central,1135.64,0.2273,0.4124,1,No,0,0
CUST-000610,35,Female,Married,High School,Salaried,20844.87,644.32,680.0,12.3,4,1,12532.84,24,11.41,1,2406.06,1235.75,Mortgage,1,8.9,West,1639.83,0.3709,0.3115,1,No,0,0
CUST-000611,28,Non-binary,Married,Bachelor,Self-employed,54575.21,2290.02,709.0,7.0,3,0,16683.29,24,4.96,1,4338.48,6105.66,Mortgage,2,1.2,North,2677.75,0.5035,0.1124,1,Yes,0,0
CUST-000612,71,Female,Divorced,Master,Salaried,46929.61,1333.11,652.0,42.4,6,0,46491.63,24,6.89,1,16544.36,3361.18,Own,2,8.7,South,2478.45,0.3409,0.6748,3,No,0,0
CUST-000613,63,Male,Married,Associate,Self-employed,40120.0,880.69,746.0,43.0,5,0,22454.51,72,6.75,1,1598.99,2098.45,Own,1,9.5,Central,2362.02,0.2634,0.53,2,No,0,0
CUST-000614,37,Female,Married,Bachelor,Self-employed,68214.99,1872.55,,11.2,3,0,9383.57,36,9.1,2,5400.43,-275.98,Other,2,8.0,South,1989.37,0.3294,0.3536,1,No,0,0
CUST-000615,36,Female,Widowed,Bachelor,Contract,22325.89,295.25,675.0,10.9,3,1,6040.83,60,5.05,1,4701.99,1254.82,Mortgage,1,10.0,South,1258.69,0.1587,0.78,1,No,0,0
CUST-000616,44,Male,Single,Associate,Salaried,13867.4,540.14,586.0,25.6,2,2,43475.34,60,8.84,0,0.0,1210.28,Mortgage,0,7.4,West,676.84,0.4674,0.5799,1,No,1,0
CUST-000617,42,Female,Married,Master,Salaried,83143.21,2493.13,713.0,20.9,5,0,22713.21,36,6.34,3,6842.87,11635.72,Rent,2,13.2,South,2561.14,0.3598,0.28,2,No,0,0
CUST-000618,57,Male,Single,Associate,Self-employed,17742.66,441.24,587.0,27.8,1,4,38969.4,36,9.97,0,10524.1,2680.93,Rent,0,5.5,Central,427.66,0.2984,0.6479,2,No,1,0
CUST-000619,47,Male,Married,,Salaried,41996.66,1954.45,712.0,15.5,5,1,77490.87,36,6.68,0,2907.42,5298.33,Mortgage,3,6.9,West,650.72,0.5585,0.8064,2,No,0,0
CUST-000620,32,Male,Married,Bachelor,Salaried,45773.44,1385.59,720.0,9.0,3,1,47573.34,24,7.97,3,48816.3,-2601.39,Mortgage,2,4.8,South,2181.0,0.3632,0.3353,1,No,0,0
CUST-000621,31,Female,Married,Doctorate,Self-employed,40669.04,1105.95,659.0,9.2,3,2,18327.05,60,6.99,2,5815.7,-3500.0,Mortgage,2,5.5,West,1492.46,0.3263,0.581,0,Yes,0,0
CUST-000622,20,Female,Single,High School,Self-employed,82079.7,3686.03,730.0,0.0,2,1,29988.57,36,6.88,1,2822.41,5331.62,Rent,0,0.9,South,3716.44,0.5389,0.3149,2,No,0,0
CUST-000623,52,Female,Divorced,Master,Salaried,108052.62,2669.37,701.0,31.8,6,0,29272.03,60,6.13,5,10060.49,13006.35,Mortgage,3,15.9,East,5503.17,0.2965,,3,No,0,0
CUST-000624,38,Female,Divorced,Bachelor,Salaried,112247.23,4398.69,699.0,19.1,3,0,9899.53,60,8.79,2,23649.86,6629.69,Own,1,10.2,West,3531.95,0.4703,0.1895,0,Yes,0,0
CUST-000625,62,Male,Single,Bachelor,Self-employed,139282.97,3925.27,720.0,39.6,3,0,40888.48,60,6.95,3,25668.8,-267.01,Rent,0,4.2,West,6124.03,0.3382,0.4572,3,No,0,0
CUST-000626,50,Male,Single,Bachelor,Contract,52924.61,1976.35,632.0,27.2,3,1,60416.5,24,8.4,1,26418.18,1415.58,Mortgage,0,18.5,East,3068.97,0.4481,0.905,1,No,0,0
CUST-000627,34,Female,Married,Doctorate,Salaried,99683.28,2027.49,703.0,8.3,3,0,3894.7,36,4.58,1,6017.09,1566.67,Mortgage,1,4.6,North,2515.57,0.2441,0.4067,0,No,0,0
CUST-000628,37,Female,Married,Bachelor,Contract,27025.64,570.94,729.0,17.5,1,1,24934.26,48,7.8,2,1529.29,923.69,Mortgage,0,7.3,West,418.58,0.2535,0.4678,1,No,0,0
CUST-000629,38,Male,Single,Master,Salaried,100272.29,750.71,735.0,18.5,4,0,29447.61,48,6.19,2,95935.95,3684.81,Other,1,8.5,West,5079.01,0.0898,0.8397,3,Yes,0,0
CUST-000630,30,Female,Single,High School,Salaried,26625.67,492.56,665.0,5.7,6,2,13023.22,48,5.02,2,3515.67,696.82,Rent,1,8.5,Central,1361.16,0.222,0.5737,2,No,0,0
CUST-000631,53,Non-binary,Divorced,Associate,Unemployed,58046.41,659.05,655.0,32.0,4,3,78618.71,60,5.6,2,10876.3,331.78,Rent,0,1.7,North,1472.37,0.1362,0.5108,1,No,0,0
CUST-000632,34,Male,Single,Associate,Salaried,24051.24,564.86,724.0,14.7,2,1,37173.38,24,6.39,2,6465.02,393.43,Rent,2,8.0,West,1430.2,0.2818,0.5608,2,No,0,0
CUST-000633,22,Female,Married,Bachelor,Salaried,71941.81,2197.52,747.0,0.0,7,0,40709.5,36,3.11,2,320.26,6084.13,Own,0,2.9,East,2693.52,0.3665,0.5965,2,No,0,0
CUST-000634,60,Female,Married,Bachelor,Unemployed,15841.43,731.72,671.0,38.5,3,2,43196.12,48,6.62,2,0.0,1428.11,Mortgage,2,3.8,West,1003.56,0.5543,0.5008,2,Yes,0,0
CUST-000635,50,Female,Single,High School,Self-employed,40600.4,2212.48,716.0,31.4,5,2,55519.46,72,7.76,3,6630.41,-3500.0,Mortgage,1,24.9,West,1311.57,0.6539,0.1787,2,No,0,1
CUST-000636,43,Male,Married,Bachelor,Salaried,,2797.27,664.0,20.2,3,1,18551.51,36,7.4,2,10093.75,4848.75,Mortgage,2,2.9,West,1662.06,0.4489,0.155,0,No,0,0
CUST-000637,27,Male,Single,Bachelor,Unemployed,19172.16,883.0,724.0,4.9,3,0,19365.8,84,8.24,4,3893.34,176.47,Own,0,0.8,West,350.0,0.5527,0.1571,3,Yes,1,0
CUST-000638,41,Male,Single,Associate,Unemployed,30245.99,437.57,632.0,20.9,2,1,19255.19,48,11.11,1,1893.32,1780.96,Mortgage,2,0.7,West,1089.37,0.1736,0.6583,1,No,1,0
CUST-000639,34,Male,Married,Master,Salaried,140522.12,3272.04,690.0,13.5,6,1,18148.33,60,3.89,3,34551.94,17732.23,Rent,2,3.9,South,5144.99,0.2794,0.2035,0,No,0,0
CUST-000640,24,Female,Married,High School,Salaried,71766.02,3037.87,740.0,3.0,2,0,20243.25,48,6.4,1,31108.62,599.17,Mortgage,0,3.8,South,1466.83,0.508,0.265,1,No,0,0
CUST-000641,47,Male,Married,High School,Unemployed,7000.0,341.59,716.0,26.9,3,2,102375.79,60,6.19,1,0.0,-205.99,Own,1,3.8,North,365.7,0.5856,0.3804,2,No,0,1
CUST-000642,35,Female,Married,Bachelor,Salaried,58950.43,1813.7,768.0,11.9,2,1,8106.84,24,3.54,1,,2654.07,Own,2,2.7,West,1140.49,0.3692,0.8104,0,No,0,0
CUST-000643,41,Female,Divorced,High School,Self-employed,38139.35,646.14,712.0,11.3,3,0,19222.0,36,8.52,1,10875.4,10797.84,Mortgage,0,8.4,North,1390.19,0.2033,0.2015,1,No,0,0
CUST-000644,18,Male,Married,Bachelor,Retired,45030.92,1817.63,661.0,0.0,6,0,18378.02,48,8.33,4,3058.1,1976.21,Own,1,0.0,West,1170.42,0.4844,0.1917,1,No,0,0
CUST-000645,32,Female,Divorced,High School,Retired,42475.52,395.49,485.0,9.6,3,4,14302.87,72,15.85,0,440.14,1751.65,Mortgage,0,7.2,North,2371.75,0.1117,0.9743,0,No,1,1
CUST-000646,36,Female,Single,Doctorate,Salaried,45542.89,1142.92,683.0,12.9,0,0,21285.97,60,5.58,2,4278.38,2854.53,Mortgage,1,4.5,South,1739.27,0.3011,0.2237,2,No,0,0
CUST-000647,37,Male,Single,Bachelor,Salaried,40677.88,321.32,668.0,16.0,3,1,119522.83,84,5.86,2,3791.85,-483.31,Mortgage,0,7.7,West,871.2,0.0948,0.5331,2,No,0,0
CUST-000648,65,Female,Single,High School,Contract,42959.21,1168.0,659.0,42.3,4,1,36198.62,72,9.92,1,2109.2,5545.27,Own,1,28.2,East,2466.05,0.3263,,1,No,0,0
CUST-000649,21,Male,Single,High School,Unemployed,24339.44,248.17,,0.8,4,1,24526.04,60,5.32,0,5508.3,1148.08,Mortgage,0,0.3,West,770.29,0.1224,0.8984,0,No,0,0
CUST-000650,47,Male,Married,Associate,Self-employed,150202.16,308.37,725.0,25.2,5,0,12421.66,48,4.8,2,10988.26,-130.09,Mortgage,2,8.5,Central,3960.05,0.0246,0.6857,1,No,0,0
CUST-000651,33,Male,Single,Master,Self-employed,48154.63,789.73,786.0,13.8,4,0,3209.66,60,2.65,2,10769.9,7322.83,Rent,1,8.6,North,1747.46,0.1968,0.3353,3,No,0,0
CUST-000652,47,Male,Married,Associate,Salaried,29818.52,1402.62,668.0,26.6,1,1,18508.89,60,7.16,0,895.76,-1212.29,Rent,1,16.9,Central,927.36,0.5645,0.4646,1,No,0,0
CUST-000653,49,Female,Single,Master,Salaried,164863.86,3452.66,761.0,28.6,2,0,14620.06,36,3.17,1,7169.37,,Rent,1,9.1,South,5657.6,0.2513,0.3113,1,No,0,0
CUST-000654,21,Female,Single,Bachelor,Salaried,40137.95,1295.53,790.0,0.0,5,0,41155.45,24,2.5,4,2158.71,3277.8,Own,1,0.5,West,2005.21,0.3873,0.4612,0,No,0,0
CUST-000655,38,Non-binary,Single,High School,Salaried,52702.06,498.72,737.0,17.2,5,1,24915.64,24,6.28,0,10919.41,3914.63,Rent,0,5.1,Central,1823.36,0.1136,0.413,0,No,0,0
CUST-000656,51,Male,Single,High School,Contract,75590.31,1600.41,705.0,30.8,7,2,9380.66,60,5.75,1,13592.56,462.27,Rent,0,5.2,North,3413.84,0.2541,0.3218,0,No,0,0
CUST-000657,44,Male,Married,High School,Retired,48593.63,210.41,735.0,17.1,2,2,20845.24,36,4.41,0,1003.37,2655.37,Own,0,21.0,East,2190.68,0.052,0.6163,0,No,0,0
CUST-000658,35,Female,Married,High School,Salaried,33074.85,994.21,720.0,15.8,4,0,10651.6,36,4.01,0,1087.55,4898.06,Mortgage,0,3.4,South,1427.01,0.3607,0.2934,0,Yes,0,0
CUST-000659,32,Female,Single,Associate,Salaried,58076.32,2056.04,683.0,7.0,1,1,41414.69,48,8.56,2,1484.17,332.49,Own,0,6.8,North,1798.05,0.4248,0.4203,0,No,0,0
CUST-000660,18,Male,Married,Master,Salaried,71878.77,4375.95,659.0,0.0,3,0,7214.08,12,6.69,1,4659.55,783.84,Mortgage,0,0.0,North,3608.97,0.7306,0.6935,0,Yes,0,0
CUST-000661,63,Female,Married,High School,Salaried,59942.68,2477.03,763.0,42.9,5,0,7022.17,60,2.5,2,4869.66,2060.78,Rent,1,3.5,North,2137.27,0.4959,0.2529,5,No,0,0
CUST-000662,41,Male,Married,Bachelor,Salaried,54421.86,1349.87,721.0,16.7,4,2,20468.4,12,7.76,1,2347.82,288.78,Own,1,17.9,South,3257.71,0.2976,0.5264,1,No,0,0
CUST-000663,42,Female,Divorced,Associate,Retired,38356.52,789.27,781.0,22.7,3,1,34671.39,48,8.59,1,1016.28,1376.6,Own,2,7.8,South,2615.17,0.2469,0.5572,2,No,0,0
CUST-000664,33,Male,Divorced,High School,Retired,22309.02,582.51,762.0,9.3,6,0,42624.1,60,4.73,0,1665.56,-330.18,Rent,1,5.5,Central,1410.5,0.3133,0.4924,2,Yes,0,0
CUST-000665,33,Female,Single,Master,Salaried,67132.31,999.87,727.0,14.1,0,1,50071.82,60,5.96,0,80414.06,3599.48,Rent,0,6.1,Central,2550.05,0.1787,0.2988,4,No,0,0
CUST-000666,46,Male,Married,Associate,Salaried,75871.7,1271.26,732.0,24.8,6,0,4072.4,60,4.53,2,20221.72,1234.74,Own,2,18.9,South,3441.71,0.2011,0.6212,2,No,0,0
CUST-000667,54,Male,Single,Bachelor,Self-employed,38719.68,802.99,616.0,30.8,0,3,7261.89,24,11.21,0,15629.15,2195.23,Mortgage,1,16.6,East,1415.74,0.2489,0.2139,0,No,0,0
CUST-000668,37,Female,Married,High School,Self-employed,27672.94,1819.99,683.0,14.2,5,0,14603.79,36,4.94,6,4921.95,1609.39,Mortgage,2,3.0,Central,1454.04,0.7892,0.3359,2,Yes,0,0
CUST-000669,42,Female,Single,Master,Salaried,142809.35,6438.38,727.0,20.7,3,0,16335.35,60,6.38,1,3791.33,13226.18,Mortgage,0,2.9,East,5140.83,0.541,0.4178,1,No,0,1
CUST-000670,51,Female,Married,High School,Contract,21333.97,342.55,686.0,30.1,1,1,14307.11,48,2.5,0,2853.28,356.15,Own,3,5.1,West,1383.16,0.1927,0.6302,0,No,0,0
CUST-000671,42,Male,Single,Associate,,59884.0,1185.42,674.0,17.5,3,1,28708.76,36,11.69,2,6711.4,5320.87,Own,0,4.2,West,3455.4,0.2375,0.7037,0,No,0,0
CUST-000672,53,Male,Divorced,Master,Salaried,41834.6,650.41,759.0,30.2,5,0,31097.69,48,3.07,0,1580.16,3077.81,Own,1,,Central,2460.65,0.1866,0.2968,0,No,0,0
CUST-000673,47,Female,Divorced,High School,Salaried,38039.58,513.78,694.0,25.7,3,0,32102.1,24,3.81,0,4655.86,2759.16,Own,1,,North,1405.17,0.1621,0.2585,2,No,0,0
CUST-000674,59,Male,Single,Bachelor,Salaried,53480.97,1146.66,747.0,40.0,5,0,15976.75,36,5.09,1,11108.82,-49.5,Rent,2,11.2,North,2047.32,0.2573,0.5047,2,No,0,1
CUST-000675,35,Male,Married,Master,Salaried,91147.05,1477.41,675.0,12.6,0,1,50087.87,48,4.99,1,3310.52,5493.82,Rent,2,7.5,East,2328.65,0.1945,0.4951,2,No,0,1
CUST-000676,47,Female,Single,Master,Salaried,,708.34,587.0,25.6,2,4,13838.6,36,13.78,1,74.78,219.58,Mortgage,0,14.2,East,1880.02,0.2124,0.7378,2,No,1,1
CUST-000677,37,Female,Single,Master,Contract,83733.14,1372.54,684.0,13.1,5,2,8262.46,36,5.52,1,14865.36,1861.92,Rent,1,1.8,North,5095.37,0.1967,0.6331,2,No,0,1
CUST-000678,36,Male,Single,Bachelor,Contract,106118.14,4392.02,718.0,13.0,4,1,8322.31,60,5.93,1,11522.91,8297.88,Rent,0,8.8,South,3982.35,0.4967,0.4722,0,No,0,0
CUST-000679,44,Female,Single,Associate,Self-employed,29622.65,1576.31,523.0,24.4,2,5,10965.09,36,13.09,1,0.0,4350.98,Mortgage,0,11.5,West,1079.52,0.6386,0.9745,0,No,1,0
CUST-000680,51,Female,Married,Master,Salaried,47659.1,1277.74,659.0,28.6,3,0,14212.35,48,9.09,1,1216.24,3450.23,Rent,2,11.0,South,2882.75,0.3217,0.5971,0,No,0,0
CUST-000681,34,Male,Single,High School,Salaried,36242.17,607.27,769.0,15.3,3,1,16073.8,60,2.5,2,13031.94,5658.74,Mortgage,0,8.5,Central,1473.76,0.2011,0.4518,2,Yes,0,0
CUST-000682,40,Female,Married,Bachelor,Salaried,109630.03,5093.28,727.0,19.7,2,1,43011.42,60,5.98,2,21783.73,12054.03,Mortgage,1,12.5,North,5551.69,0.5575,0.5021,3,No,0,0
CUST-000683,51,Male,Married,Bachelor,Salaried,60569.11,1508.65,689.0,30.0,4,0,13632.58,36,4.02,4,4856.72,-1428.39,Mortgage,4,11.3,South,2505.97,0.2989,0.7048,0,No,0,1
CUST-000684,51,Male,Married,Master,Unemployed,17471.91,5869.72,669.0,26.5,4,3,8318.01,84,5.36,1,1682.64,1249.87,Rent,2,2.7,South,860.72,0.4923,0.2442,1,No,0,0
CUST-000685,56,Female,Single,High School,Salaried,126776.19,3214.99,608.0,36.3,5,1,12194.15,36,10.41,3,29941.67,27462.51,Own,1,8.4,East,3344.95,0.3043,0.191,1,No,0,1
CUST-000686,46,Male,Single,High School,Salaried,33991.29,1189.3,684.0,27.7,6,0,8954.32,36,6.72,0,963.25,585.1,Other,1,13.1,South,1445.47,0.4199,0.3874,1,No,0,1
CUST-000687,49,Female,Single,Master,Salaried,,994.74,707.0,24.7,1,0,17573.57,24,6.87,1,21282.87,-1763.05,Rent,1,10.3,North,4557.93,0.1443,0.1019,1,No,0,0
CUST-000688,32,Male,Married,Associate,Contract,37846.26,1070.05,733.0,9.0,3,1,9390.4,24,2.5,2,8025.64,2226.47,Rent,1,4.9,West,2202.05,0.3393,0.4917,2,No,0,0
CUST-000689,44,Male,Married,Associate,Self-employed,,1303.44,613.0,20.9,3,2,10071.98,12,9.67,0,0.0,2326.64,Rent,0,7.9,South,350.0,0.5479,0.3897,1,No,0,0
CUST-000690,56,Female,Single,Bachelor,Retired,56220.23,1592.63,568.0,36.2,0,3,116010.67,60,13.33,1,12858.59,161.55,Own,0,16.1,East,2895.4,0.3399,0.9274,3,Yes,1,1
CUST-000691,38,Female,Single,Associate,Unemployed,13524.27,409.85,679.0,19.0,4,1,13832.69,24,5.6,1,540.97,1342.46,Mortgage,2,1.8,North,526.83,0.3637,0.261,3,No,0,0
CUST-000692,59,Female,Married,Bachelor,Salaried,31193.12,685.56,681.0,36.7,2,1,52635.64,24,7.95,1,1280.9,655.45,Rent,0,4.4,South,1408.81,0.2637,0.4875,3,No,0,1
CUST-000693,39,Female,Divorced,Bachelor,Self-employed,97352.69,3054.48,707.0,20.6,10,0,21704.42,36,6.34,3,2976.82,7630.51,Own,0,7.4,North,4464.36,0.3765,0.1804,0,No,0,0
CUST-000694,26,Male,Single,Bachelor,Salaried,25410.16,267.11,720.0,5.5,3,1,27136.84,48,2.6,1,5616.59,-852.53,Rent,0,2.0,Central,1012.91,0.1261,0.7716,0,Yes,0,0
CUST-000695,38,Male,Divorced,Associate,Salaried,47075.66,1417.65,722.0,16.5,4,1,10511.57,36,3.76,0,11058.3,1126.8,Mortgage,0,0.5,West,1131.74,0.3614,0.3153,2,No,0,0
CUST-000696,46,Male,Single,Master,Salaried,61304.28,3519.18,706.0,27.3,2,0,18288.23,72,5.4,1,8978.49,-1410.72,Rent,0,11.9,East,2750.82,0.6889,0.3311,1,No,0,0
CUST-000697,39,Male,Single,High School,Retired,22992.54,488.96,667.0,18.6,0,1,29513.07,84,7.45,0,3021.84,1962.5,Mortgage,0,6.6,West,827.69,0.2552,0.4619,1,No,0,0
CUST-000698,23,Female,Single,Bachelor,Contract,79054.74,1331.4,621.0,0.0,1,2,18398.32,36,11.76,1,12386.07,-1878.89,Rent,2,1.0,South,5235.15,0.2021,0.4822,2,No,1,0
CUST-000699,42,Female,Divorced,,Retired,46319.97,1037.86,766.0,21.4,1,1,22221.94,48,4.18,1,4735.25,-1291.97,Mortgage,0,10.8,West,1965.22,0.2689,0.8561,2,No,1,0
CUST-000700,51,Male,Married,Associate,Unemployed,30328.26,1130.98,607.0,28.1,4,3,5046.1,60,12.74,2,33057.94,5181.49,Mortgage,2,1.8,North,1113.83,0.4475,0.7282,1,Yes,1,0
CUST-000701,61,Female,Married,Master,Contract,110803.1,2513.95,728.0,36.1,4,1,7575.15,36,4.09,1,44287.31,11039.83,Rent,3,21.6,North,7783.36,0.2723,0.7539,1,No,0,1
CUST-000702,67,Female,Single,Bachelor,Salaried,13101.07,290.7,751.0,48.5,4,0,36143.27,36,2.5,1,6201.12,1110.96,Own,1,24.0,West,758.34,0.2663,0.1683,0,No,0,0
CUST-000703,39,Female,Married,Bachelor,Contract,33039.86,474.63,685.0,11.1,2,0,41094.84,12,9.5,2,2055.41,2351.08,Own,0,15.6,Central,1013.65,0.1724,0.6121,2,No,1,1
CUST-000704,21,Female,Single,Bachelor,Salaried,117731.92,3733.64,693.0,0.0,3,0,21520.04,60,4.53,3,9477.25,9573.97,Rent,2,0.9,North,5847.93,0.3806,0.6292,0,Yes,0,0
CUST-000705,19,Male,Single,Associate,Salaried,49479.25,311.62,699.0,0.0,2,0,53607.26,60,6.61,0,42895.73,-1897.21,Rent,2,0.3,South,3616.24,0.0756,0.2838,2,No,0,0
CUST-000706,18,Male,Married,High School,Retired,30352.32,992.33,734.0,0.0,3,0,52418.46,72,5.06,1,13723.25,,,0,0.0,North,966.18,0.3923,0.5786,0,No,0,0
CUST-000707,52,Male,Single,Associate,Salaried,52953.92,2195.69,754.0,25.4,8,1,69511.58,36,2.5,4,19196.45,163.73,Own,1,26.8,Central,1781.54,0.4976,0.2123,0,No,0,0
CUST-000708,43,Female,Married,High School,Salaried,70968.92,1668.05,690.0,21.7,4,1,12427.23,36,6.27,1,5497.18,-1170.56,Mortgage,0,4.8,West,2222.41,0.282,0.5833,0,No,0,0
CUST-000709,22,Female,Single,Bachelor,Salaried,129656.01,7454.42,701.0,0.0,4,1,6038.68,36,6.54,1,46314.41,-3500.0,Rent,0,1.3,East,8103.85,0.6899,0.0942,2,No,0,0
CUST-000710,51,Male,Married,Bachelor,Salaried,52044.12,955.59,793.0,28.4,2,0,18754.61,60,2.5,0,13225.35,,Rent,0,22.8,South,2667.56,0.2203,0.2653,2,No,0,0
CUST-000711,25,Female,Divorced,Associate,,10214.39,381.09,631.0,4.8,2,1,47164.79,36,7.66,2,0.0,815.01,Own,0,3.7,South,354.53,0.4477,,3,Yes,0,0
CUST-000712,36,Female,Single,Master,Retired,29546.73,642.96,702.0,13.3,4,0,7330.68,24,5.4,1,488.61,-841.76,Mortgage,1,10.3,South,1830.64,0.2611,0.5812,0,No,0,0
CUST-000713,47,Male,Single,Associate,Self-employed,67422.29,1890.07,700.0,22.3,5,2,17808.2,36,3.67,3,,3104.16,Mortgage,1,12.3,South,2366.34,0.3364,0.3812,2,No,0,0
CUST-000714,29,Female,Married,Bachelor,Self-employed,177750.86,2967.86,739.0,10.5,0,0,53119.87,84,2.55,1,13509.38,4869.08,Rent,3,6.1,East,6498.43,0.2004,0.5659,4,No,0,0
CUST-000715,45,Female,Married,Bachelor,Contract,31309.37,709.56,772.0,19.9,7,0,8539.81,60,6.91,0,8811.24,1066.16,Mortgage,2,8.0,East,1387.82,0.272,0.6978,0,No,0,0
CUST-000716,31,Female,Divorced,Bachelor,Salaried,54384.63,2482.71,687.0,11.4,4,0,28965.96,60,8.84,1,3719.08,1660.64,Rent,1,,North,3618.45,0.5478,0.6107,1,Yes,0,0
CUST-000717,44,Male,Married,Associate,Salaried,41004.84,686.84,703.0,22.3,2,0,21156.19,48,8.61,2,3126.18,-1226.26,Own,0,19.8,North,1117.76,0.201,0.2055,1,No,0,1
CUST-000718,26,Female,Married,High School,Salaried,8370.64,166.51,710.0,5.9,3,0,8745.53,84,3.44,1,1832.07,,Rent,0,0.7,North,350.0,0.2387,0.7941,2,No,0,0
CUST-000719,43,Female,Married,High School,Contract,34439.58,1097.57,659.0,21.7,8,2,16129.33,36,9.82,1,6757.57,159.04,Own,2,4.6,East,523.46,0.3824,0.7863,2,No,1,0
CUST-000720,34,Female,Single,Master,Salaried,28192.09,1362.6,579.0,8.8,3,4,58257.33,36,8.92,1,8135.84,70.16,Own,0,1.3,East,711.82,0.58,0.2461,1,No,0,0
CUST-000721,39,Female,Married,Bachelor,Unemployed,,653.17,624.0,13.7,6,3,9303.43,36,9.66,4,0.0,672.72,Mortgage,2,1.3,Central,603.09,0.8604,0.6826,3,Yes,1,0
CUST-000722,44,Female,Married,Doctorate,Retired,24960.58,329.62,,21.7,3,0,29550.86,60,3.36,2,1630.44,1385.53,Rent,2,3.2,North,1259.51,0.1585,0.4957,0,No,0,0
CUST-000723,48,Male,Single,Master,Contract,137316.53,2045.61,806.0,23.7,5,0,17252.02,60,2.61,1,6571.86,-3064.06,Rent,3,10.2,South,2723.22,0.1788,0.612,2,No,0,0
CUST-000724,28,Female,Married,Bachelor,Retired,23916.91,946.51,673.0,7.9,4,0,39305.98,36,6.36,5,5962.17,,Mortgage,2,1.0,Central,1148.13,0.4749,0.5919,0,No,0,0
CUST-000725,45,Male,Single,Bachelor,Salaried,55159.72,787.0,728.0,23.0,2,1,6831.54,12,5.54,1,620.75,4007.81,Mortgage,0,9.0,East,1351.31,0.1712,0.5522,1,No,0,0
CUST-000726,39,Male,Married,Associate,Salaried,107180.94,2448.62,687.0,19.9,1,0,9916.96,36,3.97,0,53210.29,12864.12,Own,1,3.6,South,2599.08,0.2741,,1,No,0,0
CUST-000727,22,Non-binary,Married,High School,Salaried,20991.9,205.97,771.0,0.0,3,0,62573.8,36,4.6,1,3052.28,-573.66,Mortgage,2,1.9,South,830.21,0.1177,0.2962,0,No,0,0
CUST-000728,44,Female,Single,Bachelor,Self-employed,32655.17,595.73,697.0,23.6,2,1,15837.42,60,4.67,1,4491.18,3267.78,Rent,1,3.4,North,1770.86,0.2189,,2,No,0,0
CUST-000729,40,Male,Married,High School,Salaried,29980.69,2117.77,684.0,7.4,1,1,17153.35,60,7.43,2,7122.1,-794.87,Rent,4,8.7,North,1716.95,0.8477,0.3429,1,Yes,0,0
CUST-000730,52,Female,Divorced,Bachelor,Salaried,39160.24,768.6,766.0,31.5,3,0,11987.45,36,3.42,2,3092.3,-133.71,Own,0,12.8,North,634.73,0.2355,0.4226,1,No,0,0
CUST-000731,39,Female,Single,High School,Salaried,37174.74,1490.27,732.0,14.6,1,1,18753.29,12,4.29,0,3597.91,8840.3,Own,0,12.0,West,1544.79,0.4811,0.4772,0,Yes,0,0
CUST-000732,21,Female,Married,Bachelor,Self-employed,75238.85,2077.8,676.0,0.0,4,1,9676.6,36,6.48,3,8782.06,-2393.06,Mortgage,4,1.3,Central,1522.92,0.3314,0.9937,1,No,0,0
CUST-000733,45,Male,Single,High School,Self-employed,45776.86,714.82,690.0,24.1,1,1,10565.41,12,9.81,1,8607.44,2887.33,Rent,0,9.5,Central,1864.08,0.1874,0.2739,1,No,0,0
CUST-000734,60,Male,Single,Bachelor,Contract,69756.37,1340.78,584.0,41.4,4,2,12522.83,36,10.92,1,2604.07,347.71,Own,1,10.7,North,1881.9,0.2307,0.5841,0,No,0,0
CUST-000735,42,Female,Divorced,Associate,Salaried,55280.02,1522.52,646.0,21.5,1,1,27784.2,48,5.47,2,10966.11,6226.97,Mortgage,2,15.0,Central,1382.29,0.3305,0.4476,0,Yes,0,0
CUST-000736,18,Male,Divorced,High School,Salaried,23206.78,1015.43,666.0,0.0,4,3,38750.73,60,7.67,2,0.0,3416.3,Mortgage,0,0.0,Central,350.0,0.5251,0.527,2,No,1,1
CUST-000737,39,Male,Divorced,Master,Retired,62295.76,2415.85,686.0,14.8,5,1,16099.97,60,4.93,1,20716.45,4115.48,Rent,0,4.3,West,1662.46,0.4654,0.6424,3,No,0,1
CUST-000738,32,Female,Widowed,Associate,Self-employed,59236.84,995.99,640.0,7.0,3,1,8588.27,36,7.98,2,20279.39,3152.12,Mortgage,0,4.7,West,2107.0,0.2018,,0,No,0,0
CUST-000739,43,Female,Married,Master,Salaried,44631.85,1356.2,641.0,17.5,3,1,20468.25,60,9.9,1,2366.2,1470.82,Mortgage,3,13.6,West,867.68,0.3646,0.5998,0,No,0,1
CUST-000740,28,Female,Married,High School,Self-employed,41433.74,386.38,710.0,0.0,6,0,61075.57,24,8.53,1,2710.91,8.2,Rent,0,5.2,South,1894.3,0.1119,0.3854,0,No,0,0
CUST-000741,51,Female,Single,Associate,Salaried,52656.96,688.61,750.0,26.4,0,0,18765.97,24,6.48,2,5272.91,3648.13,Rent,1,6.5,Central,2412.45,0.1569,0.4091,1,Yes,0,0
CUST-000742,55,Female,Married,Associate,Self-employed,57982.42,2120.31,771.0,35.3,4,0,71947.14,36,9.37,3,2822.73,5782.02,Own,1,17.7,South,3955.49,0.4388,0.2486,1,No,0,0
CUST-000743,35,Female,Single,Bachelor,Salaried,32438.72,1687.92,683.0,10.0,5,1,10063.21,36,9.23,2,6028.39,-1904.37,Mortgage,1,5.9,South,570.3,0.6244,0.7117,0,Yes,0,0
CUST-000744,42,Male,Married,High School,Salaried,32962.98,1585.9,763.0,21.7,6,1,7628.15,60,5.11,5,4883.09,20.1,Rent,3,6.9,East,1330.31,0.5773,0.3125,1,No,0,0
CUST-000745,51,Male,Widowed,Bachelor,Salaried,,1236.03,683.0,27.5,3,0,6754.16,12,5.88,2,5083.68,2425.88,Rent,0,6.6,North,887.84,0.4318,0.0302,0,No,0,0
CUST-000746,46,Female,Single,Bachelor,Retired,31775.92,805.02,812.0,23.7,4,0,31195.76,36,2.7,0,2128.58,-1841.18,Mortgage,0,12.3,West,350.0,0.304,0.2436,0,No,0,0
CUST-000747,41,Female,Married,High School,Self-employed,67540.86,1623.75,723.0,17.3,2,1,55793.49,24,9.72,2,5973.67,-3500.0,Rent,3,7.5,Central,4196.52,0.2885,0.5556,1,No,0,0
CUST-000748,36,Female,Married,Bachelor,Salaried,95462.65,567.37,733.0,13.6,4,0,4923.67,36,4.58,1,2925.2,14689.0,Mortgage,1,11.0,East,1266.77,0.0713,0.4291,0,No,0,0
CUST-000749,42,Male,Married,Associate,Salaried,39847.13,1217.3,737.0,19.1,4,1,40003.59,24,2.94,4,1593.64,1102.98,Rent,1,8.1,East,1046.68,0.3666,0.3056,1,No,0,0
CUST-000750,37,Male,Married,Master,Salaried,31815.19,695.7,742.0,17.4,3,0,35082.03,48,2.84,1,703.56,3615.34,Mortgage,1,9.1,West,625.75,0.2624,0.1084,1,Yes,0,0
CUST-000751,43,Female,Married,High School,Salaried,71121.15,2074.03,690.0,22.3,1,2,31973.55,36,7.53,1,14826.94,1338.71,Mortgage,1,7.2,Central,4740.37,0.3499,0.462,0,Yes,0,1
CUST-000752,57,Male,Married,High School,Salaried,25686.82,1038.51,718.0,34.2,1,1,14599.15,60,5.19,1,1957.25,205.72,Rent,4,2.2,East,2545.85,0.4852,0.6576,3,No,0,1
CUST-000753,56,Female,Married,Bachelor,Unemployed,25620.33,1708.6,726.0,37.0,5,2,83672.03,48,3.78,1,303.4,6380.1,Own,1,2.2,East,998.11,0.0941,0.5388,1,No,0,0
CUST-000754,46,Male,Single,Bachelor,Contract,81775.88,234.63,720.0,22.6,2,1,20780.64,60,6.18,0,9745.86,11755.87,Own,1,19.2,West,2385.4,0.0344,0.2721,2,No,0,0
CUST-000755,31,Male,Widowed,Bachelor,Salaried,37626.17,125.72,699.0,10.0,1,0,34828.23,84,5.4,0,11093.9,3240.24,Mortgage,1,5.5,East,1017.42,0.0401,0.4675,1,No,0,0
CUST-000756,42,Female,Single,Master,Unemployed,23933.65,1035.2,660.0,19.6,1,2,17070.84,60,6.62,1,3397.73,1675.42,Mortgage,0,1.7,North,941.48,0.519,0.3343,1,Yes,0,0
CUST-000757,34,Female,Married,Doctorate,Salaried,96254.34,1361.58,736.0,11.5,2,0,21535.62,36,4.34,1,5876.79,1674.53,Mortgage,0,6.5,North,5299.39,0.1697,0.6265,5,Yes,0,0
CUST-000758,56,Male,Divorced,Bachelor,Salaried,41600.04,1295.85,741.0,27.8,1,0,20281.0,72,4.4,2,4780.04,3462.19,Rent,2,24.2,East,1185.5,0.3738,0.3129,1,Yes,0,0
CUST-000759,55,Female,Married,High School,Salaried,46851.41,1526.09,713.0,28.3,2,0,46638.74,60,8.45,0,5085.75,4046.18,Own,2,9.3,West,1238.77,0.3909,0.7472,5,No,0,0
CUST-000760,44,Non-binary,Married,High School,Self-employed,34215.07,1028.03,711.0,23.0,6,2,39938.02,24,9.68,2,2289.61,2888.34,Own,2,22.2,Central,1346.02,0.3606,0.7268,1,Yes,0,0
CUST-000761,23,Female,Single,Bachelor,Salaried,77682.86,2487.62,615.0,3.0,3,4,12556.14,60,7.43,1,1672.4,3339.18,Rent,1,1.9,West,1701.39,0.3843,0.7886,0,No,0,0
CUST-000762,53,Female,Single,Bachelor,Salaried,106451.63,2764.93,614.0,25.2,2,2,16287.01,72,8.12,2,10516.46,-2336.01,Rent,0,3.8,West,2079.76,0.3117,0.1538,1,No,0,0
CUST-000763,71,Female,Married,Bachelor,Salaried,64816.0,2991.79,725.0,50.0,3,0,62513.72,36,7.51,1,2305.13,2175.97,Rent,0,26.8,West,2021.49,0.5539,0.4071,1,Yes,0,0
CUST-000764,47,Female,Married,Master,Retired,57402.78,849.5,695.0,24.4,3,2,102332.71,36,10.11,1,9937.2,-3500.0,,1,9.7,West,1820.09,0.1776,0.4948,2,No,0,1
CUST-000765,54,Female,Married,Associate,Unemployed,29575.61,810.52,756.0,32.5,2,1,7989.41,60,4.89,3,18975.4,3976.67,Own,4,2.3,South,1367.5,0.3289,0.916,2,No,0,0
CUST-000766,44,Female,Married,Associate,Salaried,91225.42,3737.79,663.0,23.7,4,1,13981.94,72,8.69,2,36318.56,4772.45,Own,1,6.7,North,5336.88,0.4917,0.5078,0,No,0,0
CUST-000767,37,Male,Divorced,Bachelor,Salaried,77392.59,1508.88,762.0,16.8,4,0,19126.16,60,2.94,0,1793.9,9868.21,Own,1,8.0,Central,4926.08,0.234,0.4522,1,No,0,0
CUST-000768,37,Male,Single,Bachelor,Self-employed,155264.38,3808.31,745.0,15.7,4,0,59217.81,36,4.12,0,751.11,-2847.92,Mortgage,0,4.3,East,5864.18,0.2943,0.1849,1,No,0,1
CUST-000769,18,Male,Single,Bachelor,Salaried,50543.87,654.65,774.0,0.0,5,0,11945.48,60,6.49,2,,2050.83,Mortgage,0,0.0,North,1515.4,0.1554,0.3951,1,No,0,0
CUST-000770,49,Female,Single,High School,Contract,80630.04,1641.49,718.0,29.3,5,1,16324.0,36,3.73,2,19493.28,605.33,Rent,0,4.9,East,1058.97,0.2443,0.442,3,No,0,0
CUST-000771,41,Male,Divorced,Master,Salaried,50892.51,1889.41,661.0,20.5,2,0,8611.56,36,5.1,3,3779.66,3160.02,Rent,1,6.2,North,3126.74,0.4455,0.4847,0,No,0,0
CUST-000772,43,Male,Widowed,Associate,Salaried,42681.23,283.0,705.0,21.4,2,0,9437.7,72,2.55,1,2394.71,2914.75,Mortgage,0,9.7,North,2231.23,0.0796,0.4044,0,Yes,0,0
CUST-000773,36,Non-binary,Single,Master,Unemployed,51034.33,1005.22,727.0,4.6,6,1,18263.1,72,8.1,3,8879.31,2209.23,Rent,0,1.6,Central,1625.28,0.2364,0.5338,1,No,0,1
CUST-000774,42,Female,Single,Bachelor,Salaried,69538.03,2447.36,643.0,9.9,0,1,50455.45,48,6.99,1,4868.45,9201.7,Other,1,19.9,West,1815.48,0.4223,0.2462,2,Yes,0,0
CUST-000775,28,Male,Married,High School,Salaried,54262.42,1265.06,690.0,9.1,4,1,14101.0,36,8.26,0,1335.42,4221.11,Mortgage,2,1.1,North,2951.1,0.2798,0.3861,1,No,0,0
CUST-000776,51,Female,Single,Associate,Salaried,46999.46,1090.79,666.0,24.1,4,3,27970.53,36,6.53,1,,3793.06,Rent,0,13.1,North,1326.62,0.2785,0.662,0,Yes,0,0
CUST-000777,40,Male,Married,High School,Self-employed,37957.97,1520.28,742.0,13.1,6,1,27501.88,48,4.82,1,5757.94,3001.6,Rent,0,10.2,East,2351.13,0.4806,0.2241,0,Yes,0,0
CUST-000778,41,Female,Divorced,High School,Self-employed,52715.44,469.0,766.0,14.9,4,0,10270.07,60,2.5,0,4887.07,-3500.0,Mortgage,0,18.6,South,957.18,0.1068,0.5949,1,Yes,0,0
CUST-000779,35,Male,Married,Associate,Self-employed,90054.46,3305.71,745.0,9.2,7,0,43711.62,36,4.6,1,15594.51,-3500.0,Own,1,4.4,West,3713.78,0.4405,0.1332,1,No,0,0
CUST-000780,50,Female,Married,High School,Contract,45117.15,1072.52,598.0,31.5,7,2,11116.12,60,10.25,1,20196.63,159.3,Rent,3,11.2,West,3141.19,0.2853,0.9167,0,Yes,1,0
CUST-000781,49,Male,Divorced,Bachelor,Salaried,81015.85,3076.63,686.0,27.1,1,2,24154.72,24,7.33,1,2752.98,5922.59,Rent,0,14.7,East,1755.36,0.4557,0.3729,1,No,0,0
CUST-000782,56,Female,Married,High School,Salaried,24302.65,645.55,723.0,28.2,4,0,29244.39,36,3.89,3,487.81,757.08,Own,2,6.4,West,1612.42,0.3188,0.3627,1,Yes,0,0
CUST-000783,18,Male,Single,Doctorate,Self-employed,75556.03,2650.5,750.0,0.0,2,1,14838.8,36,6.07,2,23105.61,3502.48,Mortgage,1,0.0,East,1026.16,0.421,0.3275,2,No,0,0
CUST-000784,45,Female,Married,Bachelor,Retired,36817.89,1602.98,700.0,23.4,2,1,22704.75,24,9.2,5,2332.78,1940.23,Mortgage,3,15.8,South,1725.97,0.5225,0.2912,2,No,0,1
CUST-000785,27,Female,Married,Bachelor,,65804.45,946.38,771.0,1.1,6,0,70382.54,36,3.27,2,20363.41,8453.67,Own,3,2.4,Central,1914.4,0.1726,0.5199,2,No,0,0
CUST-000786,48,Male,Married,High School,Salaried,,492.09,726.0,28.4,1,1,9380.81,60,4.79,2,5186.38,5888.19,Own,1,5.0,East,1372.68,0.1242,0.555,0,No,0,0
CUST-000787,39,Female,Married,High School,Salaried,15165.58,419.19,531.0,15.2,2,3,20084.04,60,16.24,3,2221.53,977.25,Own,2,5.9,North,653.18,0.3317,0.6228,1,No,1,0
CUST-000788,54,Female,Single,Bachelor,Self-employed,100841.95,4745.27,765.0,32.5,5,0,6866.31,36,6.53,4,14922.38,15395.48,Rent,0,12.7,West,2098.69,0.5647,0.2329,3,Yes,0,0
CUST-000789,48,Male,Married,Bachelor,Unemployed,35709.51,1308.26,644.0,20.0,3,1,39121.39,60,8.86,3,,-1925.15,Mortgage,1,1.7,South,2257.22,0.4396,0.1736,0,No,0,0
CUST-000790,44,Female,Single,Associate,Self-employed,77033.36,2491.92,686.0,25.1,2,1,18727.31,36,8.8,2,11054.23,14179.87,Own,0,11.7,South,974.44,0.3882,0.6225,0,No,0,0
CUST-000791,44,Female,Single,Bachelor,Contract,58913.28,2905.65,500.0,22.4,1,5,12255.6,60,11.53,3,7088.59,2448.21,Mortgage,2,11.9,West,3071.32,0.5919,0.724,0,Yes,1,1
CUST-000792,65,Male,Married,Bachelor,Self-employed,70944.48,1838.99,616.0,36.7,2,2,6874.86,60,6.22,3,4946.58,91.37,Mortgage,1,26.8,West,4210.47,0.3111,0.8297,1,Yes,0,0
CUST-000793,31,Male,Single,High School,Salaried,58096.2,2865.31,739.0,9.0,2,0,47876.31,48,5.18,0,19597.78,5892.48,,0,7.0,South,1937.54,0.5918,0.2854,0,No,0,0
CUST-000794,18,Female,Married,Bachelor,Self-employed,81317.99,3424.04,667.0,0.0,2,1,31497.59,84,7.58,1,17414.36,1995.82,Mortgage,2,0.0,Central,2529.12,0.5053,0.4989,1,No,0,1
CUST-000795,49,Female,Married,High School,Retired,23786.13,565.02,764.0,26.7,3,0,7605.06,12,7.11,0,751.59,-314.93,Mortgage,2,11.7,Central,878.28,0.2851,0.3781,2,No,0,0
CUST-000796,36,Male,Single,High School,Salaried,108704.82,559.96,714.0,16.4,2,0,3467.11,60,5.19,0,14561.2,11540.35,Own,1,6.3,Central,4084.6,0.0618,0.7065,0,No,0,0
CUST-000797,50,Female,Married,High School,Salaried,28992.78,1416.76,641.0,20.8,2,1,20445.67,72,9.68,0,18819.47,941.22,Mortgage,0,16.7,Central,711.61,0.5864,0.8798,0,Yes,0,1
CUST-000798,40,Female,Married,High School,Salaried,24660.73,1305.87,776.0,17.1,2,0,22125.84,60,3.95,3,11230.63,-267.72,Mortgage,0,13.6,Central,1642.04,0.6354,0.1757,3,Yes,0,0
CUST-000799,57,Male,Single,Bachelor,Self-employed,46465.14,688.07,665.0,36.6,2,1,9274.16,60,8.57,1,1669.5,1300.18,Rent,2,22.5,North,2087.37,0.1777,0.3353,0,No,1,0
CUST-000800,28,Female,Single,Master,Salaried,62322.56,1430.01,758.0,8.8,5,1,18721.27,60,3.87,1,3654.37,228.34,Rent,1,8.5,Central,1579.41,0.2753,0.5999,0,Yes,0,0
CUST-000801,40,Male,Single,High School,Salaried,50821.66,632.05,737.0,18.4,3,0,12209.81,36,4.01,3,2924.91,2118.88,Mortgage,0,12.9,South,1409.8,0.1492,0.646,0,No,0,1
CUST-000802,18,Male,Single,Bachelor,Salaried,38955.49,1031.04,580.0,0.0,2,3,13283.26,60,12.41,2,484.85,1120.32,Own,2,0.0,Central,1355.22,0.3176,0.7714,0,No,1,1
CUST-000803,61,Female,Married,Bachelor,Salaried,37654.11,1122.44,632.0,41.3,3,5,41554.8,36,7.07,2,0.0,5589.12,Rent,4,29.3,North,2301.8,0.3577,0.8406,4,No,0,1
CUST-000804,39,Female,Married,Bachelor,Contract,55505.02,1857.51,558.0,17.3,1,4,14856.51,84,9.29,1,2784.63,674.53,Mortgage,2,10.8,North,2690.94,0.4016,0.9331,1,No,1,0
CUST-000805,27,Male,Married,Master,Self-employed,114724.71,3230.38,728.0,5.5,5,0,4933.06,36,5.76,2,12783.84,7623.56,Rent,3,3.0,South,5377.44,0.3379,0.7601,1,No,0,0
CUST-000806,32,Male,Married,Bachelor,Salaried,51356.55,674.91,720.0,11.9,6,0,7688.57,24,6.49,2,1607.08,1555.62,Mortgage,0,0.7,North,397.89,0.1577,0.7808,2,No,0,0
CUST-000807,44,Male,Married,Associate,Unemployed,19323.67,1378.98,701.0,18.1,2,1,21074.56,36,5.47,4,813.35,1602.55,Rent,2,1.4,West,710.91,0.8563,0.5232,0,No,0,0
CUST-000808,30,Female,Married,Master,Contract,73790.91,2730.36,739.0,8.9,5,1,17439.2,84,2.89,2,7065.2,-628.24,Mortgage,3,5.8,Central,4547.83,0.444,0.3121,3,No,0,0
CUST-000809,62,Female,Married,Bachelor,Salaried,39864.92,937.04,,40.1,4,0,12192.14,24,4.61,1,1710.21,1255.24,Mortgage,1,8.9,West,2531.32,0.2821,0.3266,1,No,0,0
CUST-000810,34,Male,Married,Master,Salaried,75232.95,1859.54,703.0,9.8,3,0,18613.02,36,3.47,0,4237.69,2849.52,Mortgage,2,2.7,Central,2342.49,0.2966,0.5178,0,No,0,0
CUST-000811,24,Female,Divorced,Bachelor,Salaried,32372.02,1065.53,687.0,1.3,1,0,25108.77,60,7.12,0,2954.72,4345.69,Mortgage,1,0.6,North,1712.83,0.395,,2,No,0,0
CUST-000812,31,Male,Divorced,Bachelor,Salaried,52764.93,2530.48,639.0,8.6,4,1,14079.79,12,9.96,3,4098.29,6340.61,Mortgage,0,3.5,West,2677.99,0.5755,0.5812,3,No,0,0
CUST-000813,37,Female,Single,High School,Salaried,83040.69,992.53,776.0,16.6,5,0,39752.25,60,5.4,3,7203.49,3084.31,Rent,0,8.7,North,3623.64,0.1434,0.212,4,Yes,0,0
CUST-000814,44,Female,Married,Bachelor,Salaried,34220.39,700.01,689.0,20.5,5,1,31861.85,60,7.6,1,10514.57,3301.28,Own,3,8.2,North,2252.17,0.2455,0.3042,1,No,0,0
CUST-000815,37,Female,Married,Master,Salaried,131783.12,1784.77,646.0,15.7,2,1,36734.15,60,8.39,1,35894.78,-3060.6,Mortgage,2,10.1,South,4119.06,0.1625,0.774,0,No,0,0
CUST-000816,28,Female,Single,Bachelor,Contract,30672.69,1152.87,643.0,8.3,0,2,10989.42,36,9.57,0,4830.41,1165.43,Rent,0,8.6,East,1529.43,0.451,0.8772,2,No,1,1
CUST-000817,32,Female,Divorced,Associate,Salaried,27180.49,338.48,714.0,11.9,1,0,18710.23,36,6.9,0,5078.82,3581.05,Mortgage,2,5.6,North,1635.98,0.1494,0.479,1,No,0,0
CUST-000818,51,Male,Married,Master,Unemployed,23157.56,921.04,814.0,31.4,5,0,35743.24,60,3.53,3,3539.71,,Rent,2,1.3,South,1324.26,0.4773,0.5938,4,No,0,0
CUST-000819,43,Male,Married,Associate,Unemployed,25872.62,986.9,753.0,18.8,5,1,27980.69,24,3.88,4,317.26,570.4,Mortgage,4,2.5,South,1499.24,0.4577,0.3482,2,No,0,0
CUST-000820,33,Female,Single,High School,Retired,36153.49,1109.13,700.0,12.6,3,1,8986.51,60,5.23,0,3772.67,4630.48,Own,2,4.6,North,2073.58,0.3681,0.5483,1,No,0,0
CUST-000821,22,Male,Single,Master,Unemployed,21939.03,655.49,712.0,2.5,3,1,21770.26,60,3.89,0,865.69,792.28,Mortgage,0,0.5,Central,772.59,0.3585,0.2719,1,No,0,0
CUST-000822,44,Male,Single,Bachelor,Salaried,39604.8,1236.9,577.0,19.9,1,3,54896.4,60,14.72,3,1938.39,-3378.71,Rent,0,7.9,South,1286.64,0.3748,1.0757,4,Yes,1,1
CUST-000823,44,Male,Single,High School,Unemployed,8872.76,574.21,664.0,24.2,9,1,39224.2,24,7.53,3,0.0,,Rent,0,2.4,West,350.0,0.7766,0.5653,2,No,0,1
CUST-000824,56,Female,Married,High School,Self-employed,57345.25,1190.29,692.0,30.8,1,0,6707.16,36,8.36,1,585.01,6839.8,Mortgage,1,26.8,North,3406.67,0.2491,0.5311,1,No,0,0
CUST-000825,73,Male,Single,High School,Salaried,23603.97,90.88,671.0,50.0,1,0,13021.0,36,8.56,0,2442.82,3201.26,Mortgage,1,,West,1660.39,0.0462,0.81,0,No,0,0
CUST-000826,33,Male,Married,Bachelor,Unemployed,11199.34,129.13,756.0,10.9,4,0,5572.37,36,3.62,0,4670.4,65.88,Mortgage,0,,East,350.0,0.1384,0.3589,1,No,0,0
CUST-000827,44,Non-binary,Married,High School,Salaried,53341.5,1190.96,761.0,24.7,5,0,11033.61,72,5.13,2,17641.5,9633.59,Mortgage,1,14.1,Central,1634.65,0.2679,0.1151,1,No,0,0
CUST-000828,49,Male,Single,Bachelor,Unemployed,,322.89,569.0,27.5,4,1,19382.04,48,16.58,1,77.74,578.81,Own,0,0.7,Central,350.0,0.4491,0.3891,2,No,1,0
CUST-000829,35,Female,Single,High School,Salaried,29166.24,712.07,693.0,12.6,2,0,17321.42,36,6.33,2,274.63,-1222.27,Own,0,2.9,West,800.03,0.293,0.8512,3,No,0,0
CUST-000830,58,Female,Divorced,Master,Contract,74328.03,3389.95,721.0,39.1,4,0,12397.73,24,3.19,2,11380.5,297.88,Rent,0,22.2,Central,1634.14,0.5473,0.6066,2,No,0,0
CUST-000831,18,Female,Single,Master,Self-employed,120220.38,4524.16,594.0,0.0,3,2,26904.46,60,8.93,4,9897.19,3254.29,Rent,1,0.0,West,5285.54,0.4516,0.2032,0,No,0,0
CUST-000832,36,Female,Single,Doctorate,Retired,68853.85,2762.59,653.0,12.6,5,1,15976.17,36,10.41,0,18285.5,6525.08,Own,0,4.7,Central,2420.96,0.4815,0.426,0,No,0,0
CUST-000833,48,Female,Single,Bachelor,Salaried,27058.44,1414.74,698.0,21.9,2,1,16158.22,48,7.52,0,461.31,-526.5,Rent,0,7.5,West,1195.37,0.6274,0.2362,0,No,0,0
CUST-000834,34,Female,Married,Bachelor,Unemployed,12170.85,270.18,629.0,12.1,0,1,22366.54,60,9.33,0,390.54,121.25,Rent,2,0.8,West,935.77,0.2664,0.5184,0,No,0,0
CUST-000835,44,Female,Married,High School,Contract,41210.86,1057.0,729.0,24.9,3,0,9542.74,60,6.82,0,17666.26,8947.33,Mortgage,2,3.4,South,1811.25,0.3078,0.5772,0,No,0,0
CUST-000836,46,Male,Married,Bachelor,Salaried,47692.33,1585.83,722.0,26.5,4,1,15660.93,72,4.65,1,63829.65,1573.82,Rent,1,16.1,West,3046.59,0.399,0.2453,0,No,0,0
CUST-000837,44,Male,Married,Master,Salaried,75803.78,1406.54,751.0,22.3,3,0,55607.69,36,3.65,3,11407.62,8253.52,Own,0,14.7,West,2166.92,0.2227,,2,No,0,0
CUST-000838,62,Male,Married,Bachelor,Contract,118038.61,2648.11,698.0,42.8,3,1,11822.01,36,2.5,2,1114.84,1106.69,Own,1,16.4,North,2654.65,0.2692,0.4766,2,No,0,0
CUST-000839,19,Male,Married,Bachelor,Salaried,78371.4,3856.16,613.0,0.0,2,1,17913.19,24,9.73,1,796.8,-755.5,Mortgage,3,0.7,East,5080.16,0.5904,0.5815,1,No,0,1
CUST-000840,42,Male,Married,Master,Retired,178158.04,1929.16,705.0,19.6,6,0,32947.9,60,4.17,1,15313.29,-1191.01,Rent,1,10.9,Central,3898.85,0.1299,0.3197,0,No,0,1
CUST-000841,47,Female,Single,High School,Salaried,43609.57,606.6,747.0,28.4,3,0,65800.56,24,5.6,2,2915.44,7130.97,Mortgage,1,1.0,East,1113.47,0.1669,0.6629,0,No,0,0
CUST-000842,55,Female,Married,Bachelor,Salaried,47704.09,694.97,748.0,28.0,2,1,19421.91,60,2.99,1,1971.42,5487.59,Own,1,23.5,East,2622.7,0.1748,0.5018,1,No,0,0
CUST-000843,55,Male,Divorced,Associate,Salaried,14916.66,176.1,706.0,30.9,1,1,44522.52,36,6.31,0,2165.53,1259.38,Rent,1,10.0,North,350.0,0.1417,0.7087,1,No,0,1
CUST-000844,36,Male,Single,High School,Self-employed,40749.06,1418.28,621.0,12.5,3,3,128332.85,36,5.29,0,3183.54,1621.33,Mortgage,1,6.8,South,381.62,0.4177,0.2023,0,No,0,0
CUST-000845,26,Male,Single,High School,Self-employed,24762.83,455.33,739.0,5.6,1,0,20933.46,60,5.65,0,5311.44,-543.85,Mortgage,0,3.2,East,350.0,0.2207,0.342,1,No,0,1
CUST-000846,20,Female,Married,High School,,336774.79,692.42,745.0,0.0,6,0,22683.96,36,4.71,2,1246.69,3171.16,Rent,0,1.2,South,2314.26,0.1372,0.4756,1,No,0,0
CUST-000847,40,Male,Single,Bachelor,Retired,62635.55,1698.38,737.0,20.4,4,0,60314.52,48,4.23,1,13322.77,8112.72,Rent,0,4.5,West,3013.49,0.3254,0.335,1,No,0,0
CUST-000848,35,Female,Married,Associate,Salaried,105509.03,3549.57,538.0,15.8,3,4,20073.77,24,11.83,2,27029.19,-635.48,Rent,1,9.9,North,1349.83,0.4037,0.5728,1,Yes,1,1
CUST-000849,53,Male,Divorced,Bachelor,Retired,38341.68,958.85,689.0,31.4,3,1,12402.32,72,7.72,2,13185.44,-393.67,Mortgage,0,7.9,West,1155.58,0.3001,0.8156,1,No,0,0
CUST-000850,35,Female,Single,High School,Salaried,21182.97,842.68,656.0,16.3,3,2,5083.71,36,3.99,1,0.0,-199.62,Own,0,14.2,South,491.23,0.4774,0.9207,2,No,0,0
CUST-000851,52,Male,Single,Bachelor,Salaried,61461.69,1571.87,738.0,31.8,4,0,50919.07,60,6.67,1,3130.57,3605.01,Own,1,17.7,South,3162.31,0.3069,0.2509,1,Yes,0,0
CUST-000852,42,Female,Married,High School,Salaried,,1947.55,709.0,22.7,7,0,25656.38,12,6.54,0,729.27,-2168.76,Mortgage,1,8.0,North,888.12,0.4757,0.3898,0,No,0,0
CUST-000853,62,Female,Married,Master,Contract,40065.6,591.08,727.0,41.8,2,0,8008.2,84,5.76,0,4913.52,2817.13,Rent,0,9.9,West,1340.81,0.177,0.8621,3,Yes,0,0
CUST-000854,25,Female,Married,High School,Contract,23960.14,582.45,619.0,0.0,3,0,29058.46,36,10.22,3,7007.17,845.17,Rent,3,6.0,North,1339.87,0.2917,0.4902,2,Yes,1,1
CUST-000855,37,Male,Married,Bachelor,Salaried,38937.14,402.25,527.0,18.6,1,3,11303.51,36,12.73,0,0.0,323.39,Rent,2,7.2,East,1569.72,0.124,0.9738,1,No,1,1
CUST-000856,32,Female,Single,Master,Salaried,83054.07,439.59,683.0,2.3,5,1,44174.88,84,7.37,1,5252.7,-209.09,Mortgage,1,8.1,North,2176.96,0.0635,0.9312,0,No,0,0
CUST-000857,47,Female,Married,Bachelor,Unemployed,11594.24,595.03,735.0,25.6,5,2,9333.52,36,5.72,3,330.63,354.49,Rent,1,2.5,North,719.95,0.6159,0.4489,0,No,0,1
CUST-000858,33,Male,Single,Associate,Self-employed,41711.95,1073.87,706.0,10.6,4,2,55848.23,36,6.6,3,9792.13,1920.77,Rent,1,6.3,Central,1214.75,0.3089,0.6315,1,No,0,0
CUST-000859,40,Female,Single,Doctorate,Self-employed,63908.53,2035.33,713.0,18.3,2,0,12599.71,24,4.23,2,22698.15,10185.05,Mortgage,0,7.4,East,2253.91,0.3822,0.1272,0,No,0,0
CUST-000860,60,Non-binary,Married,Master,Salaried,60015.87,1160.48,725.0,31.2,3,0,13520.55,36,8.7,3,3622.17,-585.76,Mortgage,3,17.2,South,3311.84,0.232,0.529,0,No,0,0
CUST-000861,38,Female,Divorced,Master,Salaried,102164.58,2951.39,720.0,15.3,1,0,22899.17,48,5.21,2,2451.25,12361.42,Rent,0,3.8,North,5352.39,0.3467,0.5653,1,No,0,0
CUST-000862,53,Male,Married,Bachelor,Contract,71585.73,1142.44,725.0,29.4,2,0,24039.37,36,5.62,0,14129.79,9198.06,Rent,1,11.9,East,2708.85,0.1915,0.7611,2,No,0,1
CUST-000863,39,Male,Married,Doctorate,Self-employed,63390.45,345.33,674.0,20.0,3,1,27260.21,60,2.5,2,4284.24,-2385.91,Rent,4,8.6,North,2848.47,0.0654,0.7045,4,Yes,0,0
CUST-000864,58,Male,Married,Bachelor,Unemployed,10668.32,218.33,681.0,37.6,2,2,7307.7,72,7.19,0,1234.4,285.06,Mortgage,1,2.6,North,818.54,0.2456,0.6356,6,No,0,0
CUST-000865,48,Female,Married,Bachelor,Unemployed,12619.49,865.73,704.0,28.7,3,0,22374.16,60,4.73,2,1086.71,367.57,Mortgage,2,0.4,Central,1020.81,0.8232,0.4035,3,No,0,0
CUST-000866,35,Female,Single,Master,Self-employed,88376.45,3490.7,780.0,16.5,5,0,11079.53,72,2.5,0,17399.75,9780.78,Mortgage,0,10.9,North,4950.03,0.474,0.564,1,No,0,0
CUST-000867,46,Male,Divorced,High School,Unemployed,7067.18,322.04,606.0,25.5,2,3,18763.57,36,9.43,3,0.0,349.68,Own,0,2.4,South,400.57,0.5468,0.9577,1,No,0,1
CUST-000868,18,Male,Single,High School,Salaried,135992.71,5432.79,727.0,0.0,2,1,8318.87,48,6.47,2,17059.32,-3500.0,Mortgage,0,0.0,North,5046.81,0.4794,0.4065,0,Yes,0,0
CUST-000869,28,Male,Widowed,,Salaried,43655.04,577.2,580.0,6.4,5,5,7941.15,60,12.85,0,368.22,3399.24,Rent,0,2.8,West,1892.48,0.1587,0.9975,0,No,1,1
CUST-000870,38,Male,Single,Bachelor,Salaried,,337.73,736.0,18.8,3,0,8470.96,36,7.25,2,1841.32,1085.89,Rent,0,3.5,West,681.69,0.1745,0.7709,0,No,0,0
CUST-000871,51,Female,Married,High School,Unemployed,12694.86,206.66,663.0,30.1,2,3,58625.16,60,5.39,1,2953.3,1787.41,Mortgage,2,1.3,South,815.1,0.1953,0.6509,1,No,0,0
CUST-000872,57,Male,Widowed,Associate,Self-employed,38815.6,583.07,676.0,38.4,5,1,13571.36,84,5.66,0,2076.15,-539.81,Rent,0,7.2,North,693.11,0.1803,0.778,1,No,0,0
CUST-000873,41,Male,Single,Associate,Self-employed,84043.55,2984.4,664.0,15.7,5,2,7595.95,36,6.7,2,5556.71,-1071.6,Rent,0,20.0,Central,2692.98,0.4261,0.4256,2,No,0,1
CUST-000874,45,Male,Single,Master,Salaried,43371.5,1707.02,,25.0,2,1,11534.11,12,7.93,2,3771.39,3383.31,Own,1,18.3,East,2734.8,0.4723,0.6287,1,Yes,0,0
CUST-000875,36,Female,Married,Bachelor,Salaried,61109.41,1537.68,766.0,15.0,4,0,81033.76,36,4.9,3,5597.79,891.76,Rent,2,10.4,North,2920.08,0.302,0.8411,3,No,0,0
CUST-000876,39,Male,Single,High School,Salaried,15643.32,493.67,712.0,15.5,4,1,38813.21,60,6.35,2,1350.65,788.8,Rent,1,7.3,North,457.5,0.3787,0.9683,1,No,0,0
CUST-000877,37,Male,Married,Doctorate,Salaried,44675.47,698.08,749.0,16.9,4,1,15365.23,36,2.5,0,4435.03,-475.26,Mortgage,0,6.8,South,1546.65,0.1875,0.14,0,No,0,0
CUST-000878,21,Female,Married,High School,Salaried,19452.58,397.42,676.0,2.7,1,0,33790.86,60,6.73,1,5248.32,2424.84,Mortgage,2,1.5,North,1353.37,0.2452,0.3644,2,Yes,0,0
CUST-000879,64,Female,Married,Associate,Salaried,52773.38,1365.78,746.0,44.1,5,1,24403.52,48,3.19,2,14892.79,5542.91,Rent,1,3.2,South,2366.91,0.3106,0.5026,1,No,0,0
CUST-000880,33,Male,Married,Bachelor,Salaried,48615.37,1108.53,637.0,9.7,0,3,19235.83,36,7.54,1,906.68,544.38,Rent,0,6.3,Central,1469.53,0.2736,0.452,1,No,0,1
CUST-000881,46,Male,Married,High School,Self-employed,36573.36,958.26,781.0,27.4,5,0,25100.19,36,2.5,1,4671.16,-27.98,Own,1,8.4,East,597.39,0.3144,0.4482,2,No,0,0
CUST-000882,43,Male,Single,Bachelor,Salaried,31397.53,694.5,684.0,23.9,1,0,6487.1,36,7.89,0,1499.8,3020.72,Rent,0,11.7,East,1589.15,0.2654,0.3157,0,No,0,0
CUST-000883,54,Male,Married,High School,Salaried,24879.98,801.41,639.0,29.2,3,0,20640.17,24,7.52,3,1581.85,1771.83,Own,1,21.9,East,1392.75,0.3865,0.5957,2,No,0,0
CUST-000884,62,Male,Single,Associate,Salaried,35636.69,689.68,663.0,42.7,5,2,29106.53,24,10.06,3,7172.44,3883.13,Mortgage,0,,West,1282.5,0.2322,0.7061,3,No,0,0
CUST-000885,33,Male,Divorced,High School,Salaried,67498.8,1849.72,767.0,11.0,1,0,23288.99,36,5.39,0,26908.49,7140.5,Mortgage,1,10.7,West,1678.36,0.3288,0.2655,1,Yes,0,0
CUST-000886,53,Male,Single,High School,Retired,32501.92,1005.84,643.0,31.0,4,1,16833.27,72,8.31,4,,2085.15,Mortgage,0,14.3,North,350.0,0.3714,0.725,1,Yes,0,1
CUST-000887,62,Male,Married,Bachelor,Salaried,45859.89,1759.49,740.0,40.4,0,1,34515.99,12,6.95,2,3952.34,4733.09,Rent,2,16.0,North,1759.94,0.4604,0.5945,1,No,0,0
CUST-000888,46,Female,Single,High School,Salaried,54705.63,1058.1,726.0,26.4,5,0,9535.2,36,7.28,4,1068.34,835.57,Rent,0,10.7,North,1070.71,0.2321,0.3529,3,No,0,0
CUST-000889,61,Female,Single,Bachelor,Salaried,77855.51,1274.72,643.0,37.8,4,2,62617.62,60,7.79,1,3912.59,5688.08,Mortgage,0,29.6,South,2935.96,0.1965,0.3736,1,No,0,0
CUST-000890,61,Female,Single,High School,Retired,20881.41,224.89,691.0,39.4,0,3,8859.85,60,4.8,1,918.68,-446.27,Rent,2,22.3,North,985.47,0.1292,0.5469,0,No,0,0
CUST-000891,57,Male,Married,High School,,12124.82,255.12,688.0,37.8,1,2,66933.58,36,4.56,1,1684.27,756.34,Mortgage,2,3.1,East,549.45,0.2525,0.3786,0,No,0,0
CUST-000892,40,Female,Married,Bachelor,Salaried,108710.33,901.52,608.0,18.5,3,1,22969.75,60,13.21,2,10740.13,-2256.99,Rent,0,8.9,South,2059.09,0.0995,0.2059,0,Yes,1,1
CUST-000893,59,Male,Married,Bachelor,Salaried,49336.62,1186.27,657.0,39.2,3,1,14619.69,60,6.89,2,1226.93,5307.55,Mortgage,0,11.3,East,2025.92,0.2885,0.7957,1,Yes,0,0
CUST-000894,45,Female,Single,Master,Unemployed,13495.41,438.9,693.0,26.0,2,1,12186.89,60,6.18,3,34.71,1365.83,Mortgage,4,0.6,North,1026.57,0.3903,0.661,1,Yes,0,1
CUST-000895,49,Female,Single,Associate,Self-employed,98162.97,4063.39,682.0,29.6,1,1,8802.97,60,4.61,0,835.6,-3500.0,Mortgage,0,11.8,Central,2405.52,0.4967,0.408,3,No,0,0
CUST-000896,23,Female,Single,Associate,Unemployed,25892.38,443.94,706.0,1.5,4,1,10681.54,60,9.53,0,6679.28,972.0,Rent,0,0.2,North,1319.51,0.2057,0.5871,0,No,0,0
CUST-000897,42,Male,Married,High School,Salaried,39293.74,559.55,722.0,16.2,1,0,18132.87,60,6.69,1,13771.79,2064.55,Mortgage,1,8.5,North,2360.05,0.1709,0.2878,0,No,0,0
CUST-000898,48,Female,Married,Bachelor,Salaried,81257.12,2793.36,730.0,25.2,1,1,91312.36,60,5.03,1,740.63,7738.84,Mortgage,0,14.6,North,1433.88,0.4125,0.5219,2,No,0,0
CUST-000899,40,Male,Single,Associate,Self-employed,53568.94,1795.54,716.0,19.6,3,0,19967.39,36,5.12,2,3971.51,7211.68,Own,1,3.1,South,3469.61,0.4022,0.3133,0,No,0,0
CUST-000900,32,Male,Married,Bachelor,Salaried,72259.9,3595.96,677.0,7.8,4,2,18915.34,36,7.11,2,0.0,1659.91,Rent,1,4.8,West,3786.56,0.5972,0.1706,1,No,0,0
CUST-000901,51,Female,Single,High School,Salaried,40635.89,745.04,691.0,29.1,2,0,13954.86,12,4.62,3,4412.14,-379.61,Rent,1,21.8,South,1571.83,0.22,0.5167,2,Yes,0,0
CUST-000902,43,Male,Married,Bachelor,Self-employed,168236.94,2048.49,775.0,18.6,3,0,3848.79,36,4.83,0,5870.58,12824.79,Own,1,17.4,South,5405.94,0.1461,0.6817,1,No,0,0
CUST-000903,54,Male,Single,Doctorate,Contract,189782.08,785.19,755.0,33.1,9,1,21619.35,24,5.56,0,85616.06,9276.54,Mortgage,0,14.0,Central,6375.95,0.0496,0.6592,0,No,0,0
CUST-000904,73,Male,Single,Associate,Salaried,79680.79,1653.26,774.0,50.0,0,0,21338.5,84,2.5,2,23817.71,2446.24,Mortgage,1,23.8,South,3666.17,0.249,0.2539,0,No,0,0
CUST-000905,44,Female,Divorced,Bachelor,Contract,40813.07,973.0,658.0,22.7,5,0,17167.54,72,8.22,3,,6541.84,Own,2,9.5,West,3108.06,0.2861,0.6248,1,Yes,0,0
CUST-000906,29,Male,Single,Associate,Salaried,47063.62,1363.76,645.0,10.6,4,0,13979.68,60,5.81,2,2251.01,-409.09,Mortgage,0,1.4,West,1705.82,0.3477,0.4808,3,No,0,0
CUST-000907,54,Male,Single,High School,Self-employed,64722.01,1579.44,567.0,28.2,3,2,14522.48,60,14.08,1,0.0,-3500.0,Rent,0,12.3,Central,1681.74,0.2928,0.4766,0,No,1,1
CUST-000908,25,Female,Single,High School,Retired,28697.52,305.84,691.0,5.2,1,0,20367.46,48,6.45,1,427.41,1055.59,Rent,0,4.7,East,575.24,0.1279,0.5914,0,No,0,0
CUST-000909,59,Female,Single,Master,Contract,39266.43,780.09,669.0,33.7,3,0,15233.63,60,8.17,3,2957.84,3968.47,Mortgage,0,14.0,South,1113.65,0.2384,0.3244,0,No,0,0
CUST-000910,36,Male,Single,Master,Salaried,54914.39,1880.53,624.0,16.4,2,1,18648.89,36,15.43,2,7109.0,209.47,Mortgage,0,,North,3077.89,0.4109,0.3459,1,No,0,0
CUST-000911,43,Female,Single,Bachelor,Salaried,48881.04,1032.86,784.0,21.7,5,0,9772.6,36,2.62,3,6191.82,6636.66,Own,0,8.6,South,1508.18,0.2536,0.8921,2,No,0,0
CUST-000912,48,Female,Divorced,Master,Salaried,89812.14,2136.11,741.0,29.0,5,1,92122.17,60,6.23,4,35195.75,12719.68,Rent,2,5.3,North,2934.29,0.2854,0.57,1,Yes,0,0
CUST-000913,43,Female,Single,High School,Contract,35634.79,653.16,695.0,23.9,2,2,15428.12,36,5.4,3,1972.19,1400.03,Mortgage,0,7.8,West,1194.72,0.22,0.3322,3,No,0,0
CUST-000914,42,Female,Married,High School,Salaried,35249.21,570.89,660.0,20.5,1,1,23899.66,48,7.62,2,4750.36,4265.77,Rent,3,16.1,West,2371.54,0.1943,0.6454,3,No,0,0
CUST-000915,39,Male,Married,Bachelor,Salaried,98683.71,3504.39,815.0,18.8,2,0,41337.69,36,3.83,1,11629.53,177.82,Rent,1,11.6,East,4020.29,0.4261,0.4612,1,No,0,0
CUST-000916,37,Female,Married,High School,Salaried,26117.9,1522.04,686.0,15.5,2,1,6647.94,60,4.67,1,1314.26,2446.85,Mortgage,3,11.1,East,1768.25,0.6993,0.4422,0,Yes,0,0
CUST-000917,41,Male,Divorced,High School,Unemployed,7000.0,390.56,686.0,18.9,4,2,14679.49,24,6.31,2,0.0,-256.04,Other,2,2.3,North,574.68,0.6695,0.3054,1,No,1,0
CUST-000918,38,Male,Widowed,Bachelor,Self-employed,28249.62,574.8,725.0,17.3,2,1,12739.09,36,4.55,0,6612.92,1307.17,Mortgage,1,8.3,North,1089.74,0.2442,0.4705,2,No,0,0
CUST-000919,38,Female,Single,High School,Salaried,68192.74,3697.25,685.0,10.9,7,2,15678.47,36,7.38,3,16189.45,-3500.0,Mortgage,0,4.6,East,1174.72,0.6506,0.7281,1,Yes,0,0
CUST-000920,50,Female,Married,High School,Salaried,47041.95,543.87,626.0,29.5,1,2,9684.36,60,5.03,1,3239.09,8502.96,Mortgage,1,7.8,West,2433.75,0.1387,0.5601,0,No,0,0
CUST-000921,53,Male,Divorced,Associate,Salaried,76621.51,2446.62,645.0,29.0,1,1,4436.13,48,11.61,1,480.68,7338.11,Rent,0,16.1,East,3115.25,0.3832,0.5289,1,No,0,0
CUST-000922,66,Female,Widowed,Bachelor,Contract,25274.18,1271.47,764.0,44.8,4,0,6154.72,60,2.5,1,1514.2,356.15,Rent,0,13.0,North,709.31,0.6037,0.1196,1,No,0,0
CUST-000923,39,Male,Single,Associate,Salaried,27327.11,688.78,734.0,18.9,2,1,15117.49,48,6.6,0,872.06,1321.46,Mortgage,1,8.4,East,1169.26,0.3025,,0,No,0,0
CUST-000924,46,Female,Married,High School,Contract,26174.45,254.82,681.0,25.9,2,2,19027.5,36,7.71,0,9319.48,1769.91,Rent,1,8.0,East,1118.97,0.1168,0.4983,2,No,0,0
CUST-000925,46,Male,Married,Bachelor,Contract,66726.0,1504.3,,22.1,3,0,53296.71,36,4.36,2,,3735.72,Mortgage,0,4.1,South,1304.03,0.2705,0.3809,1,No,0,0
CUST-000926,47,Female,Single,Bachelor,Self-employed,41352.28,726.66,731.0,28.2,3,1,10409.2,60,6.0,2,5282.74,1858.44,Mortgage,1,18.8,West,1274.46,0.2109,0.5233,3,No,0,0
CUST-000927,67,Male,Divorced,High School,Unemployed,18395.02,180.7,666.0,47.3,7,2,17151.32,48,5.26,0,0.0,922.09,Mortgage,2,4.2,Central,1025.61,0.1179,0.7172,0,No,0,1
CUST-000928,40,Male,Married,Bachelor,Contract,63646.95,1732.96,699.0,16.8,2,1,65264.71,48,6.26,2,10307.52,8632.75,Rent,3,7.5,West,1125.77,0.3267,0.3092,1,No,1,0
CUST-000929,50,Male,Divorced,Bachelor,Self-employed,87954.83,1735.85,499.0,30.6,1,4,8518.57,36,16.2,0,24452.61,-3500.0,Rent,1,15.8,North,4661.31,0.2368,1.0259,1,No,1,1
CUST-000930,45,Female,Married,Master,Salaried,119724.58,3242.92,712.0,20.4,9,0,35426.5,36,7.88,1,16607.61,-2839.53,Mortgage,3,21.7,West,7136.52,0.325,0.5644,0,No,0,0
CUST-000931,34,Female,Married,Bachelor,Self-employed,48901.89,778.72,648.0,15.3,2,1,12117.39,36,5.04,1,1329.89,5282.65,Own,1,11.5,Central,2272.77,0.1911,0.5363,0,No,0,0
CUST-000932,35,Male,Married,Master,Self-employed,96853.99,1907.03,662.0,5.4,5,0,14720.62,60,9.14,2,12456.58,1199.9,Rent,0,7.8,East,2122.9,0.2363,0.585,1,No,0,1
CUST-000933,59,Female,Married,Bachelor,Salaried,69523.97,2262.44,710.0,40.2,7,1,14470.43,12,2.5,1,3253.0,1687.52,Mortgage,3,9.1,North,2682.41,0.3905,0.6947,3,No,0,0
CUST-000934,42,Male,Married,Bachelor,Salaried,85823.64,2889.06,699.0,14.3,2,0,25206.47,36,5.2,0,44012.24,-3500.0,Rent,1,3.7,West,3294.61,0.404,0.4005,0,No,0,0
CUST-000935,41,Male,Married,Bachelor,Salaried,84886.53,2284.72,741.0,21.2,5,0,50738.42,60,3.75,1,6152.61,13772.99,Mortgage,1,9.1,North,1255.88,0.323,,1,No,0,0
CUST-000936,18,Male,Divorced,High School,Salaried,80080.9,3125.84,744.0,0.0,4,0,13976.45,84,2.73,1,13569.34,3940.84,Rent,1,0.0,South,3305.52,0.4684,0.3706,0,No,0,0
CUST-000937,51,Male,Single,High School,Salaried,16159.52,556.03,631.0,30.3,4,1,41577.55,60,9.92,1,10061.28,955.61,Rent,0,2.6,Central,1138.7,0.4129,0.4757,1,No,0,1
CUST-000938,59,Male,Single,Master,Salaried,34512.09,1301.43,649.0,36.2,4,0,10585.03,60,9.49,2,23450.87,2479.67,Mortgage,1,9.4,South,1627.07,0.4525,0.7604,1,No,1,0
CUST-000939,62,Male,Married,Associate,Salaried,43262.3,1583.95,723.0,29.7,1,0,19043.61,60,6.17,0,13082.14,3728.12,Mortgage,0,37.0,North,1254.38,0.4394,0.5768,1,No,0,0
CUST-000940,22,Female,Single,High School,Self-employed,68856.47,4685.38,,3.6,1,1,13609.18,84,4.22,5,11353.73,11196.89,Own,0,0.7,East,4667.72,0.8165,0.3669,1,No,0,0
CUST-000941,46,Male,Single,Bachelor,Salaried,86745.31,3090.09,704.0,25.3,4,0,12924.24,60,5.41,3,7956.82,2203.1,Rent,1,23.1,West,5122.43,0.4275,0.2607,0,No,0,0
CUST-000942,50,Female,Married,Bachelor,Salaried,160258.18,3244.95,729.0,29.2,4,1,65503.14,60,3.04,2,67413.86,17769.44,Mortgage,2,12.0,South,7144.33,0.243,0.5157,0,Yes,0,0
CUST-000943,44,Female,Married,Bachelor,Self-employed,116817.84,3445.85,774.0,18.0,1,1,22160.67,48,3.79,1,11248.05,-3500.0,Own,0,15.5,East,3826.94,0.354,0.3922,2,No,0,0
CUST-000944,47,Male,Single,High School,Salaried,48631.63,887.52,657.0,21.0,6,2,13740.0,36,5.0,2,2290.13,-1994.48,Own,0,3.5,West,1871.05,0.219,0.6379,2,No,0,0
CUST-000945,42,Female,Married,Bachelor,Salaried,52446.41,1195.35,692.0,21.0,4,0,12706.49,36,10.73,1,13274.42,237.83,Rent,3,20.4,East,3247.14,0.2735,0.621,0,No,0,0
CUST-000946,43,Female,Single,Associate,Contract,86860.18,1657.88,803.0,18.3,4,0,10843.39,60,2.94,2,5332.52,4676.3,Rent,1,18.7,West,2632.12,0.229,0.4103,1,No,0,0
CUST-000947,54,Female,Married,Associate,Self-employed,134822.63,1774.55,621.0,34.4,6,1,15466.43,36,7.48,2,14281.44,,Rent,1,7.5,South,2236.84,0.1579,0.6818,2,No,0,0
CUST-000948,29,Female,Married,Bachelor,Retired,166273.48,7088.53,789.0,7.0,3,0,39603.68,36,2.5,3,40966.37,23396.65,Rent,2,4.8,North,10552.52,0.5116,0.4509,1,No,0,0
CUST-000949,64,Female,Married,Master,Salaried,,1448.46,671.0,44.2,1,0,9764.69,48,5.28,0,6659.95,956.51,Mortgage,1,15.5,East,7706.91,0.1673,0.5538,1,No,0,0
CUST-000950,36,Male,Married,Associate,Unemployed,13380.0,375.69,728.0,12.9,5,2,21439.83,24,3.46,1,2695.1,1782.23,Own,3,1.6,Central,835.77,0.3369,0.9633,2,Yes,0,0
CUST-000951,31,Female,Married,Doctorate,Salaried,,1177.37,,11.4,2,5,9889.25,72,13.81,0,,10986.55,Rent,0,10.3,East,4269.45,0.149,0.7051,2,Yes,1,1
CUST-000952,45,Male,Single,High School,Unemployed,11658.43,330.87,686.0,25.1,1,0,13761.83,60,10.43,3,1277.93,909.89,Rent,0,0.9,West,350.0,0.3406,0.5712,0,No,0,0
CUST-000953,51,Female,Married,Bachelor,Contract,32128.36,382.79,689.0,31.1,3,0,73012.6,36,5.78,2,2331.77,1669.76,Mortgage,3,5.8,North,1424.07,0.143,0.6513,2,No,0,0
CUST-000954,29,Male,Married,Associate,Salaried,141667.65,3340.06,746.0,2.4,2,0,38808.68,48,4.25,3,11308.46,7611.47,Mortgage,0,7.2,South,4961.87,0.2829,0.7153,2,No,0,0
CUST-000955,38,Male,Divorced,High School,Salaried,29949.19,1157.37,606.0,19.9,2,2,8202.5,48,12.33,3,0.0,675.52,Rent,2,1.6,South,485.26,0.4637,0.317,1,No,1,0
CUST-000956,24,Male,Single,Bachelor,Contract,124199.67,1736.11,671.0,0.0,3,1,24967.89,36,9.14,0,53795.58,-1157.51,Mortgage,0,2.2,South,3743.14,0.1677,0.6163,1,No,0,0
CUST-000957,50,Female,Single,Bachelor,Salaried,44633.08,1860.74,683.0,29.2,0,2,17589.32,36,7.79,3,6099.99,6435.27,Rent,1,8.0,West,1731.45,0.5003,0.6475,3,No,0,1
CUST-000958,50,Male,Single,Bachelor,Salaried,60660.53,2159.03,758.0,24.1,4,0,14081.07,24,3.47,0,5741.47,3393.09,Mortgage,1,22.3,North,2681.65,0.4271,0.4695,0,No,0,0
CUST-000959,49,Male,Single,Master,Unemployed,22756.39,1351.71,724.0,21.7,4,1,63270.17,36,5.32,4,39.78,1928.49,Mortgage,1,3.1,North,1266.51,0.7128,0.8952,0,No,0,1
CUST-000960,48,Male,Single,Associate,Salaried,121685.98,2176.86,705.0,17.2,4,0,37261.73,60,9.86,1,32511.69,8043.84,Own,0,11.5,West,3933.87,0.2147,0.9043,0,No,0,0
CUST-000961,46,Male,Married,High School,Contract,48124.42,2313.94,756.0,27.0,3,0,13069.83,48,5.04,0,2002.66,-2852.51,Rent,2,10.5,South,1374.99,0.577,0.5922,2,No,0,0
CUST-000962,47,Male,Single,,Salaried,62701.19,2422.79,624.0,20.7,3,4,25083.08,24,9.22,2,1357.25,-3500.0,Rent,0,11.2,West,3272.2,0.4637,0.5644,0,No,0,0
CUST-000963,41,Female,Single,Bachelor,,85866.93,1411.85,646.0,16.4,4,1,20153.46,36,5.47,1,3376.41,8667.26,Rent,2,3.1,North,4636.97,0.1973,0.3979,1,Yes,0,0
CUST-000964,49,Male,Single,High School,Salaried,39358.2,1630.37,589.0,29.4,2,2,6621.52,12,12.58,2,4148.76,4526.12,Rent,0,10.8,West,868.0,0.4971,0.8884,1,No,1,1
CUST-000965,27,Female,Married,Associate,Contract,42654.9,1350.05,,0.0,3,0,18151.27,36,3.85,3,24286.05,6432.12,Rent,2,7.1,Central,3046.85,0.3798,0.4504,1,No,0,0
CUST-000966,37,Female,Divorced,Bachelor,Salaried,42382.9,1842.22,666.0,17.8,2,2,36768.7,36,9.19,3,7440.92,4035.45,Own,0,6.8,West,371.02,0.5216,0.7342,2,No,0,1
CUST-000967,33,Female,Single,Associate,Unemployed,18584.79,557.21,731.0,12.2,3,0,19911.09,12,7.3,1,1523.75,497.8,Own,0,0.8,South,476.18,0.3598,0.5856,0,No,0,0
CUST-000968,43,Female,Single,Bachelor,Self-employed,48533.18,1398.33,769.0,23.8,4,0,20273.81,60,7.53,2,5341.44,556.37,Rent,1,3.9,Central,1649.93,0.3457,0.7869,0,No,0,0
CUST-000969,35,Male,Married,Bachelor,Self-employed,63623.48,806.6,644.0,10.0,4,1,18248.52,60,8.2,2,7245.17,8963.95,Rent,0,11.6,South,4494.83,0.1521,0.2714,3,No,0,0
CUST-000970,43,Male,Married,Master,Salaried,31527.07,721.02,700.0,20.3,5,0,6275.37,48,6.41,1,2985.04,589.39,Rent,4,16.1,Central,1203.78,0.2744,0.7421,1,No,0,0
CUST-000971,29,Male,Widowed,Bachelor,Self-employed,152855.14,8081.09,737.0,10.5,3,0,48186.17,24,6.35,4,5734.22,11080.69,Rent,2,3.3,South,3114.08,0.6344,0.2882,3,Yes,0,0
CUST-000972,42,Female,Single,Doctorate,Self-employed,57377.23,837.13,753.0,14.1,5,1,26477.5,24,2.5,3,,419.57,Mortgage,1,8.3,North,1624.16,0.1751,0.7106,0,No,0,0
CUST-000973,44,Female,Married,Master,Salaried,76205.25,184.59,729.0,25.4,3,1,17874.86,24,5.9,1,560.57,6953.27,Mortgage,2,8.5,Central,2526.4,0.0291,0.4689,0,No,0,0
CUST-000974,38,Female,Divorced,Associate,Salaried,36212.29,505.92,671.0,17.7,1,1,19332.35,36,7.29,2,12723.36,1941.02,Own,0,4.0,West,1283.51,0.1677,,1,Yes,0,0
CUST-000975,43,Female,Married,High School,Salaried,49606.5,678.89,756.0,18.0,1,1,39767.83,60,5.24,0,1835.43,4728.58,Rent,1,7.2,South,1811.17,0.1642,0.137,2,No,0,0
CUST-000976,27,Female,Married,Master,Salaried,136836.06,2677.93,648.0,8.3,6,1,3617.12,36,11.16,2,6037.63,6142.84,Rent,2,8.5,Central,4337.36,0.2348,0.4135,2,No,0,0
CUST-000977,50,Female,Single,Associate,Retired,36544.47,1265.56,693.0,26.8,6,1,26111.69,48,7.98,2,,-1496.64,Rent,0,5.8,South,799.38,0.4156,0.5806,0,No,0,1
CUST-000978,47,Female,Divorced,Bachelor,Contract,39526.48,913.95,754.0,25.1,5,0,18194.44,36,4.41,1,4299.61,2745.12,Mortgage,0,26.5,South,2437.05,0.2775,0.5444,2,No,0,0
CUST-000979,38,Male,Single,Bachelor,Unemployed,19341.13,409.79,677.0,12.4,3,0,20448.24,36,4.47,0,6878.38,1077.43,Mortgage,1,0.5,Central,809.81,0.2542,0.102,1,No,0,0
CUST-000980,50,Male,Divorced,High School,Salaried,37083.6,1033.05,699.0,24.8,2,0,4923.35,60,7.51,0,1922.99,-313.16,Mortgage,0,10.2,West,735.98,0.3343,0.773,0,No,0,0
CUST-000981,33,Male,Single,High School,Unemployed,21013.9,641.66,614.0,12.4,0,3,28730.1,36,7.11,2,530.32,2827.55,Rent,1,0.4,South,350.0,0.3664,0.5398,1,No,0,1
CUST-000982,41,Male,Single,Associate,Salaried,38034.77,418.65,622.0,21.0,0,1,19397.37,60,7.87,1,2994.19,-158.96,Mortgage,2,13.2,South,2390.66,0.1321,0.6611,0,No,0,0
CUST-000983,41,Female,Married,High School,Salaried,,225.23,753.0,22.4,3,1,22079.19,36,5.51,0,3569.77,9120.0,Rent,1,11.7,North,1027.22,0.0648,0.2614,1,Yes,0,0
CUST-000984,43,Female,Single,Bachelor,Salaried,44806.26,854.6,706.0,18.7,5,0,8528.48,24,8.78,1,5109.12,1483.25,Own,2,10.5,Central,3041.56,0.2289,0.4857,1,No,0,0
CUST-000985,25,Female,Single,Master,Salaried,80365.06,1962.02,740.0,0.3,7,1,26272.95,48,6.82,3,28940.74,-29.46,Other,2,2.5,Central,3865.26,0.293,0.2875,3,No,0,0
CUST-000986,34,Male,Married,Bachelor,Salaried,75689.52,1348.02,729.0,12.3,3,1,20499.37,48,2.5,1,6462.23,6890.84,Mortgage,3,6.1,West,1343.07,0.2137,0.5215,1,No,0,0
CUST-000987,40,Male,Widowed,High School,Self-employed,29453.72,350.44,728.0,17.2,5,1,11647.73,36,6.09,1,1633.26,938.23,Mortgage,1,10.8,East,1436.9,0.1428,0.4672,2,No,0,0
CUST-000988,43,Male,Single,High School,Self-employed,35559.26,506.11,548.0,20.9,3,5,19669.03,72,12.37,2,0.0,-576.46,Own,0,11.9,West,1368.52,0.1708,1.1746,3,No,1,1
CUST-000989,28,Male,Married,Master,Salaried,40833.86,1016.03,721.0,5.8,3,0,39912.32,60,2.67,1,1384.9,315.15,Rent,1,5.6,West,975.34,0.2986,0.2039,1,No,0,0
CUST-000990,38,Female,Single,Associate,Contract,44351.6,2026.84,751.0,15.8,1,0,27607.62,60,3.42,2,2096.18,5934.35,Mortgage,0,11.5,West,1597.74,0.5484,0.4745,1,No,0,0
CUST-000991,45,Male,Married,Associate,Salaried,52496.14,1217.5,720.0,26.2,2,2,19515.4,12,3.56,4,10596.02,-1070.92,Rent,2,11.2,East,3327.67,0.2783,0.5942,3,No,0,0
CUST-000992,35,Female,Married,Bachelor,Salaried,43297.38,2055.67,693.0,13.8,5,1,14810.53,60,5.18,3,9023.69,-3500.0,Rent,2,9.1,East,2331.8,0.5697,0.2757,0,No,0,1
CUST-000993,51,Male,Single,High School,Retired,12548.85,411.57,694.0,26.9,0,0,11052.43,36,8.71,3,865.76,-318.95,Own,1,8.6,West,460.22,0.3936,0.8476,1,No,0,0
CUST-000994,66,Male,Single,High School,Unemployed,9646.22,742.71,652.0,45.7,1,3,32609.49,36,6.22,4,0.0,472.1,Mortgage,0,4.3,East,350.0,0.9239,,0,No,0,1
CUST-000995,49,Female,Single,High School,Salaried,30665.79,971.82,,27.1,4,1,7681.94,60,2.5,3,2448.36,4486.02,Rent,0,6.4,West,1277.05,0.3803,0.8125,1,No,0,1
CUST-000996,38,Female,Married,High School,Salaried,50341.72,1411.08,,16.6,2,3,22181.36,36,7.8,2,8963.7,7320.33,Rent,2,11.1,South,1795.98,0.3364,0.3929,1,No,0,0
CUST-000997,73,Male,Single,Bachelor,Self-employed,71709.06,1951.2,713.0,50.0,4,0,11926.69,60,4.72,2,15394.3,4887.72,Own,1,10.0,West,2171.92,0.3265,0.3931,2,No,0,0
CUST-000998,18,Female,Married,Bachelor,Salaried,63397.09,967.29,673.0,0.0,4,1,17678.04,24,5.74,3,10125.19,4798.51,Mortgage,1,0.0,North,1962.4,0.1831,0.4454,1,Yes,0,0
CUST-000999,42,Male,Divorced,Master,Contract,62155.14,1348.45,777.0,19.5,2,0,27119.42,84,2.5,1,16411.24,9386.1,Rent,0,13.4,West,3627.8,0.2603,0.2736,1,No,0,0
CUST-001000,40,Male,Married,Bachelor,Salaried,50678.36,1053.1,801.0,20.4,3,0,111200.81,36,2.5,2,16679.2,-577.77,Mortgage,1,13.4,East,1379.53,0.2494,0.3855,2,Yes,0,0
CUST-001001,28,Female,Married,Master,Salaried,147135.67,7181.62,646.0,6.6,2,2,28233.69,24,11.71,1,55060.1,7329.34,Own,1,8.0,West,7557.8,0.1372,0.2008,1,No,0,0
CUST-001002,40,Female,Married,High School,Salaried,84477.71,2798.46,716.0,18.4,2,1,5678.39,24,4.64,0,3938.07,2350.42,Rent,0,8.3,Central,6287.34,0.3975,0.8571,3,No,0,0
CUST-001003,34,Female,Single,Bachelor,Salaried,44837.51,2279.28,696.0,13.1,2,0,9877.78,36,7.12,0,7180.25,1879.8,Mortgage,0,2.8,North,1239.18,0.61,0.7464,1,Yes,0,0
CUST-001004,33,Female,Single,High School,Self-employed,53727.1,871.03,714.0,12.9,5,0,37003.8,12,4.22,1,13431.22,157.65,Rent,1,3.9,South,2056.05,0.1945,,1,No,0,0
CUST-001005,37,Female,Single,High School,Contract,44803.29,818.78,665.0,11.3,5,1,8240.1,36,3.59,2,8034.15,3859.93,Rent,1,1.0,East,2510.83,0.2193,0.3537,1,Yes,0,0
CUST-001006,22,Male,Married,Master,Salaried,71026.14,1144.99,723.0,1.4,7,1,29351.63,72,9.78,2,9524.05,3010.76,Mortgage,2,0.4,South,3403.07,0.1934,0.3209,0,No,0,0
CUST-001007,45,Female,Married,Master,Salaried,88371.68,2127.77,772.0,25.9,1,0,138808.7,24,5.14,2,2724.04,5012.97,Mortgage,2,9.0,North,2713.56,0.2889,0.4156,1,No,0,0
CUST-001008,44,Male,Single,Associate,Salaried,37994.37,440.85,702.0,22.6,3,2,51467.07,60,4.62,1,2484.64,22.29,Own,0,7.4,South,1315.05,0.1392,0.9156,1,No,0,0
CUST-001009,28,Male,Married,High School,Salaried,58539.98,2516.67,740.0,5.9,2,0,24979.77,60,6.51,1,16689.51,5669.98,Rent,1,3.0,West,3644.73,0.5159,0.3367,0,No,0,0
CUST-001010,32,Male,Divorced,High School,Contract,34855.37,1276.59,675.0,13.4,5,1,13918.54,24,11.67,3,8985.83,1106.61,Mortgage,1,2.2,East,1320.18,0.4395,0.6292,3,No,1,0
CUST-001011,40,Male,Married,Associate,Salaried,56734.22,2715.45,681.0,18.1,6,3,15394.12,84,5.11,1,1830.86,2695.14,Mortgage,2,11.9,Central,3062.41,0.5744,0.2818,1,No,0,0
CUST-001012,48,Male,Married,Master,Salaried,48385.86,1937.41,643.0,23.2,1,0,25973.35,48,4.63,2,1757.17,,Own,3,10.0,North,2851.71,0.4805,0.8293,1,No,0,1
CUST-001013,33,Female,Married,Associate,Self-employed,54003.63,1317.66,707.0,8.3,2,2,16963.58,36,7.13,1,3238.6,1263.09,Mortgage,2,3.5,East,1724.45,0.2928,0.4712,1,No,0,0
CUST-001014,57,Male,Single,High School,Unemployed,17564.65,391.16,685.0,31.3,2,2,32491.26,72,6.83,2,0.0,1219.32,Own,0,3.0,East,663.13,0.2672,0.8923,0,No,0,0
CUST-001015,27,Female,Married,Associate,Salaried,120040.66,3442.69,685.0,4.7,0,1,10620.26,48,9.94,1,14838.64,-3500.0,Rent,0,4.3,Central,5091.95,0.3442,0.6851,0,No,0,0
CUST-001016,64,Female,Married,Associate,Salaried,145814.68,1295.52,814.0,45.3,4,1,27411.67,24,2.5,2,3865.87,4830.37,Mortgage,0,9.4,South,4626.34,0.1066,0.7205,0,No,0,0
CUST-001017,43,Male,Married,High School,Salaried,149318.91,1472.57,690.0,21.2,1,0,7160.65,36,7.54,1,34170.76,12098.2,Rent,1,9.4,Central,6552.41,0.1183,0.6655,0,No,1,1
CUST-001018,47,Male,Married,High School,Contract,56691.95,2885.32,747.0,26.5,2,0,17931.2,60,2.92,0,7475.16,5395.8,Own,0,19.0,Central,2022.69,0.6107,0.5102,0,Yes,0,0
CUST-001019,34,Female,Married,Master,Self-employed,45009.19,1318.84,745.0,13.4,3,0,7298.05,36,5.71,0,4362.97,,Rent,3,2.7,North,2546.02,0.3516,0.5873,0,No,0,0
CUST-001020,37,Male,Single,Bachelor,Salaried,,4132.66,685.0,17.2,0,0,9624.01,84,5.76,2,4415.07,10339.51,Rent,0,11.5,Central,6700.97,0.3898,0.4333,1,No,0,0
CUST-001021,44,Non-binary,Divorced,High School,Self-employed,46746.91,1098.36,719.0,20.4,8,0,38097.28,48,11.05,2,625.35,5936.04,Own,0,6.3,South,1842.03,0.2819,0.5542,0,No,0,0
CUST-001022,25,Female,Married,Bachelor,Contract,48076.79,2019.24,690.0,0.0,6,1,5738.69,60,6.76,1,913.44,-3500.0,Rent,2,4.7,South,2720.16,0.504,0.2578,0,No,0,0
CUST-001023,28,Female,Single,Bachelor,Salaried,60179.41,2837.61,769.0,9.7,6,1,23328.81,36,3.66,0,4881.82,-3479.08,Rent,0,8.2,Central,1790.88,0.5658,0.2649,2,No,0,0
CUST-001024,30,Male,Single,Master,Salaried,83660.83,895.08,711.0,10.6,3,0,33659.25,48,5.32,1,19386.57,2922.58,Rent,0,6.7,West,2949.79,0.1284,0.5228,0,No,0,1
CUST-001025,26,Male,Married,High School,Salaried,28655.17,532.86,718.0,0.0,4,0,19720.99,72,6.3,1,1568.27,-4.92,Mortgage,0,5.5,South,754.01,0.2231,0.2828,0,No,0,0
CUST-001026,41,Female,Married,Master,Salaried,75104.97,2726.13,697.0,19.2,2,0,15506.21,36,6.4,6,3069.62,9796.36,Mortgage,1,9.5,West,3952.94,0.4356,0.2896,2,Yes,0,1
CUST-001027,19,Male,Single,High School,Unemployed,15953.13,1143.4,698.0,0.0,1,2,10623.84,60,8.0,4,1992.49,1333.19,Mortgage,0,0.0,North,672.83,0.8601,0.5369,4,No,0,0
CUST-001028,45,Male,Married,High School,Salaried,30663.21,993.22,704.0,16.6,2,1,22795.8,36,6.21,4,8948.06,302.58,Rent,3,9.1,East,2003.1,0.3887,0.0949,0,No,0,0
CUST-001029,40,Female,Divorced,High School,Salaried,26139.05,1042.33,638.0,17.1,5,1,42214.18,60,8.26,2,2558.37,,Mortgage,0,6.4,Central,819.57,0.4785,0.756,1,No,0,0
CUST-001030,48,Male,Single,Master,Salaried,48878.91,2751.93,688.0,19.8,5,1,11426.42,24,7.26,0,8719.49,,Mortgage,0,8.0,Central,1949.64,0.6756,0.6453,0,No,0,0
CUST-001031,46,Male,Married,Bachelor,Salaried,40724.67,1346.25,675.0,26.2,6,1,24947.34,60,9.52,4,245.6,2917.54,Rent,1,7.4,Central,996.78,0.3967,0.1432,2,No,0,0
CUST-001032,51,Male,Married,Master,Contract,56875.0,2911.21,678.0,30.4,4,1,10947.04,36,2.83,0,1304.6,-3500.0,Rent,1,2.0,South,2909.07,0.6142,0.7979,2,No,0,1
CUST-001033,47,Female,Married,Bachelor,Salaried,43684.65,606.85,756.0,20.2,0,1,17298.22,36,5.58,1,23173.93,1578.55,Own,0,8.1,West,2675.9,0.1667,0.7108,2,Yes,0,0
CUST-001034,35,Female,Single,High School,Self-employed,25048.34,469.15,690.0,10.6,3,0,8102.99,12,10.07,0,1922.74,2478.56,Rent,0,8.6,West,1156.59,0.2248,0.3152,1,No,0,0
CUST-001035,50,Female,Married,Associate,Contract,46991.22,958.4,699.0,28.6,3,0,88021.3,12,6.12,0,7592.81,-3394.76,Rent,2,20.5,East,1653.75,0.2447,0.2531,0,Yes,0,0
CUST-001036,53,Male,Single,Bachelor,,38058.74,2704.7,680.0,27.8,3,2,5238.08,60,7.5,2,4144.86,-3379.94,Own,2,4.0,East,1523.17,0.8528,0.8965,1,No,0,1
CUST-001037,48,Female,Single,Master,Salaried,38951.5,356.72,744.0,27.2,6,0,28013.09,36,5.48,2,11880.8,-170.53,Rent,0,15.4,West,1067.77,0.1099,0.3138,1,No,0,0
CUST-001038,28,Female,Married,High School,Salaried,16805.74,569.41,718.0,7.7,1,1,11326.88,12,4.79,1,409.84,3.78,Rent,1,3.8,West,350.0,0.4066,0.9073,1,No,0,0
CUST-001039,36,Male,Married,Bachelor,Salaried,105407.72,776.4,722.0,15.4,4,1,7137.48,48,7.79,0,25284.62,3358.64,Other,2,7.6,South,5612.44,0.0884,0.6398,1,Yes,0,0
CUST-001040,57,Male,Single,Associate,Contract,42848.85,872.53,630.0,37.5,5,2,8102.08,36,8.78,1,,5584.58,Mortgage,0,5.1,South,1611.58,0.2444,0.3957,2,No,0,0
CUST-001041,45,Female,Married,Master,Contract,45990.9,1544.35,689.0,22.8,2,1,100220.7,36,8.53,0,1518.8,2826.8,Mortgage,0,2.0,North,1261.73,0.403,0.7506,1,No,0,0
CUST-001042,22,Male,Single,Associate,Self-employed,62215.06,914.76,730.0,3.0,4,1,109653.33,12,3.19,2,23639.69,4491.0,Mortgage,0,0.5,South,4362.61,0.1764,0.7661,4,No,0,0
CUST-001043,39,Female,Widowed,Associate,Retired,49385.41,811.53,684.0,17.2,3,0,37227.29,36,7.64,0,4959.39,2556.85,Rent,0,8.9,West,2054.74,0.1972,0.2354,3,Yes,0,0
CUST-001044,43,Male,Married,High School,Salaried,46826.49,855.39,697.0,22.6,6,0,38457.49,84,7.86,2,7070.84,3545.81,Rent,3,16.7,South,1555.41,0.2192,0.248,2,No,0,0
CUST-001045,36,Male,Married,High School,Retired,24166.25,317.85,740.0,15.8,5,0,20050.84,24,6.31,1,782.99,4515.91,Rent,2,1.2,East,651.99,0.1578,0.2319,0,No,0,0
CUST-001046,47,Male,Married,Bachelor,Contract,113937.52,1597.74,630.0,20.8,3,2,49788.65,60,8.84,1,9689.78,1625.12,Rent,1,21.4,Central,6838.88,0.1683,0.7671,0,Yes,0,0
CUST-001047,22,Female,Married,High School,Retired,,807.57,669.0,0.4,1,1,15676.89,60,10.21,3,4048.65,1543.64,Rent,0,2.1,North,723.5,0.5186,0.4605,0,No,0,0
CUST-001048,43,Male,Married,Bachelor,Salaried,123795.15,7693.04,696.0,15.6,2,0,9578.74,36,7.9,2,1726.63,8006.79,Mortgage,0,7.1,Central,6146.56,0.7457,0.4356,0,No,0,1
CUST-001049,34,Female,Single,Doctorate,Salaried,36620.07,250.59,682.0,14.1,4,0,47578.98,48,9.51,0,17586.53,3020.54,Own,0,2.4,West,1962.93,0.0821,0.4359,0,Yes,0,0
CUST-001050,34,Female,Single,Bachelor,Contract,48823.48,1442.63,695.0,15.7,2,0,26729.91,24,4.71,0,3801.48,1782.88,Rent,0,6.3,West,1674.33,0.3546,0.6272,1,No,0,0
CUST-001051,45,Female,Married,Associate,Salaried,43105.17,590.19,729.0,23.4,1,0,69988.26,36,3.41,1,6592.8,2152.36,Rent,5,19.6,Central,2186.39,0.1643,0.7795,2,No,0,0
CUST-001052,26,Female,Married,Bachelor,Salaried,35043.56,1355.1,675.0,5.9,3,0,32841.83,24,8.16,4,4488.87,365.78,Own,0,3.5,West,640.87,0.464,0.2169,0,No,0,0
CUST-001053,43,Male,Single,Master,Salaried,81511.93,320.35,796.0,19.1,1,1,51753.88,24,4.88,4,8137.25,-968.13,Mortgage,0,7.2,South,4897.86,0.0472,0.6571,1,No,0,0
CUST-001054,48,Female,Married,Associate,Contract,45602.86,1794.15,686.0,27.4,1,0,27219.79,24,7.36,1,2073.86,-263.84,Own,1,11.7,West,1373.35,0.4721,0.6206,1,Yes,0,0
CUST-001055,53,Male,Single,Bachelor,Contract,40593.26,1153.82,650.0,29.7,2,0,6013.78,36,10.14,2,840.16,368.82,Rent,0,7.0,East,1304.94,0.3411,0.6448,0,No,0,0
CUST-001056,35,Male,Single,High School,Salaried,15627.36,203.14,670.0,14.4,1,1,28107.08,36,7.62,0,3699.06,823.82,Own,1,9.4,West,595.14,0.156,0.3891,1,Yes,0,0
CUST-001057,30,Male,Married,Associate,Self-employed,50236.1,973.7,725.0,6.2,3,1,25977.36,24,9.3,1,72.95,3097.4,Rent,1,0.7,South,2194.66,0.2326,0.4042,2,No,0,0
CUST-001058,50,Male,Married,Bachelor,Contract,180587.97,4695.77,683.0,26.0,4,2,50563.31,12,3.24,1,5366.08,18701.84,Rent,2,13.3,North,5140.24,0.312,0.3468,1,No,0,0
CUST-001059,37,Male,Married,Associate,,24047.28,2312.27,,12.6,5,2,36582.11,60,8.36,1,0.0,-2601.63,Rent,2,15.1,South,1113.71,0.1303,0.6824,1,No,0,0
CUST-001060,42,Male,Married,Bachelor,Contract,32793.7,812.4,641.0,21.4,4,1,22945.41,72,11.24,4,3633.08,1221.13,Own,1,2.4,Central,1146.73,0.2973,0.7041,3,No,1,0
CUST-001061,37,Male,Single,Bachelor,Salaried,24909.69,235.26,754.0,14.7,3,1,19491.59,36,2.5,1,4099.52,1229.01,Own,2,8.9,East,1779.0,0.1133,0.5043,5,No,0,0
CUST-001062,28,Male,Single,Bachelor,Salaried,119964.89,626.08,,7.4,4,2,19392.85,84,7.54,2,13654.36,18733.1,Rent,0,1.6,West,5765.65,0.0626,0.263,3,Yes,0,0
CUST-001063,49,Male,Single,High School,Salaried,34340.74,394.33,745.0,26.0,3,0,13962.41,60,5.61,3,6156.55,-1928.89,,0,19.0,South,1426.73,0.1378,0.6483,3,No,0,0
CUST-001064,39,Female,Single,,Unemployed,11188.92,160.88,629.0,11.6,1,3,21162.43,48,11.3,0,638.38,723.77,Rent,0,1.8,West,597.4,0.1725,0.6753,1,No,0,0
CUST-001065,42,Male,Single,,Salaried,63487.17,2253.75,667.0,23.7,8,2,12876.27,24,8.48,2,10549.25,2814.66,Rent,1,5.6,Central,913.96,0.426,0.7235,1,No,0,0
CUST-001066,33,Male,Married,Bachelor,Unemployed,25307.2,748.34,788.0,6.9,4,1,16781.24,48,4.98,2,1194.48,1800.78,Rent,0,1.2,East,996.21,0.3548,0.6197,0,No,0,0
CUST-001067,44,Male,Married,High School,Contract,27530.21,1215.41,661.0,18.7,1,1,25331.36,60,6.38,4,3932.62,,Mortgage,0,2.5,South,1146.24,0.5298,0.5006,1,No,0,0
CUST-001068,33,Male,Divorced,Doctorate,Retired,52846.85,1141.76,487.0,13.3,4,5,18295.79,60,13.57,2,5751.98,2369.8,Other,0,3.1,West,828.59,0.2593,0.9503,1,Yes,1,1
CUST-001069,31,Female,Married,Associate,Self-employed,68222.56,2015.75,649.0,11.1,2,2,180000.0,24,5.81,0,11664.88,3929.31,Rent,3,9.5,West,3304.37,0.3546,0.2239,1,No,0,0
CUST-001070,31,Female,Single,Bachelor,Contract,28253.76,1552.24,638.0,4.8,1,2,104888.8,24,8.69,1,1109.23,2098.68,Own,1,9.4,West,953.65,0.6593,0.5147,3,No,1,1
CUST-001071,38,Male,Single,Associate,,51444.64,1721.95,654.0,16.3,2,1,18514.07,60,7.32,1,3569.37,4026.78,Mortgage,0,12.6,East,3148.41,0.4017,0.7942,0,No,0,0
CUST-001072,26,Male,Married,High School,Retired,18948.89,184.96,679.0,0.0,3,1,27117.93,60,3.55,0,,2431.73,Mortgage,0,5.5,East,943.32,0.1171,0.8713,2,No,0,0
CUST-001073,62,Male,Married,Master,Self-employed,64528.8,2394.14,698.0,40.4,5,2,7783.62,60,6.01,2,4039.56,-3232.79,Mortgage,0,17.3,North,817.01,0.4452,0.6196,1,No,0,0
CUST-001074,24,Female,Single,Bachelor,Unemployed,23380.86,936.34,465.0,3.4,1,6,22495.91,72,13.6,1,6986.05,1641.12,Rent,0,0.3,East,610.21,0.4806,0.7468,3,No,1,1
CUST-001075,22,Male,Single,Master,Retired,73665.19,1569.06,714.0,0.0,0,0,52707.95,24,5.0,0,3207.05,2941.15,Mortgage,1,2.4,West,1208.73,0.2556,0.428,1,No,0,0
CUST-001076,38,Female,Single,Bachelor,Contract,45518.85,1308.0,701.0,14.3,5,1,27198.53,60,4.26,1,976.92,4537.22,Rent,0,2.9,South,1171.51,0.3448,0.6576,1,No,0,0
CUST-001077,29,Female,Single,Bachelor,Unemployed,14428.33,581.39,661.0,4.7,3,1,20271.88,36,10.96,1,925.77,1447.95,Mortgage,0,0.6,West,350.0,0.4835,0.5411,0,No,0,0
CUST-001078,66,Male,Widowed,Bachelor,Self-employed,56812.86,747.41,693.0,46.9,0,1,14326.18,48,2.5,3,11223.5,1123.52,Rent,2,21.4,West,3470.42,0.1579,0.4746,2,No,0,0
CUST-001079,58,Male,Single,Doctorate,Self-employed,138436.21,1804.79,713.0,33.3,1,0,30678.79,60,7.35,2,5135.6,4815.15,Mortgage,0,19.6,East,5247.61,0.1564,0.6324,4,Yes,0,1
CUST-001080,64,Male,Divorced,Bachelor,Salaried,61612.48,3845.22,653.0,40.6,3,1,21577.08,36,11.16,1,2563.07,4170.06,Mortgage,0,26.9,South,2113.85,0.7489,0.3784,1,No,0,1
CUST-001081,45,Female,Widowed,High School,Salaried,37324.97,1101.42,723.0,24.8,3,0,10826.35,36,2.5,3,800.91,2430.84,Own,0,4.6,South,1571.28,0.3541,0.5799,1,No,0,0
CUST-001082,67,Male,Single,High School,Retired,20903.04,584.23,,44.8,3,1,7958.61,84,2.5,2,53.49,-424.85,Own,1,,South,498.67,0.3354,0.3668,0,Yes,0,0
CUST-001083,36,Male,Divorced,Master,Salaried,150500.71,6046.63,628.0,14.8,3,2,21331.87,36,7.67,2,1243.27,8856.27,Rent,0,3.8,Central,4030.41,0.4821,0.3386,1,Yes,0,0
CUST-001084,34,Male,Single,Bachelor,Salaried,63226.21,1855.32,763.0,13.2,2,0,13544.8,60,8.66,1,5902.53,4970.0,Own,0,4.1,Central,2315.14,0.3521,0.4415,1,No,0,0
CUST-001085,45,Male,Married,Associate,Retired,17868.08,907.49,758.0,22.3,2,0,37813.19,72,6.57,2,2565.71,418.26,Other,0,12.3,South,1150.17,0.6095,0.6433,2,Yes,0,0
CUST-001086,56,Male,Married,Bachelor,Contract,,2002.77,631.0,36.9,3,2,22715.57,60,8.96,1,10184.56,5096.05,Mortgage,1,11.9,West,2037.53,0.4821,0.9389,4,No,1,1
CUST-001087,61,Male,Married,Master,Salaried,22687.51,339.92,765.0,35.3,2,0,27586.28,72,4.99,2,1733.26,542.14,Own,1,6.1,South,1232.29,0.1798,0.1584,0,No,0,0
CUST-001088,27,Female,Single,Associate,Salaried,24743.65,244.22,720.0,0.0,4,1,25534.98,36,7.43,0,4570.94,97.8,Rent,1,6.5,South,836.98,0.1184,0.5224,2,No,0,0
CUST-001089,43,Female,Single,Bachelor,Unemployed,16935.27,666.04,620.0,19.9,3,2,40020.62,60,9.73,3,0.0,-651.57,Mortgage,0,1.6,North,715.77,0.4719,0.7994,1,No,0,0
CUST-001090,45,Female,Single,High School,Self-employed,116767.55,3648.77,731.0,22.6,2,1,10178.52,84,4.12,0,15788.87,6783.15,Other,1,12.0,Central,4486.35,0.375,0.4201,1,No,0,0
CUST-001091,66,Female,Married,Associate,Salaried,81736.53,2377.82,721.0,47.4,1,0,24202.32,36,4.11,2,1706.24,12928.13,Rent,0,12.8,North,2068.03,0.3491,0.2641,1,No,0,0
CUST-001092,33,Male,Divorced,Associate,Unemployed,21883.08,553.65,679.0,7.7,3,1,18761.43,60,7.78,0,11498.53,1126.96,Other,0,1.4,West,1091.92,0.3036,0.6753,1,Yes,0,0
CUST-001093,45,Male,Single,High School,Retired,27655.67,1022.49,713.0,24.2,4,0,9527.19,36,6.26,1,3212.26,-1961.78,Rent,0,14.3,West,1152.84,0.4437,0.1942,1,No,0,0
CUST-001094,19,Male,Single,Master,,38929.06,1131.07,665.0,0.0,2,1,22279.37,24,9.09,1,176.89,-2583.42,Mortgage,0,0.3,South,905.03,0.3487,0.7092,2,No,1,1
CUST-001095,43,Male,Single,Associate,Retired,43955.35,1485.66,,18.6,1,1,61484.84,24,8.19,1,1235.02,4950.87,Mortgage,0,11.7,South,1615.34,0.4056,,1,Yes,0,0
CUST-001096,47,Female,Married,Bachelor,Salaried,57204.75,575.24,704.0,28.5,3,0,56214.99,60,7.4,1,12170.22,6585.87,Mortgage,1,13.2,South,3765.53,0.1207,0.4775,1,No,0,0
CUST-001097,49,Male,Single,Associate,Salaried,35332.66,1159.87,777.0,26.2,5,0,8653.33,60,4.76,1,13583.61,1273.88,Mortgage,0,12.1,East,1817.69,0.3939,0.4918,3,Yes,0,1
CUST-001098,55,Male,Divorced,Associate,Self-employed,28129.35,404.21,709.0,33.6,5,0,38189.91,48,6.66,1,8167.13,1257.61,Mortgage,2,21.1,North,727.91,0.1724,0.3148,1,Yes,0,1
CUST-001099,43,Female,Married,Bachelor,Unemployed,8405.11,240.88,677.0,22.6,4,1,27939.43,36,6.91,2,0.0,628.51,Rent,0,1.5,West,350.0,0.3439,0.9167,1,No,0,0
CUST-001100,52,Male,Married,Doctorate,Salaried,154076.07,2544.79,700.0,28.8,4,1,15906.05,24,8.56,1,20550.38,8642.55,Own,2,8.6,West,6151.63,0.1982,0.7521,5,No,0,0
CUST-001101,60,Female,Divorced,Bachelor,Retired,54723.9,1270.69,667.0,36.1,4,1,44667.94,12,8.33,0,4751.02,1256.32,Rent,0,20.9,East,1434.04,0.2786,0.3233,0,Yes,0,0
CUST-001102,34,Female,Married,Master,Salaried,41212.98,674.38,693.0,11.2,5,0,9702.76,48,2.5,1,12651.51,1516.35,Rent,0,6.4,South,1795.37,0.1964,0.3553,0,No,0,0
CUST-001103,28,Male,Married,Bachelor,Salaried,50451.49,1322.18,761.0,5.8,5,1,17852.14,72,3.16,2,770.08,,Mortgage,5,5.7,East,1675.7,0.3145,0.5908,2,No,0,0
CUST-001104,47,Female,Married,,Contract,30128.82,226.12,662.0,26.9,0,2,21504.14,24,7.63,0,434.45,1058.91,Mortgage,1,19.7,Central,761.06,0.0901,0.3493,2,No,0,0
CUST-001105,18,Female,Single,Associate,Salaried,27868.68,1377.53,799.0,0.0,3,0,68896.19,60,2.5,2,4878.64,1520.49,Rent,2,0.0,Central,1829.27,0.5932,0.5097,3,No,0,0
CUST-001106,40,Non-binary,Married,Bachelor,Salaried,50912.2,1912.35,657.0,17.7,2,1,13219.78,60,9.6,1,340.26,2269.84,Mortgage,0,3.9,Central,2714.04,0.4507,0.6819,1,No,0,0
CUST-001107,42,Female,Married,High School,Salaried,20912.0,657.14,694.0,19.4,0,0,47488.34,60,4.13,1,3639.5,1745.71,Mortgage,0,13.9,South,956.38,0.3771,0.3743,1,No,0,0
CUST-001108,27,Male,Married,Associate,Contract,42654.1,666.26,684.0,7.7,4,1,10790.75,36,8.93,2,126.73,4741.42,Mortgage,3,1.5,North,1533.87,0.1874,0.5828,1,Yes,0,0
CUST-001109,27,Female,Married,High School,Self-employed,36391.46,1096.35,721.0,4.3,7,2,22236.42,48,8.12,0,7775.8,-1363.75,Own,0,5.1,South,2207.38,0.3615,0.8722,0,No,0,0
CUST-001110,28,Male,Single,High School,Salaried,17036.89,203.03,719.0,8.5,1,0,33697.78,24,5.89,0,785.81,1433.78,Rent,1,3.1,West,659.25,0.143,0.6293,1,No,0,0
CUST-001111,59,Female,Single,Associate,Self-employed,111084.65,4314.13,714.0,38.6,4,0,16721.75,60,4.59,2,742.16,-3500.0,Mortgage,1,6.0,South,7889.85,0.466,0.4826,4,No,0,0
CUST-001112,44,Male,Married,High School,Contract,20306.72,594.95,598.0,23.1,2,1,14865.93,24,13.5,2,2607.47,1673.82,Own,3,11.2,West,998.05,0.3516,0.3978,1,No,1,1
CUST-001113,38,Female,Married,Associate,Self-employed,61636.13,616.0,707.0,12.7,4,0,49311.58,72,6.53,1,2424.3,6220.51,Own,0,11.1,North,2853.37,0.1199,0.784,1,Yes,0,0
CUST-001114,49,Male,Single,Associate,Unemployed,19407.1,535.94,702.0,28.1,1,3,10527.4,60,7.28,1,,1225.35,Own,1,2.0,East,638.06,0.3314,0.3281,2,No,0,0
CUST-001115,48,Male,Widowed,Bachelor,Contract,43143.46,322.83,717.0,27.4,1,0,23153.45,60,7.04,1,2436.54,3558.01,Mortgage,1,21.2,East,1932.39,0.0898,0.3955,2,No,0,0
CUST-001116,47,Female,Married,High School,Unemployed,15552.83,780.47,567.0,25.4,4,4,59623.61,36,12.48,5,0.0,1786.19,Other,1,3.5,North,443.1,0.6022,0.7547,1,No,1,1
CUST-001117,46,Female,Married,Bachelor,Self-employed,50279.29,449.09,693.0,24.8,3,2,48507.35,60,6.69,2,1103.92,5097.17,Mortgage,1,12.9,East,2879.67,0.1072,0.5363,5,No,0,0
CUST-001118,39,Female,Single,Associate,Salaried,59498.43,1191.64,749.0,17.6,5,1,15844.59,60,2.91,0,12943.75,2226.03,Mortgage,0,14.7,West,1632.97,0.2403,0.6032,2,No,0,0
CUST-001119,34,Male,Married,Bachelor,Unemployed,40741.66,1282.61,688.0,8.6,2,2,53991.02,72,7.97,1,26712.06,1769.18,Own,1,1.5,South,1279.12,0.3778,0.4634,1,No,0,0
CUST-001120,41,Female,Single,Bachelor,Salaried,68164.8,2358.86,699.0,18.4,1,0,34113.26,60,9.04,3,7498.09,3976.0,Mortgage,1,3.3,North,2306.74,0.4153,0.3992,1,Yes,0,0
CUST-001121,23,Female,Divorced,Bachelor,Contract,135721.28,2914.22,775.0,1.4,1,0,22672.03,72,7.26,2,11924.06,-3100.97,Mortgage,0,0.9,West,4887.35,0.2577,0.3516,2,No,0,0
CUST-001122,45,Male,Single,Bachelor,Salaried,22462.13,1268.26,695.0,20.7,1,0,25531.63,60,8.57,3,1404.27,1202.1,Rent,2,18.8,South,1447.94,0.6775,0.1013,2,No,0,0
CUST-001123,45,Female,Single,High School,Contract,41446.93,857.45,757.0,24.4,4,0,15781.39,24,4.8,6,36776.23,-188.77,Mortgage,1,15.6,Central,1496.37,0.2483,0.3314,1,No,0,1
CUST-001124,51,Female,Married,Bachelor,Unemployed,17213.22,852.54,668.0,31.6,3,3,38949.73,60,5.69,2,1848.31,3862.82,Mortgage,4,2.2,East,1259.72,0.5943,0.7018,1,No,0,1
CUST-001125,36,Male,Married,Master,Self-employed,99658.96,3659.12,698.0,14.9,3,2,62969.06,60,7.23,0,12042.61,3243.28,Own,2,10.0,North,1833.39,0.4406,0.4545,0,No,0,1
CUST-001126,60,Male,Married,Associate,Retired,66003.4,1439.69,659.0,36.0,1,1,87052.4,12,6.61,1,4365.57,3489.59,Rent,1,10.4,North,3101.11,0.2617,0.3324,1,No,0,0
CUST-001127,41,Female,Single,Master,Retired,65155.89,1647.66,779.0,20.3,2,0,4712.31,60,4.22,1,4979.36,4393.14,Mortgage,0,6.4,East,2254.57,0.3035,0.6232,1,No,0,0
CUST-001128,28,Male,Single,Bachelor,Contract,66627.38,2025.8,588.0,4.2,2,3,28636.91,60,11.96,3,14789.71,1695.75,Own,0,0.3,West,2719.25,0.3649,0.447,0,No,1,0
CUST-001129,41,Female,Divorced,Associate,Self-employed,19748.03,480.34,696.0,20.2,5,0,36748.81,60,6.95,1,1074.1,3096.96,Mortgage,0,6.5,North,1048.91,0.2919,0.0852,3,No,0,0
CUST-001130,25,Female,Divorced,Associate,Self-employed,40787.18,1223.67,679.0,6.1,1,1,15132.77,60,6.96,1,24787.57,-858.61,Mortgage,1,2.8,North,2100.68,0.36,0.4203,0,No,0,0
CUST-001131,26,Male,Single,Doctorate,Retired,54079.09,1628.81,768.0,6.8,5,0,17600.91,48,5.37,2,12052.46,3042.88,Mortgage,1,4.0,North,1017.49,0.3614,0.4721,1,No,0,0
CUST-001132,30,Male,Married,Bachelor,,161348.98,523.86,749.0,7.5,3,0,71465.15,60,5.29,2,2958.82,4387.0,Rent,1,7.3,South,6800.13,0.039,0.6626,0,No,0,0
CUST-001133,43,Male,Married,Bachelor,Salaried,61661.21,663.78,691.0,21.2,3,1,39812.91,72,7.57,1,5429.87,4310.57,Mortgage,3,6.2,South,3810.35,0.1292,0.4674,0,No,0,0
CUST-001134,35,Male,Married,Bachelor,Contract,45887.23,1687.32,446.0,15.9,1,6,40255.94,36,19.14,0,1229.12,3079.18,Mortgage,2,11.3,East,1532.61,0.4413,0.3548,1,No,1,1
CUST-001135,39,Female,Married,Master,Retired,30244.02,642.28,767.0,19.4,5,0,14313.63,60,4.83,0,10741.37,479.64,Rent,1,5.4,West,990.17,0.2548,0.453,2,No,0,0
CUST-001136,40,Male,Single,Master,Salaried,165029.93,4063.16,726.0,18.9,3,0,28767.67,60,4.83,0,9877.14,2311.24,Rent,1,14.6,Central,6813.86,0.2954,0.8939,1,Yes,0,0
CUST-001137,30,Male,Divorced,High School,Salaried,52007.82,1783.04,761.0,6.9,6,0,35097.95,48,3.18,2,5607.36,4906.59,Mortgage,0,5.3,South,432.96,0.4114,0.3667,1,No,0,0
CUST-001138,47,Female,Single,Master,Salaried,127863.72,845.77,817.0,23.3,2,0,36729.66,72,2.5,0,45193.36,,Rent,0,12.0,South,5230.29,0.0794,0.2028,1,No,0,0
CUST-001139,31,Male,Divorced,Bachelor,Contract,50369.77,1315.98,677.0,9.3,2,1,126277.72,60,6.84,2,2730.79,3186.27,Rent,2,5.4,South,1932.29,0.3135,0.554,0,No,0,0
CUST-001140,38,Male,Married,Master,Self-employed,78768.47,1844.49,672.0,18.5,4,0,8202.4,84,10.98,4,8132.33,6686.61,Other,0,12.7,East,4442.63,0.281,0.1691,0,No,0,0
CUST-001141,54,Male,Single,High School,Salaried,51695.65,1703.6,784.0,34.4,2,0,7423.62,48,5.72,2,2236.02,2203.21,Mortgage,0,14.0,South,1306.92,0.3955,0.3137,0,Yes,0,0
CUST-001142,30,Male,Married,Master,Contract,54316.11,928.49,706.0,7.8,2,1,33992.03,60,10.6,0,5648.18,-3191.01,Own,1,1.4,South,1483.9,0.2051,0.362,0,Yes,0,0
CUST-001143,48,Male,Married,Master,Salaried,48794.74,1564.23,747.0,29.4,4,1,12729.18,60,4.49,1,2780.62,2151.98,Rent,2,19.4,Central,2201.54,0.3847,0.8202,3,No,0,0
CUST-001144,57,Male,Married,High School,Salaried,40555.04,793.69,717.0,34.8,2,0,5546.18,24,6.49,1,1630.53,809.89,Mortgage,2,4.6,North,2572.4,0.2348,0.5735,2,No,0,0
CUST-001145,35,Female,Widowed,Master,Salaried,74617.17,1212.09,700.0,16.0,2,0,22684.3,36,6.0,2,10524.46,3083.21,Mortgage,1,9.6,North,1994.66,0.1949,0.4712,2,Yes,0,0
CUST-001146,26,Female,Married,Bachelor,Salaried,30854.16,817.29,723.0,0.0,4,0,43816.93,60,5.06,1,1863.18,4524.77,Mortgage,1,5.9,North,950.43,0.3179,0.5704,3,No,0,1
CUST-001147,20,Female,Married,Master,Salaried,63382.93,1506.66,686.0,1.3,1,1,9391.21,36,7.86,1,5280.5,5917.93,Mortgage,4,0.9,East,3315.73,0.2852,0.1748,1,Yes,0,0
CUST-001148,39,Female,Divorced,Bachelor,Salaried,60470.5,3390.57,740.0,18.2,4,0,101279.64,60,8.28,2,8141.99,1698.25,Mortgage,1,8.2,East,1807.5,0.6728,0.4094,1,No,0,1
CUST-001149,50,Male,Married,Associate,Salaried,54623.89,1810.17,690.0,28.6,4,0,17842.23,36,6.04,2,14589.63,-1297.06,Rent,0,5.5,North,2272.38,0.3977,0.3265,1,No,0,0
CUST-001150,27,Male,Married,Bachelor,Contract,66104.2,1485.77,699.0,4.0,6,1,17898.59,36,4.49,4,8728.5,1992.9,Rent,0,4.2,East,3942.41,0.2697,0.3701,0,Yes,0,0
CUST-001151,44,Male,Married,Master,Unemployed,,228.97,641.0,21.1,2,3,12814.89,24,7.78,0,0.0,-341.42,Rent,0,0.8,Central,1049.65,0.1583,0.9094,1,No,0,1
CUST-001152,42,Male,Married,High School,Salaried,41977.17,682.28,762.0,21.8,3,0,6246.67,36,2.5,0,28338.26,470.09,Rent,1,5.0,Central,646.21,0.195,0.5095,2,No,0,0
CUST-001153,41,Male,Married,High School,Self-employed,27159.61,181.07,648.0,19.9,2,2,9732.8,60,9.62,0,4715.12,-403.68,Rent,2,13.0,North,1453.93,0.08,0.4109,2,No,1,0
CUST-001154,69,Female,Single,Bachelor,Salaried,54453.3,690.42,671.0,49.8,0,1,11071.47,24,6.68,2,2028.92,9229.85,Mortgage,0,28.2,South,828.8,0.1522,0.4695,2,No,1,0
CUST-001155,47,Male,Single,Bachelor,Self-employed,51785.92,890.01,537.0,27.9,1,4,35564.28,36,14.76,0,13278.23,1076.84,Rent,2,16.8,North,1806.52,0.2062,1.0476,1,Yes,1,1
CUST-001156,35,Male,Single,Associate,Self-employed,55173.66,694.39,708.0,13.4,3,0,10447.14,24,6.24,2,583.55,4226.83,Mortgage,0,5.0,North,3167.98,0.151,0.5424,1,No,0,0
CUST-001157,54,Female,Married,Master,Contract,66611.62,1331.66,722.0,35.8,4,0,32310.24,24,4.8,1,7545.25,3237.95,Mortgage,1,0.4,Central,2202.15,0.2399,0.569,3,Yes,0,0
CUST-001158,67,Female,Single,High School,Salaried,43270.13,1033.0,723.0,45.1,8,2,2195.51,48,5.24,0,4333.86,-252.13,Rent,1,16.6,South,1021.24,0.2865,0.3894,0,Yes,0,0
CUST-001159,45,Male,Widowed,Bachelor,Salaried,102802.47,2109.96,782.0,24.8,2,0,17730.65,60,4.59,2,26980.19,-1641.62,Rent,0,4.4,Central,4709.03,0.2463,0.2646,1,No,0,0
CUST-001160,59,Female,Single,Bachelor,Contract,79073.98,1299.36,,37.9,4,2,13191.25,36,5.12,1,7350.14,7181.7,Mortgage,0,18.6,West,3370.03,0.1972,0.3674,3,No,0,0
CUST-001161,42,Male,Married,Master,Salaried,51111.44,2386.35,698.0,22.9,3,0,15011.26,24,5.86,1,4246.56,3482.01,Own,0,19.1,Central,1857.03,0.5603,0.5,1,Yes,0,0
CUST-001162,52,Female,Single,Bachelor,Salaried,84010.98,3028.76,694.0,26.8,6,1,38012.25,36,2.5,1,2737.07,2333.45,Rent,1,6.6,South,3654.34,0.4326,0.3863,1,No,0,0
CUST-001163,45,Female,Single,Associate,,26889.95,228.74,646.0,24.2,2,0,5429.93,60,8.58,0,35684.73,1933.2,Rent,1,9.1,South,949.59,0.1021,0.3872,0,No,1,0
CUST-001164,35,Female,Married,Master,Salaried,102835.18,4839.96,642.0,16.2,1,2,46476.3,36,8.27,2,7271.96,11851.27,Mortgage,1,11.9,South,3765.12,0.5648,0.6709,3,No,0,0
CUST-001165,32,Male,Married,Bachelor,Salaried,111535.05,20974.55,668.0,13.2,7,1,35018.5,36,5.22,2,12684.08,3727.61,Rent,4,6.7,North,2441.83,0.4521,0.391,1,No,0,0
CUST-001166,42,Female,Married,Bachelor,Self-employed,84545.63,1826.24,661.0,21.8,6,1,21899.06,36,4.42,1,6012.1,9265.55,Mortgage,1,17.3,West,5031.79,0.2592,0.5456,0,No,0,0
CUST-001167,53,Female,Married,Bachelor,Self-employed,40984.8,1515.87,731.0,30.9,5,1,21140.79,36,6.43,5,1515.23,-269.97,Rent,1,25.0,South,2511.79,0.4438,,0,No,0,0
CUST-001168,37,Female,Single,High School,Salaried,29566.14,940.05,696.0,13.4,0,0,5529.74,84,6.94,2,3136.62,956.01,Own,1,10.7,West,2135.53,0.3815,0.4979,0,No,0,0
CUST-001169,31,Female,Married,Bachelor,Retired,29292.69,1406.55,602.0,8.7,1,3,24725.68,24,10.88,0,1615.94,1834.35,Own,1,3.8,West,1221.68,0.5762,,4,No,1,1
CUST-001170,39,Male,Single,Master,Retired,88223.62,892.56,712.0,16.6,2,0,62434.47,60,7.15,0,3015.62,-318.25,Rent,0,17.2,South,5475.38,0.1214,0.163,0,No,0,0
CUST-001171,59,Female,Married,Bachelor,Contract,48845.63,1664.88,720.0,36.5,1,0,12451.2,36,7.13,1,6817.35,8218.06,Mortgage,1,8.4,North,1759.49,0.409,0.5471,1,Yes,0,0
CUST-001172,46,Female,Married,Associate,Salaried,38947.66,1011.62,809.0,23.8,2,1,5826.13,60,2.53,2,10622.91,2322.68,Own,2,7.7,West,1714.62,0.3117,0.5217,1,Yes,0,0
CUST-001173,36,Male,Single,Master,Salaried,52771.02,1195.05,747.0,9.7,4,1,33136.1,60,5.85,0,5584.31,1383.88,Own,1,7.7,South,3085.08,0.2718,,3,No,0,0
CUST-001174,36,Female,Married,Master,Retired,45999.5,1685.6,764.0,13.8,2,0,50333.82,36,3.55,1,2854.1,1690.07,Mortgage,3,2.8,North,1731.57,0.4397,0.3575,0,No,0,0
CUST-001175,43,Male,Single,,Salaried,40647.79,680.62,635.0,23.1,2,0,17992.74,84,7.66,2,1916.3,-740.39,Mortgage,0,9.4,South,1684.23,0.2009,0.1814,2,No,0,0
CUST-001176,41,Male,Single,Bachelor,Self-employed,34058.05,1790.77,696.0,19.0,4,1,7454.52,24,7.06,1,1971.71,573.3,Mortgage,0,1.5,West,706.39,0.631,0.2521,1,No,0,0
CUST-001177,32,Female,Married,Bachelor,Salaried,76322.03,1770.72,702.0,11.8,6,1,25660.99,24,4.56,0,9346.06,1411.75,Rent,0,7.2,South,2819.94,0.2784,,0,No,0,0
CUST-001178,46,Female,Single,Master,Self-employed,36214.08,1840.13,765.0,24.6,5,0,22487.97,72,7.94,4,5682.12,4562.16,Mortgage,1,13.5,North,1121.73,0.6098,0.5027,0,No,0,0
CUST-001179,46,Male,Single,High School,Salaried,156779.03,4723.78,687.0,23.5,4,1,38476.95,60,9.66,2,12420.32,28503.29,Rent,0,19.2,Central,2700.95,0.3616,0.6186,1,No,0,0
CUST-001180,46,Male,Single,Bachelor,Unemployed,19493.23,502.99,672.0,26.4,4,2,119841.6,36,8.46,4,489.84,1746.97,Rent,1,1.7,South,872.24,0.3096,0.3117,0,No,0,0
CUST-001181,35,Male,Married,Bachelor,Salaried,123082.68,3070.79,802.0,16.7,8,0,27420.33,36,2.84,0,119508.39,12713.83,Mortgage,2,11.5,North,3941.1,0.2994,0.3735,2,No,0,0
CUST-001182,37,Male,Single,Associate,Self-employed,39844.84,89.04,712.0,13.5,3,1,26483.34,60,2.5,0,493.49,7214.08,Own,1,10.0,North,748.36,0.0268,0.2296,1,No,0,0
CUST-001183,46,Male,Married,Master,Self-employed,107480.21,4675.13,748.0,22.7,4,0,13664.51,24,2.5,2,2296.04,10395.67,Mortgage,3,15.1,North,3171.3,0.522,0.4292,2,No,0,0
CUST-001184,32,Male,Single,Bachelor,Salaried,42139.28,964.43,769.0,11.1,4,0,26077.57,48,2.66,3,13726.01,1217.9,Rent,2,2.3,East,1765.99,0.2746,0.3228,2,No,0,0
CUST-001185,39,Male,Married,High School,Retired,19713.38,1316.86,707.0,18.1,5,0,26872.7,60,7.4,3,494.99,1023.9,Mortgage,2,8.9,East,429.26,0.8016,0.2695,3,No,0,0
CUST-001186,32,Female,Married,Master,Salaried,41865.12,1057.48,578.0,12.1,1,2,52056.48,60,9.83,1,1837.7,529.93,Rent,1,7.0,East,1784.45,0.3031,0.4376,1,No,0,1
CUST-001187,38,Non-binary,Single,Master,Contract,68150.63,2267.92,700.0,17.2,7,1,6832.21,36,8.02,2,12500.53,6337.9,Mortgage,0,7.5,West,917.35,0.3993,0.9206,1,No,0,0
CUST-001188,42,Male,Married,Bachelor,Retired,19033.67,509.69,745.0,18.8,1,1,53982.8,60,5.11,2,3096.62,-693.46,Rent,3,12.5,North,1131.78,0.3213,0.3985,0,Yes,0,0
CUST-001189,29,Female,Married,Master,Self-employed,56692.21,1051.6,699.0,4.5,1,1,24812.6,60,5.74,1,,1995.19,Own,0,4.4,North,2853.95,0.2226,0.5114,1,No,0,1
CUST-001190,47,Female,Married,Associate,Salaried,56519.2,3165.17,667.0,27.2,2,2,25617.42,36,5.99,1,34718.89,1843.54,Rent,1,17.9,South,3501.44,0.672,0.8032,0,No,0,0
CUST-001191,24,Female,Married,Master,Salaried,64946.86,1050.13,742.0,4.7,2,0,42865.11,48,4.74,1,29043.54,3166.72,,2,2.1,West,2625.66,0.194,0.5438,0,No,0,1
CUST-001192,30,Male,Married,Bachelor,Salaried,170217.28,3889.87,771.0,9.6,5,0,57356.7,60,2.5,1,11843.58,30946.79,Own,5,4.8,North,9848.97,0.2742,0.2555,2,No,0,0
CUST-001193,35,Male,Married,High School,Retired,29308.3,368.63,740.0,15.0,4,0,1041.19,84,5.92,2,1845.11,4876.1,Mortgage,0,0.6,South,1216.32,0.1509,0.268,1,No,0,0
CUST-001194,51,Female,Single,Bachelor,Salaried,85782.65,2095.15,683.0,24.8,4,2,35862.25,72,4.93,4,26890.68,9440.02,Rent,0,3.6,North,3240.35,0.2931,0.5293,2,No,0,0
CUST-001195,47,Male,Married,Master,Contract,47358.0,1408.02,651.0,25.1,2,1,15369.16,48,13.34,0,12790.54,4414.36,Mortgage,2,17.4,West,1900.34,0.3568,0.8358,0,No,1,1
CUST-001196,20,Male,Married,High School,Salaried,47786.91,1328.22,784.0,0.0,6,0,21692.16,36,2.5,0,1155.73,2103.8,Mortgage,0,0.7,North,350.0,0.3335,0.5874,2,No,0,0
CUST-001197,43,Female,Divorced,Associate,Salaried,38774.47,1285.08,607.0,24.3,3,2,10431.59,72,11.23,1,2988.79,526.05,Rent,0,16.7,South,1288.7,0.3977,1.0762,2,No,1,1
CUST-001198,49,Female,Single,Master,Salaried,121478.34,3758.37,596.0,21.3,1,4,12267.81,60,16.4,1,1045.56,9156.22,Own,0,18.8,East,972.3,0.3713,0.9112,3,No,1,1
CUST-001199,31,Male,Married,Bachelor,Retired,24772.31,503.44,715.0,9.6,3,0,38443.58,24,6.81,0,3274.29,105.33,Rent,2,5.7,North,1006.84,0.2439,0.5648,0,Yes,0,0
CUST-001200,23,Female,Married,Master,Self-employed,,1773.68,639.0,0.0,4,1,28826.13,36,6.66,3,5745.73,4190.79,Mortgage,2,4.0,North,2005.9,0.3688,0.3694,1,No,0,0
CUST-001201,28,Male,Divorced,Master,Contract,29551.66,748.93,669.0,6.2,1,1,8060.11,24,6.52,1,700.52,1793.64,Rent,0,3.9,Central,1832.58,0.3041,0.1703,0,No,0,0
CUST-001202,38,Male,Married,Associate,Salaried,24765.17,720.66,710.0,16.9,3,0,25334.35,84,3.34,3,2966.26,-1936.49,Mortgage,1,8.0,South,775.51,0.3492,,1,No,0,0
CUST-001203,46,Male,Married,High School,Salaried,28300.94,1212.74,714.0,25.1,0,3,7224.07,36,6.64,0,4695.87,448.89,Own,2,10.8,Central,975.38,0.5142,0.8876,0,No,1,1
CUST-001204,37,Female,Married,High School,Retired,16769.48,94.4,720.0,17.4,3,0,8308.52,60,8.06,0,2384.1,348.08,Own,3,9.9,East,1293.26,0.0676,0.4162,0,Yes,0,0
CUST-001205,46,Male,Married,Doctorate,Unemployed,58122.72,1374.76,610.0,24.0,2,3,57554.2,84,8.03,4,1703.66,4781.5,Own,1,1.0,East,2530.48,0.2838,0.7517,0,Yes,0,1
CUST-001206,26,Female,Single,Bachelor,Salaried,87320.06,2958.36,681.0,3.0,5,0,9015.1,36,2.5,0,7343.13,3436.09,Own,0,6.3,North,5430.81,0.4066,0.2885,0,No,0,0
CUST-001207,28,Male,Single,Associate,Salaried,40438.04,1142.27,648.0,0.0,2,3,33250.15,60,11.21,1,3705.5,-2121.29,Mortgage,0,2.0,Central,1033.27,0.339,0.3817,1,No,1,0
CUST-001208,32,Female,Married,Master,Self-employed,36741.03,1554.95,724.0,5.5,1,1,34759.75,48,2.5,0,1375.59,48.72,Mortgage,1,0.3,East,1801.4,0.5079,0.274,1,No,0,0
CUST-001209,23,Female,Single,High School,Salaried,58255.51,923.53,694.0,0.0,3,0,18182.35,60,4.85,2,8254.12,6272.96,Own,1,2.5,East,3367.08,0.1902,0.5748,0,No,0,0
CUST-001210,44,Female,Divorced,High School,Salaried,32446.91,810.05,737.0,15.5,5,0,33266.21,60,2.5,2,2015.83,464.31,Rent,0,3.1,West,1040.93,0.2996,0.4505,2,No,0,1
CUST-001211,33,Male,Single,High School,Salaried,48958.37,858.01,759.0,11.7,4,0,24928.19,48,3.3,0,9189.42,2723.18,Rent,1,6.8,East,1757.77,0.2103,0.7252,1,No,0,0
CUST-001212,32,Male,Married,Bachelor,Self-employed,115840.69,5841.39,705.0,8.0,3,1,72025.17,48,7.49,1,18840.09,10163.36,Mortgage,0,9.2,South,3943.82,0.6051,0.4168,3,Yes,0,0
CUST-001213,28,Non-binary,Single,Master,Salaried,77352.26,2989.6,764.0,7.4,8,0,2978.0,84,4.47,1,17295.4,-2875.93,Mortgage,1,3.1,West,2195.13,0.4638,0.5856,1,No,0,0
CUST-001214,38,Female,Single,Bachelor,Contract,38256.63,2319.57,644.0,14.5,3,1,32183.28,60,8.97,3,6337.73,-1594.62,Mortgage,0,6.5,North,1995.71,0.7276,0.3065,1,No,0,0
CUST-001215,46,Female,Married,Associate,Salaried,68386.28,2423.21,690.0,25.6,1,2,14026.38,36,2.61,1,4083.81,9233.61,Rent,1,15.5,East,4166.67,0.4252,,2,No,0,0
CUST-001216,41,Female,Divorced,Associate,Self-employed,15716.32,454.56,789.0,22.0,4,1,12070.09,60,2.5,2,899.1,-337.96,Rent,0,14.5,East,537.75,0.3471,0.5951,2,No,0,0
CUST-001217,68,Male,Married,Doctorate,Salaried,60413.53,703.49,608.0,43.0,3,0,32197.03,36,11.16,4,14220.34,4563.67,Rent,1,21.9,West,773.25,0.1397,0.7014,1,No,1,0
CUST-001218,34,Female,Married,High School,Salaried,48063.65,667.33,652.0,12.0,2,2,39751.89,36,9.09,0,102.02,1696.73,Other,3,9.4,South,3035.75,0.1666,0.6575,2,Yes,0,0
CUST-001219,53,Female,Single,Associate,Salaried,30092.79,594.4,702.0,26.8,0,0,29009.59,36,6.48,1,2296.1,1408.84,Mortgage,0,21.0,West,1134.75,0.237,0.1675,3,No,0,0
CUST-001220,46,Male,Single,Master,Self-employed,43536.32,1098.37,,25.9,8,0,20632.88,24,5.77,1,2031.94,3357.63,Mortgage,0,19.3,West,1068.5,0.3027,0.2719,0,No,0,0
CUST-001221,45,Female,Married,Bachelor,Unemployed,7000.0,520.76,,25.5,4,6,36589.29,48,12.6,2,0.0,-402.15,Mortgage,3,1.4,South,718.26,0.8927,0.6072,0,No,1,1
CUST-001222,20,Male,Married,Associate,Salaried,33336.52,91.66,661.0,1.8,2,2,48284.66,60,10.41,0,7077.86,3332.45,Mortgage,2,0.9,South,1536.59,0.033,0.6137,2,No,0,0
CUST-001223,33,Male,Widowed,Master,Self-employed,70886.89,923.83,754.0,14.1,6,0,28855.72,36,2.5,1,3405.25,6551.15,Own,2,8.7,South,3286.7,0.1564,0.5725,5,Yes,0,0
CUST-001224,47,Female,Single,Doctorate,Self-employed,81681.45,4148.51,679.0,24.1,2,0,20099.76,60,6.56,0,16386.67,-532.88,Mortgage,2,10.7,East,2056.5,0.6095,0.5826,0,No,0,1
CUST-001225,42,Female,Married,High School,,73869.12,2857.52,775.0,22.7,1,0,10603.15,36,3.57,3,15250.74,4791.92,Own,0,12.4,West,1738.06,0.4642,0.3928,3,No,0,0
CUST-001226,40,Male,Married,Doctorate,,42177.21,915.13,732.0,18.9,4,0,14073.01,48,2.5,1,888.02,3583.29,Mortgage,2,1.1,Central,1820.81,0.2604,0.4948,2,No,0,0
CUST-001227,34,Female,Single,Bachelor,Salaried,65216.3,2236.07,737.0,13.4,4,1,10384.73,36,9.39,1,4557.69,3578.98,Mortgage,0,3.7,South,1201.31,0.4114,0.5641,1,No,0,0
CUST-001228,39,Female,Divorced,High School,Salaried,47699.72,1553.71,767.0,14.6,6,0,7084.55,72,2.5,3,5804.28,3599.24,Rent,2,8.6,North,1728.22,0.3909,0.4219,2,No,0,0
CUST-001229,43,Non-binary,Single,Master,,45723.26,947.06,632.0,23.4,2,2,44279.15,60,8.66,2,,5580.36,Mortgage,2,11.7,Central,1296.65,0.2486,0.4208,0,No,0,0
CUST-001230,34,Male,Single,Master,Unemployed,16446.25,944.92,735.0,13.0,4,1,42138.95,36,5.0,2,2382.64,694.18,Rent,1,1.4,East,482.48,0.6895,0.6819,1,No,0,1
CUST-001231,25,Male,Married,Master,Salaried,40977.88,738.89,678.0,1.2,4,1,31189.13,24,4.86,1,730.68,5267.16,Rent,2,0.6,South,1823.95,0.2164,0.3913,3,Yes,0,1
CUST-001232,41,Male,Married,High School,Self-employed,41152.39,2455.93,755.0,16.4,4,0,22702.03,84,5.01,3,2233.04,,Own,1,13.0,South,1994.76,0.7161,0.1682,0,No,0,0
CUST-001233,31,Male,Married,High School,Salaried,49743.23,1033.37,792.0,10.8,3,1,24377.15,48,4.9,1,2944.99,1594.76,Own,2,4.4,North,3344.47,0.2493,0.4246,1,Yes,0,0
CUST-001234,58,Male,Single,High School,Salaried,64143.37,1677.26,743.0,39.7,6,0,56732.36,36,5.74,1,15784.61,8810.5,Rent,0,16.9,West,2900.75,0.3138,0.5583,2,Yes,0,0
CUST-001235,34,Male,Single,High School,Salaried,39148.81,171.35,681.0,12.1,3,0,4902.68,36,4.67,0,914.79,-1738.1,Mortgage,0,11.8,East,1129.26,0.0525,0.4556,1,No,0,0
CUST-001236,46,Female,Divorced,Master,Unemployed,21912.94,929.33,729.0,25.0,3,1,24161.64,36,3.69,1,4680.39,2827.0,Own,0,1.9,West,983.44,0.5089,0.5575,2,No,0,1
CUST-001237,51,Female,Divorced,Associate,Contract,48274.18,866.19,603.0,32.3,3,2,37142.13,60,14.59,1,1376.13,8675.76,Mortgage,0,24.3,North,1055.54,0.2153,0.7935,3,No,1,1
CUST-001238,50,Male,Married,High School,Salaried,39699.24,1552.65,718.0,26.4,5,0,9966.3,60,2.5,0,8717.91,5102.67,Mortgage,3,16.3,West,1423.91,0.4693,0.0539,0,No,0,0
CUST-001239,31,Female,Married,,Salaried,67820.66,2159.4,735.0,10.3,3,0,10884.78,36,6.05,0,7669.95,1186.38,Own,0,3.7,West,2442.97,0.3821,0.4229,0,No,0,0
CUST-001240,60,Male,Single,Doctorate,Salaried,69945.24,3039.47,644.0,35.1,0,2,35536.56,36,8.29,3,8988.25,4405.88,Mortgage,0,24.1,East,2511.29,0.5215,0.3126,0,No,0,0
CUST-001241,51,Male,Married,Bachelor,Unemployed,18475.56,849.16,645.0,31.8,6,1,10489.23,60,7.0,3,1573.81,1212.96,Rent,1,1.7,North,1146.52,0.5515,1.0529,2,Yes,1,1
CUST-001242,38,Female,Married,Associate,Self-employed,129849.7,3468.89,764.0,12.8,3,1,15857.08,36,5.18,2,8017.87,-1929.78,Own,3,,East,7230.71,0.3206,0.5305,0,No,0,0
CUST-001243,40,Female,Married,Bachelor,Salaried,63273.5,1047.64,751.0,18.0,5,1,25280.27,36,2.81,2,6059.53,-3500.0,Own,4,6.1,North,1354.93,0.1987,0.6437,1,No,0,0
CUST-001244,49,Female,Single,Doctorate,Self-employed,75882.35,1679.33,679.0,30.4,3,1,18148.85,36,5.86,0,,8532.49,Rent,1,7.3,Central,4283.05,0.2656,0.6029,1,No,0,0
CUST-001245,25,Female,Married,High School,Self-employed,30141.27,317.05,739.0,6.3,2,1,11438.1,36,4.49,0,624.6,542.94,Own,0,1.5,North,446.71,0.1262,0.6068,2,No,0,0
CUST-001246,34,Female,Single,Associate,Salaried,72460.07,1863.32,742.0,14.2,1,0,45742.19,60,7.34,1,38409.08,10737.74,Rent,1,4.6,West,949.92,0.3086,0.5222,1,No,0,0
CUST-001247,47,Male,Married,High School,Self-employed,24420.8,250.52,678.0,25.9,3,0,29865.59,36,6.97,1,783.84,727.45,Mortgage,3,11.5,North,1541.75,0.1231,0.3664,1,No,0,0
CUST-001248,28,Male,Single,Bachelor,Salaried,50975.0,1295.55,619.0,7.1,9,0,11586.36,60,8.17,4,64430.64,628.76,Mortgage,0,5.4,North,2405.83,0.305,0.4832,2,No,0,1
CUST-001249,34,Male,Married,Bachelor,Salaried,65633.97,2215.34,738.0,13.7,4,0,13084.44,60,9.05,0,34007.37,5758.5,Own,1,4.2,Central,526.68,0.405,0.6877,2,No,0,0
CUST-001250,40,Female,Married,Master,Salaried,63111.51,767.07,725.0,19.7,5,2,26577.53,36,4.84,1,3206.71,875.84,Own,2,13.9,Central,3336.37,0.1459,0.6272,2,No,0,1
CUST-001251,22,Female,Married,High School,Unemployed,19141.45,469.06,674.0,0.0,0,1,40988.22,60,6.31,1,1436.43,611.28,Mortgage,2,0.4,West,776.8,0.2941,0.5663,2,No,0,0
CUST-001252,25,Male,Married,High School,Self-employed,42836.59,811.75,734.0,0.0,0,1,56770.5,24,3.81,2,3129.57,4918.69,Rent,1,3.3,Central,1941.8,0.2274,0.9237,2,No,0,0
CUST-001253,26,Female,Single,Bachelor,Salaried,30008.81,1050.15,709.0,7.0,7,0,25491.13,36,5.57,1,3093.4,-45.53,Mortgage,0,2.6,West,689.03,0.4199,0.4224,0,No,0,1
CUST-001254,50,Female,Single,Bachelor,Salaried,88455.0,1444.4,775.0,27.8,5,0,8268.22,84,2.5,2,20193.01,8166.11,Rent,1,18.2,West,1049.4,0.196,0.2247,1,No,0,0
CUST-001255,52,Female,Married,Bachelor,Retired,87673.55,3261.68,507.0,30.5,2,5,10882.49,84,12.23,1,9597.16,7894.79,Rent,2,13.7,Central,4854.62,0.4464,0.8082,1,No,1,1
CUST-001256,44,Male,Single,Master,Salaried,37612.24,1675.48,705.0,22.5,5,0,32451.59,36,7.04,6,3281.4,127.34,Own,0,16.3,North,1471.31,0.5346,0.3781,2,No,0,0
CUST-001257,44,Female,Married,Associate,Retired,48692.5,593.35,709.0,20.6,4,0,20026.77,36,2.5,2,8471.53,4394.28,Mortgage,1,14.9,North,2083.6,0.1462,0.4287,4,No,0,0
CUST-001258,20,Female,Divorced,Master,Contract,104798.03,1687.86,546.0,0.0,2,5,12390.74,48,11.06,0,18512.92,-937.41,Mortgage,0,0.2,West,2601.1,0.1933,0.3338,0,No,1,1
CUST-001259,41,Male,Married,Associate,Contract,45270.09,1100.35,656.0,21.3,6,1,74490.48,36,3.85,2,4687.64,2881.3,Rent,1,4.6,Central,2083.5,0.2917,0.4759,2,No,0,0
CUST-001260,51,Male,Married,High School,Salaried,101419.68,4417.32,725.0,29.7,6,1,28602.4,60,2.89,1,15007.06,251.68,Mortgage,0,4.4,North,4084.63,0.5227,0.4283,1,No,0,0
CUST-001261,31,Male,Single,Associate,Self-employed,37430.36,1512.9,635.0,11.5,8,1,7311.15,60,7.12,2,10750.02,1468.88,Other,2,4.9,Central,1366.08,0.485,0.2521,3,No,0,0
CUST-001262,35,Female,Single,Master,Contract,45711.85,1300.95,713.0,14.7,3,0,12390.89,60,2.5,2,2493.02,2017.24,Other,0,14.0,West,965.98,0.3415,,1,No,0,0
CUST-001263,31,Male,Single,High School,Salaried,32072.11,269.56,718.0,8.1,2,0,66664.8,36,7.71,1,3067.32,4358.67,Rent,0,2.1,South,803.2,0.1009,0.7203,3,No,0,0
CUST-001264,45,Male,Single,Bachelor,Salaried,85259.65,2332.59,683.0,20.2,5,0,25108.02,60,6.71,2,7105.5,8353.37,Rent,0,4.4,North,1773.0,0.3283,0.0763,0,Yes,0,0
CUST-001265,35,Female,Married,Bachelor,Contract,40239.85,1500.49,578.0,14.3,3,6,13059.83,60,10.61,2,8384.5,-1074.66,Rent,2,11.3,East,1701.46,0.4475,0.93,3,No,1,1
CUST-001266,63,Male,Married,High School,Salaried,19461.96,894.74,577.0,36.9,3,3,33262.9,36,11.39,0,569.67,622.24,Own,1,18.0,Central,713.03,0.5517,0.5135,1,No,1,0
CUST-001267,47,Male,Married,Bachelor,Salaried,52655.82,1153.75,672.0,12.0,3,2,21883.11,60,7.48,2,931.89,6479.45,Mortgage,2,14.3,Central,2561.55,0.2629,0.3325,3,Yes,0,0
CUST-001268,38,Female,Married,Bachelor,Retired,52841.26,1361.4,720.0,19.1,6,1,12928.02,72,4.26,4,6817.54,503.99,Rent,2,11.3,East,1777.76,0.3092,0.4976,1,No,0,0
CUST-001269,52,Male,Single,Associate,Retired,45350.24,1256.54,630.0,32.1,1,0,25835.61,24,7.18,2,5530.76,6967.23,Own,1,21.3,South,1300.09,0.3325,0.5293,1,No,0,1
CUST-001270,36,Male,Married,Master,Salaried,71160.66,4407.2,704.0,10.5,2,0,29380.97,12,3.69,1,4741.67,2481.49,Own,1,6.7,East,3087.08,0.7432,0.6016,1,No,0,0
CUST-001271,45,Female,Married,Bachelor,Retired,59763.81,874.13,709.0,19.4,1,1,16272.7,60,4.74,1,1607.77,1630.59,Own,1,6.9,West,2126.36,0.1755,0.1484,3,Yes,0,1
CUST-001272,52,Female,Single,Master,Contract,37060.01,754.05,730.0,27.7,5,1,5636.57,12,6.84,1,2613.42,1573.54,Rent,1,26.3,North,1701.39,0.2442,0.4484,3,Yes,0,0
CUST-001273,23,Female,Widowed,High School,Salaried,44704.55,1644.28,741.0,2.1,2,0,13721.77,48,3.03,0,7137.28,4457.61,Rent,1,3.5,North,2599.04,0.4414,0.3813,1,Yes,0,0
CUST-001274,59,Male,Single,Bachelor,Salaried,67504.07,994.22,692.0,39.1,2,2,26094.49,36,5.3,5,800.8,-144.96,Rent,1,24.4,East,1371.22,0.1767,0.5055,2,No,0,0
CUST-001275,40,Female,Single,Associate,Salaried,80165.45,3253.08,735.0,20.3,2,1,22456.22,60,4.78,2,9391.4,2384.28,Own,1,11.1,East,1384.65,0.487,0.4445,2,No,0,1
CUST-001276,50,Female,Single,Master,Salaried,116816.94,610.33,705.0,31.1,1,1,13535.72,36,10.03,2,34868.56,1375.03,Rent,0,15.6,West,7050.54,0.0627,0.3086,0,No,0,0
CUST-001277,49,Male,Single,Master,Self-employed,93000.7,219.28,756.0,28.7,4,1,14365.78,60,2.53,0,16305.03,8706.42,Rent,0,11.8,North,868.61,0.0283,0.2973,1,No,0,0
CUST-001278,25,Male,Married,High School,Salaried,43620.94,650.8,622.0,0.0,4,3,15155.54,48,6.5,0,5802.29,3273.25,Own,3,1.9,Central,2127.41,0.179,0.9471,0,No,0,0
CUST-001279,46,Male,Married,Master,Contract,86300.29,1412.36,766.0,26.5,2,0,36007.04,60,7.81,2,82158.82,10321.67,Own,2,15.3,South,2771.64,0.1964,0.4981,0,No,0,0
CUST-001280,28,Female,Single,High School,Salaried,150628.0,5925.77,771.0,8.1,5,1,17959.68,48,4.89,1,31088.11,-3500.0,Rent,0,4.6,South,4818.13,0.4721,0.3717,1,Yes,0,0
CUST-001281,47,Female,Divorced,Bachelor,Self-employed,81437.77,1447.38,609.0,24.5,0,1,81430.49,36,8.79,1,3444.76,4664.4,Mortgage,0,5.2,Central,3535.44,0.2133,0.2734,1,No,1,1
CUST-001282,58,Male,Married,Associate,Self-employed,44295.94,938.24,741.0,34.7,4,0,9540.19,60,2.5,1,1758.11,1093.69,Rent,1,7.2,Central,2344.28,0.2542,0.1598,1,No,0,0
CUST-001283,18,Male,Single,Associate,Salaried,57953.99,1274.15,643.0,0.0,3,1,84969.26,36,8.15,2,8375.67,1412.42,Own,0,0.0,North,3209.82,0.2638,0.2409,0,No,0,0
CUST-001284,53,Male,Married,Bachelor,Contract,48049.27,1104.82,669.0,33.3,4,2,11739.62,36,8.33,1,1811.87,1500.99,Rent,0,10.0,South,2475.95,0.2759,0.3591,1,No,0,0
CUST-001285,51,Female,Single,Bachelor,Contract,49699.59,1087.19,768.0,31.7,5,0,13023.15,36,2.5,3,22733.16,4165.13,Rent,2,24.9,North,1948.73,0.2625,0.2836,2,No,0,0
CUST-001286,46,Male,Single,Bachelor,Salaried,43574.68,1917.4,662.0,23.7,0,1,18059.66,60,8.7,3,2864.39,4376.07,Other,0,18.8,Central,2692.57,0.528,0.5966,0,No,0,0
CUST-001287,61,Female,Married,High School,Retired,18219.83,522.17,802.0,37.9,4,0,12635.1,48,3.18,0,884.11,380.28,Own,3,39.2,West,1059.07,0.3439,0.4603,0,No,0,0
CUST-001288,39,Male,Single,Associate,Salaried,50890.12,886.7,733.0,17.2,2,1,21338.45,48,7.86,0,1670.88,1527.63,Mortgage,1,12.8,South,1800.64,0.2091,0.1854,0,No,0,0
CUST-001289,43,Female,Married,Bachelor,Retired,76970.54,931.11,653.0,17.9,4,2,29994.84,84,9.74,1,4886.54,7638.28,Rent,2,5.7,West,4319.85,0.1452,0.2691,0,No,0,1
CUST-001290,42,Female,Married,High School,Unemployed,22066.93,733.04,688.0,21.8,1,1,22309.13,60,7.03,3,858.68,1234.85,Rent,0,1.7,South,746.67,0.3986,0.5077,2,No,0,0
CUST-001291,40,Female,Married,Master,Self-employed,101022.41,1098.27,705.0,16.7,1,0,11367.21,84,7.3,0,5997.82,5009.48,Mortgage,2,8.7,East,4739.64,0.1305,0.3573,0,No,0,0
CUST-001292,39,Female,Married,Bachelor,Contract,30622.36,997.14,672.0,13.6,3,3,27289.37,60,10.28,2,1615.21,-1067.55,Mortgage,1,11.9,Central,1041.09,0.3907,0.5357,0,Yes,0,0
CUST-001293,55,Female,Single,Master,Salaried,72173.67,2587.87,664.0,32.0,2,0,25038.45,36,10.99,1,9453.19,875.49,Own,0,6.7,Central,1584.9,0.4303,0.3908,1,No,0,0
CUST-001294,36,Male,Married,High School,Unemployed,15229.7,660.34,710.0,11.1,2,2,5655.88,12,10.25,2,1550.81,-253.16,,1,,East,1180.74,0.5203,0.7273,2,Yes,1,0
CUST-001295,34,Male,Married,High School,Unemployed,10036.25,164.29,719.0,13.0,1,0,20437.86,72,3.66,0,1651.63,503.57,Own,2,1.0,North,655.89,0.1964,0.2628,0,No,0,0
CUST-001296,36,Male,Married,Master,Salaried,54638.13,907.14,728.0,15.4,7,1,3443.91,72,4.62,0,4997.69,7996.51,Rent,2,6.3,West,1109.67,0.1992,0.7981,1,No,0,0
CUST-001297,34,Male,Divorced,Bachelor,Salaried,54007.83,840.97,686.0,12.9,3,0,9798.6,60,6.79,4,2105.61,5450.7,Mortgage,0,2.1,South,1079.91,0.1869,0.4878,1,No,1,0
CUST-001298,46,Female,Married,Bachelor,Salaried,43117.25,622.62,753.0,12.3,6,0,10220.48,36,2.5,1,54831.06,1778.85,Mortgage,3,10.3,Central,2534.18,0.1733,0.6523,2,No,0,0
CUST-001299,33,Male,Married,Bachelor,Salaried,78972.67,1221.02,737.0,10.7,2,1,9023.28,48,3.8,2,11673.29,8582.21,Own,2,7.9,South,4854.74,0.1855,0.464,1,No,0,0
CUST-001300,34,Female,Single,Associate,Self-employed,35352.14,714.55,695.0,11.1,2,0,10918.07,60,4.51,1,6151.4,3566.35,Mortgage,0,11.2,West,818.68,0.2425,0.251,0,No,0,0
CUST-001301,18,Male,Single,Associate,Salaried,45247.34,1731.76,680.0,0.0,4,0,13477.69,48,8.39,0,9735.33,638.38,Mortgage,0,0.0,South,1804.46,0.4593,0.4582,3,No,0,1
CUST-001302,39,Male,Married,Bachelor,Salaried,55799.04,2946.89,686.0,18.4,5,1,24336.87,84,9.26,2,1371.29,-965.13,Rent,3,6.4,North,2660.1,0.6337,0.5002,0,No,0,0
CUST-001303,45,Female,Married,Bachelor,Salaried,22715.14,594.62,663.0,25.2,2,0,17537.94,60,7.92,4,7689.36,1948.87,Mortgage,0,11.4,South,1448.54,0.3141,0.1516,0,No,0,0
CUST-001304,42,Male,Married,High School,Retired,17837.03,896.53,705.0,21.2,7,0,9929.53,36,5.83,3,1760.98,935.28,Mortgage,1,14.2,Central,402.29,0.6031,0.3111,3,No,0,0
CUST-001305,25,Male,Single,Doctorate,Retired,,1683.44,697.0,3.1,1,1,5157.62,36,4.45,1,6500.44,2334.57,Mortgage,0,0.7,Central,2657.91,0.4093,0.1653,0,No,0,0
CUST-001306,26,Female,Married,Bachelor,Salaried,97463.16,2073.24,721.0,1.7,3,1,8893.81,36,6.23,0,,-599.8,Rent,0,3.4,Central,3159.85,0.2553,0.8284,0,No,0,0
CUST-001307,24,Male,Married,Master,Contract,,1206.26,726.0,3.0,7,0,11852.44,60,6.18,2,3714.24,1862.21,Rent,0,3.2,Central,936.62,0.5098,0.4442,0,Yes,0,0
CUST-001308,40,Female,Married,Master,Self-employed,83289.35,2382.78,714.0,18.9,2,1,23254.05,48,5.9,0,5141.48,6475.72,Mortgage,4,7.8,Central,3922.05,0.3433,0.6912,1,Yes,0,0
CUST-001309,20,Female,Married,Bachelor,Salaried,26429.45,639.15,687.0,0.0,2,1,51564.9,60,4.82,1,3085.75,-1791.88,Rent,2,0.4,West,1037.66,0.2902,0.4203,2,No,0,0
CUST-001310,28,Female,Single,Bachelor,Salaried,75249.04,2821.8,616.0,4.7,4,2,22963.35,36,12.1,1,4575.71,8635.08,Other,0,4.5,South,1571.79,0.45,0.5897,0,No,1,0
CUST-001311,73,Female,Divorced,Master,Self-employed,94338.95,4050.97,695.0,50.0,5,1,21713.35,60,5.81,1,5011.91,6261.14,Mortgage,1,12.4,North,2562.21,0.5153,0.8049,0,No,0,0
CUST-001312,41,Female,Single,Master,Salaried,61315.66,1965.43,653.0,18.6,3,2,35575.73,36,6.55,4,2436.02,6231.25,Other,3,9.1,South,3449.11,0.3847,0.3704,2,No,0,0
CUST-001313,33,Male,Single,High School,Contract,75137.94,3097.96,661.0,9.9,8,1,40369.38,72,7.55,4,,18641.47,Mortgage,0,13.6,West,2867.07,0.4948,0.3495,1,No,0,0
CUST-001314,37,Male,Single,High School,Contract,44515.36,841.15,736.0,18.8,2,0,15123.6,36,6.39,1,914.53,-3406.23,Own,0,4.6,West,2112.81,0.2267,0.1763,1,No,0,1
CUST-001315,41,Female,Single,Master,Self-employed,89176.12,1582.77,530.0,16.1,6,2,29193.9,24,14.38,2,1004.51,1917.47,Own,0,9.9,North,4106.2,0.213,0.5396,0,Yes,1,0
CUST-001316,58,Female,Single,Doctorate,Salaried,91979.59,1832.27,697.0,33.5,3,1,23011.19,84,7.41,0,4272.11,,Own,0,33.6,West,5377.68,0.239,0.7046,2,Yes,0,0
CUST-001317,49,Female,Single,Bachelor,Salaried,97151.64,1704.83,568.0,26.4,3,2,6782.64,60,13.68,1,291464.16,8148.54,Other,0,6.6,South,4539.2,0.2106,0.7965,0,No,0,0
CUST-001318,41,Male,Married,High School,Contract,33167.26,565.27,541.0,22.5,1,4,19301.91,36,13.92,0,1555.61,3262.44,,1,2.8,Central,1270.42,0.2045,0.7067,2,No,1,1
CUST-001319,54,Female,Single,Master,Salaried,77704.58,1517.91,670.0,26.9,2,0,10423.26,60,8.78,1,19912.96,6749.71,Own,0,,East,3592.62,0.2344,0.1847,0,No,0,0
CUST-001320,38,Male,Married,Bachelor,Retired,21877.35,379.29,715.0,16.6,4,0,38917.39,36,5.68,0,781.54,1906.17,Rent,0,7.1,Central,586.6,0.208,0.1152,0,No,0,0
CUST-001321,41,Male,Single,Master,Salaried,74620.83,1173.26,712.0,17.7,3,1,12113.42,60,8.18,0,2092.94,7793.3,Rent,1,19.8,North,3061.33,0.1887,0.344,1,No,0,0
CUST-001322,37,Female,Single,Associate,Salaried,35358.5,495.89,728.0,15.0,2,0,43582.87,36,2.5,1,7705.62,3139.23,Own,0,7.9,East,1214.97,0.1683,0.3711,1,Yes,0,0
CUST-001323,48,Female,Married,High School,Self-employed,54914.09,912.37,621.0,27.9,5,0,36513.99,36,6.61,2,12329.08,2423.7,Rent,2,20.7,Central,1038.91,0.1994,0.8875,1,Yes,0,0
CUST-001324,40,Female,Single,Bachelor,Retired,25216.04,1220.29,733.0,18.2,1,1,11004.8,60,7.69,0,4810.44,1576.52,Mortgage,0,4.7,East,721.61,0.5807,0.7329,3,No,1,0
CUST-001325,39,Male,Married,Doctorate,Contract,40937.75,769.49,671.0,17.9,3,3,18408.75,48,7.58,1,381.65,4739.69,Rent,1,9.3,East,1282.19,0.2256,0.357,3,No,0,0
CUST-001326,51,Female,Widowed,High School,Self-employed,34787.06,585.79,686.0,31.2,1,2,12907.39,36,7.35,0,2861.72,-1871.59,Mortgage,0,27.7,South,1144.22,0.2021,0.6348,0,No,0,0
CUST-001327,41,Male,Married,Bachelor,Salaried,43457.26,1058.91,664.0,21.4,2,1,26470.55,72,7.86,3,615.21,1759.45,Rent,0,6.7,North,2394.47,0.2924,0.6276,3,No,0,0
CUST-001328,42,Female,Single,Bachelor,Salaried,37082.04,733.98,690.0,19.3,3,0,20203.67,36,4.56,0,17352.87,-733.38,Mortgage,1,12.5,East,1179.86,0.2375,0.3118,0,No,0,0
CUST-001329,18,Male,Divorced,Bachelor,Self-employed,81779.3,432.89,677.0,0.0,6,1,9498.64,60,10.05,3,3915.45,631.66,Rent,1,0.0,South,5013.61,0.0635,0.7366,2,No,0,1
CUST-001330,36,Female,Single,Bachelor,Salaried,48794.65,1149.61,678.0,13.7,1,3,29801.07,36,4.11,2,17520.09,4211.28,Own,0,2.5,East,2751.33,0.2827,0.7555,3,No,0,1
CUST-001331,39,Female,Married,Bachelor,Salaried,94703.63,4735.71,682.0,20.4,0,0,15127.29,36,4.64,0,6611.19,3325.57,Rent,3,7.1,South,2876.43,0.6001,0.5667,1,No,0,0
CUST-001332,57,Male,Married,High School,Salaried,30931.27,574.09,731.0,34.6,3,0,35938.37,60,2.68,2,4586.54,1028.58,Mortgage,1,14.6,South,1179.41,0.2227,0.2917,1,No,0,0
CUST-001333,18,Male,Widowed,Associate,Contract,100768.04,3407.65,665.0,0.0,3,1,21544.28,84,7.13,2,5627.37,661.58,Own,0,0.0,East,2456.32,0.4058,0.7854,1,No,0,1
CUST-001334,48,Male,Widowed,High School,Salaried,94194.76,1543.13,723.0,29.4,2,0,23629.41,36,7.87,2,7541.8,-3500.0,Own,0,7.0,East,1369.23,0.1966,0.2509,2,No,0,0
CUST-001335,46,Female,Single,Associate,Retired,49798.94,347.09,688.0,25.4,1,0,13843.73,60,10.1,0,6421.63,5899.03,Mortgage,0,18.7,East,1475.04,0.0836,,1,Yes,0,0
CUST-001336,39,Male,Married,Bachelor,Salaried,56012.87,1259.97,672.0,13.1,1,1,6363.88,36,8.58,1,2989.32,2236.38,Rent,2,1.6,West,2062.6,0.2699,0.6378,2,No,0,0
CUST-001337,38,Female,Married,High School,Salaried,54639.39,994.57,611.0,12.6,1,1,16752.11,48,7.65,0,604.18,5101.68,Mortgage,0,9.2,South,2383.32,0.2184,0.3837,0,Yes,0,0
CUST-001338,41,Male,Married,Associate,Contract,162197.46,594.04,673.0,15.6,2,1,13397.26,36,7.29,2,4926.48,2632.97,Rent,1,2.8,Central,1592.55,0.1984,0.4719,1,No,0,0
CUST-001339,54,Male,Single,Bachelor,Self-employed,80129.19,750.12,733.0,34.7,7,0,19404.87,60,3.14,3,5257.38,3567.54,Mortgage,1,4.4,West,4323.29,0.1123,0.7676,0,No,0,0
CUST-001340,55,Female,Single,High School,Salaried,94500.09,2435.41,760.0,28.0,4,0,27410.8,60,2.5,0,20666.55,9502.12,Rent,0,,West,4262.04,0.3093,0.4802,2,Yes,0,0
CUST-001341,44,Male,Single,Bachelor,Retired,63355.26,1969.17,758.0,20.1,2,0,39480.49,24,6.51,2,12183.05,1692.28,Mortgage,1,13.8,South,1602.44,0.373,0.4845,1,No,0,0
CUST-001342,52,Male,Married,Master,Salaried,40837.66,1667.96,750.0,28.8,6,0,38513.76,36,6.01,2,738.22,3191.89,Rent,1,5.7,Central,2524.06,0.4901,0.5688,0,No,0,0
CUST-001343,55,Female,Single,High School,Salaried,42908.46,2436.79,688.0,28.5,2,1,8658.99,60,4.43,1,4581.43,2165.41,Rent,0,11.6,West,2119.82,0.6815,0.1829,2,No,0,1
CUST-001344,26,Male,Divorced,Master,Self-employed,100032.52,1649.59,714.0,3.9,5,1,6324.95,36,5.34,2,5881.88,-3500.0,Rent,2,3.0,North,3643.97,0.1979,0.4334,2,No,0,0
CUST-001345,46,Male,Single,Bachelor,Salaried,53662.1,1624.78,706.0,25.5,2,0,13312.04,60,3.62,0,1951.34,12659.78,Mortgage,0,19.0,West,2339.47,0.3633,0.1635,1,No,0,0
CUST-001346,35,Male,Married,High School,Salaried,41320.26,1038.53,704.0,11.3,9,0,20834.51,36,4.62,2,1581.0,6736.44,Mortgage,0,10.9,Central,1259.29,0.3016,0.4036,3,No,0,0
CUST-001347,43,Male,Married,Bachelor,Salaried,,5144.33,839.0,19.4,5,0,18619.97,84,4.37,2,14501.76,6369.28,Own,1,6.6,South,2858.46,0.5238,0.4737,2,No,0,0
CUST-001348,48,Female,Married,Master,Salaried,43255.2,1616.86,722.0,22.2,3,0,75092.21,36,8.89,0,4919.32,1775.36,Mortgage,0,19.9,North,3096.75,0.4486,0.6574,3,No,0,0
CUST-001349,32,Male,Married,Bachelor,Salaried,82297.29,1193.12,709.0,8.0,3,1,35167.32,24,2.5,0,11939.61,40.29,Mortgage,2,0.9,Central,3942.58,0.174,0.7806,0,Yes,0,0
CUST-001350,48,Female,Single,Master,Contract,123921.28,3832.5,646.0,27.1,4,1,7086.92,36,4.24,5,2517.77,1939.59,Rent,1,8.8,East,5402.97,0.3711,0.4957,0,No,0,0
CUST-001351,48,Male,Divorced,Associate,Salaried,45988.42,610.61,684.0,24.0,5,0,7327.19,36,9.35,3,,-151.17,Own,0,22.3,South,2150.13,0.1593,0.4666,2,No,0,0
CUST-001352,39,Male,Married,Associate,Salaried,81243.36,1091.02,783.0,16.8,1,1,14836.1,60,2.5,0,1957.87,2598.09,Mortgage,1,7.2,North,2523.47,0.1611,0.6682,0,Yes,0,0
CUST-001353,40,Female,Single,Bachelor,Retired,51422.01,1610.58,779.0,19.1,6,0,20176.36,24,3.33,0,8563.38,1.08,Mortgage,0,7.3,East,2564.72,0.3758,0.0357,1,No,0,0
CUST-001354,43,Female,Married,Associate,Contract,29240.4,705.22,726.0,17.2,1,0,25452.29,60,5.73,3,5525.6,1563.27,Own,1,16.5,South,1005.82,0.2894,0.2317,2,No,0,0
CUST-001355,52,Female,Divorced,High School,Self-employed,97255.28,575.21,682.0,28.8,3,0,18471.6,60,4.14,4,12953.15,-3068.28,Mortgage,2,1.2,Central,5356.65,0.071,0.0407,2,Yes,0,0
CUST-001356,47,Male,Married,High School,Salaried,47648.42,2293.46,702.0,26.1,4,0,39783.6,48,7.15,4,2621.36,3779.34,Rent,2,9.2,South,2444.09,0.5776,0.7567,2,No,0,0
CUST-001357,43,Non-binary,Widowed,Bachelor,Contract,61400.15,2416.62,733.0,22.4,3,2,11834.91,36,3.87,3,10390.81,1630.95,Own,0,4.8,West,2502.13,0.4723,0.4729,0,No,0,0
CUST-001358,53,Female,Single,High School,Unemployed,19225.89,468.98,745.0,34.6,3,0,40289.34,60,8.29,1,1809.28,100.28,Mortgage,2,1.4,Central,516.89,0.2927,0.7092,0,No,0,0
CUST-001359,42,Male,Married,Master,Salaried,33193.85,350.46,703.0,15.0,3,0,31616.0,24,5.34,1,9847.4,62.45,Rent,2,12.5,North,1043.02,0.1267,0.2785,0,No,0,0
CUST-001360,44,Female,Single,Bachelor,Salaried,55690.38,1635.24,651.0,20.1,3,3,87410.78,60,11.01,1,7474.27,128.43,Rent,0,9.8,North,2346.01,0.3524,0.3624,2,No,1,1
CUST-001361,44,Male,Single,Doctorate,Salaried,69380.51,1432.46,697.0,25.1,4,0,24500.8,48,8.14,1,20376.92,4152.11,Mortgage,0,16.0,North,3220.6,0.2478,0.525,2,No,0,0
CUST-001362,36,Male,Married,Master,Salaried,73005.01,1863.92,776.0,10.6,2,0,26863.22,36,8.98,1,11967.44,2529.52,Own,1,4.8,Central,2828.56,0.3064,0.2172,1,No,0,0
CUST-001363,21,Female,Married,High School,Contract,110831.06,3519.25,805.0,0.0,1,0,15832.46,12,3.58,1,10438.33,1251.42,Mortgage,2,1.8,West,6302.57,0.381,0.2891,0,Yes,0,0
CUST-001364,36,Male,Married,High School,Contract,65367.95,1318.9,738.0,14.9,3,0,19615.91,60,6.35,0,31511.31,5283.46,Mortgage,1,2.5,North,3167.0,0.2421,0.7838,0,No,0,1
CUST-001365,43,Female,Single,High School,Self-employed,66223.79,774.82,,22.8,1,0,11860.99,24,4.84,0,9920.93,2625.39,Mortgage,0,5.9,North,1979.94,0.1404,0.4237,0,No,0,0
CUST-001366,44,Male,Married,Bachelor,Contract,54615.08,2809.1,667.0,20.5,1,1,22145.37,60,7.29,4,2195.9,4482.54,Mortgage,0,5.7,East,2160.89,0.6172,0.4245,2,No,0,0
CUST-001367,49,Male,Single,Associate,Salaried,118066.37,1847.28,609.0,26.0,3,4,19930.17,48,9.2,1,42069.28,10171.97,Mortgage,0,19.8,South,6475.75,0.1878,0.6888,3,No,1,0
CUST-001368,51,Male,Married,Master,Unemployed,22720.21,1078.83,707.0,31.2,6,2,22626.11,60,3.79,3,4614.54,-128.16,Mortgage,0,3.2,East,350.0,0.5698,0.3462,0,No,0,0
CUST-001369,45,Male,Single,Associate,Salaried,23941.89,1405.01,541.0,26.0,1,5,25667.78,60,9.33,3,0.0,-1134.83,Other,1,8.2,South,1601.93,0.7042,0.966,2,No,1,1
CUST-001370,45,Male,Married,Associate,Unemployed,16519.01,268.2,738.0,21.5,1,1,20375.33,84,4.88,0,6798.31,1252.33,Rent,0,0.6,Central,412.29,0.1948,0.3329,2,No,0,0
CUST-001371,48,Male,Divorced,Associate,Salaried,66116.3,1698.48,704.0,27.7,2,2,21104.71,72,6.25,1,16994.23,-1676.58,Rent,0,9.2,South,2664.43,0.3083,0.1384,2,No,0,0
CUST-001372,46,Male,Married,High School,Contract,57030.28,834.62,709.0,23.2,5,1,15361.43,60,4.75,3,1633.38,7136.09,Mortgage,1,24.1,Central,2954.47,0.1756,0.3518,0,No,0,0
CUST-001373,53,Male,Divorced,Doctorate,Self-employed,70166.48,1836.83,646.0,32.8,1,2,13448.26,36,6.69,0,49718.87,4805.12,Own,0,2.9,Central,3199.55,0.3141,0.637,2,No,0,0
CUST-001374,65,Male,Married,Bachelor,Self-employed,45915.16,1513.89,727.0,45.5,3,0,7227.39,48,4.36,2,1443.89,3167.93,Mortgage,0,20.2,Central,868.19,0.3957,0.3806,1,No,0,0
CUST-001375,20,Non-binary,Single,Associate,Salaried,31981.2,1549.42,602.0,0.0,1,4,6403.82,48,12.04,0,2519.27,1061.5,Mortgage,1,0.7,South,403.98,0.5814,0.3802,1,No,0,0
CUST-001376,34,Male,Married,Bachelor,Salaried,37190.43,1631.85,665.0,4.1,4,1,29133.21,48,7.3,1,1338.61,2901.6,Rent,0,3.0,Central,1465.05,0.5265,0.5507,0,Yes,0,0
CUST-001377,46,Male,Married,Bachelor,Self-employed,36917.08,982.22,762.0,26.9,2,0,17259.5,60,2.5,1,3895.21,7594.22,Mortgage,2,,Central,2555.5,0.3193,0.1777,0,No,0,0
CUST-001378,30,Female,Married,High School,Contract,42639.16,1319.01,741.0,5.6,4,0,10454.4,60,2.57,2,13678.81,5079.37,Rent,2,0.4,East,1088.22,0.3712,0.465,0,No,0,0
CUST-001379,49,Non-binary,Married,Master,Retired,28028.96,1274.69,573.0,26.0,4,4,13396.1,60,11.84,1,3301.84,413.4,Mortgage,4,12.3,North,1326.94,0.5457,0.7258,1,No,1,1
CUST-001380,34,Male,Single,High School,Self-employed,35965.39,776.21,717.0,12.7,1,1,31885.07,36,6.63,0,8410.77,3615.35,Rent,0,7.6,West,1235.12,0.259,0.6524,1,No,0,0
CUST-001381,43,Female,Single,High School,Salaried,47287.56,801.25,727.0,22.6,1,0,10060.68,60,5.52,0,8090.55,2732.9,Mortgage,1,5.3,North,1214.38,0.2033,0.3856,0,Yes,0,0
CUST-001382,41,Male,Married,High School,Self-employed,58364.31,688.72,705.0,18.3,4,3,48321.45,48,4.66,1,2436.04,3854.01,Rent,1,4.6,West,3255.39,0.1416,0.2983,2,No,0,0
CUST-001383,40,Female,Divorced,Associate,Salaried,47489.61,1960.64,692.0,15.4,3,1,98552.96,60,7.14,5,2643.95,807.64,Mortgage,1,5.8,East,1261.56,0.4954,0.4169,2,Yes,0,0
CUST-001384,37,Female,Married,Bachelor,Salaried,68187.28,3444.83,768.0,18.3,0,0,83452.76,84,9.03,3,23129.48,-3006.69,Mortgage,1,6.4,West,3123.79,0.6062,0.4104,2,No,0,0
CUST-001385,37,Female,Single,Bachelor,Salaried,39507.18,764.08,630.0,16.7,4,1,202359.1,24,9.58,1,7160.67,991.72,Rent,1,9.4,East,841.31,0.2321,0.8428,2,No,1,1
CUST-001386,43,Male,Divorced,Associate,Salaried,43103.32,980.74,710.0,19.1,1,1,20145.49,48,3.39,4,180.48,-737.98,Mortgage,0,7.2,North,2389.92,0.273,0.2445,2,No,0,0
CUST-001387,54,Male,Divorced,Master,Retired,62028.26,1240.22,708.0,33.4,8,1,9359.45,48,3.75,0,3062.22,-3500.0,Rent,0,11.2,North,2202.7,0.2399,0.6877,1,No,0,0
CUST-001388,28,Male,Single,Master,Salaried,93816.48,5055.61,647.0,6.2,0,1,12374.35,60,7.15,2,1592.66,-3500.0,Rent,0,0.7,West,3161.51,0.6467,0.8825,1,No,1,0
CUST-001389,49,Male,Married,Bachelor,Contract,51843.01,1276.65,735.0,28.1,4,1,29805.42,12,4.89,1,2864.88,8068.58,Mortgage,0,,West,2502.1,0.2955,0.4976,0,Yes,0,0
CUST-001390,18,Female,Married,High School,Salaried,51387.92,1295.15,,0.0,6,0,15721.37,60,7.07,2,32200.75,3430.55,Mortgage,1,,East,2394.28,0.3024,0.5724,1,No,0,0
CUST-001391,18,Male,Married,Bachelor,Salaried,89599.65,3518.12,646.0,0.0,3,2,26035.57,60,7.79,4,760.42,1490.82,Own,0,0.0,West,3906.39,0.4712,0.5575,2,No,0,0
CUST-001392,55,Female,Single,Bachelor,Contract,89175.59,1788.37,743.0,34.9,3,0,32835.4,60,6.02,4,10899.7,17.93,Rent,0,4.3,South,3155.37,0.2407,0.7806,1,No,0,0
CUST-001393,35,Male,Single,Associate,Unemployed,15549.26,368.17,715.0,14.2,1,2,50547.85,48,3.52,1,1515.76,785.67,Own,0,0.6,South,666.16,0.2841,0.3174,0,No,0,0
CUST-001394,40,Male,Married,,Self-employed,121776.96,1865.3,636.0,13.0,0,2,66308.82,48,7.19,4,20163.48,1192.05,Rent,1,9.0,West,4125.1,0.1838,0.8011,1,No,0,0
CUST-001395,39,Female,Single,Master,Salaried,22473.05,510.17,728.0,16.9,1,0,9916.67,36,7.24,2,3173.67,8.51,Other,1,3.8,East,1095.69,0.2724,0.4192,0,Yes,0,0
CUST-001396,35,Male,Divorced,Bachelor,Contract,34945.97,914.93,730.0,10.2,1,1,14360.1,36,4.7,2,3638.42,6480.53,Own,0,5.7,West,372.18,0.3142,0.5998,1,No,0,0
CUST-001397,33,Male,Married,Bachelor,Contract,142297.69,3150.36,701.0,10.6,2,1,10977.76,60,6.72,0,16373.06,15037.7,Mortgage,1,8.8,South,5251.61,0.2657,0.1262,1,No,0,0
CUST-001398,44,Male,Married,Master,Salaried,419557.88,2406.48,704.0,20.9,4,1,7540.63,24,8.3,2,14394.8,,Mortgage,0,10.5,Central,4959.08,0.3043,0.9109,2,No,1,0
CUST-001399,32,Male,Married,Master,Contract,31710.06,611.61,646.0,12.2,5,1,16454.83,24,8.63,0,941.92,2461.11,Rent,0,3.0,Central,1074.98,0.2315,0.5874,1,No,0,0
CUST-001400,38,Male,Married,Bachelor,Self-employed,60384.85,1386.17,699.0,15.3,2,1,46433.25,36,6.8,2,28083.2,5536.9,Rent,2,7.6,South,1994.04,0.2755,0.8446,3,No,0,1
CUST-001401,39,Female,Married,High School,Self-employed,26331.8,1032.55,694.0,16.0,4,0,13826.78,60,7.72,1,1314.77,2094.42,Rent,2,4.3,North,1907.37,0.4706,0.4773,1,No,0,0
CUST-001402,56,Male,Married,Associate,Contract,40406.9,2261.57,795.0,37.5,7,0,64142.16,24,3.29,5,5956.84,-324.7,Mortgage,1,24.1,North,2136.61,0.6716,0.6996,2,Yes,0,0
CUST-001403,26,Male,Married,Bachelor,Contract,20611.66,1009.27,644.0,7.8,5,1,38398.36,12,9.95,1,1440.81,1450.2,Rent,5,7.1,East,1565.55,0.5876,0.6257,1,No,1,1
CUST-001404,48,Male,Married,High School,Self-employed,59056.35,1288.26,677.0,26.9,5,1,44293.15,60,7.05,4,0.0,-2883.3,Mortgage,0,16.9,West,3678.35,0.2618,0.3937,3,Yes,0,0
CUST-001405,32,Male,Married,Bachelor,Salaried,38184.17,2113.57,702.0,12.3,0,0,23221.49,24,6.14,0,945.21,916.36,Rent,0,3.4,West,1386.72,0.6642,0.8438,1,No,0,0
CUST-001406,38,Female,Single,High School,Salaried,24970.26,789.19,705.0,18.1,3,1,14423.95,60,3.68,1,0.0,912.13,Mortgage,2,7.2,South,1946.94,0.3793,0.5926,0,No,0,0
CUST-001407,64,Male,Married,Master,Contract,105446.09,1208.52,723.0,31.5,7,0,8258.16,24,3.86,2,36624.06,-3500.0,Mortgage,1,19.3,West,4713.88,0.1375,0.8253,3,No,0,0
CUST-001408,33,Male,Married,High School,Salaried,57642.37,1311.7,630.0,0.0,5,0,29076.3,24,9.45,0,16157.66,929.63,Rent,1,4.8,East,2883.21,0.2731,0.2233,0,No,1,0
CUST-001409,52,Non-binary,Married,High School,Self-employed,35134.73,1361.09,717.0,26.7,3,0,15845.12,72,6.2,1,1998.73,2177.57,Mortgage,1,27.6,West,1518.52,0.4649,0.3844,0,No,0,0
CUST-001410,18,Female,Divorced,High School,Salaried,51400.13,1107.14,725.0,0.0,1,0,50075.98,60,6.38,2,11712.47,7801.63,Rent,1,0.0,Central,1487.31,0.2585,0.4446,0,No,0,0
CUST-001411,28,Male,Single,Bachelor,Salaried,51693.72,515.67,713.0,5.1,4,0,10269.32,24,6.27,1,45246.4,-3500.0,Mortgage,0,7.8,West,2148.72,0.1197,0.8106,1,No,0,0
CUST-001412,34,Male,Married,Master,Contract,22551.03,287.91,711.0,15.2,3,0,38953.14,60,7.63,1,855.85,710.96,Rent,2,3.0,East,534.64,0.1532,0.2851,0,No,0,0
CUST-001413,44,Female,Married,High School,Contract,106920.27,2284.13,763.0,22.6,2,0,23184.89,36,5.84,0,5424.73,16763.07,Own,2,9.8,East,4252.21,0.2564,0.83,2,Yes,0,0
CUST-001414,21,Male,Single,Bachelor,Salaried,58108.14,878.72,732.0,0.4,6,1,22183.46,60,4.3,0,12470.32,2538.96,Rent,1,1.3,North,2070.56,0.1815,,1,No,0,0
CUST-001415,47,Female,Single,Bachelor,Salaried,56446.16,1428.25,755.0,23.1,5,0,24446.06,36,4.66,1,30577.69,3201.21,Rent,1,9.9,West,1737.0,0.3036,0.186,1,No,0,0
CUST-001416,33,Male,Married,High School,Contract,20337.83,959.59,682.0,11.8,2,2,22969.21,72,6.89,4,0.0,1978.7,Other,1,3.9,East,372.93,0.5662,0.8104,2,No,0,1
CUST-001417,30,Non-binary,Married,Doctorate,Salaried,111323.26,1225.34,,10.6,1,0,5810.61,60,6.85,1,8111.34,15519.47,Rent,1,4.3,West,4274.19,0.1321,0.4252,2,No,0,0
CUST-001418,54,Female,Married,Bachelor,Retired,100345.51,2560.49,729.0,35.9,5,0,8408.43,48,5.48,1,24416.78,2989.79,Mortgage,1,10.7,East,1193.87,0.3062,0.4772,1,No,0,0
CUST-001419,47,Male,Married,Doctorate,Unemployed,77015.12,3808.97,699.0,27.8,5,1,20931.13,36,10.65,2,5746.53,16187.6,Rent,0,1.8,Central,3571.69,0.5935,0.2665,0,No,0,1
CUST-001420,29,Male,Widowed,Associate,Contract,42209.82,1771.38,701.0,8.9,2,2,14692.44,72,5.77,0,4049.12,-1102.77,Own,0,0.8,Central,2126.79,0.5036,0.6749,2,No,0,0
CUST-001421,38,Male,Single,Bachelor,Salaried,47162.51,935.76,713.0,13.4,6,0,11055.84,48,2.5,1,409.76,-2558.11,Rent,0,8.6,East,2150.33,0.2381,0.1146,1,Yes,0,0
CUST-001422,41,Female,Married,High School,Salaried,22378.61,275.48,501.0,21.4,1,3,6061.13,72,14.23,1,0.0,2342.94,Mortgage,1,,North,1208.3,0.1477,0.8724,1,No,1,1
CUST-001423,46,Female,Divorced,Bachelor,Salaried,47913.61,1499.51,710.0,22.1,5,0,89233.5,36,2.5,1,6184.57,4013.34,Rent,0,8.2,South,1305.78,0.3756,0.4001,3,No,0,0
CUST-001424,62,Female,Single,High School,Contract,16893.1,707.89,692.0,40.3,1,0,18228.96,60,2.79,0,974.5,1100.27,Mortgage,1,22.4,South,841.55,0.5028,0.2722,0,No,0,0
CUST-001425,22,Female,Married,Master,Salaried,68746.37,2093.2,693.0,2.6,4,0,11968.83,48,6.19,4,598.42,2797.03,Rent,3,2.5,West,2441.72,0.3654,0.7384,1,No,0,0
CUST-001426,65,Male,Married,Bachelor,Self-employed,95923.56,3271.65,770.0,44.6,3,0,29894.08,60,3.95,1,20598.22,-1287.87,Own,0,34.1,West,5080.81,0.4093,0.5729,0,No,0,1
CUST-001427,36,Male,Married,Bachelor,Salaried,32468.75,1007.05,670.0,13.9,1,1,30617.29,60,7.78,1,,2099.76,Rent,1,6.5,East,1658.61,0.3722,0.1843,2,No,0,0
CUST-001428,40,Male,Single,Bachelor,Self-employed,42651.56,1197.87,742.0,21.3,3,1,31719.97,36,6.2,0,12637.2,6280.59,Mortgage,0,5.4,North,1663.4,0.337,0.4497,1,No,0,0
CUST-001429,31,Female,Married,Associate,Unemployed,8343.72,453.07,585.0,11.9,6,3,55249.21,48,10.51,3,0.0,227.02,Own,1,,West,723.01,0.6516,0.332,3,No,1,0
CUST-001430,41,Female,Married,High School,Salaried,,2414.45,669.0,19.4,8,2,24923.49,72,3.85,1,21054.98,-426.14,Rent,1,4.0,South,4141.79,0.3352,0.385,1,Yes,0,0
CUST-001431,32,Female,Single,Master,Salaried,83835.8,2247.3,722.0,9.5,6,0,24372.27,48,4.72,0,17638.26,1341.42,Own,1,3.7,South,4456.74,0.3217,0.483,0,No,0,0
CUST-001432,38,Female,Married,Bachelor,Contract,80784.47,2979.91,754.0,17.8,1,1,25877.98,60,2.5,1,1472.46,9356.22,Mortgage,4,13.2,South,2832.02,0.4426,0.1924,1,No,0,0
CUST-001433,42,Male,Single,Master,Salaried,39381.99,667.03,697.0,16.7,4,1,34932.37,36,3.57,4,2475.37,,Mortgage,2,11.5,West,1835.98,0.2032,0.5427,4,No,0,0
CUST-001434,41,Female,Single,Bachelor,Self-employed,83407.96,724.43,700.0,18.4,2,0,4512.75,60,4.1,0,12443.08,3843.33,Rent,1,3.8,North,4266.91,0.1042,0.465,2,Yes,0,0
CUST-001435,75,Female,Married,Doctorate,Unemployed,10881.25,507.72,523.0,50.0,1,3,126037.84,60,13.86,2,6828.24,83.23,Mortgage,2,0.9,South,707.47,0.5599,0.8335,2,No,1,1
CUST-001436,55,Male,Married,Associate,Salaried,42193.23,717.7,685.0,34.0,5,0,28316.42,48,3.3,3,3566.9,8597.71,Mortgage,3,7.0,Central,1244.25,0.2041,0.6592,3,No,0,0
CUST-001437,44,Male,Single,Bachelor,Salaried,107545.96,1513.26,781.0,21.0,2,0,40983.07,72,4.27,5,3934.93,7136.75,Own,0,14.6,Central,2789.7,0.1689,0.6931,2,No,0,0
CUST-001438,42,Female,Married,High School,Self-employed,82047.49,1912.83,818.0,13.6,4,0,12963.03,36,3.81,6,7065.28,4815.88,Rent,1,,Central,3486.42,0.2798,0.2591,2,No,0,0
CUST-001439,61,Female,Married,High School,Salaried,22389.03,302.12,697.0,38.2,1,0,16354.17,36,10.87,1,870.15,2111.61,Own,3,6.1,West,1271.56,0.1619,0.1209,2,No,0,0
CUST-001440,53,Male,Married,High School,Unemployed,19971.55,269.21,654.0,32.9,1,2,11825.67,72,5.1,1,635.48,495.76,Own,1,1.3,East,1080.85,0.1618,0.5547,0,No,0,1
CUST-001441,38,Female,Divorced,Doctorate,Contract,196989.13,9839.89,570.0,18.1,2,2,51931.81,36,10.91,1,9552.54,-3361.01,Mortgage,1,8.7,West,8819.23,0.5994,0.947,0,No,1,1
CUST-001442,39,Female,Single,Bachelor,Salaried,51668.49,860.01,665.0,12.2,3,1,12954.37,48,7.3,2,10338.74,-189.1,Mortgage,1,3.1,South,1189.84,0.1997,0.2089,1,No,0,0
CUST-001443,62,Male,Single,Associate,Unemployed,15930.85,733.34,641.0,42.9,1,1,14957.06,36,7.67,1,735.72,614.23,Own,0,5.3,Central,611.27,0.5524,0.2466,1,No,0,0
CUST-001444,56,Female,Divorced,High School,Salaried,33141.42,423.76,694.0,25.3,4,0,7966.64,24,6.93,0,2664.91,3066.63,Rent,2,4.2,North,1586.52,0.1534,0.1747,1,Yes,0,0
CUST-001445,52,Female,Married,Bachelor,Salaried,38949.04,1080.39,710.0,32.8,1,0,28075.81,60,6.82,1,5792.18,,Rent,1,20.7,Central,1503.49,0.3329,0.4021,2,No,0,0
CUST-001446,44,Female,Single,Master,Unemployed,8244.35,273.06,730.0,21.6,6,1,26162.49,48,3.72,3,385.68,925.09,Mortgage,0,2.8,West,582.35,0.3974,0.3125,0,No,0,0
CUST-001447,42,Male,Married,High School,Salaried,72181.91,1997.97,774.0,21.1,3,0,18992.76,60,6.35,1,6562.24,7085.55,Rent,2,13.3,North,2058.82,0.3322,0.0209,1,Yes,0,0
CUST-001448,26,Female,Married,Bachelor,Unemployed,13852.23,507.29,644.0,5.0,1,2,16414.65,48,8.84,0,151.04,432.05,Rent,5,0.8,Central,1197.55,0.4395,0.2619,2,No,0,0
CUST-001449,36,Female,Single,Master,Salaried,79835.14,4537.87,724.0,14.7,1,0,6997.57,60,4.2,1,14195.19,9199.08,Mortgage,0,7.9,North,3030.33,0.6821,0.6697,3,No,0,1
CUST-001450,40,Female,Married,Associate,Self-employed,42910.01,1753.38,691.0,17.7,5,2,35366.0,24,8.6,3,66.14,-2048.35,Mortgage,0,0.3,South,1498.6,0.4903,0.736,3,No,0,0
CUST-001451,34,Female,Married,Bachelor,Salaried,,1247.33,646.0,12.0,4,2,199598.83,60,6.98,2,13639.32,1556.49,Rent,0,3.1,West,3822.09,0.2228,0.7681,0,Yes,0,0
CUST-001452,22,Female,Married,Bachelor,Contract,72996.21,467.72,676.0,0.2,5,1,32273.02,24,11.44,1,3341.63,1846.86,Rent,2,0.2,North,4116.75,0.0769,0.7315,2,No,0,0
CUST-001453,43,Male,Single,Doctorate,Self-employed,106357.6,1454.68,732.0,21.3,2,1,98758.19,60,4.95,0,8663.92,9153.22,Rent,0,3.4,North,3168.03,0.1641,0.3961,1,No,0,0
CUST-001454,43,Male,Married,Master,Salaried,49005.94,1673.13,687.0,20.5,3,0,32949.19,24,9.37,2,4757.62,274.17,Rent,1,4.5,West,2307.1,0.4097,0.1496,2,No,0,0
CUST-001455,38,Male,Married,Bachelor,Retired,27456.47,829.52,666.0,17.9,7,2,12380.01,84,6.68,2,6749.91,3679.17,Own,3,8.7,Central,2079.4,0.3625,0.2642,3,No,0,0
CUST-001456,42,Female,Single,Master,Contract,65191.2,1800.41,680.0,22.2,2,0,22656.69,36,6.14,2,3225.94,2503.97,Mortgage,1,7.2,South,1516.97,0.3314,0.2428,1,No,0,0
CUST-001457,46,Non-binary,Married,Master,Salaried,76910.86,1601.19,677.0,27.8,5,1,12511.68,60,10.08,4,13082.83,1987.51,Mortgage,0,6.9,West,3191.69,0.2498,0.3499,1,No,0,0
CUST-001458,40,Female,Married,High School,Contract,34302.96,276.35,751.0,19.0,5,0,14406.37,48,5.06,1,,4521.79,Rent,3,11.9,North,2081.9,0.0967,0.4887,2,No,0,0
CUST-001459,44,Female,Single,Associate,Salaried,63373.31,1324.25,780.0,12.8,4,0,6300.43,36,3.16,3,2147.86,3868.0,Own,0,10.5,West,2140.69,0.2508,0.1548,1,No,0,1
CUST-001460,42,Non-binary,Single,Bachelor,Self-employed,28536.65,441.29,631.0,22.3,2,2,12853.79,36,9.3,2,6193.34,4716.23,Rent,2,15.0,South,1514.38,0.1856,0.3977,1,Yes,1,0
CUST-001461,50,Female,Single,Master,Contract,34192.94,1439.51,804.0,30.0,2,0,10590.02,12,2.5,3,7794.66,-2149.19,Rent,2,3.8,West,1458.41,0.5052,0.4966,1,Yes,0,0
CUST-001462,41,Male,Married,Bachelor,Salaried,59312.83,1011.44,754.0,13.8,5,1,28452.2,36,4.4,0,3508.67,6304.99,Rent,1,12.4,West,2022.62,0.2046,0.5601,0,No,0,0
CUST-001463,54,Male,Single,High School,Unemployed,12163.79,578.05,837.0,29.8,2,0,8754.63,24,2.53,1,2517.86,271.46,Rent,1,3.0,South,444.17,0.5703,0.1474,0,No,0,0
CUST-001464,39,Female,Single,Master,Self-employed,92741.81,1492.14,742.0,19.0,4,0,61788.17,72,5.49,0,23238.99,7903.39,Mortgage,0,4.9,North,5922.25,0.1931,0.7116,0,No,0,0
CUST-001465,60,Female,Married,Doctorate,Salaried,88171.93,1405.69,754.0,39.8,4,0,10443.83,12,2.98,2,829.06,9839.72,Rent,1,14.5,West,3840.19,0.1913,0.4101,2,No,0,0
CUST-001466,32,Male,Single,Bachelor,Salaried,38718.65,920.96,729.0,11.6,5,0,27079.05,60,2.5,2,1523.61,1113.59,Mortgage,1,6.9,East,1376.57,0.2854,0.4279,2,No,0,0
CUST-001467,61,Female,Married,Bachelor,Salaried,38670.44,247.69,765.0,37.0,4,0,20297.39,60,2.5,1,6442.37,-1735.61,Mortgage,3,6.3,South,903.67,0.0769,0.475,3,Yes,0,0
CUST-001468,46,Non-binary,Single,High School,Salaried,28778.43,611.39,703.0,26.9,4,0,16976.7,60,5.62,0,2606.94,1238.17,Rent,0,10.3,North,972.61,0.2549,0.5086,0,No,0,0
CUST-001469,44,Male,Married,High School,Salaried,31028.88,260.8,613.0,20.5,0,2,10361.97,84,12.71,0,16020.63,-690.79,Own,1,10.2,South,1139.4,0.1009,0.4372,1,No,0,0
CUST-001470,39,Female,Single,Associate,Salaried,77232.99,960.22,684.0,11.8,6,1,38409.67,60,9.81,1,7042.8,7317.37,Rent,0,3.6,Central,2934.0,0.1492,0.411,1,No,0,0
CUST-001471,23,Female,Married,Master,Self-employed,97158.12,2401.16,690.0,4.2,3,1,18316.08,36,6.68,1,17026.98,-707.9,Rent,3,0.9,West,2147.71,0.2966,0.5314,0,No,0,0
CUST-001472,50,Female,Married,Bachelor,Contract,120801.6,827.85,711.0,29.7,6,0,40332.07,60,8.95,2,17952.75,13311.46,Mortgage,1,14.3,Central,3060.81,0.0822,0.311,1,Yes,0,0
CUST-001473,53,Female,Married,Bachelor,Salaried,80168.15,2313.06,789.0,31.6,4,0,28413.39,84,2.86,3,27878.64,1012.54,Rent,3,12.5,North,4271.93,0.3462,0.3005,3,No,0,0
CUST-001474,44,Female,Married,Master,Contract,52113.34,1788.35,662.0,19.5,3,1,4942.74,60,6.2,1,8904.68,4814.84,Rent,2,15.3,Central,2981.92,0.4118,0.3661,1,No,0,0
CUST-001475,49,Male,Single,High School,Contract,54236.0,355.45,686.0,24.5,1,0,66821.08,48,10.33,0,34987.99,6227.5,Mortgage,0,13.4,South,2068.97,0.0786,0.1587,1,No,0,0
CUST-001476,37,Male,Married,Master,Salaried,48968.12,592.58,736.0,16.7,6,0,26288.47,60,2.5,0,8336.03,4489.24,Mortgage,2,11.5,East,3125.8,0.1452,0.3164,1,No,0,0
CUST-001477,37,Female,Divorced,Bachelor,Self-employed,128280.29,4075.05,714.0,16.7,5,1,7548.65,12,5.13,1,32612.91,13191.53,Mortgage,0,8.6,Central,2656.63,0.3812,0.5246,1,No,0,0
CUST-001478,20,Female,Single,Bachelor,Self-employed,64505.99,1969.96,727.0,0.0,3,0,21518.05,84,2.5,2,3274.06,7211.34,Other,0,0.7,South,1628.81,0.3665,0.825,0,No,0,0
CUST-001479,41,Male,Married,High School,Retired,17894.51,381.64,728.0,18.9,1,0,12332.78,12,5.41,1,6257.04,1081.71,Rent,0,1.7,North,809.03,0.2559,0.2455,0,No,0,0
CUST-001480,43,Male,Married,Doctorate,Self-employed,57129.09,874.94,677.0,20.7,3,1,9993.5,72,3.43,1,7799.35,510.71,Rent,1,10.1,Central,1690.44,0.1838,0.7775,1,Yes,0,0
CUST-001481,35,Female,Single,Bachelor,Contract,52419.01,2069.07,701.0,10.9,6,1,24930.19,84,9.7,4,4054.52,7064.93,Rent,2,7.0,North,1568.92,0.4737,0.3952,3,No,0,0
CUST-001482,33,Female,Married,Master,Salaried,53020.99,388.5,766.0,13.3,4,1,32470.25,60,5.77,1,2976.49,7596.79,Other,2,3.8,Central,1976.82,0.0879,0.637,2,Yes,0,0
CUST-001483,75,Male,Married,High School,Salaried,31793.27,85.01,701.0,50.0,2,0,28792.87,60,3.29,0,12345.67,1876.54,Rent,0,27.9,Central,1372.55,0.0321,0.5587,1,No,0,0
CUST-001484,24,Female,Single,High School,Salaried,,4094.44,667.0,3.1,2,0,58325.14,60,4.87,1,44983.32,8079.3,Own,1,1.9,West,4997.72,0.3574,0.3561,2,No,0,0
CUST-001485,53,Male,Married,Master,Unemployed,14257.31,515.83,661.0,29.0,4,2,27219.28,36,8.68,0,0.0,-1429.43,Mortgage,1,3.9,North,776.87,0.4342,1.0004,0,No,0,0
CUST-001486,48,Female,Widowed,Associate,Unemployed,28462.71,244.8,539.0,23.6,1,5,19682.84,36,14.67,1,19875.51,1748.9,Mortgage,0,2.3,East,796.87,0.1032,1.052,1,No,1,0
CUST-001487,65,Male,Married,Bachelor,Self-employed,72721.13,2252.35,700.0,40.4,5,0,49677.0,72,5.84,4,10577.27,-1350.08,Rent,0,32.8,North,1257.02,0.3717,0.1254,2,No,0,0
CUST-001488,58,Female,Married,Bachelor,Self-employed,64984.08,1191.91,735.0,37.6,5,1,7276.08,84,3.97,1,6780.7,3960.95,Mortgage,1,3.9,South,1803.68,0.2201,0.4476,3,No,0,0
CUST-001489,36,Male,Single,Bachelor,Salaried,97243.28,3685.2,656.0,7.8,3,1,7914.26,36,9.07,1,12600.4,12620.6,Mortgage,3,7.3,East,3669.16,0.4548,0.5215,0,No,0,0
CUST-001490,31,Male,Married,Master,Unemployed,49008.55,590.48,609.0,11.1,3,4,32821.03,36,8.9,1,6517.64,4747.0,Mortgage,1,0.2,Central,1666.28,0.1446,0.5052,3,Yes,1,0
CUST-001491,45,Female,Married,Master,Salaried,54171.18,2198.4,683.0,23.4,4,1,38004.64,60,8.48,3,2708.97,6784.17,Own,1,19.8,Central,1455.84,0.487,0.4577,2,Yes,0,0
CUST-001492,46,Female,Divorced,High School,Salaried,22982.39,95.09,578.0,27.0,2,3,6323.74,36,11.29,0,0.0,-206.93,Rent,2,9.2,West,1215.01,0.0497,0.7733,3,No,1,0
CUST-001493,42,Non-binary,Married,Bachelor,Salaried,55707.6,1336.38,616.0,18.2,4,3,10163.37,60,9.06,3,21201.34,-1610.39,Mortgage,0,15.1,West,2135.92,0.2879,0.8704,3,No,1,1
CUST-001494,33,Female,Married,Bachelor,Self-employed,112057.05,3294.53,626.0,11.1,1,4,8258.41,36,11.37,0,9592.48,3440.89,Rent,1,6.8,South,7091.21,0.3528,0.8511,1,Yes,0,1
CUST-001495,40,Female,Married,Bachelor,Self-employed,179030.52,2545.32,741.0,19.7,5,1,9865.0,60,5.72,1,9098.19,11802.43,Mortgage,2,17.0,South,6558.42,0.1706,0.9953,0,Yes,0,0
CUST-001496,75,Female,Married,High School,Unemployed,10318.65,511.69,747.0,50.0,5,1,31409.38,24,2.5,2,619.49,471.23,Own,0,4.4,South,350.0,0.5951,0.3703,0,No,0,0
CUST-001497,49,Male,Married,Bachelor,Contract,29799.39,816.53,637.0,27.1,2,2,75323.58,60,12.14,4,0.0,1152.15,Mortgage,0,3.1,East,1972.92,0.3288,0.2774,2,No,1,1
CUST-001498,23,Female,Single,Master,Contract,153204.68,3160.28,714.0,0.0,2,0,6826.15,72,3.92,2,16787.01,15292.99,,0,2.3,West,5047.47,0.2475,0.2546,1,No,0,0
CUST-001499,38,Male,Married,Bachelor,Self-employed,80023.1,2836.75,726.0,14.6,1,0,25340.24,60,2.75,2,86688.05,9411.1,Mortgage,4,1.0,Central,3112.81,0.4254,0.4041,2,No,0,0
CUST-001500,62,Male,Married,High School,,57959.45,1387.83,711.0,43.0,3,0,8204.66,60,3.82,3,2984.48,1855.58,Rent,2,14.3,North,2231.61,0.2873,0.4112,1,No,0,0
CUST-001501,54,Male,Married,Bachelor,Retired,59273.59,703.32,659.0,30.5,0,2,77920.09,60,6.28,0,0.0,5436.02,Own,0,9.6,East,368.28,0.1424,0.5015,0,No,0,0
CUST-001502,32,Female,Single,High School,Unemployed,11071.82,473.19,582.0,8.8,0,2,5348.98,36,13.18,1,0.0,528.44,Mortgage,1,0.5,North,789.18,0.5129,0.3295,1,No,1,1
CUST-001503,18,Female,Single,Doctorate,Salaried,83425.87,2500.23,647.0,0.0,4,3,17963.54,48,9.3,1,9886.06,2069.71,Own,0,0.0,Central,4601.78,0.3596,0.7902,1,No,1,0
CUST-001504,51,Male,Married,High School,Retired,46522.68,1766.27,646.0,25.3,2,1,20432.8,48,7.29,1,3013.54,1654.08,Own,2,1.8,South,1264.55,0.4556,0.4953,1,No,0,0
CUST-001505,44,Female,Married,Master,Contract,43521.96,740.49,713.0,23.1,5,1,35251.12,36,5.25,2,6599.6,4908.11,Mortgage,3,16.7,West,1257.65,0.2042,0.8807,3,No,0,0
CUST-001506,28,Male,Widowed,Bachelor,Salaried,32826.71,295.16,,5.4,3,1,7798.44,24,6.28,0,607.54,3290.31,Mortgage,0,4.9,Central,714.4,0.1079,0.7448,3,No,0,0
CUST-001507,58,Female,Married,Master,Salaried,42339.9,1289.08,751.0,35.7,2,0,93748.39,60,10.07,1,4031.12,-2394.97,Own,2,7.3,Central,1541.88,0.3654,0.4885,0,No,0,0
CUST-001508,44,Female,Widowed,High School,Contract,49256.62,192.06,821.0,19.9,3,0,19053.14,60,2.93,1,12417.19,4478.05,Mortgage,0,14.9,South,1547.98,0.0468,0.3584,4,No,0,0
CUST-001509,44,Female,Divorced,Bachelor,Retired,34202.48,1059.96,726.0,22.7,2,0,38886.68,84,6.52,3,5335.97,-948.26,Mortgage,0,12.6,North,547.49,0.3719,0.6168,0,No,0,0
CUST-001510,42,Male,Divorced,Master,Self-employed,165411.61,8382.28,699.0,23.5,3,1,19874.07,36,3.08,2,10149.08,8198.42,Rent,0,6.6,East,6998.86,0.6081,0.7635,2,No,0,0
CUST-001511,41,Female,Married,Bachelor,Self-employed,86873.95,1899.77,718.0,19.6,4,0,18571.75,36,2.5,0,4667.22,9156.27,Rent,2,5.4,North,4969.84,0.2624,0.1287,1,No,0,1
CUST-001512,47,Male,Single,,Contract,,2657.08,711.0,23.5,8,0,12207.97,60,6.43,0,12744.72,6587.67,Rent,1,6.6,South,1105.07,0.5014,0.5733,3,No,0,0
CUST-001513,31,Female,Single,Master,Unemployed,21056.6,411.52,780.0,3.3,7,2,24700.83,60,2.95,0,875.17,1025.4,Rent,0,0.6,South,630.23,0.2345,0.254,1,No,0,0
CUST-001514,46,Male,Married,Master,Salaried,62165.03,1190.13,670.0,24.0,2,2,31383.22,60,5.47,1,6632.9,9744.79,Mortgage,2,0.9,East,1067.57,0.2297,0.5035,0,No,0,0
CUST-001515,38,Male,Single,High School,Salaried,21701.44,73.65,730.0,18.3,1,1,44367.28,36,2.87,0,6542.56,2583.22,Own,0,7.2,South,350.0,0.0407,0.8941,0,No,0,0
CUST-001516,47,Female,Married,Bachelor,Retired,64809.69,3385.56,717.0,24.8,8,0,16461.97,60,7.42,1,4467.43,9719.28,Own,1,17.9,North,1771.48,0.6269,0.2878,1,No,0,0
CUST-001517,37,Female,Single,Bachelor,Salaried,35124.96,1885.55,694.0,17.3,4,1,37255.23,36,2.5,3,4385.59,-2555.94,Own,0,13.8,North,615.59,0.6442,0.5988,1,Yes,0,0
CUST-001518,21,Male,Married,High School,Self-employed,53604.99,1867.8,762.0,0.0,2,0,9165.74,36,7.06,2,16186.56,7337.22,Rent,1,2.2,Central,3805.11,0.4181,0.2742,2,No,0,0
CUST-001519,60,Female,Married,Associate,Contract,30210.02,695.91,620.0,39.0,4,1,90489.68,48,12.48,3,1558.87,4721.64,Mortgage,2,18.0,Central,1624.27,0.2764,0.6328,2,No,0,0
CUST-001520,42,Female,Single,Master,Contract,56979.52,511.76,666.0,12.6,9,1,5443.64,84,5.66,0,,3769.4,Own,2,10.1,East,3711.44,0.1078,0.2269,1,No,0,0
CUST-001521,18,Male,Married,Doctorate,Salaried,43016.81,363.17,763.0,0.0,6,0,34678.45,48,10.17,2,6350.41,1766.87,Rent,2,0.0,South,2091.19,0.1013,0.7429,1,Yes,0,0
CUST-001522,34,Female,Married,High School,Salaried,58136.66,2724.95,776.0,13.4,6,0,17842.06,36,2.52,1,7984.34,4629.05,,2,2.3,West,1405.3,0.5625,0.4197,0,No,0,0
CUST-001523,31,Female,Single,High School,Salaried,32943.32,927.74,567.0,11.0,2,2,15102.21,36,9.91,3,1788.42,2717.38,Own,1,7.0,Central,1795.56,0.3379,0.6362,2,No,1,1
CUST-001524,33,Female,Single,Bachelor,Unemployed,26749.64,540.03,554.0,12.0,1,6,40659.15,48,16.08,2,5396.53,,Own,1,1.5,North,1019.25,0.2423,1.0522,0,No,1,1
CUST-001525,54,Male,Married,Master,Salaried,47331.96,1167.38,732.0,28.5,4,0,13088.2,36,5.22,2,2564.72,6386.39,Rent,4,5.5,East,1110.59,0.296,0.4464,2,No,0,0
CUST-001526,46,Male,Married,High School,Retired,17674.8,233.25,738.0,25.2,3,0,17120.11,24,6.08,2,1086.08,2382.2,Rent,1,19.0,West,1133.92,0.1584,0.4404,4,No,0,0
CUST-001527,30,Female,Single,Bachelor,Salaried,95081.73,3601.92,729.0,11.1,3,0,16818.66,48,4.71,2,2777.26,4178.36,Rent,1,6.7,South,2644.46,0.4546,0.586,1,No,0,0
CUST-001528,42,Female,Married,Bachelor,Unemployed,13148.46,590.03,684.0,20.8,5,2,19978.62,60,7.19,0,236.37,518.24,Rent,2,0.4,North,815.81,0.5385,0.431,1,No,0,0
CUST-001529,46,Male,Single,Master,Salaried,147617.31,4132.14,719.0,25.3,1,0,83938.61,60,7.68,0,119515.9,14927.82,Rent,2,16.9,Central,5172.84,0.3359,0.5363,1,No,0,0
CUST-001530,45,Male,Married,High School,Salaried,,406.29,674.0,22.5,3,1,7299.71,24,4.1,1,8789.78,1840.19,Own,2,4.5,North,1260.79,0.1661,0.3734,0,No,0,0
CUST-001531,37,Female,Married,High School,Salaried,45117.0,1258.76,784.0,17.0,1,0,9427.02,60,4.38,2,25543.99,4831.91,Rent,2,4.1,South,2087.15,0.3348,0.4969,1,No,0,0
CUST-001532,24,Non-binary,Single,Bachelor,Salaried,91594.27,3398.14,693.0,2.1,3,1,6830.55,36,7.35,0,21974.51,2458.37,Rent,0,4.1,North,4215.86,0.4452,0.6154,0,No,0,0
CUST-001533,65,Male,Married,High School,Unemployed,8937.88,156.66,796.0,36.8,6,0,9749.64,48,4.58,0,736.01,351.99,Mortgage,2,4.0,East,852.12,0.2103,0.7473,0,No,0,0
CUST-001534,26,Female,Single,Bachelor,Self-employed,99175.49,1742.67,654.0,3.7,2,1,15964.54,36,8.78,2,2382.14,,Own,1,4.3,South,3258.4,0.2109,0.6319,4,No,0,0
CUST-001535,33,Male,Single,Associate,Salaried,59508.04,1216.1,726.0,12.3,1,1,37938.94,12,9.16,2,1602.91,2970.28,Mortgage,2,3.8,South,3403.63,0.2452,,6,No,0,0
CUST-001536,50,Female,Married,Bachelor,Retired,35783.58,1579.03,662.0,31.2,5,1,24189.25,48,8.41,1,8127.9,2382.81,Mortgage,1,15.7,Central,2167.36,0.5295,0.7029,2,Yes,0,0
CUST-001537,39,Male,Divorced,Bachelor,Retired,23703.99,772.32,661.0,15.4,5,1,7453.4,60,9.27,2,6393.11,-506.78,Rent,0,13.7,North,762.95,0.391,0.5743,2,No,0,0
CUST-001538,52,Female,Married,Master,Unemployed,32721.47,1185.2,643.0,31.1,3,2,16451.3,60,8.82,1,2328.24,2843.12,Rent,1,0.6,West,1276.76,0.4347,0.7037,0,Yes,1,1
CUST-001539,45,Female,Single,Associate,Salaried,39091.39,608.37,719.0,23.5,3,1,19099.42,60,5.63,4,790.37,1766.02,Rent,0,12.7,South,1655.05,0.1868,0.5794,2,Yes,0,1
CUST-001540,46,Female,Married,High School,Salaried,31876.53,2222.24,750.0,26.3,3,0,22095.16,60,4.1,2,2054.76,-2643.95,Other,1,9.2,Central,874.12,0.8366,0.3316,1,No,0,0
CUST-001541,46,Female,Divorced,Associate,Contract,57060.12,2838.73,650.0,25.9,1,1,14299.13,36,7.68,3,3220.01,619.58,Rent,2,20.2,South,2254.53,0.597,0.487,2,Yes,0,0
CUST-001542,56,Female,Divorced,High School,Retired,70003.32,1058.08,739.0,35.7,6,0,9407.59,36,7.22,1,21174.79,7377.65,Own,0,7.8,North,3544.14,0.1814,0.7871,0,No,0,0
CUST-001543,45,Female,Single,Master,Salaried,63561.15,2511.15,716.0,25.8,2,1,21726.91,36,6.97,4,2980.94,2411.88,Mortgage,0,2.4,North,3406.0,0.4741,0.3301,2,Yes,0,0
CUST-001544,46,Female,Single,Bachelor,Unemployed,10906.52,221.01,739.0,22.5,1,1,48790.71,72,3.32,0,79.6,274.7,Mortgage,1,2.6,West,713.94,0.2432,0.4615,1,No,0,0
CUST-001545,53,Male,Married,High School,Self-employed,34884.42,1099.45,697.0,30.8,5,1,7653.3,36,5.18,1,4938.78,,Mortgage,0,,South,1161.39,0.3782,0.473,0,No,0,0
CUST-001546,58,Non-binary,Single,Master,Salaried,77164.32,2695.03,673.0,37.7,5,0,35594.8,36,4.64,1,33606.37,2429.3,Rent,2,16.7,South,2438.71,0.4191,0.196,1,No,0,1
CUST-001547,47,Female,Married,Bachelor,Salaried,67318.61,717.15,627.0,27.2,1,3,14062.32,60,9.48,1,12334.0,-2940.15,Own,2,20.1,North,2496.64,0.1278,0.4829,1,No,0,0
CUST-001548,36,Female,Single,Master,Self-employed,52804.93,516.31,667.0,11.7,3,1,13904.08,60,6.71,3,2459.88,3873.25,Rent,0,8.5,Central,2416.87,0.1173,0.1361,2,No,0,0
CUST-001549,36,Female,Single,Bachelor,Salaried,157298.57,1787.95,755.0,16.1,3,0,4435.28,36,4.04,2,22598.13,7489.7,Own,1,8.5,West,7333.19,0.1364,0.9305,4,No,0,1
CUST-001550,40,Female,Married,High School,Salaried,47056.8,633.48,708.0,20.0,1,1,44459.06,48,3.7,0,20983.81,4856.47,Rent,5,9.8,West,2539.89,0.1615,0.7283,0,No,0,0
CUST-001551,56,Female,Married,Bachelor,Salaried,50026.13,1923.2,656.0,37.0,3,1,21198.83,60,5.48,2,2432.66,9235.0,Mortgage,1,5.2,North,1516.47,0.4613,0.4769,1,No,0,0
CUST-001552,51,Female,Single,Bachelor,Salaried,34928.83,662.61,705.0,31.4,1,1,13828.32,24,6.64,2,3028.44,2718.14,Mortgage,1,21.8,South,777.29,0.2276,0.4187,2,Yes,0,0
CUST-001553,47,Male,Married,Master,Unemployed,9931.18,508.01,626.0,23.9,5,2,19460.6,24,11.36,1,0.0,1644.02,Rent,2,1.9,South,612.37,0.6138,,0,No,0,1
CUST-001554,52,Male,Married,Master,Salaried,93725.32,3661.01,611.0,25.9,2,1,85130.52,36,9.72,2,13604.89,963.28,Mortgage,0,20.0,East,4002.83,0.4687,0.1883,0,No,0,0
CUST-001555,45,Female,Married,High School,Contract,88413.68,2248.91,665.0,24.1,2,2,100923.33,36,8.44,1,8037.02,915.96,Mortgage,1,14.3,East,2277.98,0.3052,0.5459,3,Yes,0,0
CUST-001556,30,Female,Single,Bachelor,Self-employed,,2116.46,695.0,7.5,2,0,41759.77,36,6.67,3,19802.54,-473.53,Mortgage,0,3.5,North,1953.05,0.4149,0.1671,2,No,0,1
CUST-001557,31,Male,Married,Bachelor,Retired,78917.45,3946.07,756.0,7.2,1,0,27758.79,72,6.46,1,3962.97,-2511.5,Rent,1,6.2,South,4965.91,0.6,0.6929,3,No,0,0
CUST-001558,37,Female,Married,Bachelor,Salaried,44806.84,773.67,654.0,17.7,2,0,26821.53,36,6.65,2,2127.46,933.5,Mortgage,1,4.6,North,3062.76,0.2072,0.5395,1,No,0,0
CUST-001559,43,Male,Married,Associate,Retired,16801.98,619.24,701.0,24.6,5,0,29119.75,48,3.43,3,1916.29,116.16,Rent,1,4.8,North,534.04,0.4423,0.4959,1,No,0,0
CUST-001560,33,Male,Married,High School,Salaried,54299.28,1107.5,,6.1,3,0,26064.83,48,2.5,0,26067.74,,Rent,3,9.0,South,2373.9,0.2448,0.7465,0,No,0,0
CUST-001561,22,Female,Single,Master,Salaried,95161.86,1482.68,695.0,2.8,5,1,38852.51,36,5.24,2,8408.89,3310.91,Rent,3,1.2,East,4885.66,0.187,0.5883,1,Yes,0,0
CUST-001562,40,Male,Divorced,Doctorate,Salaried,77139.78,2752.83,684.0,18.6,3,3,39789.44,24,5.11,2,14223.34,2707.27,Other,0,3.9,West,3522.95,0.4282,0.8264,2,No,0,0
CUST-001563,36,Male,Single,High School,Self-employed,62359.91,3007.63,717.0,17.8,3,0,46366.56,60,6.2,1,2312.22,2842.45,Rent,0,1.1,Central,2091.76,0.5788,0.5901,0,No,0,1
CUST-001564,33,Female,Single,Bachelor,Salaried,65089.02,2663.33,721.0,11.2,1,1,25106.12,36,7.61,0,10634.08,86.77,Rent,0,4.1,Central,3174.39,0.491,0.4067,2,Yes,0,0
CUST-001565,29,Male,Single,Master,Salaried,46174.08,1204.51,667.0,9.7,1,4,28611.82,36,6.85,0,12857.35,5258.57,Own,1,8.7,West,809.05,0.313,0.4668,1,No,0,1
CUST-001566,30,Female,Divorced,Bachelor,Salaried,60907.44,890.19,730.0,7.4,2,0,30185.54,60,6.54,0,6234.95,5710.22,Mortgage,0,3.0,East,3417.51,0.1754,0.4479,2,No,0,0
CUST-001567,24,Female,Single,,Self-employed,97031.1,1271.74,720.0,3.1,3,3,3884.16,36,6.3,1,154969.79,10343.0,Mortgage,1,3.0,North,5646.77,0.1573,0.5798,1,No,0,1
CUST-001568,43,Male,Single,High School,Salaried,48280.23,904.33,697.0,15.7,3,0,40362.82,60,9.11,0,425.85,1204.67,Rent,1,7.8,South,2587.39,0.2248,0.3784,1,No,0,0
CUST-001569,35,Male,Single,High School,,46464.99,1195.93,685.0,15.4,3,0,12359.48,36,6.21,1,19954.34,5005.77,Own,0,8.5,South,1435.22,0.3089,0.2675,1,No,0,0
CUST-001570,31,Male,Divorced,Bachelor,Salaried,68497.57,1983.2,640.0,7.0,4,1,34588.21,36,8.52,4,6898.07,4335.64,Own,1,7.1,North,2230.76,0.3474,0.5428,1,No,0,1
CUST-001571,56,Male,Divorced,High School,Self-employed,105818.43,931.11,678.0,35.5,2,1,9158.09,60,6.81,0,2133.67,3564.94,Mortgage,0,12.1,East,3135.4,0.1056,0.7017,0,No,0,0
CUST-001572,48,Female,Single,High School,Self-employed,38498.38,729.47,699.0,26.9,5,2,64275.88,84,8.61,1,1868.23,-1027.13,Rent,0,19.0,West,1563.82,0.2274,0.9095,1,Yes,0,1
CUST-001573,47,Female,Married,Master,Salaried,136641.0,3633.96,772.0,24.3,4,1,15371.09,60,5.29,2,59044.88,-1305.56,Rent,1,3.1,South,3443.81,0.3191,0.6915,1,No,0,0
CUST-001574,50,Male,Married,High School,Salaried,45204.75,1933.91,705.0,24.8,2,0,12949.79,60,5.62,1,9650.2,2407.01,Rent,2,2.1,Central,2098.66,0.5134,0.5902,1,Yes,0,1
CUST-001575,43,Female,Married,Bachelor,Salaried,104648.15,580.6,674.0,17.5,4,1,52234.14,84,5.12,1,8350.22,-3500.0,Rent,3,6.5,South,2727.21,0.0666,0.4704,2,No,0,0
CUST-001576,39,Male,Married,High School,Retired,23904.79,757.93,683.0,17.6,4,0,19496.18,84,6.38,2,1969.29,626.92,Rent,3,7.2,East,1437.61,0.3805,0.4515,2,No,0,0
CUST-001577,38,Female,Married,High School,Salaried,37163.65,802.78,691.0,16.3,5,0,10273.16,60,6.61,2,1219.92,350.34,Own,2,16.1,South,2219.95,0.2592,0.3264,0,No,0,0
CUST-001578,46,Male,Single,High School,Unemployed,11345.14,364.21,712.0,22.4,1,1,15853.67,72,8.58,1,338.05,2099.8,Rent,1,1.1,Central,562.4,0.3852,0.5147,1,No,0,1
CUST-001579,45,Female,Married,Master,Salaried,87923.76,2374.21,770.0,19.8,3,0,33847.29,12,3.48,2,3404.3,5131.78,Mortgage,1,9.3,South,5283.71,0.324,0.3295,3,No,0,0
CUST-001580,52,Female,Single,Associate,Contract,62131.13,2033.92,716.0,31.6,2,1,31592.97,36,6.36,3,17444.39,-3500.0,Rent,1,15.5,East,887.91,0.3928,0.3486,1,No,0,0
CUST-001581,59,Female,Single,Associate,Contract,47777.35,511.58,732.0,39.3,5,0,7429.35,24,2.5,2,2322.21,-1510.16,Mortgage,0,29.8,West,1833.63,0.1285,0.2588,1,No,0,0
CUST-001582,53,Male,Single,Associate,Salaried,49360.21,1093.56,721.0,21.0,1,0,43340.54,60,4.54,1,13717.86,-1616.98,Rent,3,18.0,North,2932.71,0.2659,0.2302,0,Yes,0,0
CUST-001583,43,Male,Married,High School,Salaried,31089.33,837.64,739.0,22.3,3,1,73354.46,36,6.58,4,4027.24,2945.32,Own,2,3.4,West,1154.34,0.3233,0.7979,2,No,0,0
CUST-001584,52,Female,Divorced,Bachelor,Self-employed,41353.88,949.82,792.0,31.9,4,0,30397.8,36,2.5,2,5805.4,2022.68,Mortgage,1,2.0,West,1840.92,0.2756,0.5237,0,No,0,0
CUST-001585,42,Female,Married,High School,Salaried,30255.88,665.41,701.0,22.0,6,1,16906.7,60,2.5,1,685.27,-1121.76,Rent,0,6.8,South,556.4,0.2639,0.4646,1,No,0,1
CUST-001586,20,Female,Married,High School,Unemployed,13526.11,378.39,573.0,0.7,1,5,25416.12,12,9.8,2,,-197.4,Own,1,0.2,North,653.77,0.3357,0.6473,3,No,1,1
CUST-001587,22,Male,Widowed,Master,Salaried,76214.99,1793.07,668.0,0.0,4,2,23387.96,60,6.15,2,2806.7,7211.25,Own,1,1.4,North,1795.97,0.2823,0.4287,1,No,0,0
CUST-001588,44,Male,Widowed,High School,Contract,26793.89,937.7,682.0,23.3,3,0,15991.81,60,6.73,2,12976.47,943.78,Rent,0,13.0,North,1701.26,0.42,0.5909,2,No,0,0
CUST-001589,66,Female,Divorced,High School,Salaried,34707.48,956.43,730.0,43.2,8,0,8044.95,36,3.53,3,3409.35,1538.77,Mortgage,2,27.9,West,1973.74,0.3307,0.3518,1,No,0,0
CUST-001590,47,Female,Married,Master,Retired,28654.99,577.5,753.0,25.1,1,1,9467.64,48,2.5,0,4431.26,4756.13,Own,5,18.0,East,1747.26,0.2418,0.4415,1,Yes,0,0
CUST-001591,36,Non-binary,Married,Associate,Salaried,27487.03,487.09,753.0,12.0,1,0,10804.99,60,5.55,0,2038.28,-376.01,Own,2,,West,1190.64,0.2126,0.4937,1,No,0,0
CUST-001592,48,Male,Married,High School,Salaried,15771.72,845.33,724.0,27.5,3,1,11831.1,60,4.35,2,,1570.44,Own,2,13.7,South,656.62,0.6432,0.4128,0,No,0,0
CUST-001593,59,Male,Married,Bachelor,Unemployed,30217.16,1119.89,736.0,39.2,4,0,41315.13,24,6.61,3,723.3,1514.64,Own,1,2.8,North,652.75,0.4447,0.5297,3,No,0,0
CUST-001594,35,Male,Single,Master,Contract,34827.1,903.39,709.0,13.5,1,3,11865.93,60,7.19,0,2826.09,-1221.94,Mortgage,0,8.1,Central,782.49,0.3113,0.5696,1,Yes,0,1
CUST-001595,44,Female,Single,Master,Salaried,67003.58,2637.8,701.0,24.2,2,2,12452.57,36,5.64,3,1808.63,10896.77,Own,0,7.2,South,1638.66,0.4724,0.6815,0,Yes,0,0
CUST-001596,43,Male,Single,Master,Self-employed,95590.57,2322.09,692.0,18.5,3,1,27936.37,60,6.77,2,7621.67,7291.36,Own,3,19.5,West,3838.0,0.2915,0.3581,3,No,0,0
CUST-001597,43,Male,Single,Bachelor,Retired,35690.53,376.96,775.0,22.9,1,0,47488.08,84,2.93,2,5962.04,2607.67,Mortgage,0,16.9,West,2327.43,0.1267,0.1249,1,No,0,0
CUST-001598,38,Female,Married,Associate,Salaried,18724.26,788.95,728.0,19.5,3,0,14825.45,36,7.05,1,349.93,336.18,Rent,2,11.5,South,707.15,0.5056,0.3917,1,Yes,0,0
CUST-001599,41,Female,Single,Bachelor,Contract,43171.18,2552.21,671.0,13.9,2,1,12284.93,36,7.84,4,1430.28,-3497.26,Mortgage,1,15.6,North,1289.09,0.7094,0.5176,3,No,1,0
CUST-001600,51,Male,Married,High School,Salaried,58575.35,1486.18,715.0,31.4,4,1,16063.11,60,3.42,1,13116.04,2437.64,Rent,2,10.4,Central,2604.51,0.3045,0.1418,1,No,0,0
CUST-001601,30,Male,Single,Bachelor,Retired,39282.62,298.84,645.0,6.3,5,1,26420.69,60,6.79,2,3050.05,,Mortgage,0,9.5,West,1416.05,0.0913,0.4614,1,Yes,0,1
CUST-001602,52,Female,Single,High School,Salaried,161803.29,4404.67,767.0,32.2,2,0,14771.76,60,3.11,3,5606.64,7066.77,Own,0,11.2,West,8181.6,0.3267,0.4784,1,Yes,0,0
CUST-001603,51,Male,Married,Associate,Self-employed,74140.18,2390.98,675.0,26.6,2,0,28049.44,60,5.66,2,5895.08,4537.6,Mortgage,2,22.7,North,4790.13,0.387,0.549,1,No,0,0
CUST-001604,36,Male,Divorced,Bachelor,Salaried,71865.71,1358.79,716.0,16.6,1,1,46587.56,84,7.62,1,,5497.13,Own,1,,Central,4029.43,0.2269,0.4506,1,No,0,0
CUST-001605,31,Female,Single,Bachelor,Contract,68520.36,1612.18,779.0,9.6,2,0,16838.9,60,2.5,0,21690.11,5182.3,,0,6.8,North,4397.59,0.2823,0.4339,2,No,0,0
CUST-001606,22,Male,Single,Master,Self-employed,67575.38,1345.23,688.0,0.0,2,2,41430.5,36,3.46,0,4303.14,4871.92,Mortgage,1,0.2,Central,4168.83,0.2389,0.5363,3,No,0,1
CUST-001607,24,Female,Married,Master,Self-employed,92124.32,2323.81,737.0,4.1,0,2,7709.27,60,3.39,1,10662.84,3609.46,Rent,2,1.4,West,3634.77,0.3027,0.6719,1,No,0,0
CUST-001608,23,Female,Single,High School,Salaried,34263.86,1774.02,729.0,0.0,5,0,6938.92,24,3.27,2,5232.9,2560.74,Rent,0,1.9,North,1191.96,0.6213,0.0705,2,No,0,0
CUST-001609,32,Male,Single,Bachelor,Self-employed,53170.86,1885.9,732.0,11.6,1,0,18311.22,48,2.5,1,4845.7,3547.1,Rent,0,1.6,East,2402.41,0.4256,0.7333,2,Yes,0,0
CUST-001610,38,Male,Widowed,Associate,Salaried,25693.94,704.33,769.0,13.7,6,0,21030.79,36,4.91,1,14427.62,-763.23,Mortgage,0,10.9,North,792.39,0.3289,0.8172,0,No,0,0
CUST-001611,35,Female,Married,High School,Retired,28988.99,968.9,735.0,15.1,2,0,18218.08,36,7.16,0,2279.95,957.54,Own,1,8.4,West,1489.92,0.4011,0.2535,0,No,0,0
CUST-001612,61,Female,Single,High School,Self-employed,25520.88,585.31,659.0,42.0,3,2,16003.61,84,9.19,1,194.07,3418.75,Rent,0,18.8,West,748.19,0.2752,0.4228,4,No,1,0
CUST-001613,38,Male,Single,Master,Retired,43745.05,1174.68,719.0,15.4,1,1,28709.65,36,4.47,1,,3951.66,Mortgage,0,7.0,West,2412.59,0.3222,0.2405,1,No,0,0
CUST-001614,43,Male,Divorced,Bachelor,Salaried,184381.16,258.43,767.0,24.1,4,0,12104.74,36,3.88,2,6548.68,22758.82,Rent,1,11.2,West,3004.42,0.0168,0.4693,1,No,0,0
CUST-001615,52,Male,Married,High School,Salaried,36775.46,716.14,698.0,31.7,5,1,26818.9,60,6.23,1,2457.68,369.36,Rent,3,24.1,South,2923.82,0.2337,0.4188,0,No,0,0
CUST-001616,47,Female,Single,High School,Salaried,41608.72,1042.01,708.0,28.0,3,1,28326.63,60,2.5,0,,6368.61,Mortgage,0,10.2,South,1620.22,0.3005,0.4736,3,No,0,0
CUST-001617,29,Female,Divorced,High School,Self-employed,59326.93,755.3,722.0,7.3,2,3,42233.16,72,10.76,1,6258.28,3304.44,Other,2,2.3,South,1493.94,0.1528,0.5827,2,No,1,1
CUST-001618,51,Male,Married,High School,Salaried,64053.12,1512.39,713.0,31.4,4,1,6892.74,36,7.31,2,10063.18,2769.86,Rent,0,11.3,North,2099.66,0.2833,0.757,1,No,0,1
CUST-001619,45,Male,Married,Master,Salaried,149695.7,7163.47,716.0,19.5,4,0,43592.7,60,6.13,1,24106.94,109.51,Own,4,8.7,North,6897.31,0.5742,0.3727,2,No,0,0
CUST-001620,56,Female,Married,Associate,Contract,18838.87,798.22,642.0,37.7,3,2,11715.95,36,7.75,1,3657.1,1552.76,Mortgage,0,31.0,West,392.58,0.5085,0.8614,4,Yes,0,0
CUST-001621,31,Male,Single,Master,Contract,74307.56,615.51,719.0,10.6,7,1,17304.0,60,5.11,5,4742.29,1353.44,Rent,0,2.9,South,4083.54,0.0994,0.4794,2,No,1,0
CUST-001622,30,Female,Married,Bachelor,Unemployed,15904.7,560.72,677.0,7.7,2,0,10346.16,60,8.13,3,159.04,2133.37,Mortgage,0,0.1,East,708.21,0.4231,0.1548,1,No,0,0
CUST-001623,32,Male,Married,High School,Retired,70984.64,2227.51,696.0,11.0,2,0,123327.78,36,4.19,1,13337.95,12476.44,Own,2,12.7,North,1812.49,0.3766,0.5052,2,No,0,0
CUST-001624,44,Female,Single,Bachelor,Unemployed,25792.1,344.46,657.0,24.5,4,3,20029.0,60,13.84,0,4767.15,691.8,Rent,2,2.5,West,1704.77,0.1603,0.7232,1,No,0,0
CUST-001625,51,Male,Single,Master,Retired,49402.08,2619.56,748.0,30.2,1,1,27884.54,60,6.51,2,4248.58,2007.52,Own,2,8.0,North,1554.12,0.6363,0.8162,1,Yes,0,0
CUST-001626,42,Male,Married,High School,Salaried,55453.02,1254.93,659.0,8.3,5,1,23330.27,60,6.51,5,9223.37,-184.61,Rent,3,10.1,Central,2588.27,0.2716,0.4841,3,Yes,0,0
CUST-001627,46,Female,Single,Master,Contract,181327.43,2613.08,780.0,20.1,3,0,19716.98,36,2.5,2,,21326.42,Own,1,17.7,East,8592.56,0.1729,0.6646,0,No,0,0
CUST-001628,38,Female,Single,High School,Salaried,33866.14,1995.84,555.0,18.6,2,5,11558.21,12,16.25,0,718.52,153.86,Mortgage,0,5.8,West,1637.86,0.7072,0.4962,1,No,1,1
CUST-001629,30,Male,Married,Master,Salaried,73375.48,2842.03,708.0,9.9,3,2,33936.2,48,3.25,7,16579.91,-279.0,Mortgage,2,4.1,North,3889.61,0.4648,0.8456,1,No,0,0
CUST-001630,49,Male,Married,High School,Self-employed,30281.82,1630.73,782.0,22.7,1,1,20634.02,60,4.87,3,12963.83,2364.32,Mortgage,2,7.8,South,1521.09,0.6462,0.2465,2,No,0,0
CUST-001631,30,Male,Married,Master,Contract,43656.13,936.65,,10.2,4,0,24529.63,84,3.95,1,5504.41,575.76,Own,3,6.4,North,3106.57,0.2575,0.5274,2,Yes,0,0
CUST-001632,46,Male,Single,High School,Self-employed,42248.46,1094.49,690.0,15.4,6,1,20397.11,12,7.67,4,2158.26,825.09,Rent,0,13.6,East,2507.78,0.3109,0.4819,0,No,0,1
CUST-001633,50,Female,Single,Associate,Unemployed,12574.19,298.31,704.0,26.1,3,3,49437.79,60,6.26,1,0.0,425.64,Mortgage,2,2.5,North,1014.62,0.2847,0.8244,1,No,0,0
CUST-001634,59,Male,Married,Bachelor,Contract,87733.23,711.36,743.0,37.4,3,0,45358.22,36,6.08,2,4544.71,-2155.63,Rent,0,24.4,West,3855.46,0.0973,0.2253,1,Yes,0,0
CUST-001635,51,Non-binary,Married,Bachelor,Salaried,84119.18,2639.57,749.0,23.3,3,0,8058.21,36,5.51,3,8882.16,-1369.06,Rent,2,24.8,West,2722.69,0.3765,0.3993,5,No,0,0
CUST-001636,39,Male,Widowed,Bachelor,Salaried,26771.55,1151.89,701.0,16.9,4,0,41030.13,48,13.5,3,433.92,888.74,Rent,0,16.7,North,1189.57,0.5163,0.7576,4,No,0,0
CUST-001637,50,Female,Married,Bachelor,Salaried,64222.95,2240.13,691.0,29.1,2,0,14267.68,48,7.49,2,5928.21,2054.03,Own,2,23.5,North,1457.38,0.4186,0.2061,1,No,0,0
CUST-001638,48,Male,Single,Bachelor,Salaried,61729.14,1276.26,720.0,26.7,3,0,34098.94,24,7.34,1,8782.57,3849.75,Own,0,19.6,West,2980.28,0.2481,0.6311,1,No,0,0
CUST-001639,39,Non-binary,Married,Associate,Salaried,58006.58,1264.1,673.0,10.8,6,1,17395.73,60,6.86,2,16295.61,1001.44,Mortgage,2,13.1,West,2757.24,0.2615,0.9218,0,No,0,0
CUST-001640,51,Male,Single,High School,Salaried,57807.74,577.12,687.0,25.9,2,1,2835.06,60,8.05,0,6205.65,4694.34,Own,1,12.6,Central,2898.94,0.1198,0.4197,3,No,0,0
CUST-001641,41,Female,Married,Bachelor,Self-employed,37934.78,1799.89,555.0,18.3,2,2,56628.37,60,12.76,1,2080.12,3341.71,Own,4,10.8,East,1178.69,0.5694,0.7861,0,No,1,1
CUST-001642,37,Male,Widowed,High School,Contract,19144.92,819.49,692.0,13.7,7,1,41949.88,36,4.92,2,33146.95,1203.96,Rent,0,12.9,West,875.53,0.5137,0.7488,2,No,0,1
CUST-001643,46,Female,Divorced,High School,Unemployed,7000.0,218.07,589.0,22.5,4,3,45175.35,36,11.4,1,710.15,-489.44,Rent,0,1.8,West,350.0,0.3738,0.991,0,No,0,1
CUST-001644,34,Female,Divorced,Bachelor,Salaried,54391.64,549.86,779.0,13.3,5,1,45956.91,48,4.56,0,2528.96,5471.73,Rent,0,3.4,North,1057.4,0.1213,0.3649,0,No,0,0
CUST-001645,59,Male,Single,Bachelor,Salaried,51810.86,1025.28,751.0,39.7,5,0,19719.73,24,2.95,1,319.65,2352.04,Rent,0,4.9,West,1950.06,0.2375,0.7783,1,No,0,1
CUST-001646,29,Male,Single,Associate,Self-employed,,5950.3,675.0,5.4,4,2,23514.23,60,5.91,0,4125.11,-2983.97,Rent,1,1.4,East,3723.37,0.6539,0.7704,1,Yes,0,0
CUST-001647,44,Male,Divorced,Bachelor,Salaried,108898.21,4536.69,753.0,19.6,7,0,34687.05,36,6.62,2,12805.17,10074.15,Mortgage,0,4.1,West,2238.3,0.4999,0.6224,1,No,0,1
CUST-001648,39,Female,Married,Master,Self-employed,144707.62,6350.11,710.0,18.5,3,1,9809.68,84,10.57,0,19997.78,4264.5,Mortgage,3,9.1,West,7263.8,0.5266,0.6821,0,Yes,0,0
CUST-001649,53,Female,Single,Master,Contract,31773.72,228.53,717.0,34.9,1,0,18313.24,12,5.89,0,8383.6,-50.44,Rent,1,21.1,West,1605.76,0.0863,0.1743,0,No,0,0
CUST-001650,40,Female,Divorced,High School,Salaried,34317.75,1501.69,651.0,16.5,7,2,10145.59,36,10.6,2,4606.44,662.09,Own,0,,Central,1244.4,0.5251,0.2017,1,No,0,0
CUST-001651,24,Male,Divorced,Associate,Salaried,38536.94,1263.04,725.0,1.4,0,0,11779.86,48,5.8,0,6271.63,714.8,Rent,0,2.1,Central,1930.36,0.3933,0.2352,2,No,0,0
CUST-001652,32,Female,Widowed,Bachelor,Contract,46879.78,1084.63,710.0,7.0,3,1,47244.92,60,8.02,0,8467.86,273.05,Mortgage,1,7.9,South,985.36,0.2776,0.4176,1,No,0,0
CUST-001653,54,Female,Widowed,Bachelor,Salaried,31517.05,518.97,555.0,34.4,3,5,12090.64,36,12.74,4,401.91,1144.64,Rent,0,13.4,South,1999.34,0.1976,0.742,6,Yes,1,1
CUST-001654,51,Male,Divorced,Bachelor,Self-employed,74591.08,2172.29,727.0,30.1,6,1,12785.61,60,2.7,1,6590.41,7247.88,Mortgage,0,8.9,East,1948.12,0.3495,0.5173,0,No,0,0
CUST-001655,31,Male,Single,High School,Salaried,74098.53,2308.76,783.0,6.8,3,0,12732.66,36,4.07,3,6578.55,4034.84,Mortgage,0,9.6,West,4328.77,0.3739,0.2166,0,No,0,0
CUST-001656,50,Male,Divorced,Bachelor,Self-employed,164856.45,1068.6,739.0,29.9,1,0,13515.71,72,4.96,1,16520.71,7937.49,Rent,0,16.9,East,7186.7,0.0778,0.2366,3,No,0,0
CUST-001657,35,Male,Single,Associate,Salaried,45230.16,1910.44,715.0,11.3,1,0,32855.99,24,6.47,2,14103.18,4233.07,Rent,2,3.8,East,2648.46,0.5069,0.8486,0,No,0,1
CUST-001658,38,Female,Single,Master,Unemployed,17366.85,422.29,616.0,18.9,4,2,35365.3,36,8.45,2,0.0,2119.99,Rent,0,1.6,West,809.33,0.2918,0.5219,0,No,0,0
CUST-001659,35,Female,Married,Bachelor,Salaried,57349.38,1193.65,702.0,11.5,3,2,13688.42,60,6.47,3,7.51,724.65,Rent,0,1.1,North,1755.38,0.2498,,1,No,0,0
CUST-001660,41,Male,Divorced,Bachelor,Contract,82519.3,1934.52,697.0,18.5,1,1,22817.24,60,6.18,1,14918.77,-51.61,Mortgage,0,2.1,South,5829.32,0.2813,0.221,0,No,0,0
CUST-001661,47,Female,Married,Bachelor,Retired,48921.91,981.77,691.0,28.1,5,0,13154.83,36,6.38,2,4376.09,402.57,Mortgage,0,19.1,Central,443.72,0.2408,0.2787,1,No,0,1
CUST-001662,18,Female,Single,High School,Retired,20833.66,533.55,656.0,0.0,2,1,45693.4,12,7.14,1,4350.04,-245.78,Mortgage,0,0.0,Central,395.81,0.3073,0.1798,2,No,0,0
CUST-001663,42,Male,Single,Master,Self-employed,96188.57,5518.36,720.0,21.4,6,1,30716.83,48,7.53,1,17588.73,9800.42,Rent,0,13.7,Central,2826.78,0.6884,0.3036,0,No,0,0
CUST-001664,55,Female,Single,High School,Self-employed,53486.99,1099.99,762.0,34.6,0,0,32342.4,48,2.5,2,5388.45,5839.77,Own,2,,West,2143.25,0.2468,0.6361,3,No,0,0
CUST-001665,38,Female,Married,High School,Contract,29392.29,369.98,672.0,18.5,2,0,14171.09,60,3.25,0,11216.38,1036.96,Rent,1,2.7,South,1327.29,0.1511,0.2739,2,No,0,0
CUST-001666,29,Male,Single,Associate,Retired,37125.82,543.12,563.0,8.2,5,2,20838.54,60,10.51,3,7274.11,2806.01,Rent,0,4.5,East,1219.02,0.1756,1.0412,3,No,1,1
CUST-001667,29,Male,Married,Bachelor,Salaried,39658.48,552.69,640.0,9.7,2,0,13330.84,12,8.19,1,3061.87,4620.15,Own,1,5.0,West,2269.23,0.1672,0.7092,1,No,0,0
CUST-001668,18,Male,Single,Master,Self-employed,34204.82,1950.29,666.0,0.0,2,1,28597.24,48,6.63,2,2187.82,1681.26,Mortgage,1,0.0,Central,1347.56,0.6842,0.6221,2,No,0,0
CUST-001669,30,Female,Single,Associate,Unemployed,19262.1,572.55,670.0,11.7,3,2,27718.16,60,8.49,3,1776.46,337.29,Mortgage,2,0.6,West,737.88,0.3567,0.134,1,No,0,0
CUST-001670,57,Male,Married,High School,Salaried,36589.88,719.95,736.0,36.9,0,0,49412.34,36,7.23,3,,2079.6,Rent,2,12.4,West,1280.26,0.2361,0.4328,1,No,0,0
CUST-001671,20,Female,Married,Master,Contract,58456.8,2237.96,667.0,0.0,0,0,11923.52,48,5.11,2,11639.81,2501.48,Rent,3,0.5,West,1604.23,0.4594,0.5287,1,No,0,0
CUST-001672,42,Male,Married,High School,Salaried,53567.57,2760.25,755.0,20.8,7,1,22665.66,48,7.09,5,6432.27,1592.98,Rent,3,7.3,East,2821.05,0.6183,0.2559,2,No,0,0
CUST-001673,40,Female,Married,Associate,Unemployed,13028.97,517.42,680.0,12.6,2,2,39678.04,36,5.7,1,1000.23,802.71,Rent,1,2.1,North,350.0,0.4766,0.3096,0,No,0,1
CUST-001674,40,Female,Widowed,Master,Contract,62348.32,517.05,762.0,19.5,2,1,22460.08,36,7.41,2,11508.1,-759.71,Rent,0,,East,3396.97,0.0995,0.4588,2,No,0,0
CUST-001675,52,Female,Single,Bachelor,Salaried,39440.71,266.01,787.0,31.1,2,0,19212.25,60,8.01,1,4579.81,3045.35,Rent,1,14.4,Central,2861.34,0.0809,0.8102,1,No,0,0
CUST-001676,51,Male,Divorced,Bachelor,Unemployed,55030.33,1968.59,664.0,31.2,0,2,7511.02,72,5.64,0,4178.83,,Mortgage,2,3.5,East,3563.56,0.4293,0.8969,1,No,0,0
CUST-001677,39,Female,Single,High School,Salaried,37875.11,555.34,766.0,16.2,5,0,49657.27,36,2.5,2,3958.74,3685.46,Mortgage,0,8.9,West,1617.6,0.176,0.7716,0,No,0,0
CUST-001678,29,Male,Married,Bachelor,Salaried,64176.48,517.45,742.0,6.5,1,0,31076.4,60,4.69,1,4515.65,2535.28,Mortgage,1,3.2,Central,2861.93,0.0968,0.2286,1,Yes,0,0
CUST-001679,49,Male,Single,Bachelor,Unemployed,23985.23,954.67,665.0,28.0,2,3,43029.1,60,7.97,0,1887.08,2747.49,Mortgage,1,1.9,Central,1028.89,0.4776,0.4972,0,No,0,0
CUST-001680,55,Female,Married,Associate,Salaried,57796.88,601.6,753.0,28.2,5,0,11153.94,36,5.76,1,4985.61,2737.68,Mortgage,2,23.0,Central,2326.79,0.1249,0.6153,2,No,0,0
CUST-001681,52,Female,Married,Master,Contract,67043.13,311.07,805.0,31.5,8,0,20243.91,60,2.58,0,29242.95,1423.34,Mortgage,0,19.6,West,1496.85,0.0557,0.355,0,No,0,0
CUST-001682,38,Female,Widowed,Bachelor,Self-employed,75041.35,732.65,607.0,12.6,4,1,50711.76,36,9.48,1,3634.74,3160.7,Rent,0,7.0,Central,1485.02,0.1172,0.4602,1,No,1,0
CUST-001683,34,Male,Divorced,High School,Salaried,18793.46,851.31,750.0,9.6,2,1,16529.0,24,2.5,1,0.0,1787.41,Mortgage,0,11.4,West,713.65,0.5436,0.699,2,No,0,0
CUST-001684,63,Female,Single,Master,Salaried,117419.8,2075.32,722.0,42.0,5,0,33259.68,60,4.66,4,4262.48,8617.05,Mortgage,0,18.4,West,5117.31,0.2121,0.3965,1,No,0,0
CUST-001685,46,Female,Married,Bachelor,Unemployed,14663.3,562.94,636.0,21.4,1,2,26162.7,60,10.23,1,0.0,344.49,Mortgage,2,1.6,North,568.88,0.4607,0.5727,2,No,1,1
CUST-001686,55,Female,Married,Master,Self-employed,71881.2,1230.79,723.0,32.4,3,0,23589.05,60,5.87,1,3835.53,2533.78,Rent,6,25.0,East,3879.99,0.2055,0.254,1,No,0,0
CUST-001687,42,Male,Single,Associate,Salaried,81548.43,1214.15,701.0,22.1,4,0,32396.77,36,7.86,2,8648.96,11309.95,Own,0,8.1,North,4447.1,0.1787,0.4389,1,Yes,0,0
CUST-001688,35,Female,Married,,Salaried,44476.57,957.98,523.0,14.2,2,4,11934.66,48,12.26,1,1800.32,3815.09,Rent,1,8.4,North,1984.45,0.2585,0.7483,4,Yes,1,1
CUST-001689,34,Female,Single,Master,,44602.84,1750.17,700.0,10.1,5,1,8636.74,60,6.74,1,19087.12,-3390.17,Mortgage,0,1.1,Central,1565.67,0.4709,0.5269,1,No,0,1
CUST-001690,44,Female,Married,High School,Salaried,,2432.12,826.0,21.8,2,0,19061.16,24,2.5,1,1393.87,4495.89,Own,1,21.7,Central,3565.01,0.4204,0.7561,1,No,0,0
CUST-001691,41,Male,Single,Associate,Salaried,22839.52,559.66,559.0,21.9,2,4,17873.83,72,15.53,2,0.0,109.22,Rent,0,2.9,West,384.54,0.2941,0.9037,2,No,1,1
CUST-001692,37,Male,Married,Associate,Salaried,52732.03,1476.41,716.0,17.6,2,1,12324.81,36,6.19,1,1453.8,3043.47,Mortgage,1,9.1,South,2702.17,0.336,0.6248,3,Yes,0,0
CUST-001693,21,Male,Married,Associate,Salaried,56457.51,2416.73,726.0,0.0,4,0,10449.64,36,7.21,1,6091.88,-2829.61,Mortgage,0,1.1,Central,2963.78,0.5137,0.3416,1,No,0,0
CUST-001694,46,Female,Married,Bachelor,Salaried,100029.61,639.12,699.0,26.3,2,0,19918.89,36,8.61,1,9029.4,1167.86,,5,4.5,North,5618.88,0.0767,0.5286,2,No,0,0
CUST-001695,35,Female,Married,Master,Salaried,32768.6,1363.85,783.0,13.7,3,0,19785.04,48,3.05,2,4018.99,467.95,Rent,3,2.8,South,1510.3,0.4994,0.8075,3,No,0,0
CUST-001696,40,Male,Single,High School,Contract,46754.54,958.47,699.0,21.1,4,2,9043.39,72,7.24,1,32755.54,-264.59,Mortgage,0,12.0,South,1607.14,0.246,0.285,1,Yes,0,0
CUST-001697,43,Female,Single,High School,Self-employed,40415.31,983.5,634.0,20.1,4,3,9773.15,84,8.72,0,6777.36,2367.38,Rent,0,15.8,South,1245.75,0.292,0.4878,1,No,0,0
CUST-001698,22,Female,Single,Bachelor,Salaried,59346.11,1365.93,751.0,1.5,1,1,23340.37,60,4.28,1,2800.36,3259.98,Rent,0,2.8,West,1670.42,0.2762,0.9046,1,No,0,0
CUST-001699,38,Female,Single,High School,Self-employed,25239.41,785.64,650.0,16.0,1,1,5052.1,24,6.73,4,5382.51,1219.39,Rent,1,10.2,South,1406.93,0.3735,0.1345,0,No,0,0
CUST-001700,34,Male,Single,Bachelor,Salaried,84909.12,5027.13,693.0,11.2,0,1,37756.54,60,7.55,2,20832.78,-766.08,Mortgage,1,4.0,West,2553.39,0.7105,0.3206,2,No,0,1
CUST-001701,21,Male,Divorced,Bachelor,Salaried,23241.63,610.17,769.0,0.0,6,0,3757.46,36,2.86,1,792.53,1383.83,Own,0,1.0,West,889.6,0.315,0.3786,2,No,0,0
CUST-001702,44,Male,Married,Bachelor,Salaried,60065.38,2954.11,762.0,22.3,9,1,16130.21,72,6.24,3,2727.51,1338.22,Mortgage,4,7.7,Central,1486.95,0.5902,0.6581,1,No,0,0
CUST-001703,59,Female,Married,High School,Salaried,83258.48,321.31,665.0,38.4,4,1,22717.2,48,6.57,0,24573.86,4149.04,Rent,0,5.6,West,1966.19,0.0463,0.1487,0,No,0,0
CUST-001704,34,Male,Married,High School,Salaried,26922.06,1216.92,637.0,11.2,3,2,7239.39,72,10.29,1,2308.68,1728.31,Rent,3,2.7,East,1470.89,0.5424,0.4583,1,No,0,1
CUST-001705,48,Female,Divorced,Bachelor,Salaried,65958.78,1670.53,622.0,23.2,1,4,7158.2,36,9.44,1,14052.19,7428.01,Mortgage,2,14.2,Central,3001.53,0.3039,0.7695,0,No,0,1
CUST-001706,39,Female,Married,Associate,Retired,39427.94,673.25,777.0,20.2,5,0,38684.14,36,6.06,0,,6164.12,Rent,0,11.6,East,988.79,0.2049,0.3853,1,No,0,0
CUST-001707,57,Female,Married,High School,Unemployed,11510.19,485.24,701.0,36.4,3,2,52265.21,36,8.05,1,0.0,691.56,Mortgage,4,3.3,West,753.32,0.5059,0.4963,2,No,0,0
CUST-001708,38,Male,Divorced,Master,Salaried,78608.86,1693.34,687.0,15.2,4,1,18629.58,48,5.28,4,5326.18,9336.67,Rent,0,4.0,West,1094.44,0.2585,0.8681,2,No,0,0
CUST-001709,46,Male,Married,Associate,Salaried,85693.45,891.23,792.0,24.3,9,0,14266.55,60,3.98,1,8505.82,9965.24,Own,0,0.7,East,3853.85,0.1248,0.3099,0,No,0,0
CUST-001710,28,Female,Single,High School,Salaried,18649.9,908.38,629.0,4.2,1,2,38270.64,60,5.88,3,448.04,2233.45,Rent,0,2.6,Central,475.43,0.5845,0.4754,1,No,0,0
CUST-001711,34,Female,Single,Master,Salaried,283840.3,1460.24,557.0,12.2,2,3,14389.18,24,12.5,0,2371.78,-526.97,Mortgage,1,6.9,West,3634.95,0.3136,0.6424,0,Yes,1,1
CUST-001712,46,Male,Single,Master,Salaried,62253.25,1332.53,722.0,21.6,7,1,16260.2,60,4.67,1,6464.38,651.51,Mortgage,0,11.9,West,1606.44,0.2569,0.7789,0,No,0,1
CUST-001713,41,Female,Single,Master,Salaried,174108.27,2618.26,739.0,22.5,1,1,9762.21,36,6.79,1,45375.92,5494.1,Mortgage,2,4.2,West,6236.17,0.1805,0.6183,3,No,0,0
CUST-001714,48,Female,Married,Bachelor,Salaried,101447.93,2036.01,717.0,22.0,1,0,24555.98,36,5.84,1,6639.2,-267.76,Mortgage,2,20.2,East,4187.38,0.2408,0.3072,3,No,0,0
CUST-001715,47,Female,Married,Bachelor,Contract,25373.24,1031.19,708.0,25.8,5,1,6161.22,84,3.6,1,3206.86,2986.77,Mortgage,3,9.7,South,1116.58,0.4877,0.2964,1,Yes,0,0
CUST-001716,39,Male,Married,High School,Salaried,36531.45,516.4,705.0,14.2,8,1,4870.46,60,4.25,1,,582.69,Rent,2,10.6,South,1834.54,0.1696,0.1888,1,No,0,0
CUST-001717,44,Male,Married,Bachelor,Salaried,94901.87,2851.94,624.0,20.8,4,3,10537.01,36,8.9,3,0.0,6233.04,Own,1,15.7,North,1737.3,0.3606,0.736,2,No,0,1
CUST-001718,39,Female,Married,Associate,Salaried,40677.27,448.39,687.0,17.7,1,0,16602.99,72,7.76,1,4453.38,-3500.0,Own,2,6.4,South,1758.7,0.1323,0.5755,0,No,0,0
CUST-001719,30,Male,Divorced,Doctorate,Contract,187082.29,6580.5,708.0,8.3,2,2,11541.81,72,9.23,1,14644.23,13556.56,Rent,0,5.6,Central,1262.21,0.4221,0.4556,1,No,0,0
CUST-001720,56,Male,Single,Associate,Self-employed,73463.62,1054.74,640.0,34.3,4,2,4848.52,12,8.98,1,134661.29,3320.36,Rent,1,21.3,East,2434.02,0.1723,0.5703,1,No,0,0
CUST-001721,52,Female,Single,Associate,Contract,155041.15,5364.1,691.0,32.4,5,0,22328.94,48,8.9,3,18933.31,-3500.0,Own,1,18.7,East,4969.24,0.4152,0.7154,1,No,0,0
CUST-001722,48,Female,Married,High School,Self-employed,54929.27,1946.05,,24.4,8,2,21688.19,72,9.72,3,10894.79,634.56,Own,0,12.4,West,1823.47,0.4251,0.6187,1,Yes,0,0
CUST-001723,39,Female,Single,Master,Salaried,96246.19,3662.43,699.0,13.9,2,0,22823.39,60,7.71,2,6395.57,10726.42,Rent,0,12.4,Central,1436.59,0.4566,0.511,2,No,0,0
CUST-001724,47,Female,Married,Bachelor,Salaried,44813.36,1026.61,748.0,27.5,5,0,41422.81,36,3.1,3,697.45,,Rent,3,9.5,Central,2417.13,0.2749,0.4827,1,No,0,0
CUST-001725,51,Female,Single,Bachelor,Salaried,55111.19,934.78,,27.7,2,1,13092.47,12,2.68,1,16468.36,3673.3,Own,2,17.0,South,2347.29,0.2035,0.1437,1,No,0,0
CUST-001726,38,Female,Single,Bachelor,Self-employed,53634.28,1888.35,778.0,18.3,3,0,48898.26,12,2.66,3,7533.85,4483.61,Other,0,4.1,Central,2067.16,0.4225,0.726,0,No,0,0
CUST-001727,23,Female,Married,Bachelor,Salaried,54248.13,1488.34,736.0,0.0,2,0,73579.86,36,4.52,2,6506.56,8757.94,Rent,4,1.8,West,3167.33,0.3292,0.162,1,No,0,0
CUST-001728,53,Female,Divorced,Bachelor,Self-employed,29706.74,934.2,638.0,32.9,2,0,8556.1,12,8.77,3,6808.0,796.42,Mortgage,0,31.2,South,1078.93,0.3774,0.4422,0,Yes,0,0
CUST-001729,37,Male,Single,High School,Salaried,55351.43,1864.3,,12.9,2,1,23009.27,84,5.0,1,16144.27,6422.17,Mortgage,1,1.4,West,4174.8,0.4042,0.6239,3,Yes,0,0
CUST-001730,71,Male,Married,Bachelor,Salaried,106919.21,3421.04,713.0,45.5,5,1,1507.47,60,4.7,1,,3479.07,Own,2,9.0,Central,1356.4,0.384,0.5065,1,Yes,0,0
CUST-001731,36,Male,Married,Associate,Salaried,48577.73,2259.14,615.0,13.0,5,2,7468.37,60,7.52,4,935.06,,Rent,3,6.4,West,2600.05,0.5581,0.5289,2,No,0,1
CUST-001732,53,Female,Single,Bachelor,Salaried,36481.55,622.24,671.0,32.4,4,0,3536.24,24,9.84,0,8501.02,1652.58,Mortgage,0,14.0,West,1438.74,0.2047,0.4869,1,Yes,0,0
CUST-001733,61,Female,Single,High School,Salaried,55918.37,1517.94,705.0,42.5,6,1,17336.32,12,5.71,4,2472.32,1321.91,Mortgage,1,13.5,West,1979.99,0.3257,0.55,2,No,0,0
CUST-001734,38,Female,Single,Master,Unemployed,40586.59,1297.68,776.0,19.7,9,0,12803.94,60,3.73,1,,1624.76,Mortgage,1,1.5,North,1788.34,0.3837,0.5789,1,No,0,0
CUST-001735,55,Male,Married,Associate,Contract,66934.14,2188.61,695.0,28.8,3,0,20186.91,60,6.43,1,8141.22,3777.83,Own,2,6.2,Central,1125.43,0.3924,0.7582,1,Yes,0,0
CUST-001736,45,Female,Married,High School,Salaried,68738.87,1108.34,730.0,26.2,5,1,88298.46,60,5.65,1,11734.41,8900.46,Mortgage,2,13.9,Central,2878.47,0.1935,0.2717,2,No,0,0
CUST-001737,50,Male,Married,High School,Salaried,82388.36,896.82,729.0,26.6,6,0,27953.44,60,5.62,2,25934.71,-5.1,Mortgage,3,17.9,East,3312.63,0.1306,0.6338,2,No,0,0
CUST-001738,41,Female,Single,Master,Contract,77947.67,1083.03,676.0,20.4,4,1,19254.83,48,9.21,0,18180.31,482.62,Rent,0,13.8,North,3532.51,0.1667,0.5603,1,No,0,0
CUST-001739,46,Male,Married,Master,Retired,133410.67,4672.23,722.0,23.9,7,1,92523.66,84,3.59,1,2613.82,21846.64,Rent,2,23.7,East,4059.88,0.4203,0.4233,0,No,0,1
CUST-001740,38,Male,Single,Master,Salaried,101374.35,2819.9,699.0,18.2,1,0,34495.51,36,5.84,1,45749.54,104.19,Other,0,4.9,South,3240.97,0.3338,0.4482,2,Yes,0,0
CUST-001741,53,Female,Widowed,Master,Contract,,1200.16,774.0,26.8,2,0,12052.41,36,2.5,1,1462.12,5374.84,Rent,0,2.8,South,2040.97,0.3479,0.4238,0,No,0,0
CUST-001742,37,Male,Single,Master,Salaried,36630.38,1226.67,674.0,11.0,4,1,14420.56,36,5.01,2,730.05,-298.97,Rent,1,12.4,North,1409.66,0.4019,0.4272,0,No,0,0
CUST-001743,53,Male,Married,Associate,Retired,92833.55,1029.26,687.0,31.5,5,1,18689.85,24,5.38,3,16238.34,7469.01,Other,4,8.0,South,1825.09,0.133,0.5784,0,No,0,0
CUST-001744,42,Female,Married,Bachelor,Salaried,110989.77,3465.43,743.0,19.7,6,0,32051.47,84,4.57,3,13000.85,3686.72,Own,2,5.4,East,2810.21,0.3747,0.7334,2,No,0,0
CUST-001745,47,Female,Married,Bachelor,Self-employed,60094.18,674.76,773.0,21.7,5,0,44731.74,60,6.38,3,9301.55,4779.83,Rent,3,14.2,West,3337.44,0.1347,0.3831,1,No,0,0
CUST-001746,30,Female,Single,Master,Contract,126893.45,1028.52,747.0,6.7,4,0,33146.81,60,4.68,2,4325.35,551.47,Other,0,3.5,Central,5396.53,0.0973,0.0438,1,No,0,0
CUST-001747,47,Female,Divorced,Associate,Contract,95990.43,1310.3,692.0,19.8,0,3,15054.62,24,7.16,1,5779.79,-3500.0,Rent,1,3.0,Central,2778.68,0.1638,0.4527,1,No,0,0
CUST-001748,45,Male,Divorced,Associate,Contract,59581.34,675.74,716.0,24.7,3,0,16875.72,36,2.5,1,6056.13,-882.52,Mortgage,1,8.0,Central,2410.39,0.1361,0.2132,1,No,0,0
CUST-001749,55,Male,Single,Bachelor,Unemployed,,885.41,715.0,32.7,4,0,13350.75,36,3.96,4,,-672.6,Own,1,1.4,East,545.04,1.1695,0.2476,1,No,0,0
CUST-001750,49,Male,Married,Doctorate,Unemployed,24089.61,504.41,606.0,23.1,3,2,4925.56,84,10.25,0,587.05,3543.47,Mortgage,3,2.3,North,1223.94,0.2513,0.6821,0,No,1,0
CUST-001751,40,Male,Single,Master,Contract,38739.24,592.0,696.0,13.3,1,0,11889.69,36,7.97,1,12675.85,2461.79,Mortgage,0,10.3,North,2413.21,0.1834,0.3734,1,Yes,0,0
CUST-001752,46,Male,Widowed,Associate,Self-employed,63016.36,3060.15,674.0,26.7,2,1,12034.8,24,5.05,1,4377.36,7016.26,Rent,1,4.8,East,3451.72,0.5827,0.4031,2,No,0,0
CUST-001753,38,Female,Married,Bachelor,Salaried,57546.55,2031.38,738.0,17.8,3,0,21326.68,60,6.25,3,2685.02,7009.12,Mortgage,2,8.4,North,1411.17,0.4236,0.317,1,No,0,0
CUST-001754,39,Male,Married,Bachelor,Self-employed,,3334.92,587.0,18.3,3,4,15134.18,12,11.74,1,24273.41,4223.43,Rent,2,6.0,Central,4079.37,0.3922,0.7857,0,No,1,1
CUST-001755,48,Male,Single,Associate,Self-employed,45375.43,1196.7,678.0,25.1,3,0,28321.83,36,6.59,0,4343.73,778.35,Mortgage,0,7.8,Central,1214.4,0.3165,0.2887,0,No,0,0
CUST-001756,46,Female,Married,High School,Salaried,42072.94,1447.48,,18.0,1,0,66147.03,12,3.39,1,4215.44,2438.1,Rent,0,4.3,South,1675.73,0.4128,0.5799,2,No,0,0
CUST-001757,43,Male,Married,Bachelor,Salaried,39826.24,440.36,,24.7,4,1,31039.95,60,5.48,0,20784.28,153.31,Mortgage,1,15.8,West,2621.04,0.1327,0.1165,1,No,0,0
CUST-001758,36,Male,Single,Associate,Self-employed,55630.16,1826.92,773.0,16.5,4,0,28265.83,36,2.9,4,3638.09,4518.29,Rent,1,3.7,Central,1481.54,0.3941,0.4255,0,No,0,0
CUST-001759,38,Male,Divorced,Associate,Salaried,34816.1,1374.75,,17.0,6,2,26913.83,36,4.28,1,0.0,-811.46,Mortgage,1,3.8,South,1647.86,0.4738,0.578,3,No,0,0
CUST-001760,27,Female,Married,Master,Salaried,123838.53,3177.84,723.0,7.3,6,1,120038.32,36,3.37,0,75861.86,2740.17,Rent,2,2.3,East,4680.17,0.3079,0.402,2,No,0,0
CUST-001761,41,Male,Married,High School,Contract,26611.99,894.62,580.0,17.8,1,4,21681.49,60,10.77,0,1965.61,4385.97,Own,0,6.1,East,1588.85,0.4034,0.489,2,Yes,1,0
CUST-001762,21,Male,Married,High School,Retired,51122.73,157.4,716.0,0.0,2,0,16226.35,36,5.76,1,,5983.26,Rent,1,1.6,South,2133.63,0.0369,0.709,0,Yes,0,0
CUST-001763,69,Female,Married,High School,Self-employed,23064.84,554.1,643.0,50.0,1,2,33353.9,36,10.64,1,403.38,2037.36,Mortgage,1,22.6,Central,1551.23,0.2883,0.5985,1,Yes,0,0
CUST-001764,39,Male,Divorced,Bachelor,Unemployed,29844.28,401.28,651.0,15.7,2,1,14734.87,36,12.7,1,414.12,-210.72,Mortgage,1,1.6,Central,1490.42,0.1613,0.2045,3,No,0,0
CUST-001765,48,Female,Married,Master,Retired,19192.06,815.86,727.0,26.6,1,1,41178.78,36,9.4,2,2573.76,1001.11,Rent,1,22.0,West,691.84,0.5101,0.2021,4,No,0,0
CUST-001766,58,Female,Married,High School,Self-employed,60452.4,936.63,614.0,30.6,2,1,4413.51,60,10.26,1,59152.12,8133.15,Mortgage,2,21.7,West,3798.52,0.1859,0.8137,1,No,1,0
CUST-001767,54,Male,Married,Bachelor,Salaried,139803.58,2299.16,697.0,30.5,1,1,30902.62,36,5.68,1,15227.2,10638.52,Mortgage,1,25.2,North,7561.61,0.1973,0.2126,0,No,0,0
CUST-001768,40,Female,Single,Doctorate,Self-employed,97695.58,574.79,661.0,19.9,3,2,22884.91,24,8.5,2,60798.21,4118.33,Own,1,7.6,West,3360.77,0.0706,0.7154,0,No,1,1
CUST-001769,38,Male,Single,High School,Salaried,37304.09,731.6,705.0,18.5,3,1,33855.9,36,7.54,2,4220.97,1962.82,Own,0,8.1,West,599.6,0.2353,0.1786,1,No,0,0
CUST-001770,47,Male,Married,Bachelor,Retired,22962.85,479.97,745.0,27.9,4,0,86466.51,48,5.83,2,2997.35,-1784.79,Mortgage,0,6.3,South,1300.77,0.2508,0.1391,3,No,0,0
CUST-001771,53,Male,Married,Bachelor,Unemployed,15678.47,135.35,636.0,33.3,1,2,21825.01,36,8.91,1,1593.79,660.95,Rent,3,0.4,North,1743.08,0.1036,0.6493,2,No,0,0
CUST-001772,31,Female,Single,Bachelor,Salaried,72714.32,2035.41,630.0,6.9,5,2,29590.43,36,8.23,2,11981.1,6592.49,Own,3,2.9,East,1807.94,0.3359,0.4982,0,No,0,1
CUST-001773,37,Male,Single,Bachelor,Salaried,90244.69,567.05,703.0,15.8,4,0,7148.22,24,2.5,4,13977.13,8301.25,Other,0,10.3,East,6403.6,0.0754,0.3681,1,No,0,1
CUST-001774,37,Female,Married,Bachelor,Self-employed,36155.9,2056.22,639.0,16.9,2,2,13870.55,60,10.86,4,16617.12,2122.85,Mortgage,0,3.0,West,1004.27,0.6825,0.5733,0,No,1,1
CUST-001775,40,Male,Single,Bachelor,Salaried,37308.74,493.75,786.0,18.4,6,0,38856.21,36,5.83,3,2113.83,3622.4,Rent,1,5.6,North,1539.26,0.1588,0.7931,2,Yes,0,0
CUST-001776,42,Female,Widowed,High School,Self-employed,,761.15,655.0,19.6,2,1,48108.32,60,7.3,1,3539.61,-3500.0,Own,1,5.7,South,2558.83,0.1043,0.533,0,No,0,0
CUST-001777,32,Male,Married,Bachelor,Self-employed,,1835.53,657.0,10.6,4,2,22332.71,12,7.56,2,2747.76,,Rent,2,0.6,West,3014.77,0.4103,0.6949,0,Yes,0,0
CUST-001778,36,Male,Divorced,Bachelor,Salaried,70404.41,2818.77,749.0,15.1,4,0,102974.6,36,2.65,2,3497.43,4815.11,Own,0,,South,3375.4,0.4804,0.3134,1,Yes,0,0
CUST-001779,51,Male,Single,Bachelor,Salaried,56457.98,2540.98,710.0,30.8,2,0,11993.09,60,8.4,2,4146.95,6565.84,Own,0,29.1,South,524.05,0.5401,0.7067,0,No,0,0
CUST-001780,31,Male,Married,Associate,Contract,40944.86,1332.21,748.0,10.0,3,0,54157.29,36,4.25,3,2467.77,2958.98,Own,2,3.9,South,1445.43,0.3904,0.2577,1,No,0,0
CUST-001781,18,Female,Married,Doctorate,Contract,94143.46,1905.97,690.0,0.0,3,0,20979.41,24,6.96,1,4571.31,7228.31,Rent,0,0.0,East,4237.99,0.2429,0.4693,0,No,0,1
CUST-001782,50,Male,Married,Bachelor,Salaried,27316.47,696.66,713.0,25.7,4,0,9014.6,60,5.76,0,971.16,2970.99,Own,0,2.6,Central,744.84,0.306,0.0884,1,No,0,0
CUST-001783,31,Non-binary,Married,Bachelor,Unemployed,23096.69,279.17,723.0,8.0,2,2,69204.37,60,7.9,0,0.0,807.44,Mortgage,1,0.3,South,1317.98,0.145,0.3218,0,Yes,0,0
CUST-001784,52,Male,Single,Doctorate,Unemployed,32973.1,817.95,555.0,32.7,1,3,12892.79,24,6.73,1,2643.55,1217.56,Rent,1,1.2,South,1863.27,0.2977,0.224,1,No,0,0
CUST-001785,47,Male,Married,Bachelor,Retired,42910.18,1361.07,633.0,28.8,3,1,44558.82,12,9.88,1,4977.85,4015.35,Rent,2,4.9,West,1301.75,0.3806,0.4977,1,No,0,1
CUST-001786,49,Female,Single,Master,Salaried,52685.01,837.09,765.0,28.2,4,1,6442.62,72,5.13,4,7952.73,6703.34,Mortgage,0,13.6,Central,3078.34,0.1907,0.2114,3,No,0,0
CUST-001787,35,Male,Widowed,High School,Contract,9520.96,160.13,682.0,9.1,3,0,36910.14,24,5.41,1,966.57,-153.44,Mortgage,1,5.1,North,377.8,0.2018,0.5004,3,No,0,1
CUST-001788,36,Female,Married,Bachelor,Salaried,80577.27,1069.7,669.0,12.5,3,2,13672.48,60,7.5,0,6029.42,381.99,Mortgage,1,3.8,South,2512.44,0.1593,0.4624,0,No,0,0
CUST-001789,56,Male,Single,Master,Contract,75972.4,1189.17,701.0,32.1,3,1,42524.8,36,9.36,1,14033.01,7084.73,Rent,1,21.3,East,3511.38,0.1878,0.8926,0,No,0,1
CUST-001790,51,Female,Single,Master,Salaried,81283.02,3293.24,756.0,28.9,6,0,42305.93,60,4.78,2,9591.9,2923.5,Own,1,17.8,Central,5600.43,0.4862,0.2836,1,No,0,1
CUST-001791,27,Male,Married,Master,Salaried,30784.09,1202.78,710.0,6.3,2,1,57701.96,12,5.54,1,16448.22,-330.75,Mortgage,1,2.5,West,1076.44,0.4689,0.3046,3,No,0,0
CUST-001792,38,Male,Single,High School,Contract,47106.64,1545.79,690.0,15.8,3,2,26057.05,60,8.72,3,1209.53,3049.13,Rent,0,10.2,South,2383.1,0.3938,0.1835,2,No,0,1
CUST-001793,52,Female,Married,Bachelor,Salaried,92836.01,2982.35,770.0,30.0,6,0,56778.65,36,6.7,4,,-3500.0,Own,4,6.4,North,6188.2,0.3855,0.1235,3,No,0,0
CUST-001794,24,Male,Married,Bachelor,Contract,47013.71,1029.78,739.0,2.8,3,0,18476.83,60,6.83,3,2360.21,1775.78,Mortgage,0,2.8,East,1123.15,0.2628,0.63,1,No,0,0
CUST-001795,39,Male,Single,Associate,Contract,21869.87,462.01,678.0,20.4,4,0,75107.78,24,7.44,0,7612.3,-265.96,Rent,0,8.5,West,408.63,0.2535,0.4833,2,No,0,0
CUST-001796,39,Male,Married,Master,Self-employed,134954.31,4696.33,738.0,19.1,2,0,38570.01,72,5.83,4,5845.45,576.9,Mortgage,2,,East,6587.3,0.4176,0.1975,4,No,0,0
CUST-001797,26,Female,Divorced,Associate,Self-employed,53655.68,1643.03,701.0,6.3,3,0,49478.35,36,5.01,2,1115.15,-541.94,,0,,East,1135.47,0.3675,0.5126,0,No,0,0
CUST-001798,35,Male,Married,Associate,Unemployed,12016.06,383.37,612.0,6.7,4,1,12782.49,36,12.15,0,1918.59,531.51,Mortgage,1,1.1,Central,505.16,0.3829,0.7028,1,Yes,1,0
CUST-001799,40,Male,Married,Master,Unemployed,16577.81,526.82,764.0,20.8,1,0,8284.24,84,2.5,3,3620.56,-486.97,Mortgage,2,,South,672.86,0.3813,0.2329,0,No,0,0
CUST-001800,43,Female,Single,High School,Salaried,,1208.58,714.0,18.4,1,0,12323.16,48,5.6,0,,3311.12,Mortgage,0,12.8,South,350.0,0.4428,0.3416,0,No,0,0
CUST-001801,42,Male,Widowed,High School,Salaried,48373.01,504.91,663.0,21.0,4,2,21328.35,48,4.33,1,3059.52,5785.29,Own,2,11.9,East,1753.21,0.1253,0.4622,1,No,0,0
CUST-001802,23,Male,Married,Bachelor,Unemployed,18216.11,692.88,748.0,0.0,1,1,32127.81,36,10.47,1,55.49,2833.75,Mortgage,2,0.5,North,723.8,0.4564,0.5937,2,No,1,0
CUST-001803,40,Male,Married,High School,Salaried,77253.15,3217.1,662.0,20.2,1,1,23573.53,60,6.17,1,10653.89,2132.66,Own,1,12.1,Central,5948.37,0.4997,0.5257,0,No,0,0
CUST-001804,65,Female,Married,High School,Contract,28492.69,955.57,646.0,44.6,2,0,26290.11,48,9.01,1,8165.95,225.07,Rent,2,23.8,South,2117.01,0.4024,0.7382,0,Yes,0,0
CUST-001805,36,Male,Single,Bachelor,Salaried,125237.59,1938.81,696.0,15.5,3,1,8480.97,72,6.65,2,21968.84,2728.69,Mortgage,3,3.3,Central,2765.69,0.1858,0.6318,1,No,0,0
CUST-001806,45,Female,Married,High School,Salaried,24163.94,664.0,759.0,20.5,2,0,10341.87,36,5.16,1,,-222.23,Mortgage,1,6.2,East,1025.14,0.3297,0.39,0,Yes,0,0
CUST-001807,53,Female,Divorced,,Salaried,88118.66,1279.14,715.0,31.2,0,0,12098.89,60,3.35,1,9747.39,3378.35,Own,2,19.8,South,4539.87,0.1742,0.7471,3,Yes,0,0
CUST-001808,52,Female,Married,High School,Self-employed,50200.51,957.44,695.0,27.8,0,1,25954.35,60,3.17,0,483.47,3055.49,Rent,1,14.9,Central,1339.52,0.2289,0.2975,2,No,0,0
CUST-001809,31,Male,Married,Master,Self-employed,87168.07,197.45,630.0,9.9,1,4,23231.18,48,13.47,0,30736.64,8328.27,Mortgage,1,1.5,East,2134.63,0.0272,0.5907,2,No,1,0
CUST-001810,35,Male,Single,Bachelor,Contract,53010.47,2253.43,640.0,16.0,1,1,41817.53,24,5.88,1,7432.49,-499.63,Rent,2,3.4,South,2042.94,0.5101,0.4697,2,Yes,0,0
CUST-001811,42,Male,Single,Bachelor,Salaried,,190.06,705.0,20.9,4,0,20949.71,60,7.43,0,16719.85,2848.13,Rent,3,6.0,South,849.72,0.1058,0.6494,1,No,0,0
CUST-001812,30,Male,Married,Bachelor,Salaried,49184.07,771.79,677.0,7.7,3,2,34098.95,60,4.75,1,4343.91,-77.48,Rent,2,4.2,Central,1655.94,0.1883,0.6571,3,No,0,0
CUST-001813,42,Male,Divorced,Bachelor,Salaried,66449.63,1614.74,704.0,18.9,2,0,33795.46,36,6.82,3,1775.14,7202.02,Rent,0,7.5,South,3415.89,0.2916,0.5463,1,No,0,1
CUST-001814,45,Female,Married,Bachelor,Retired,26905.43,270.67,807.0,25.6,0,0,8740.45,24,2.5,0,1507.24,159.85,Rent,3,12.6,South,1257.81,0.1207,0.279,2,No,0,0
CUST-001815,34,Female,Single,Bachelor,Salaried,40819.58,1589.96,748.0,12.1,3,0,7101.57,60,4.25,4,3593.08,4951.07,Own,0,4.4,East,1154.71,0.4674,0.2252,0,No,0,0
CUST-001816,54,Male,Single,High School,Salaried,50570.11,1118.58,719.0,26.6,4,0,7025.11,60,7.35,1,3489.28,2172.18,Rent,0,24.5,Central,2060.32,0.2654,,0,No,0,0
CUST-001817,25,Male,Single,Associate,Salaried,25691.64,624.89,661.0,4.0,6,1,27505.82,84,8.64,2,1500.23,903.95,Rent,2,5.6,Central,1575.08,0.2919,0.2258,2,No,0,0
CUST-001818,40,Male,Married,Bachelor,Salaried,83500.0,1716.39,754.0,20.7,3,0,90231.73,36,2.52,0,31546.78,4801.45,Mortgage,0,0.5,Central,4664.49,0.2467,0.4801,0,No,0,0
CUST-001819,48,Female,Married,Master,Unemployed,18772.72,538.28,728.0,28.5,5,0,78376.94,36,3.11,3,1826.36,1716.63,Rent,2,1.6,North,1010.89,0.3441,0.6818,0,No,0,0
CUST-001820,38,Male,Married,Associate,Self-employed,80489.54,2789.18,741.0,16.4,4,1,4988.14,60,3.37,0,1757.05,10894.05,Mortgage,0,5.6,North,4461.4,0.4158,0.5059,0,No,0,0
CUST-001821,25,Male,Single,Associate,Salaried,47533.83,716.16,580.0,1.0,6,1,47894.05,60,8.38,2,801.97,3784.43,Rent,1,3.7,West,628.23,0.1808,0.2323,1,No,0,0
CUST-001822,40,Male,Single,High School,Salaried,47070.22,1029.82,763.0,18.6,3,0,69925.28,72,3.15,1,11571.6,2217.46,Rent,1,12.4,West,2494.5,0.2625,0.3333,1,Yes,0,0
CUST-001823,71,Female,Married,Bachelor,Salaried,50630.88,1837.2,650.0,50.0,2,1,18589.01,24,9.01,3,7147.51,4762.82,Rent,2,12.8,West,1214.44,0.4354,0.8756,1,No,0,0
CUST-001824,42,Male,Divorced,Master,Contract,95135.61,2629.07,729.0,22.0,1,0,15155.93,60,7.67,3,14689.51,5885.13,Mortgage,0,14.8,South,1035.79,0.3316,0.2037,1,Yes,0,0
CUST-001825,22,Female,Single,Associate,Self-employed,28527.5,783.6,763.0,0.0,3,0,26462.9,60,4.24,4,2677.98,2911.34,Mortgage,0,2.2,East,588.97,0.3296,0.5822,3,No,0,0
CUST-001826,56,Male,Single,Bachelor,Salaried,72966.67,585.66,721.0,29.4,1,0,67405.02,36,3.8,0,3332.16,5205.82,Rent,2,16.5,North,2873.73,0.0963,0.5967,0,No,0,0
CUST-001827,50,Male,Single,High School,Self-employed,48191.35,2935.34,712.0,29.9,4,1,128624.6,12,5.51,3,13511.19,2619.95,Own,1,,South,2486.54,0.7309,0.6026,2,Yes,0,0
CUST-001828,52,Male,Single,Associate,Salaried,62276.86,1095.63,743.0,24.2,3,1,17655.53,36,4.07,1,2824.61,-1520.13,Rent,0,14.1,Central,794.5,0.2111,0.4963,2,No,0,0
CUST-001829,46,Female,Married,High School,Salaried,79594.23,2727.81,739.0,27.3,1,0,28284.24,36,3.38,1,,4886.05,Rent,1,6.9,South,3152.21,0.4113,0.1412,1,No,0,0
CUST-001830,59,Male,Single,High School,Salaried,37488.53,1164.38,772.0,38.3,8,1,38419.38,72,2.5,0,478.34,-1923.37,Own,0,7.4,East,401.91,0.3727,0.1187,0,No,0,0
CUST-001831,34,Male,Single,Associate,Contract,63475.48,3315.0,734.0,9.6,2,1,61171.86,36,4.13,1,4431.2,3423.66,Mortgage,1,8.5,South,2166.97,0.6267,0.3468,0,No,0,0
CUST-001832,42,Male,Single,High School,Salaried,44422.66,1855.35,738.0,19.7,4,0,21976.34,48,6.29,4,876.48,-2147.25,Rent,1,14.0,North,1457.6,0.5012,0.4904,3,No,0,0
CUST-001833,40,Male,Married,Bachelor,Contract,28674.89,836.28,580.0,18.1,3,2,30890.3,60,14.06,1,2538.64,2583.76,Rent,1,4.7,West,823.52,0.35,0.4622,1,Yes,1,1
CUST-001834,25,Male,Single,Master,Contract,55042.83,538.12,681.0,3.8,1,0,41098.37,60,7.42,3,10084.91,4232.98,Other,1,3.4,South,1494.37,0.1173,0.6047,2,No,1,1
CUST-001835,47,Female,Single,High School,Salaried,35178.02,888.03,731.0,25.6,7,0,37724.3,60,5.9,1,28331.37,56.88,Mortgage,0,22.4,West,1702.76,0.3029,0.4458,0,No,0,0
CUST-001836,39,Male,Married,High School,Salaried,43734.17,741.34,694.0,15.4,3,2,21213.83,60,6.39,1,660.06,1789.51,Rent,3,7.0,South,1505.44,0.2034,0.4337,1,No,0,0
CUST-001837,36,Male,Married,Bachelor,Salaried,27845.26,723.2,730.0,14.9,2,0,12358.72,60,8.96,3,6468.45,4005.24,Mortgage,1,7.1,East,1147.37,0.3117,0.3277,3,No,0,0
CUST-001838,46,Male,Married,Associate,,31664.99,578.38,676.0,19.6,6,0,32699.26,72,4.39,5,1792.96,972.82,Rent,0,2.3,North,1129.65,0.2192,0.183,1,No,0,0
CUST-001839,52,Female,Single,Associate,Salaried,42994.99,1536.18,724.0,30.3,2,0,9408.92,48,5.26,1,7153.19,,Mortgage,0,16.8,Central,1062.31,0.4288,0.5185,0,No,0,0
CUST-001840,22,Male,Single,High School,Salaried,104524.31,1227.86,751.0,0.0,0,1,25967.49,48,2.5,2,11028.64,13667.22,Rent,0,1.1,South,4020.28,0.141,0.2564,1,No,0,0
CUST-001841,53,Male,Married,Associate,Salaried,39444.01,625.5,654.0,30.9,2,2,9564.3,60,6.7,1,9977.8,1879.31,Mortgage,4,19.7,North,2486.95,0.1903,0.5172,0,No,0,0
CUST-001842,27,Female,Married,High School,,,4107.55,762.0,3.2,5,1,68075.84,12,5.57,1,1407.07,9219.42,Own,1,2.2,West,3564.53,0.6394,0.2938,1,No,0,0
CUST-001843,42,Female,Married,Associate,,66636.25,408.42,685.0,22.9,0,1,12928.48,36,7.51,0,19312.97,-516.63,Mortgage,2,13.4,North,4268.94,0.0735,0.2199,1,No,0,0
CUST-001844,53,Female,Single,Bachelor,Self-employed,24606.27,1437.31,670.0,34.3,1,1,75341.21,36,6.63,3,653.6,-1910.62,Rent,1,17.8,South,1882.95,0.7009,0.4831,4,No,0,1
CUST-001845,29,Female,Single,Doctorate,Unemployed,18484.21,343.8,737.0,2.1,2,1,10133.0,36,7.37,0,8226.54,-1192.42,Mortgage,0,0.9,East,644.1,0.2232,0.8033,1,No,0,0
CUST-001846,24,Male,Married,Associate,Self-employed,98319.28,2877.93,641.0,3.8,4,1,6743.02,36,8.55,2,,4093.42,Mortgage,0,1.9,East,2134.98,0.3513,0.3105,1,No,0,0
CUST-001847,68,Male,Married,Master,Retired,57289.04,1867.08,728.0,36.0,2,1,8579.28,36,6.99,2,3144.11,-412.41,Rent,1,24.8,Central,3489.3,0.3911,0.512,1,No,0,0
CUST-001848,50,Non-binary,Married,Master,Salaried,50472.89,1021.14,724.0,31.7,4,0,18044.7,36,2.85,1,10869.54,818.12,Rent,1,12.5,North,599.1,0.2428,0.6017,0,No,0,0
CUST-001849,25,Male,Married,Associate,Self-employed,58438.94,923.26,725.0,2.9,5,0,40894.01,72,3.3,1,9433.32,-3500.0,Mortgage,2,2.5,Central,4132.28,0.1896,0.2383,1,No,0,0
CUST-001850,53,Female,Single,Bachelor,Contract,41000.21,1429.6,789.0,34.2,4,0,17924.29,24,2.5,3,14588.65,1164.26,Rent,0,7.3,South,2196.77,0.4184,0.365,1,No,0,0
CUST-001851,34,Non-binary,Married,High School,Self-employed,59903.76,1774.2,659.0,15.8,3,2,27468.41,24,5.77,3,5532.6,2438.97,Mortgage,0,4.5,South,4122.51,0.3554,0.6537,3,No,0,0
CUST-001852,47,Female,Single,Master,Retired,71397.97,396.85,792.0,26.1,6,0,13663.29,60,2.73,1,11924.75,9981.58,Mortgage,0,10.3,North,2105.07,0.0667,0.1353,0,No,0,0
CUST-001853,36,Female,Married,Master,Salaried,34108.68,1499.64,621.0,12.9,1,2,22494.84,60,9.85,1,2044.73,,Mortgage,0,8.9,East,1152.89,0.5276,0.6631,1,No,0,0
CUST-001854,32,Male,Married,Bachelor,Unemployed,13964.02,344.43,598.0,12.4,1,1,18208.55,60,12.09,0,25.57,110.68,Rent,0,0.6,West,611.0,0.296,0.6298,3,Yes,1,0
CUST-001855,39,Male,Divorced,Bachelor,Self-employed,74774.13,602.49,,18.1,2,0,15274.69,24,5.5,1,20912.7,10236.71,Rent,0,6.7,East,3328.43,0.0967,0.2034,0,No,0,0
CUST-001856,52,Male,Single,High School,Salaried,54851.09,2370.24,664.0,32.3,5,1,38457.49,48,10.17,3,19527.85,2077.6,Own,1,24.0,North,2469.23,0.5185,0.7713,3,No,0,0
CUST-001857,63,Female,Single,Bachelor,Retired,49085.48,2410.43,693.0,43.7,5,0,10126.77,48,9.7,1,7646.9,3030.44,Own,1,9.5,North,1921.05,0.5893,0.3929,1,No,0,0
CUST-001858,43,Female,Single,Bachelor,Salaried,49183.79,360.45,637.0,24.1,3,1,18392.44,36,9.53,0,20149.61,660.44,Mortgage,0,7.4,West,1437.47,0.0879,0.3919,1,Yes,0,0
CUST-001859,46,Female,Divorced,Master,Unemployed,39958.14,1642.74,639.0,26.6,4,2,18899.39,60,9.5,1,32598.43,4715.63,Mortgage,1,2.4,North,1352.42,0.4933,0.4399,0,Yes,0,0
CUST-001860,45,Male,Single,Bachelor,Self-employed,36131.88,1393.36,694.0,24.8,3,0,25437.01,60,4.3,0,5043.32,-917.58,Own,0,8.6,North,951.22,0.4628,,0,No,0,0
CUST-001861,27,Male,Single,Master,Salaried,55943.83,2234.76,775.0,7.6,4,0,8981.87,60,3.07,3,4320.28,3335.89,Mortgage,1,5.7,South,2112.72,0.4794,0.1129,0,No,0,0
CUST-001862,27,Male,Single,High School,Salaried,28161.31,518.72,734.0,8.0,1,1,28967.34,60,3.36,1,2086.95,2378.84,Mortgage,1,1.6,West,688.25,0.221,0.5288,0,No,0,0
CUST-001863,24,Female,Single,Associate,Unemployed,23427.05,413.65,635.0,0.0,3,3,100504.39,72,9.11,1,1835.15,-128.48,Own,0,0.3,Central,592.93,0.2119,0.8024,1,No,0,1
CUST-001864,22,Female,Married,Bachelor,Unemployed,29007.26,917.94,583.0,2.7,0,5,48281.73,60,12.83,2,0.0,2897.16,Rent,0,0.3,Central,1547.37,0.3797,0.6771,2,Yes,1,1
CUST-001865,55,Female,Married,Associate,Self-employed,55456.02,944.66,695.0,35.0,2,1,86826.25,36,8.55,2,907.24,5162.7,Rent,1,11.4,Central,1663.26,0.2044,0.6334,0,No,0,0
CUST-001866,24,Female,Married,Bachelor,Salaried,51168.61,217.39,588.0,2.7,1,3,14210.95,60,10.36,0,0.0,4561.3,Mortgage,2,1.3,South,1446.85,0.051,0.3461,2,No,1,1
CUST-001867,61,Male,Married,High School,Retired,48643.33,875.94,692.0,33.8,1,1,7464.72,48,4.16,3,2632.14,-3337.24,Mortgage,2,17.1,East,2096.0,0.2161,0.3928,2,No,0,0
CUST-001868,49,Male,Married,Master,Unemployed,16202.47,322.59,682.0,23.1,3,0,6124.87,60,7.0,0,450.69,-23.0,Mortgage,5,2.9,Central,1047.81,0.2389,0.3337,1,No,0,0
CUST-001869,38,Male,Divorced,Master,Self-employed,36987.67,1117.57,732.0,18.2,4,0,35775.07,36,2.5,0,14927.35,1904.64,Rent,0,7.6,East,1992.66,0.3626,0.1745,1,No,0,0
CUST-001870,56,Female,Married,Bachelor,Unemployed,7927.66,144.01,708.0,18.6,2,2,4784.34,48,6.57,1,27.26,1265.28,Mortgage,3,2.8,West,676.85,0.218,0.5128,0,No,0,0
CUST-001871,48,Male,Married,Bachelor,Salaried,57088.94,1552.2,680.0,27.9,2,1,61356.8,36,10.43,2,3266.66,4558.01,Mortgage,0,11.7,South,2308.78,0.3263,,1,No,0,0
CUST-001872,48,Male,Married,Associate,Salaried,38750.03,1318.97,681.0,25.8,2,1,56472.21,48,7.28,2,1390.17,940.53,Rent,2,7.5,Central,966.87,0.4085,0.2177,3,No,0,0
CUST-001873,44,Female,Married,High School,Salaried,94240.87,2443.19,740.0,22.6,1,1,8148.61,36,3.44,1,31501.14,11868.0,Mortgage,0,6.2,South,4527.72,0.3111,0.411,0,No,0,0
CUST-001874,33,Female,Married,Bachelor,Salaried,30881.53,787.69,729.0,10.0,1,1,3992.57,60,10.92,3,15523.63,1151.78,Rent,0,6.8,South,350.0,0.3061,0.4161,2,No,0,0
CUST-001875,46,Female,Single,High School,Contract,24988.84,1125.09,703.0,25.3,3,0,10893.63,36,6.76,1,3419.7,122.44,Rent,0,12.7,Central,964.05,0.5403,0.3819,2,No,0,0
CUST-001876,33,Male,Single,High School,Unemployed,11269.21,317.11,600.0,7.6,1,3,14705.91,24,11.6,0,0.0,825.4,Rent,0,0.4,East,523.25,0.3377,1.0069,3,No,1,1
CUST-001877,37,Female,Married,Bachelor,Unemployed,14673.29,511.65,717.0,15.2,2,2,32906.09,84,8.4,0,0.0,1743.78,Rent,3,0.8,South,486.44,0.4184,0.2882,1,No,0,0
CUST-001878,37,Female,Married,Bachelor,Salaried,53893.24,1570.63,765.0,15.6,4,0,83004.04,72,2.56,0,2963.99,7105.54,Mortgage,3,11.7,East,2114.61,0.3497,0.0928,1,No,0,0
CUST-001879,44,Male,Married,Bachelor,Salaried,73386.13,1594.66,747.0,25.4,1,0,12017.94,72,8.63,1,6859.04,4742.78,Rent,1,14.1,North,1890.62,0.2608,0.5262,2,No,0,0
CUST-001880,55,Male,Widowed,,Salaried,64907.67,1293.61,714.0,33.4,3,2,34512.91,36,5.77,2,501.43,2802.53,Mortgage,2,3.9,East,2406.24,0.2392,0.5982,0,No,0,0
CUST-001881,64,Male,Married,High School,Salaried,59536.95,1463.81,700.0,41.9,2,0,15427.57,36,3.67,2,4458.16,1119.89,Own,4,5.8,East,3403.18,0.295,0.5675,2,Yes,0,0
CUST-001882,26,Male,Married,Bachelor,Unemployed,18863.75,1173.67,675.0,3.1,3,1,65188.74,36,4.56,6,1382.98,1475.24,,0,0.2,West,824.86,0.7466,0.4878,5,No,0,0
CUST-001883,38,Male,Married,Master,Self-employed,126525.13,5172.61,755.0,17.8,6,0,5935.99,60,2.65,2,5342.53,-3500.0,Mortgage,4,3.6,South,3919.12,0.4906,0.499,0,No,0,0
CUST-001884,38,Male,Married,High School,Contract,67179.93,3751.59,734.0,14.9,2,0,6559.51,60,5.8,1,1900.79,2267.5,Mortgage,1,13.5,South,2572.16,0.6701,0.4846,0,No,0,0
CUST-001885,47,Male,Married,Bachelor,Salaried,29393.82,1577.28,741.0,24.1,4,0,9399.69,60,3.34,4,14547.19,469.65,Own,2,5.7,East,1156.24,0.6439,0.3884,2,No,0,0
CUST-001886,49,Male,Single,High School,Salaried,29534.32,435.43,737.0,28.2,1,0,28054.77,48,7.73,2,,5701.42,Own,1,9.7,West,628.09,0.1769,0.2168,3,No,0,0
CUST-001887,47,Male,Single,Associate,Self-employed,43743.13,1433.06,565.0,24.1,1,3,6411.27,60,13.66,1,7099.4,-1144.91,Mortgage,0,8.4,East,1413.88,0.3931,1.0169,1,No,1,1
CUST-001888,38,Female,Single,Bachelor,Contract,46668.93,2018.3,715.0,9.8,3,1,6251.47,60,5.35,2,2227.18,1593.78,Mortgage,0,8.9,East,606.18,0.519,0.5789,1,No,0,0
CUST-001889,59,Male,Divorced,High School,Self-employed,42391.78,1320.05,729.0,40.5,3,1,27061.46,36,3.31,1,4226.49,,Own,1,22.1,Central,1068.54,0.3737,0.1985,1,No,0,0
CUST-001890,59,Female,Divorced,Bachelor,Unemployed,16947.95,500.83,389.0,40.2,0,9,33068.64,60,17.66,2,0.0,1267.32,Mortgage,0,2.3,West,597.11,0.3546,0.7981,3,No,1,1
CUST-001891,47,Male,Married,High School,Salaried,42922.16,1472.14,617.0,26.7,3,2,30469.32,84,7.01,1,,669.07,Own,4,9.8,Central,2033.19,0.4116,0.402,3,No,0,0
CUST-001892,22,Female,Divorced,Associate,Salaried,31860.86,378.47,717.0,0.0,3,1,46093.69,36,5.82,0,4172.19,-525.23,Rent,1,1.7,North,1439.5,0.1425,0.6092,0,No,0,0
CUST-001893,18,Male,Single,High School,Salaried,37967.83,387.46,667.0,0.0,2,1,28123.36,24,7.87,0,9198.65,2220.39,Own,0,0.0,West,1898.82,0.1225,0.7762,0,No,0,0
CUST-001894,40,Male,Single,Associate,Self-employed,87427.46,2244.48,707.0,18.7,5,0,39900.5,36,5.11,2,50551.72,8077.26,Rent,0,9.4,South,2295.77,0.3081,0.3566,1,Yes,0,0
CUST-001895,48,Female,Married,High School,Salaried,57224.67,1757.59,765.0,28.8,3,0,25421.82,48,6.12,1,2880.13,347.7,Rent,0,6.0,North,1999.99,0.3686,0.5111,0,Yes,0,0
CUST-001896,35,Female,Single,Master,Salaried,48406.54,2590.53,757.0,15.2,1,0,18363.74,36,3.09,0,3944.39,1381.15,Mortgage,0,12.7,North,3241.28,0.6422,0.3498,3,No,0,0
CUST-001897,61,Male,Single,Doctorate,Salaried,64364.89,897.19,669.0,40.3,4,0,31626.49,84,8.56,2,9087.08,12422.68,Rent,2,17.8,North,3038.84,0.1673,0.4896,2,No,0,0
CUST-001898,51,Male,Married,Master,Self-employed,85752.43,1473.42,646.0,31.1,4,1,27290.5,36,4.74,2,8731.16,-3500.0,Mortgage,1,6.5,Central,4670.45,0.2062,0.8914,3,Yes,0,0
CUST-001899,52,Male,Married,Master,Salaried,50117.88,1648.83,658.0,30.1,0,1,10995.47,60,8.6,2,3011.31,1053.02,Rent,1,6.1,North,1282.97,0.3948,0.4263,1,No,0,0
CUST-001900,39,Male,Married,Associate,Salaried,62032.08,877.64,678.0,19.5,2,1,21851.59,36,9.65,2,24273.04,2203.85,Mortgage,0,5.0,East,2807.24,0.1698,0.4123,0,No,0,0
CUST-001901,33,Female,Divorced,Bachelor,Unemployed,12726.93,553.18,,9.7,1,1,8854.81,36,10.23,1,283.9,-742.03,Own,1,1.1,Central,598.95,0.5216,0.4178,0,No,0,1
CUST-001902,47,Female,Divorced,Bachelor,Salaried,26424.74,381.13,681.0,27.3,5,0,9636.41,12,6.82,3,926.71,1947.62,Own,2,2.8,East,803.95,0.1731,0.3668,0,Yes,0,0
CUST-001903,46,Female,Married,High School,Contract,,2042.44,704.0,25.0,1,0,16019.16,36,8.74,2,1094.02,-440.94,Own,1,4.3,West,1749.18,0.7721,0.34,1,Yes,0,0
CUST-001904,50,Female,Married,Bachelor,Salaried,94519.41,2191.41,772.0,27.1,4,0,73603.62,84,4.96,2,27676.47,5999.48,Rent,2,9.7,Central,4976.34,0.2782,0.6607,0,No,0,0
CUST-001905,46,Female,Married,High School,Self-employed,73478.59,1682.14,691.0,22.6,5,1,15101.83,24,7.03,3,23242.08,-3214.95,Rent,0,21.2,West,3188.65,0.2747,0.6529,1,No,0,0
CUST-001906,46,Female,Married,Bachelor,Self-employed,124026.22,495.49,710.0,27.1,2,0,12127.14,60,7.05,1,,2627.48,Own,1,25.5,South,8018.0,0.0479,0.7723,3,No,0,0
CUST-001907,54,Female,Widowed,Bachelor,,57396.63,394.67,697.0,34.1,5,0,14124.63,60,8.59,1,7015.18,4762.52,Own,1,17.1,Central,1835.57,0.0825,0.0549,1,No,0,0
CUST-001908,29,Female,Single,Doctorate,Salaried,66938.74,868.51,607.0,8.5,3,2,9159.11,60,12.37,1,1344.77,-3500.0,Mortgage,1,1.6,Central,1380.79,0.1557,0.5817,0,No,0,0
CUST-001909,34,Female,Single,Bachelor,Salaried,116784.89,1957.3,735.0,12.4,4,0,12544.44,60,6.58,2,8809.52,15538.09,Own,0,5.3,North,5643.86,0.2011,0.5951,0,No,0,0
CUST-001910,18,Male,Married,Bachelor,Salaried,140756.97,2939.06,590.0,0.0,4,2,7044.85,60,14.16,0,30820.97,-3500.0,Mortgage,2,0.0,East,8811.49,0.2506,0.5354,0,No,1,0
CUST-001911,43,Female,Single,Associate,Salaried,35690.73,641.34,749.0,18.9,6,0,6471.34,60,5.54,1,3294.77,4483.54,Rent,0,6.4,South,1570.96,0.2156,0.7166,2,No,0,1
CUST-001912,53,Male,Married,Bachelor,Salaried,84548.92,1989.02,724.0,33.1,1,1,67221.95,60,3.68,2,12094.09,202.54,Mortgage,1,11.7,North,1698.05,0.2823,0.7452,4,No,0,0
CUST-001913,32,Male,Married,Bachelor,Retired,35681.98,703.74,694.0,0.4,5,0,26603.64,36,2.7,1,3457.82,1417.41,Own,0,7.9,West,1730.83,0.2367,0.3518,0,No,0,0
CUST-001914,38,Female,Married,Master,Unemployed,23706.48,706.37,658.0,19.2,6,1,20461.62,60,9.01,4,3820.36,2654.7,Own,0,0.5,South,788.55,0.3576,0.4954,0,No,1,0
CUST-001915,43,Male,Married,Doctorate,Salaried,47977.95,285.64,677.0,21.1,6,1,9770.68,12,7.45,0,6269.44,-1546.84,Mortgage,1,5.6,East,2925.58,0.0714,0.8857,1,No,0,1
CUST-001916,60,Female,Single,Bachelor,Self-employed,49848.18,1077.16,677.0,37.8,1,0,9396.45,36,4.98,3,10184.52,1837.66,Own,3,15.9,North,1923.68,0.2593,0.5201,2,No,0,0
CUST-001917,46,Male,Married,Bachelor,Retired,19387.61,523.53,642.0,23.8,2,2,35029.11,84,6.89,1,2192.68,-185.51,Mortgage,0,14.2,North,1283.78,0.324,0.7626,1,No,0,0
CUST-001918,41,Non-binary,Married,High School,Contract,15538.3,529.79,656.0,17.2,1,0,9107.38,84,7.65,0,,659.28,Mortgage,2,4.1,Central,799.64,0.4091,0.7003,3,No,1,1
CUST-001919,22,Male,Married,Bachelor,Salaried,69080.27,3137.72,691.0,0.0,2,2,21658.33,84,5.41,2,11552.1,3325.3,Mortgage,0,2.5,South,2681.63,0.5451,0.6615,2,No,0,0
CUST-001920,49,Female,Married,Doctorate,Salaried,114895.05,4884.37,682.0,26.3,3,1,13699.97,60,4.99,2,78411.8,5230.73,Other,0,17.0,South,2620.02,0.5101,0.2304,2,No,0,0
CUST-001921,18,Male,Married,Associate,Salaried,53686.97,693.35,698.0,0.0,4,2,9870.62,24,6.55,2,3768.7,,Mortgage,2,0.0,East,2498.93,0.155,0.4553,0,No,0,0
CUST-001922,23,Female,Divorced,Associate,Self-employed,32670.53,678.36,738.0,0.0,1,0,9538.73,60,4.6,0,3943.73,-235.95,Own,0,1.3,West,658.11,0.2492,0.5301,0,No,0,0
CUST-001923,32,Non-binary,Married,Bachelor,Salaried,42126.37,797.72,650.0,12.6,3,2,6208.57,24,6.92,1,13799.28,1169.56,Mortgage,1,5.8,North,2009.63,0.2272,0.4767,3,No,0,1
CUST-001924,34,Female,Single,Associate,Retired,41088.35,815.89,709.0,13.5,2,1,3386.83,72,4.33,3,7846.9,6003.8,Rent,0,8.9,Central,1876.43,0.2383,0.3126,1,No,0,0
CUST-001925,39,Male,Married,Master,Salaried,92334.92,2787.72,693.0,14.2,2,0,29589.66,84,7.43,3,5442.44,5769.62,Rent,1,12.4,West,3652.62,0.3623,0.5614,3,No,0,0
CUST-001926,45,Female,Divorced,Bachelor,Salaried,99606.79,1563.3,741.0,20.5,3,0,13785.98,36,2.5,3,36991.94,6904.68,Other,1,5.2,South,5822.24,0.1883,0.7298,3,No,0,1
CUST-001927,43,Female,Single,Bachelor,Salaried,46354.21,1215.65,675.0,18.1,5,1,28274.76,84,6.39,3,2289.77,-3009.81,Rent,2,10.7,North,2497.78,0.3147,0.4849,3,No,0,1
CUST-001928,50,Female,Single,Master,Salaried,112955.27,3388.99,694.0,28.7,1,1,12292.25,48,6.21,1,9005.23,-1682.52,Rent,1,22.2,East,2558.06,0.36,0.2659,4,No,0,0
CUST-001929,44,Female,Divorced,Bachelor,Salaried,41634.71,803.17,565.0,23.9,3,4,31108.97,12,15.57,1,3434.58,1495.02,Own,0,10.0,South,1235.82,0.2315,0.9042,1,Yes,1,1
CUST-001930,41,Male,Married,Bachelor,Salaried,56657.23,841.22,753.0,21.1,1,1,4359.4,72,5.42,1,3482.21,4222.82,Rent,0,4.6,West,3002.31,0.1782,0.3063,0,No,0,0
CUST-001931,50,Female,Married,Master,Salaried,69569.53,3445.7,654.0,25.4,3,0,57628.22,36,11.91,2,52116.18,2652.63,Rent,1,9.3,South,4389.67,0.5943,0.5656,0,No,1,0
CUST-001932,52,Female,Married,Doctorate,Salaried,196429.86,6585.13,644.0,32.3,3,2,21172.84,84,10.67,1,7957.23,-3500.0,Rent,0,1.8,South,6324.55,0.4023,0.2431,1,No,0,0
CUST-001933,55,Male,Married,Doctorate,Self-employed,192315.49,2957.07,709.0,36.0,4,0,6064.28,36,8.88,1,7177.99,10281.13,Mortgage,0,5.8,Central,5764.04,0.1845,0.4814,1,No,0,0
CUST-001934,38,Female,Single,Bachelor,Contract,22146.48,567.61,640.0,16.0,4,2,41323.33,48,9.01,1,0.0,691.89,Own,0,6.2,South,730.19,0.3076,0.6724,3,No,1,1
CUST-001935,18,Female,Married,High School,Contract,28855.4,1411.38,690.0,0.0,1,0,16630.05,60,5.76,1,875.85,373.07,Rent,1,0.0,South,1160.33,0.5869,0.4259,0,Yes,0,0
CUST-001936,31,Male,Single,Bachelor,Salaried,81441.48,1298.89,672.0,8.8,4,0,17576.15,24,5.15,2,2702.19,12088.22,Own,0,8.5,West,3924.4,0.1914,0.4881,1,No,0,0
CUST-001937,62,Male,Single,Bachelor,Salaried,31728.7,181.98,675.0,41.5,0,1,27683.52,24,8.48,0,0.0,3531.55,Rent,1,18.1,West,1299.44,0.0688,0.6977,2,No,0,0
CUST-001938,44,Female,Widowed,High School,Salaried,41008.77,773.25,619.0,23.7,3,0,5740.67,36,8.32,0,4127.88,-968.61,Rent,0,20.7,South,3120.94,0.2263,0.2928,0,No,0,0
CUST-001939,32,Male,Married,Associate,Unemployed,7720.4,510.78,732.0,9.2,5,2,9586.45,60,2.5,1,0.0,590.13,Own,2,1.2,East,609.1,0.7939,0.314,1,No,0,0
CUST-001940,40,Male,Single,Master,Salaried,177037.22,4038.71,726.0,18.8,1,1,24675.41,36,3.74,2,4240.71,6390.33,Own,0,3.4,West,6966.34,0.2738,0.4375,2,No,0,0
CUST-001941,37,Male,Single,Bachelor,Contract,75410.67,2220.19,743.0,11.7,1,0,24433.64,60,4.9,1,4952.5,-2351.1,Rent,1,6.8,West,3283.92,0.3533,0.4052,0,No,0,0
CUST-001942,35,Female,Single,High School,Salaried,110248.32,710.3,738.0,15.8,6,1,7383.42,48,7.54,0,50150.82,-122.43,Own,0,7.0,West,3164.68,0.0773,0.7578,3,Yes,0,0
CUST-001943,21,Male,Single,Master,Salaried,17855.76,775.68,784.0,0.0,3,0,10161.14,36,3.65,2,1823.62,-274.64,Other,0,1.4,West,626.69,0.5213,0.4077,0,No,0,0
CUST-001944,31,Female,Divorced,High School,Salaried,53429.77,1140.64,690.0,5.7,0,0,22401.84,36,8.18,2,20173.52,6371.33,Own,0,2.9,Central,1491.82,0.2562,0.4729,1,No,0,1
CUST-001945,26,Male,Divorced,Doctorate,Contract,67179.51,1129.54,742.0,7.4,5,2,20099.04,60,3.74,3,139.85,13896.13,Rent,0,2.3,Central,4032.53,0.2018,0.8011,0,No,0,0
CUST-001946,43,Male,Married,Bachelor,Salaried,87685.9,602.41,806.0,24.6,1,0,28101.87,12,2.5,2,2381.73,11998.98,Mortgage,2,15.1,Central,4612.55,0.0824,0.3509,1,Yes,0,0
CUST-001947,40,Male,Married,Bachelor,Retired,31379.32,1287.13,692.0,17.0,5,1,7911.62,36,5.35,2,509.18,-212.32,Own,1,8.6,South,454.82,0.4922,0.3488,1,No,0,0
CUST-001948,30,Male,Single,Master,Salaried,,1245.79,658.0,3.7,6,2,11858.01,36,8.97,1,13580.06,-3500.0,Rent,1,2.7,West,8842.66,0.0783,0.8447,1,No,0,0
CUST-001949,28,Female,Divorced,Bachelor,Unemployed,25883.89,671.5,674.0,6.2,1,3,22160.87,48,4.88,2,7101.48,181.37,Rent,0,1.0,North,1284.75,0.3113,0.5098,1,No,0,0
CUST-001950,55,Female,Single,Bachelor,Salaried,44119.73,975.6,762.0,31.4,4,1,12787.48,36,7.72,3,0.0,-2164.08,Mortgage,1,21.4,North,1659.9,0.2654,0.426,4,No,1,0
CUST-001951,63,Female,Married,Doctorate,Salaried,63715.09,1390.6,705.0,41.4,2,0,14351.26,36,7.11,1,2806.39,3677.77,Own,2,17.9,East,1883.42,0.2619,0.3614,1,No,0,1
CUST-001952,45,Female,Single,High School,Salaried,29961.65,722.56,638.0,23.3,7,2,37890.76,36,11.34,1,12264.01,2563.53,Own,0,9.2,North,394.8,0.2894,0.347,1,No,1,0
CUST-001953,35,Male,Married,High School,Salaried,32440.34,1539.88,757.0,15.5,3,0,9133.34,24,5.19,3,2990.54,-762.38,Rent,0,0.3,West,1140.39,0.5696,0.3427,1,No,0,0
CUST-001954,39,Male,Married,Bachelor,Salaried,38746.31,1861.47,768.0,20.2,2,0,30188.06,60,4.72,2,9738.39,2117.55,Own,2,10.3,South,1615.38,0.5765,0.5341,1,No,0,0
CUST-001955,56,Female,Married,Master,Unemployed,21980.8,351.8,648.0,35.4,1,2,10308.38,84,5.72,1,,-992.7,Rent,1,0.3,North,423.97,0.1921,0.3533,0,No,0,0
CUST-001956,42,Male,Single,Master,Retired,37929.7,1627.1,703.0,20.2,4,0,17851.61,60,8.59,2,1325.79,-3500.0,Rent,1,8.2,East,944.55,0.5148,0.3214,1,Yes,0,0
CUST-001957,64,Male,Married,Bachelor,Retired,27075.9,1494.14,773.0,36.8,3,1,15806.21,24,5.56,0,5239.36,-2335.71,Own,1,22.6,Central,824.14,0.6622,0.5865,2,No,0,0
CUST-001958,37,Female,Married,Bachelor,Salaried,43405.57,142.79,708.0,14.2,4,1,4804.57,12,3.68,1,2647.74,2290.89,Rent,1,3.6,West,2158.86,0.0395,0.4117,1,No,0,0
CUST-001959,43,Female,Single,Bachelor,Contract,22487.1,1012.5,701.0,22.0,2,1,10615.3,60,4.57,2,704.29,2431.69,Mortgage,0,16.2,Central,535.65,0.5403,0.5746,1,No,0,0
CUST-001960,51,Female,Married,Associate,Self-employed,69527.66,812.15,710.0,28.7,7,0,14579.74,60,4.69,2,10341.16,5286.09,Own,2,12.8,South,2622.04,0.1402,0.2796,2,No,0,0
CUST-001961,59,Female,Divorced,Associate,Salaried,39546.86,704.34,728.0,38.9,5,0,17310.73,60,5.7,0,,,Mortgage,0,,South,1221.67,0.2137,0.8001,0,No,0,0
CUST-001962,54,Female,Married,Bachelor,Salaried,102756.71,2402.21,718.0,32.3,1,0,19621.35,36,5.26,1,1380.35,15757.96,Rent,1,4.6,Central,2012.3,0.2805,0.6057,0,No,0,1
CUST-001963,40,Male,Divorced,Bachelor,Salaried,56634.33,706.33,706.0,18.8,1,1,14307.67,24,7.98,1,2747.15,1609.6,Mortgage,0,2.3,West,2270.85,0.1497,0.2782,2,No,0,0
CUST-001964,56,Male,Married,High School,Retired,20970.73,481.05,664.0,30.3,3,0,13152.69,36,3.96,1,3893.91,2627.14,Mortgage,0,13.6,North,350.0,0.2753,0.3421,0,Yes,0,0
CUST-001965,37,Female,Married,Bachelor,Salaried,66846.1,2270.75,769.0,14.0,3,0,32981.37,60,3.9,4,794.36,-769.37,Rent,1,5.7,West,1591.26,0.4076,0.5415,1,Yes,0,0
CUST-001966,25,Male,Single,Associate,Salaried,86315.56,500.44,662.0,4.9,2,1,7189.46,24,6.6,2,3817.8,6772.71,Other,3,3.0,South,5196.93,0.0696,0.7271,2,No,0,0
CUST-001967,31,Female,Married,Associate,Self-employed,51828.28,1226.91,711.0,5.9,4,0,26979.36,84,8.45,1,1010.46,4314.71,Own,2,2.3,Central,1983.43,0.2841,0.7764,3,No,0,0
CUST-001968,55,Male,Married,Associate,Salaried,90329.07,1768.74,638.0,26.2,3,1,6471.06,60,13.0,7,7351.05,1762.57,Mortgage,1,15.1,South,5154.96,0.235,0.8335,0,Yes,1,0
CUST-001969,36,Female,Single,Bachelor,Salaried,,2164.45,761.0,16.7,3,1,10227.7,12,6.47,1,19161.85,8182.66,Mortgage,0,4.6,West,700.16,0.4131,0.8212,0,No,0,0
CUST-001970,18,Female,Married,High School,Self-employed,84346.62,954.23,752.0,0.0,2,0,16131.89,24,4.97,3,15516.71,393.27,Own,1,0.0,South,2775.65,0.1358,0.2332,2,No,0,0
CUST-001971,41,Male,Married,Associate,Salaried,63927.1,1652.29,716.0,14.1,4,0,43624.09,48,4.46,1,,6845.8,Rent,2,4.4,Central,3775.35,0.3102,0.7074,2,Yes,0,0
CUST-001972,55,Male,Divorced,Bachelor,Salaried,24881.44,210.45,715.0,33.7,3,1,5920.03,36,4.73,0,661.51,-965.28,Rent,1,13.8,South,1734.11,0.1015,0.6966,1,No,0,0
CUST-001973,47,Male,Single,High School,Salaried,22704.34,209.25,729.0,28.3,4,0,54311.04,60,4.15,1,1976.94,2971.91,Rent,2,9.1,Central,1125.93,0.1106,0.4923,2,No,0,1
CUST-001974,46,Female,Married,Master,Self-employed,19681.91,878.99,668.0,24.6,6,2,18947.88,72,7.03,2,5372.77,-820.1,Mortgage,3,13.8,South,627.37,0.5359,0.1821,1,Yes,0,1
CUST-001975,37,Female,Married,Associate,Salaried,40172.16,1601.46,728.0,11.3,3,2,35403.15,60,8.06,1,2732.51,2203.1,Own,2,6.0,West,2289.58,0.4784,0.168,2,Yes,0,0
CUST-001976,45,Male,Married,Bachelor,,52315.09,1747.46,768.0,22.4,4,0,24131.81,24,2.5,2,6797.52,1497.95,Rent,2,10.8,West,1332.48,0.4008,0.3475,0,No,0,0
CUST-001977,26,Female,Single,Master,Self-employed,32762.28,125.71,698.0,1.0,3,1,60572.98,24,5.9,0,2490.65,528.67,Own,0,5.2,North,857.71,0.046,0.4635,0,No,0,0
CUST-001978,33,Female,Married,Associate,Salaried,19454.56,678.57,774.0,13.2,1,0,19997.68,60,2.68,1,760.51,1544.25,Rent,2,11.8,North,783.77,0.4186,0.2267,3,No,0,0
CUST-001979,48,Female,Divorced,Bachelor,Contract,80709.23,1339.05,699.0,29.6,0,0,20070.15,48,6.53,0,30384.95,2927.89,Rent,1,17.6,West,4589.39,0.1991,0.7128,2,No,0,0
CUST-001980,28,Non-binary,Married,Associate,Contract,42717.25,888.65,807.0,3.6,3,0,14652.33,36,3.64,0,8169.79,4642.29,Mortgage,4,5.5,East,1066.87,0.2496,0.5917,0,No,0,0
CUST-001981,50,Female,Divorced,Doctorate,Salaried,149116.85,2648.11,669.0,26.4,4,1,13923.61,60,8.26,1,7778.95,14717.04,Mortgage,1,20.1,North,6351.16,0.2131,0.449,0,No,0,0
CUST-001982,30,Female,Married,Master,Self-employed,35145.36,983.11,761.0,10.5,4,0,15797.71,36,5.07,0,1616.58,1061.59,Other,0,8.3,Central,419.52,0.3357,0.3733,1,No,0,0
CUST-001983,28,Non-binary,Single,Bachelor,Salaried,39818.82,1182.47,674.0,8.4,4,1,68761.04,36,5.52,2,3821.61,-2667.06,Own,1,2.6,East,1755.58,0.3564,0.7721,2,No,0,1
CUST-001984,54,Female,Divorced,High School,Salaried,72042.14,2134.95,768.0,30.7,1,0,38473.12,36,3.47,2,17505.04,5447.88,Mortgage,0,23.5,South,4392.49,0.3556,0.2273,2,No,0,0
CUST-001985,52,Female,Married,Master,Contract,54407.66,1221.1,692.0,29.4,5,2,21235.44,60,7.44,1,13671.69,5488.37,Mortgage,1,12.0,West,1505.9,0.2693,0.2841,2,No,0,0
CUST-001986,42,Female,Married,Bachelor,Salaried,36266.54,618.56,691.0,17.0,4,0,8369.63,60,7.65,1,4573.59,1939.14,Own,3,0.9,Central,1166.18,0.2047,0.9299,0,No,0,0
CUST-001987,31,Female,Single,High School,Self-employed,43028.69,564.2,731.0,9.4,6,0,25101.51,36,7.49,2,12791.4,372.93,Mortgage,0,6.1,South,2166.87,0.1573,0.6983,1,No,0,0
CUST-001988,42,Female,Single,High School,Salaried,51963.32,1979.41,629.0,21.2,2,3,21739.61,84,9.28,1,1149.3,193.58,Mortgage,0,16.2,West,1306.37,0.4571,0.8882,1,Yes,1,0
CUST-001989,39,Female,Single,High School,Self-employed,41249.8,958.81,465.0,17.0,0,5,12052.88,36,14.84,0,4845.27,1198.75,Rent,0,11.8,North,1150.78,0.2789,0.7735,1,No,1,1
CUST-001990,37,Female,Single,Associate,Contract,35949.14,1099.47,,15.8,2,1,24071.0,12,8.22,1,1527.02,-344.6,Mortgage,0,8.2,South,787.4,0.367,0.305,2,No,0,0
CUST-001991,42,Male,Married,Master,Salaried,83237.88,2207.84,649.0,23.3,4,1,7567.26,36,8.13,1,7605.19,-989.49,Mortgage,0,9.0,North,4363.05,0.3183,0.4618,1,Yes,0,0
CUST-001992,47,Female,Married,Bachelor,Unemployed,10439.57,303.44,591.0,26.8,4,2,9740.68,60,10.74,0,372.22,969.75,Own,1,1.8,West,416.69,0.3488,0.2463,1,Yes,1,0
CUST-001993,39,Female,Single,Bachelor,Contract,19054.62,525.78,671.0,20.2,4,1,47694.45,48,9.44,0,14.0,1037.39,Own,1,4.8,Central,616.47,0.3311,0.8108,0,No,0,0
CUST-001994,58,Male,Married,Master,Unemployed,24588.5,1180.29,608.0,30.6,3,3,12513.61,36,12.63,2,3411.94,834.0,Rent,0,0.4,Central,800.54,0.576,,1,No,1,1
CUST-001995,40,Male,Single,Associate,Contract,31395.95,2157.48,710.0,17.9,3,0,44057.66,60,7.35,3,3995.51,-462.96,Mortgage,0,2.9,South,834.13,0.8246,0.6943,1,Yes,0,0
CUST-001996,44,Female,Single,Master,Unemployed,20586.98,307.69,698.0,17.3,2,1,11053.24,84,5.27,0,2174.39,1456.68,Rent,2,1.6,Central,1406.04,0.1794,0.4354,2,No,0,0
CUST-001997,32,Female,Single,Master,Salaried,40118.57,890.11,578.0,10.3,1,3,10479.56,24,13.89,0,1621.64,2749.67,Mortgage,0,3.1,East,1473.01,0.2662,0.5073,2,No,1,1
CUST-001998,20,Female,Married,Doctorate,Unemployed,,1082.46,617.0,0.0,1,3,25912.94,24,7.85,2,1525.89,3685.4,Own,2,0.1,West,1530.44,0.5097,0.7294,1,No,0,1
CUST-001999,45,Male,Married,High School,Salaried,73843.48,2497.83,639.0,25.8,3,0,18631.41,60,6.36,1,27267.66,,Rent,1,18.2,North,3268.07,0.4059,0.576,2,No,0,1
CUST-002000,45,Female,Married,Bachelor,Self-employed,71250.54,2394.9,726.0,22.6,5,0,18977.25,36,5.43,3,21517.46,6682.86,Rent,4,17.8,Central,3682.3,0.4033,0.1674,2,No,0,0
CUST-002001,43,Female,Single,Master,Salaried,41578.85,1309.18,731.0,22.9,3,1,7322.42,48,3.07,0,5368.17,339.12,Rent,0,2.7,South,1369.58,0.3778,0.3175,2,No,0,0
CUST-002002,20,Female,Single,Bachelor,Salaried,53005.56,2894.01,720.0,0.0,3,0,23140.89,60,5.27,2,6956.84,7500.28,Mortgage,0,0.9,Central,1525.88,0.6552,0.2313,2,No,0,0
CUST-002003,53,Male,Single,High School,Salaried,33631.71,794.1,742.0,32.5,5,1,14235.4,72,4.46,2,3154.45,1209.59,Own,2,20.9,South,1200.97,0.2833,0.6876,1,No,0,0
CUST-002004,29,Female,Married,Bachelor,Salaried,77611.29,2772.4,698.0,9.0,4,2,30830.95,60,7.35,3,11336.87,3326.36,Rent,2,2.2,West,3063.2,0.4287,0.8247,1,No,0,0
CUST-002005,45,Female,Divorced,Bachelor,Salaried,80908.32,2446.4,667.0,25.0,3,2,43973.45,36,8.99,3,419.44,1934.34,Mortgage,0,15.7,South,2317.3,0.3628,0.5871,2,No,0,0
CUST-002006,21,Male,Widowed,High School,Self-employed,49399.34,304.64,759.0,1.2,8,0,22620.88,60,9.94,0,4644.22,484.05,Rent,1,1.2,East,1405.99,0.074,0.5798,0,Yes,0,0
CUST-002007,36,Male,Married,Doctorate,Salaried,65466.82,603.74,701.0,12.5,7,0,27426.11,60,7.83,2,8459.71,2555.75,Mortgage,2,7.7,West,1777.1,0.1107,0.8788,1,Yes,0,0
CUST-002008,55,Male,Married,Associate,Salaried,57999.87,1428.69,784.0,32.4,3,0,13371.74,72,2.5,1,5893.19,6282.08,Rent,0,4.2,North,3135.55,0.2956,0.368,0,No,0,0
CUST-002009,39,Male,Widowed,Master,Salaried,59604.32,642.31,602.0,16.9,2,3,10409.26,60,13.15,1,20684.25,11134.79,Own,3,1.7,South,3932.03,0.1293,0.5581,2,No,1,0
CUST-002010,33,Male,Single,Associate,Salaried,31084.72,584.59,732.0,12.4,2,1,16368.53,36,6.79,1,1644.03,,Other,0,2.5,West,1795.67,0.2257,0.2419,0,No,0,0
CUST-002011,34,Male,Divorced,Master,Retired,110531.18,2987.42,594.0,11.3,1,3,13148.09,36,8.19,3,26157.48,7136.79,Rent,0,5.6,West,5836.52,0.3243,0.5122,5,No,1,0
CUST-002012,61,Male,Married,Master,Salaried,44461.53,737.63,625.0,39.6,4,1,29361.34,60,7.8,0,1596.01,1680.23,Other,4,,Central,1379.83,0.1991,0.6627,1,No,0,0
CUST-002013,25,Male,Single,High School,Salaried,97189.99,3383.63,696.0,3.4,4,1,15212.81,60,8.1,0,18154.84,8392.83,Rent,0,1.8,East,3696.04,0.4178,0.5953,0,No,0,0
CUST-002014,43,Female,Married,Master,Salaried,56522.88,1910.73,747.0,17.7,5,2,25237.19,36,3.07,3,1158.56,2058.52,Mortgage,0,6.4,East,1431.6,0.4057,0.9452,3,No,0,0
CUST-002015,29,Female,Married,Bachelor,Salaried,66538.56,1758.82,655.0,8.8,4,0,7297.47,60,5.33,0,11542.49,4437.08,Rent,2,2.8,South,3186.32,0.3172,0.8402,1,Yes,0,0
CUST-002016,19,Male,Married,Associate,Retired,12664.53,601.35,732.0,0.1,7,0,67440.94,60,10.24,2,928.32,1373.75,Own,1,0.6,South,744.84,0.5698,0.4705,1,No,0,0
CUST-002017,46,Male,Married,High School,Unemployed,7000.0,646.73,700.0,20.2,3,2,12370.69,60,6.67,3,0.0,-61.06,Own,2,0.7,North,554.24,1.1087,0.7035,2,Yes,0,1
CUST-002018,25,Male,Widowed,High School,Salaried,33338.64,774.14,722.0,5.9,4,0,5365.0,48,6.14,0,3424.79,3384.0,Mortgage,0,2.4,East,1261.0,0.2786,0.7051,2,No,0,0
CUST-002019,36,Male,Widowed,High School,Salaried,55629.35,1138.66,659.0,17.0,3,2,16985.48,84,11.04,1,10638.89,2927.43,Rent,0,7.4,North,2332.94,0.2456,0.9047,2,Yes,1,0
CUST-002020,41,Female,Divorced,High School,Unemployed,17025.63,784.97,678.0,18.9,3,1,10320.49,36,4.57,1,488.55,-377.42,Rent,0,1.2,North,811.69,0.5533,0.6136,1,No,0,0
CUST-002021,37,Male,Married,Associate,Salaried,72775.09,1067.71,711.0,16.2,2,0,4147.81,60,4.34,0,37963.94,5337.92,Own,0,5.8,Central,2019.53,0.1761,0.2709,1,Yes,0,0
CUST-002022,25,Male,Married,High School,Salaried,33651.96,1255.97,637.0,2.7,5,1,5259.68,36,9.78,1,3403.53,,Own,0,1.8,Central,1174.43,0.4479,0.2819,3,No,0,1
CUST-002023,69,Female,Single,Bachelor,Salaried,83841.46,1425.35,710.0,44.5,0,0,19870.52,60,6.88,2,35849.52,4081.32,Rent,1,,Central,1934.6,0.204,0.3123,1,No,0,0
CUST-002024,53,Male,Widowed,Master,Salaried,116033.94,2280.35,683.0,31.8,3,1,7505.33,48,6.41,1,4668.33,-3500.0,Own,0,7.8,North,3457.76,0.2358,0.3212,2,No,0,0
CUST-002025,50,Male,Married,Master,Self-employed,72720.09,468.7,670.0,29.6,5,1,32004.02,36,5.94,0,9278.04,6408.89,Rent,0,4.3,South,4280.92,0.0773,0.4126,2,Yes,0,0
CUST-002026,45,Male,Married,High School,Salaried,53954.56,2911.9,724.0,24.0,2,0,32258.08,60,8.09,1,19923.47,3874.31,Own,1,19.8,West,1948.54,0.6476,0.2838,1,No,0,0
CUST-002027,43,Male,Married,Bachelor,Salaried,64260.15,791.55,656.0,24.1,3,2,16059.56,60,9.69,2,655.33,3163.0,Rent,0,15.3,South,1743.54,0.1478,0.36,0,Yes,0,0
CUST-002028,33,Male,Single,Master,Salaried,80271.86,2621.04,677.0,13.0,3,0,7874.1,60,12.19,1,2170.78,324.55,Mortgage,0,9.1,West,2938.43,0.3918,0.4055,1,Yes,0,0
CUST-002029,48,Male,Divorced,Bachelor,Contract,40851.16,463.14,760.0,29.6,2,0,31172.12,12,3.18,3,551.93,2019.97,Own,0,13.1,East,2298.41,0.136,0.4947,4,No,0,0
CUST-002030,54,Female,Single,High School,Contract,45777.43,1732.38,589.0,33.6,2,2,22614.16,36,8.25,2,247.39,1547.66,Rent,0,31.5,Central,1032.55,0.4541,0.3226,1,No,0,0
CUST-002031,41,Male,Married,Master,Unemployed,33806.79,725.06,636.0,14.1,2,3,19620.06,60,7.01,0,9410.35,3179.48,Rent,1,1.4,Central,1759.09,0.2574,0.7774,1,Yes,0,0
CUST-002032,27,Male,Married,Bachelor,Salaried,85938.65,1925.05,776.0,7.8,4,1,137220.19,36,3.8,2,,10445.62,Mortgage,0,0.9,North,4078.05,0.2688,0.86,2,No,0,0
CUST-002033,29,Female,Married,High School,Salaried,54082.96,2926.5,731.0,5.2,1,0,38965.89,36,5.53,2,8043.51,140.86,Own,1,6.7,North,2592.09,0.6493,0.7992,1,No,0,1
CUST-002034,21,Female,Divorced,Associate,,60639.89,1385.29,698.0,2.2,2,0,7821.25,72,5.67,2,15729.85,3988.08,Mortgage,1,0.5,North,2361.56,0.2741,0.7258,1,Yes,0,0
CUST-002035,44,Male,Married,Bachelor,Salaried,50022.3,1340.09,750.0,22.1,4,0,13206.34,48,4.86,4,3575.07,2782.11,Rent,1,6.3,South,1982.8,0.3215,0.578,3,No,0,0
CUST-002036,69,Male,Single,Bachelor,,82623.95,2799.81,680.0,49.5,6,1,16432.1,12,6.86,1,10970.79,3676.42,Mortgage,0,19.7,South,4385.9,0.4066,0.8478,2,Yes,0,1
CUST-002037,25,Male,Married,High School,Contract,52227.39,886.57,735.0,5.7,1,0,12310.73,24,4.38,1,4678.93,4353.55,Mortgage,0,0.5,South,2490.51,0.2037,0.2984,1,No,0,0
CUST-002038,48,Male,Divorced,Bachelor,Salaried,70233.71,940.54,700.0,28.3,3,0,19479.69,36,7.3,2,4281.82,2349.63,Rent,0,8.0,North,4828.95,0.1607,0.1338,0,Yes,0,0
CUST-002039,37,Male,Married,Bachelor,Contract,65764.85,289.57,623.0,13.7,3,4,54057.0,60,11.47,2,3967.52,4991.33,Rent,3,2.6,North,1738.58,0.0528,0.7616,0,No,1,1
CUST-002040,55,Male,Divorced,Associate,Self-employed,63907.8,2059.7,472.0,33.0,1,6,79907.06,84,14.28,1,3878.61,-2223.42,Rent,1,20.7,Central,2508.92,0.3868,0.7097,1,No,1,1
CUST-002041,59,Female,Single,Bachelor,Self-employed,49526.72,548.9,667.0,39.6,3,1,123970.12,36,9.44,2,7461.78,5720.33,Rent,0,11.9,East,591.41,0.133,0.4618,0,No,0,0
CUST-002042,42,Female,Married,Bachelor,Salaried,19195.46,459.58,651.0,23.3,5,0,14573.74,60,6.42,3,3277.99,2340.11,Mortgage,1,23.0,Central,1225.44,0.2873,0.1077,4,Yes,0,0
CUST-002043,33,Male,Married,Bachelor,Contract,129677.69,6238.02,725.0,13.5,1,0,70368.97,36,7.69,4,14421.66,5464.58,Mortgage,1,9.0,Central,6882.21,0.5772,0.4268,3,No,0,0
CUST-002044,29,Female,Married,Bachelor,Salaried,,1865.38,620.0,2.3,2,2,13022.18,48,9.21,0,364.05,1829.18,Mortgage,3,5.0,North,2213.78,0.6505,0.7293,0,Yes,0,0
CUST-002045,30,Female,Divorced,Associate,Salaried,81223.06,1857.55,697.0,9.0,3,0,48989.84,60,7.55,1,726.89,5098.67,Rent,1,6.9,South,1592.44,0.2744,0.2513,0,No,0,0
CUST-002046,18,Male,Single,Master,Unemployed,24454.43,373.61,743.0,0.0,3,1,40619.07,60,3.49,0,983.2,-1934.91,Rent,1,0.0,Central,982.94,0.1833,0.118,1,No,0,0
CUST-002047,39,Female,Single,Associate,Retired,44078.12,1333.45,672.0,19.9,2,1,33411.86,36,3.31,4,1868.92,-3500.0,Rent,2,3.0,East,1251.08,0.363,0.4378,3,No,0,1
CUST-002048,39,Male,Married,Associate,Salaried,32606.75,363.82,669.0,15.6,0,2,3786.57,72,5.43,1,932.97,-1397.48,Own,1,10.1,West,1748.33,0.1339,0.1673,2,No,0,0
CUST-002049,43,Female,Married,Master,Self-employed,69822.25,1131.9,731.0,20.0,2,0,63694.34,60,5.05,3,1027.28,10402.54,Rent,1,18.7,East,3149.26,0.1945,0.0481,0,No,0,0
CUST-002050,54,Male,Divorced,Bachelor,Contract,19822.97,707.08,729.0,33.8,2,1,11859.01,48,7.27,0,2193.81,1059.73,Rent,0,19.7,Central,923.84,0.428,0.6754,0,Yes,0,0
CUST-002051,35,Female,Single,Bachelor,Salaried,52143.25,2523.15,719.0,6.6,1,1,8088.29,24,6.88,0,2143.08,1693.64,Mortgage,1,2.5,South,1485.15,0.5807,0.3389,1,No,0,0
CUST-002052,67,Female,Single,Master,Self-employed,52441.38,1478.14,724.0,44.5,1,0,46268.29,48,9.11,0,2740.54,2471.74,Own,0,14.5,South,1089.44,0.3382,0.4389,1,No,0,0
CUST-002053,45,Female,Single,Bachelor,Salaried,915664.18,4918.97,682.0,26.6,1,0,31305.99,48,4.47,0,64086.42,-269.4,Rent,0,6.4,North,5164.95,0.353,0.2196,3,No,0,0
CUST-002054,55,Non-binary,Widowed,Master,Contract,75308.72,1515.79,743.0,33.3,1,0,27035.89,36,3.16,0,27943.12,-3500.0,Mortgage,2,16.7,West,1780.08,0.2415,0.4738,1,No,0,0
CUST-002055,43,Male,Married,Bachelor,Self-employed,37418.37,769.29,660.0,23.1,3,2,50924.71,48,7.32,0,508.3,1356.35,Mortgage,2,11.0,North,1487.78,0.2467,0.2932,0,No,0,0
CUST-002056,64,Female,Married,Master,Self-employed,122060.24,6348.09,,39.9,8,0,15997.69,36,4.34,3,42769.34,4170.4,Mortgage,1,14.2,Central,1580.71,0.6241,0.636,2,No,0,0
CUST-002057,63,Female,Married,Associate,Retired,42736.9,1462.67,727.0,35.9,5,0,19849.83,48,5.33,1,627.96,5848.59,Rent,1,35.5,Central,1292.44,0.4107,0.4077,1,No,0,0
CUST-002058,63,Female,Married,High School,Salaried,19329.16,519.29,732.0,44.1,5,0,13860.72,60,7.04,2,2255.56,662.09,Mortgage,1,21.7,South,932.43,0.3224,0.1073,1,No,0,0
CUST-002059,50,Female,Married,Associate,Unemployed,30907.47,1284.22,774.0,25.2,4,0,15761.94,72,6.5,1,303.42,-966.03,Mortgage,2,1.7,North,1430.84,0.4986,0.4876,0,No,0,0
CUST-002060,28,Male,Single,High School,Salaried,24272.88,1322.92,676.0,6.7,5,0,49806.37,60,8.77,2,1920.47,-799.24,Rent,0,2.3,South,426.36,0.654,0.4956,0,No,0,1
CUST-002061,62,Male,Married,Bachelor,Salaried,44951.15,789.46,678.0,41.7,0,1,38184.05,36,8.49,1,7718.64,2372.14,Rent,1,12.6,East,1294.89,0.2108,0.3021,1,Yes,1,0
CUST-002062,43,Male,Single,Master,Self-employed,137392.52,2755.97,590.0,20.8,6,2,12754.33,60,9.96,2,20577.88,2791.76,Rent,0,17.9,West,5378.08,0.2407,0.6614,4,No,1,0
CUST-002063,63,Male,Single,High School,Salaried,38173.93,659.71,713.0,43.6,5,0,7836.25,36,5.43,3,13675.55,2796.71,Mortgage,0,19.6,Central,1608.9,0.2074,0.2853,1,Yes,0,0
CUST-002064,59,Female,Single,High School,Salaried,77597.31,1977.4,785.0,28.6,7,1,5434.25,60,5.9,1,4105.89,7220.8,Mortgage,0,1.8,North,2578.7,0.3058,0.7074,2,No,0,0
CUST-002065,37,Male,Married,Bachelor,Contract,82996.92,2166.83,634.0,9.6,2,0,18342.44,36,7.38,0,20144.7,8068.61,Other,2,6.8,North,4170.73,0.3133,0.1781,2,No,0,0
CUST-002066,26,Female,Married,Master,Salaried,118988.95,4216.83,787.0,6.4,1,0,21827.99,12,6.46,0,,7169.66,Mortgage,0,1.8,Central,6834.54,0.4253,0.3072,2,No,0,0
CUST-002067,44,Male,Married,Bachelor,Salaried,52856.88,1229.89,740.0,20.0,5,0,11763.57,48,2.5,3,14982.56,-381.32,Mortgage,2,15.2,North,2558.1,0.2792,0.596,3,No,0,0
CUST-002068,32,Male,Married,Associate,Unemployed,19780.89,526.76,647.0,13.0,5,2,10028.55,36,10.96,2,0.0,1805.54,Rent,1,0.8,West,752.8,0.3196,0.8495,1,No,1,1
CUST-002069,43,Female,Married,Bachelor,Self-employed,19166.48,201.11,712.0,21.1,2,0,5964.59,24,8.67,1,922.58,633.31,Rent,1,12.1,South,444.17,0.1259,,0,No,0,1
CUST-002070,55,Female,Divorced,Bachelor,Salaried,87394.62,3133.71,,35.0,1,0,37942.9,24,3.4,1,7111.1,-3500.0,Rent,0,8.4,West,1552.16,0.4303,0.3911,0,Yes,0,0
CUST-002071,27,Female,Married,Master,Salaried,78506.08,3335.13,700.0,5.4,1,0,2543.2,60,6.1,1,2742.61,3170.18,Other,2,2.0,North,4573.25,0.5098,0.3218,0,No,1,0
CUST-002072,42,Female,Married,Bachelor,Contract,105516.42,4556.14,729.0,19.9,3,0,25459.08,24,6.05,1,13612.96,9644.82,Other,0,7.1,East,4857.7,0.5182,0.3674,1,No,0,0
CUST-002073,36,Female,Married,Master,Contract,,2319.9,682.0,13.9,1,3,9390.57,48,8.81,2,4325.89,559.05,Rent,2,14.8,South,838.77,0.5496,0.4521,3,No,0,0
CUST-002074,33,Female,Married,Master,Unemployed,12668.49,435.05,640.0,8.2,5,1,17642.89,60,10.21,1,161.32,1044.42,Rent,0,0.3,East,413.89,0.4121,0.5858,4,Yes,0,0
CUST-002075,51,Male,Married,Bachelor,Salaried,101315.19,3545.23,766.0,28.9,4,1,8664.44,36,2.5,4,807.27,16944.48,Rent,1,11.4,East,4726.73,0.4199,0.3581,1,No,0,0
CUST-002076,61,Female,Divorced,Doctorate,Unemployed,46941.17,1763.14,746.0,34.9,4,0,3323.05,36,3.58,2,4718.65,2194.02,Mortgage,0,3.8,Central,1351.17,0.4507,0.5509,2,Yes,0,0
CUST-002077,49,Male,Married,High School,Salaried,35937.52,540.5,619.0,30.3,3,3,16018.65,24,9.07,0,3361.72,1833.25,Own,0,5.7,West,1359.88,0.1805,0.4159,0,No,1,0
CUST-002078,53,Male,Divorced,Bachelor,Unemployed,14197.37,469.04,543.0,33.7,3,4,14855.86,48,10.4,0,0.0,-358.01,Mortgage,1,1.7,Central,665.4,0.3964,0.6273,1,No,1,1
CUST-002079,55,Female,Single,Associate,Salaried,61558.36,577.47,778.0,32.8,5,0,22049.65,60,2.5,3,9385.85,5613.99,Mortgage,0,9.8,West,2893.39,0.1126,0.2702,0,No,0,0
CUST-002080,45,Female,Married,Master,Unemployed,32058.93,470.15,605.0,23.2,4,3,2505.54,48,9.93,2,0.0,-1273.18,Rent,0,1.5,Central,542.72,0.176,0.6546,2,No,0,1
CUST-002081,38,Female,Single,Master,Self-employed,,1321.78,674.0,16.1,1,2,23371.29,24,7.36,2,714.35,5283.68,Own,0,3.4,Central,1393.35,0.2397,,0,No,0,1
CUST-002082,50,Male,Single,Bachelor,Salaried,179016.41,8706.05,735.0,30.9,3,0,7783.39,48,2.71,1,9530.13,1743.74,Rent,0,11.6,North,9381.69,0.5836,0.6507,2,No,0,0
CUST-002083,21,Male,Single,High School,Self-employed,40014.04,406.18,610.0,0.3,2,3,38346.44,36,11.68,1,1041.03,1593.0,Rent,0,0.4,Central,1730.4,0.1218,0.5935,1,No,0,1
CUST-002084,38,Male,Married,Associate,Self-employed,40871.66,943.88,757.0,16.8,2,0,15841.49,48,6.36,1,28875.97,1604.54,Rent,1,17.4,West,1385.33,0.2771,0.2288,1,No,0,0
CUST-002085,49,Female,Divorced,Master,Salaried,119555.07,2975.82,663.0,29.3,2,0,15215.73,60,9.8,0,9014.94,10541.26,Own,0,6.1,South,3044.54,0.2987,0.8741,1,No,0,1
CUST-002086,58,Male,Divorced,Bachelor,Contract,70233.89,2033.27,725.0,34.9,6,1,2141.71,60,3.39,0,4006.33,5211.31,Rent,1,32.9,East,564.27,0.3474,0.5297,1,No,0,0
CUST-002087,40,Male,Single,High School,Self-employed,34500.34,1239.41,674.0,19.4,1,1,33421.02,36,9.94,1,1001.36,-843.29,Own,1,4.8,South,1611.34,0.4311,0.6898,0,No,0,0
CUST-002088,22,Female,Single,High School,,35840.9,1061.23,719.0,0.0,2,0,38197.73,60,3.63,2,9817.78,3831.64,Mortgage,0,2.9,North,1259.31,0.3553,0.1706,2,Yes,0,0
CUST-002089,19,Male,Married,Bachelor,Contract,139116.58,1487.62,818.0,0.0,2,1,7698.36,60,3.99,0,80191.82,2142.64,Own,2,0.3,West,8165.55,0.1283,0.6877,0,No,0,0
CUST-002090,21,Male,Married,High School,Self-employed,37876.65,337.65,702.0,1.5,3,1,55584.88,60,2.78,1,4203.25,-573.6,Rent,2,1.1,Central,2254.83,0.107,0.8639,1,No,0,1
CUST-002091,49,Female,Single,Bachelor,Unemployed,23676.89,1449.52,601.0,29.4,1,2,7386.26,60,6.7,4,1806.02,2121.48,Rent,0,3.0,East,576.26,0.7347,0.3442,2,No,0,1
CUST-002092,38,Female,Married,Bachelor,Salaried,61550.87,491.69,756.0,13.8,2,0,18454.55,12,4.44,0,3141.75,6555.35,Own,2,3.9,South,2382.12,0.0959,0.7284,1,No,0,0
CUST-002093,34,Male,Single,Master,Salaried,65115.82,1312.1,727.0,13.4,3,1,18287.14,48,4.49,0,2214.26,-2381.82,Own,0,4.7,Central,3585.38,0.2418,0.1277,1,No,0,0
CUST-002094,37,Female,Single,High School,Salaried,47789.0,576.36,707.0,11.0,4,1,14743.36,72,5.33,1,9889.22,1853.47,Rent,1,3.4,North,1614.73,0.1447,0.7093,0,No,0,0
CUST-002095,57,Female,Married,Bachelor,Contract,71672.96,2739.9,707.0,36.0,6,2,61129.47,12,8.24,1,9268.89,16.9,Mortgage,0,23.2,West,2676.21,0.4587,0.3491,2,No,0,0
CUST-002096,39,Male,Married,Bachelor,Unemployed,21268.69,1146.36,614.0,15.5,3,3,36066.96,84,10.73,3,477.0,-472.18,Own,0,2.0,West,1671.5,0.6468,0.8997,0,Yes,0,0
CUST-002097,63,Male,Single,Master,Contract,40158.17,663.31,662.0,43.6,4,0,12780.91,36,9.56,0,11322.93,4830.03,Own,1,17.7,South,1307.09,0.1982,0.3747,0,Yes,0,0
CUST-002098,29,Female,Married,Master,Contract,68512.29,1449.81,746.0,5.3,3,0,24706.37,60,5.11,0,10629.16,1224.47,Rent,3,,South,2409.55,0.2539,0.3348,1,No,0,0
CUST-002099,47,Male,Single,Bachelor,Salaried,127895.78,3729.88,668.0,25.1,1,1,37061.21,36,6.0,2,5800.43,7995.73,Own,0,18.6,West,4555.94,0.35,0.3934,0,No,0,1
CUST-002100,42,Female,Married,High School,Unemployed,12984.49,466.39,702.0,17.7,7,0,16538.24,36,5.69,2,348.96,,Mortgage,1,1.3,East,675.8,0.431,0.4782,0,No,0,1
CUST-002101,28,Male,Married,Bachelor,Self-employed,178946.59,5305.64,738.0,0.0,7,2,13547.55,60,3.65,2,7020.11,12204.2,Own,1,0.7,West,11047.11,0.3558,0.7562,3,No,0,0
CUST-002102,34,Female,Single,High School,Self-employed,36749.75,298.24,506.0,3.6,3,5,10924.41,24,12.39,1,1106.73,880.55,Own,1,3.0,South,2032.48,0.0974,0.3671,2,No,1,0
CUST-002103,61,Female,Married,Bachelor,Salaried,58312.06,493.26,719.0,36.5,2,1,11306.23,36,3.6,1,919.74,378.44,Rent,2,8.1,East,2903.63,0.1015,0.3202,0,No,0,0
CUST-002104,34,Male,Single,Bachelor,Retired,46683.95,1162.86,781.0,9.0,5,0,21221.27,24,2.5,1,3249.85,65.09,Own,0,2.1,South,2196.47,0.2989,0.3298,1,No,0,0
CUST-002105,41,Female,Single,High School,Salaried,23103.95,961.48,734.0,18.9,5,0,78607.04,60,5.11,1,1040.82,1431.14,Rent,1,17.9,West,746.45,0.4994,0.1263,1,Yes,0,0
CUST-002106,33,Female,Married,Bachelor,Salaried,21178.16,669.72,565.0,12.3,4,2,5517.43,72,16.47,1,6900.98,2042.96,Rent,1,4.0,North,855.43,0.3795,0.713,2,No,1,1
CUST-002107,28,Female,Widowed,Associate,Self-employed,37540.27,6954.41,646.0,3.5,3,0,41510.29,36,5.4,4,3453.03,519.38,Other,1,5.9,South,1598.72,0.3529,0.2479,2,No,0,0
CUST-002108,31,Male,Single,Bachelor,Unemployed,11972.91,660.42,671.0,5.8,1,3,11332.52,60,6.4,1,0.0,-254.3,Rent,1,0.2,North,729.16,0.6619,0.4833,1,No,0,1
CUST-002109,40,Male,Widowed,Bachelor,Contract,67607.67,919.82,725.0,17.2,4,0,19172.55,36,2.83,2,6540.48,2854.97,Mortgage,1,12.6,East,1713.07,0.1633,0.9376,2,No,0,0
CUST-002110,27,Female,Single,High School,Unemployed,9216.36,190.04,,5.2,0,5,7589.37,60,11.92,2,0.0,81.62,Rent,0,0.2,West,404.34,0.2474,0.7644,2,No,1,1
CUST-002111,42,Male,Married,Associate,Retired,35265.51,759.18,709.0,19.5,1,1,18136.46,60,6.47,3,3010.22,-649.44,Rent,2,1.4,West,510.57,0.2583,0.7476,2,No,0,0
CUST-002112,44,Male,Single,Associate,Self-employed,91338.79,2210.77,697.0,25.0,4,1,58617.72,36,4.09,3,7712.97,9396.51,Own,0,7.4,South,1813.68,0.2904,0.1149,3,Yes,0,0
CUST-002113,47,Male,Single,Bachelor,Salaried,81989.23,2297.67,736.0,27.5,3,0,7997.14,36,3.21,3,14815.57,-562.87,Rent,2,1.5,Central,4783.01,0.3363,0.0707,2,No,0,0
CUST-002114,35,Female,Single,High School,Salaried,63309.97,1725.6,656.0,9.1,2,0,31619.22,72,6.77,0,4452.2,8356.57,Mortgage,1,6.0,West,2001.29,0.3271,0.3416,2,No,0,0
CUST-002115,54,Female,Single,Bachelor,Salaried,43592.88,525.42,693.0,32.6,4,1,26071.16,60,7.22,2,1589.99,437.81,Other,1,5.7,Central,1140.17,0.1446,0.6466,1,No,0,0
CUST-002116,34,Female,Married,High School,Salaried,20297.62,707.26,726.0,14.8,5,1,17087.33,60,3.66,1,1162.78,1103.23,Rent,3,3.1,Central,1072.56,0.4181,0.6406,2,No,0,1
CUST-002117,68,Female,Divorced,Master,Salaried,48067.75,1191.14,793.0,42.1,2,0,28394.3,60,2.9,1,5632.07,1475.61,Own,0,11.1,North,492.93,0.2974,0.4725,1,Yes,0,0
CUST-002118,59,Male,Married,Associate,Unemployed,23781.0,726.98,616.0,37.6,2,1,28489.3,60,9.7,1,1255.35,2543.42,Mortgage,0,1.3,Central,565.69,0.3668,0.2124,0,Yes,0,1
CUST-002119,33,Male,Single,Bachelor,Salaried,48721.29,1200.48,,10.1,3,0,78060.01,84,4.35,4,1718.24,4709.98,Mortgage,0,2.0,North,2192.35,0.2957,0.2566,0,Yes,0,0
CUST-002120,27,Male,Divorced,Master,Salaried,74566.3,1989.05,726.0,1.0,6,0,8798.62,12,3.16,3,4047.42,6382.26,Mortgage,1,7.0,Central,4245.39,0.3201,0.5437,2,No,0,0
CUST-002121,28,Female,Divorced,High School,Salaried,31146.38,262.04,657.0,7.3,2,1,29904.96,36,9.47,0,1220.15,731.72,Rent,1,3.3,East,1943.29,0.101,,0,No,0,0
CUST-002122,30,Female,Divorced,Bachelor,Salaried,33696.37,575.02,679.0,9.0,1,0,16690.77,72,10.46,2,7039.77,292.78,Rent,0,8.4,North,1376.65,0.2048,0.481,2,No,1,0
CUST-002123,38,Female,Divorced,Associate,Contract,27054.29,1121.44,669.0,15.9,2,1,30217.71,36,5.58,0,1700.5,-895.91,Own,0,2.6,Central,1689.34,0.4974,0.6262,0,No,0,1
CUST-002124,59,Male,Single,Master,Salaried,77282.14,3598.69,663.0,36.0,2,2,18878.99,48,5.82,2,2277.5,,Own,0,24.0,South,2664.64,0.5588,0.495,2,No,0,1
CUST-002125,37,Female,Single,Bachelor,Self-employed,75808.72,857.48,670.0,7.2,4,1,14233.19,60,6.28,0,27899.96,6308.03,Mortgage,0,8.2,West,1379.31,0.1357,0.1718,0,No,0,0
CUST-002126,39,Male,Single,Associate,Salaried,33322.28,500.66,569.0,20.6,0,4,7206.61,60,13.01,2,11159.55,1607.9,Mortgage,0,7.3,East,820.24,0.1803,1.191,1,No,1,1
CUST-002127,38,Male,Widowed,Associate,Self-employed,31291.99,1157.29,752.0,16.3,4,0,24474.17,60,5.83,1,1784.27,2070.71,Mortgage,0,11.6,South,357.01,0.4438,0.5287,2,No,0,0
CUST-002128,50,Male,Single,High School,Contract,49842.32,935.26,678.0,29.7,3,4,7925.03,12,5.58,1,346.33,4589.47,Rent,1,10.9,West,1121.36,0.2252,0.6619,0,No,0,0
CUST-002129,47,Female,Married,High School,,120066.81,5558.86,737.0,28.0,6,0,4855.53,60,6.14,1,8053.11,16157.44,Rent,0,24.5,South,4767.22,0.5556,0.6859,2,No,0,1
CUST-002130,46,Non-binary,Divorced,Bachelor,Unemployed,38574.97,1029.67,693.0,24.1,2,2,19546.96,72,6.54,2,16237.54,1215.61,Own,2,0.7,North,1896.49,0.3203,0.2286,0,No,0,0
CUST-002131,46,Male,Single,High School,Contract,30859.16,810.22,680.0,26.4,2,0,61220.97,60,10.88,2,6150.04,2750.18,Rent,0,21.7,Central,967.71,0.3151,0.7592,1,No,0,0
CUST-002132,44,Male,Single,Bachelor,Retired,35828.7,1136.34,672.0,21.3,2,0,71496.24,60,4.46,1,2146.79,2175.97,Rent,0,5.6,North,1026.62,0.3806,0.4976,3,Yes,0,1
CUST-002133,43,Male,Widowed,Bachelor,Contract,34183.73,1079.42,768.0,18.4,5,0,26962.34,24,3.17,1,8439.13,3084.36,Own,1,1.5,South,1792.44,0.3789,0.5499,2,No,0,1
CUST-002134,46,Female,Married,High School,Retired,24533.87,523.74,640.0,26.9,2,0,22780.81,48,10.17,0,778.06,1493.44,Mortgage,1,23.0,Central,979.71,0.2562,0.16,1,Yes,0,0
CUST-002135,41,Male,Divorced,Bachelor,Contract,37164.05,741.84,649.0,20.4,1,0,9729.19,36,7.59,1,10786.94,418.08,Own,0,1.9,Central,755.42,0.2395,0.0688,0,No,0,0
CUST-002136,41,Female,Married,Associate,Retired,23161.28,571.3,673.0,15.1,3,1,3086.43,60,4.97,0,4230.43,2468.35,Mortgage,3,2.8,South,1942.54,0.296,0.4236,0,No,0,0
CUST-002137,25,Female,Married,Bachelor,Salaried,,1552.29,608.0,3.6,4,1,4429.27,48,11.9,1,18898.81,-869.78,Mortgage,2,2.5,West,1900.62,0.3899,0.4302,0,No,0,0
CUST-002138,48,Female,Married,Associate,Contract,63244.83,1430.38,752.0,22.3,3,0,13861.52,24,6.4,0,4044.06,-1771.3,Other,0,11.3,South,2932.7,0.2714,0.299,0,No,0,0
CUST-002139,40,Female,Married,Bachelor,Self-employed,97839.18,307.81,676.0,19.2,1,0,47128.11,24,9.14,0,2497.03,8608.16,Own,1,13.3,West,4502.9,0.0378,0.225,0,No,0,0
CUST-002140,38,Male,Married,Bachelor,Unemployed,10924.2,152.12,542.0,17.0,2,3,13729.45,36,9.56,1,1915.45,194.3,Rent,1,0.6,South,378.31,0.1671,0.8564,2,Yes,1,1
CUST-002141,53,Non-binary,Single,High School,Salaried,34953.49,297.59,699.0,31.5,1,1,14893.79,36,8.48,0,8065.82,3994.44,Mortgage,0,25.1,Central,1779.96,0.1022,0.2818,0,No,0,0
CUST-002142,18,Male,Divorced,Bachelor,Self-employed,69264.01,3379.12,692.0,0.0,3,0,21147.79,12,3.96,0,3102.3,-1212.11,Mortgage,0,0.0,South,3688.57,0.5854,0.4798,0,No,0,0
CUST-002143,37,Male,Single,Master,Salaried,113646.57,399.96,755.0,18.0,6,0,13897.55,12,5.26,0,7903.06,-3500.0,Rent,2,9.8,Central,6097.01,0.0422,0.4988,0,No,0,0
CUST-002144,55,Female,Divorced,Master,Retired,67595.02,1280.7,778.0,31.5,3,1,19469.46,12,3.07,1,15240.14,2394.86,Rent,1,28.7,West,799.7,0.2274,0.7728,0,Yes,0,0
CUST-002145,27,Male,Single,Master,Salaried,39250.24,1095.4,784.0,5.3,2,0,27004.19,48,2.99,2,4491.26,-6.06,Other,1,3.8,East,1725.6,0.3349,0.4734,0,No,0,0
CUST-002146,27,Female,Married,Master,Salaried,77840.96,3034.16,724.0,6.1,2,0,22342.37,36,7.52,1,18204.1,-3384.06,Mortgage,2,0.9,North,5274.9,0.4677,0.3563,2,No,0,0
CUST-002147,39,Female,Single,Master,Salaried,98908.89,5057.0,638.0,20.0,5,1,16442.37,84,12.45,4,1625.19,3004.09,Mortgage,0,14.6,North,2473.22,0.6135,0.9346,9,No,1,1
CUST-002148,69,Male,Married,Bachelor,Salaried,23849.52,737.14,740.0,49.6,9,0,23918.38,60,6.04,5,475.0,2624.24,Rent,3,27.2,East,1575.75,0.3709,0.3997,1,Yes,0,0
CUST-002149,35,Non-binary,Single,Associate,Salaried,64182.6,919.04,710.0,14.0,5,0,12370.38,48,6.01,0,2724.03,486.86,Rent,0,1.3,East,1127.67,0.1718,0.5993,0,No,0,0
CUST-002150,32,Male,Married,Bachelor,Contract,51003.8,805.19,676.0,7.1,3,2,24129.18,60,10.3,4,3277.28,3864.56,Other,0,8.7,North,2108.44,0.1894,0.8175,1,No,1,0
CUST-002151,45,Female,Married,Bachelor,Salaried,72692.47,1403.08,666.0,23.0,4,1,39911.38,36,8.5,1,11240.4,9153.52,Mortgage,0,13.5,West,3231.16,0.2316,0.7326,1,No,1,0
CUST-002152,42,Female,Married,Bachelor,Unemployed,7000.0,237.93,742.0,20.9,2,0,31712.57,60,6.39,2,472.81,14.43,Rent,1,1.2,West,376.08,0.4079,0.0482,0,Yes,0,0
CUST-002153,45,Male,Married,High School,Salaried,45805.99,1235.85,,22.7,6,1,6960.54,60,4.9,3,7044.1,-1859.48,Rent,2,7.6,West,2681.17,0.3238,0.5092,0,No,0,0
CUST-002154,68,Male,Single,Bachelor,Salaried,45612.04,1518.07,708.0,44.6,2,0,69839.54,36,4.68,1,2985.28,2602.11,Rent,0,2.1,South,2563.24,0.3994,0.5126,1,Yes,0,0
CUST-002155,40,Female,Divorced,Bachelor,Salaried,62202.96,1936.31,722.0,17.8,4,1,17076.05,24,4.49,1,2064.13,6583.2,Own,0,4.2,West,916.34,0.3735,0.7392,0,No,0,0
CUST-002156,69,Female,Married,High School,Self-employed,35087.58,1107.3,677.0,50.0,4,0,8789.15,36,8.72,2,4497.71,702.81,Mortgage,4,10.5,North,1712.53,0.3787,0.7875,0,No,0,0
CUST-002157,47,Male,Divorced,Bachelor,Self-employed,67418.12,2525.88,715.0,26.0,6,2,28762.59,24,2.5,2,1840.7,3656.16,Rent,1,17.0,North,1287.36,0.4496,0.6676,2,No,0,0
CUST-002158,31,Female,Divorced,Bachelor,Salaried,83707.16,1215.74,579.0,8.8,3,3,6411.49,36,7.34,0,9980.46,2159.59,Mortgage,1,4.9,Central,5283.44,0.1743,0.348,0,No,0,0
CUST-002159,52,Male,Married,High School,Self-employed,29964.81,256.0,,32.5,4,6,15465.06,60,13.31,2,687.12,4179.82,Rent,3,6.8,South,1628.16,0.1025,1.1733,0,No,1,1
CUST-002160,46,Female,Single,Bachelor,Salaried,30777.72,712.15,706.0,26.0,3,1,20057.87,24,4.79,4,758.3,-278.57,Mortgage,2,13.7,West,2134.7,0.2777,0.2953,0,No,0,0
CUST-002161,60,Male,Single,Associate,Salaried,60091.39,1068.92,748.0,39.5,8,0,11733.71,12,5.13,4,23039.91,3183.43,Own,1,9.6,East,1618.48,0.2135,0.5254,2,Yes,0,0
CUST-002162,41,Female,Divorced,Associate,Salaried,23588.7,980.49,772.0,22.1,2,0,55424.35,36,2.5,0,,-838.99,Rent,1,4.5,South,1198.38,0.4988,0.4244,2,No,0,0
CUST-002163,35,Male,Married,Bachelor,Salaried,90495.03,1970.2,733.0,13.7,1,0,24875.96,48,3.92,0,8877.94,9159.35,Rent,0,5.8,Central,5744.73,0.2613,0.5747,0,No,0,0
CUST-002164,43,Female,Single,Associate,Salaried,80140.35,1323.0,716.0,24.4,1,1,15737.43,36,6.13,2,4386.47,-3500.0,Rent,0,1.2,North,1946.2,0.1981,0.8446,2,Yes,0,0
CUST-002165,30,Female,Single,High School,Salaried,45132.76,862.25,693.0,6.8,1,1,12673.05,60,9.4,0,404.56,-236.45,Own,0,2.2,Central,1162.31,0.2293,0.1244,2,No,0,0
CUST-002166,40,Male,Married,High School,Salaried,20779.52,580.52,712.0,18.7,3,0,23634.31,24,7.54,1,1291.72,248.15,Rent,0,6.4,South,413.88,0.3352,0.5179,2,No,0,0
CUST-002167,39,Male,Single,Bachelor,Unemployed,7845.12,541.86,636.0,19.2,5,3,11532.19,60,5.56,5,477.59,867.48,Other,0,0.7,Central,350.0,0.8288,0.7857,2,No,0,0
CUST-002168,34,Male,Married,Master,Self-employed,101528.04,4800.36,727.0,14.1,4,1,112807.39,24,3.91,5,11285.99,11512.61,Mortgage,1,2.8,North,5936.9,0.5674,0.4843,1,No,0,0
CUST-002169,25,Female,Divorced,Associate,Salaried,77603.12,4977.17,710.0,3.5,5,1,15848.54,36,10.09,1,3037.26,-553.66,Mortgage,2,4.1,East,3515.81,0.7696,0.5986,0,Yes,0,0
CUST-002170,51,Female,Single,Master,Contract,32646.92,1081.2,700.0,30.6,6,1,35810.58,60,7.39,3,10822.98,2408.31,Own,0,13.2,South,1250.98,0.3974,0.5571,2,Yes,0,0
CUST-002171,43,Male,Divorced,Bachelor,Salaried,128859.61,1903.23,686.0,20.9,0,2,18756.93,24,5.47,2,3450.64,12091.65,Own,0,1.1,East,5862.59,0.1772,0.1401,0,No,0,0
CUST-002172,53,Male,Single,Bachelor,Salaried,54248.81,413.25,691.0,32.8,5,0,16812.99,12,5.62,1,11176.8,591.01,Mortgage,0,16.5,South,934.01,0.0914,0.3909,1,No,0,0
CUST-002173,31,Female,Single,High School,Unemployed,14839.53,643.25,626.0,8.0,3,3,22795.79,84,12.0,2,1758.35,1086.74,Mortgage,0,1.0,South,350.0,0.5202,0.4563,1,No,0,0
CUST-002174,70,Male,Divorced,Associate,Salaried,27681.7,500.58,613.0,46.6,4,4,22171.33,60,8.84,0,0.0,3454.11,Rent,0,23.8,North,1165.35,0.217,0.2754,2,No,0,0
CUST-002175,38,Male,Widowed,High School,Self-employed,35656.4,536.28,775.0,13.5,5,0,4678.64,36,2.92,1,13811.88,532.11,Mortgage,1,6.4,East,1046.14,0.1805,0.5231,0,No,0,0
CUST-002176,60,Male,Divorced,Bachelor,Retired,25722.17,581.03,601.0,34.9,2,3,27821.67,60,12.93,2,794.81,2566.27,Own,0,9.0,North,798.64,0.2711,0.5755,2,No,1,0
CUST-002177,38,Male,Married,Doctorate,Salaried,111431.12,3965.53,698.0,13.0,6,0,14490.01,72,5.03,2,14121.81,9556.91,Mortgage,3,7.6,West,3208.38,0.427,0.5342,0,Yes,0,1
CUST-002178,44,Female,Married,Associate,Salaried,39479.37,2455.62,691.0,23.5,2,1,30086.06,36,4.57,4,2530.61,789.27,Rent,1,16.8,West,1196.77,0.7464,0.9408,1,No,0,1
CUST-002179,38,Non-binary,Single,Master,Salaried,81691.55,3875.64,743.0,16.7,3,1,39990.04,60,3.52,0,13365.84,10246.63,Mortgage,1,13.3,West,4478.08,0.5693,0.6053,0,No,0,0
CUST-002180,37,Male,Single,Master,Salaried,104558.6,4753.5,749.0,12.6,8,0,19381.58,60,3.65,4,107074.93,73.03,Rent,0,4.4,East,3701.3,0.5456,0.2178,2,Yes,0,0
CUST-002181,44,Male,Married,Associate,Self-employed,21192.65,420.52,632.0,22.7,3,1,19079.07,72,8.39,2,2140.34,2635.89,Rent,3,18.0,West,1589.15,0.2381,,1,Yes,0,0
CUST-002182,32,Female,Single,Bachelor,Self-employed,112641.43,1745.89,752.0,9.3,3,1,32746.42,48,3.89,0,6362.26,1416.82,Rent,0,6.8,East,6777.25,0.186,0.9307,2,No,0,0
CUST-002183,38,Female,Married,,Salaried,86315.26,2875.97,729.0,13.8,4,0,42908.45,36,4.93,1,77437.7,-2480.27,Rent,2,7.3,Central,4020.23,0.3998,0.8421,1,Yes,0,0
CUST-002184,52,Female,Married,Bachelor,Salaried,94097.17,2601.86,734.0,28.7,5,1,49542.9,24,2.5,2,41158.67,5487.07,Own,2,8.0,East,5721.59,0.3318,0.4994,0,No,0,0
CUST-002185,42,Male,Married,Bachelor,Salaried,29715.79,609.1,738.0,23.4,3,0,34454.69,36,5.38,0,18829.85,-259.41,Rent,3,13.7,North,1581.94,0.246,0.5195,0,No,0,0
CUST-002186,51,Female,Widowed,High School,Self-employed,32017.64,906.72,777.0,31.6,7,0,59025.77,36,2.5,3,11955.16,4277.16,Rent,0,22.5,Central,1294.45,0.3398,0.2419,1,No,0,0
CUST-002187,18,Female,Single,Bachelor,Salaried,102747.3,2546.57,665.0,0.0,3,2,13643.23,60,9.25,2,57346.69,-109.18,Rent,0,0.0,West,3756.68,0.2974,0.6508,2,No,0,0
CUST-002188,44,Male,Single,Bachelor,Salaried,33019.12,671.09,650.0,24.7,0,1,19215.93,60,5.89,0,2698.01,-713.3,Mortgage,2,7.4,East,1139.79,0.2439,0.2753,4,Yes,0,0
CUST-002189,43,Female,Married,Bachelor,Contract,70658.65,3031.35,671.0,24.4,9,0,21460.98,36,9.75,2,6537.28,6669.99,Rent,1,5.7,West,3759.09,0.5148,0.2756,2,No,0,1
CUST-002190,21,Female,Married,High School,Self-employed,70414.81,2715.76,687.0,1.1,2,1,12999.75,36,5.42,2,1925.58,1498.3,Own,1,0.9,East,1245.34,0.4628,0.6856,2,No,0,0
CUST-002191,59,Female,Married,Bachelor,Salaried,24496.33,330.3,664.0,38.4,4,2,19124.87,60,9.33,0,1251.32,3042.16,Mortgage,1,,North,681.39,0.1618,0.7248,0,Yes,0,0
CUST-002192,37,Male,Single,Bachelor,Self-employed,98372.14,7068.21,702.0,7.5,1,1,14968.54,48,4.63,2,33282.96,917.38,Own,1,1.9,North,1862.36,0.8622,0.9527,1,No,0,0
CUST-002193,36,Female,Single,Bachelor,Unemployed,15968.49,626.88,722.0,15.1,4,0,30290.56,36,2.5,0,899.73,1465.3,Own,0,1.3,Central,846.7,0.4711,0.4117,1,No,0,0
CUST-002194,59,Male,Single,Bachelor,Salaried,93352.49,2922.81,632.0,22.5,3,3,39432.03,48,6.97,0,14926.33,6317.66,Rent,1,15.1,West,3524.34,0.3757,0.9748,1,No,0,0
CUST-002195,59,Female,Married,Associate,Salaried,32957.31,806.54,605.0,38.1,4,1,51956.9,48,14.49,1,5503.08,1723.74,Mortgage,2,11.3,West,1737.75,0.2937,0.4864,1,No,1,1
CUST-002196,27,Male,Married,Bachelor,Salaried,79915.81,901.91,812.0,1.8,1,0,90527.16,60,2.5,0,1598.93,8549.89,Mortgage,4,3.8,Central,2584.86,0.1354,0.4332,1,No,0,0
CUST-002197,31,Male,Single,Bachelor,Salaried,,1109.2,683.0,8.4,1,0,16112.65,60,5.42,0,12119.94,2274.07,Mortgage,0,6.0,West,1686.83,0.3091,0.3263,1,No,0,0
CUST-002198,31,Male,Divorced,Master,Salaried,64896.86,3733.36,684.0,12.1,3,0,31916.7,48,8.82,4,5085.29,6281.59,Own,0,5.2,Central,2066.43,0.6903,0.6076,2,No,0,0
CUST-002199,34,Female,Married,Bachelor,Salaried,31080.64,2342.86,706.0,7.0,8,0,9863.27,12,9.91,3,2517.23,-48.71,Mortgage,0,7.8,West,964.92,0.9046,0.1845,1,No,0,1
CUST-002200,52,Male,Married,High School,Unemployed,10006.35,238.89,732.0,33.9,2,0,11892.08,48,3.86,0,744.3,890.56,Own,1,3.2,South,605.75,0.2865,0.4387,4,No,0,0
CUST-002201,40,Male,Married,Bachelor,Salaried,56318.55,1868.65,768.0,19.6,2,0,24453.22,36,2.5,1,4992.6,7593.21,Mortgage,1,3.9,West,2398.58,0.3982,0.5169,2,Yes,0,0
CUST-002202,37,Female,Single,High School,Self-employed,15799.06,238.23,795.0,14.7,1,0,18379.93,60,3.21,1,3726.74,-388.03,Rent,0,5.5,East,619.43,0.1809,0.5091,0,Yes,0,0
CUST-002203,26,Male,Single,High School,Salaried,47142.97,1113.73,747.0,2.1,1,0,12590.16,12,7.88,0,2514.06,6648.67,Own,1,,East,2899.39,0.2835,0.6049,2,No,0,0
CUST-002204,55,Male,Divorced,Bachelor,Salaried,85613.96,1752.85,683.0,34.7,2,2,54417.7,60,4.63,0,7503.82,3028.56,Rent,1,16.9,South,4492.28,0.2457,0.5205,2,No,0,0
CUST-002205,42,Male,Married,Master,Self-employed,127610.48,3575.12,709.0,20.5,5,1,25904.94,24,8.72,0,24698.59,6438.06,Own,1,13.0,West,5399.82,0.3362,0.6028,0,No,0,0
CUST-002206,30,Male,Single,High School,Contract,34798.57,715.27,710.0,5.4,0,0,31669.62,84,4.65,2,6759.71,2278.85,Mortgage,0,4.0,East,1695.11,0.2467,0.5222,1,No,0,0
CUST-002207,37,Male,Married,High School,Salaried,41374.42,1397.24,710.0,15.6,2,0,23947.77,12,6.74,1,3021.07,561.32,Mortgage,1,17.8,East,1705.21,0.4052,0.3622,2,No,0,0
CUST-002208,28,Male,Married,High School,Salaried,37719.25,1937.76,739.0,5.4,3,1,20417.01,60,5.77,4,9958.09,1469.19,Rent,0,1.7,East,1333.44,0.6165,0.2217,2,No,0,0
CUST-002209,38,Female,Single,High School,Self-employed,20980.38,353.6,658.0,14.2,2,1,40534.66,60,9.12,2,3954.22,388.37,Own,0,1.8,South,1035.02,0.2022,0.4501,1,No,0,0
CUST-002210,32,Female,Divorced,Bachelor,Salaried,30439.8,514.48,659.0,5.6,3,2,41142.3,60,6.75,0,5060.27,864.14,Rent,0,5.7,Central,949.76,0.2028,0.53,1,Yes,0,0
CUST-002211,31,Male,Married,High School,Unemployed,33533.92,1594.32,776.0,12.1,1,1,8943.93,24,2.5,1,6012.59,1855.39,Rent,4,1.1,West,1423.37,0.5705,0.2966,1,No,0,0
CUST-002212,31,Female,Married,Bachelor,Salaried,76164.05,2483.96,769.0,10.2,3,0,14789.79,60,6.31,1,2120.39,2707.71,Mortgage,1,5.0,West,2288.28,0.3914,0.3088,2,No,0,0
CUST-002213,48,Male,Divorced,High School,Unemployed,19316.88,1003.15,757.0,23.4,3,0,6363.17,24,6.69,1,5891.31,1823.48,Mortgage,2,1.9,East,1317.31,0.6232,0.8074,0,No,0,0
CUST-002214,45,Female,Single,High School,Unemployed,13202.57,272.12,577.0,23.6,1,3,35914.97,36,9.83,2,380.92,253.96,Rent,0,1.8,East,350.0,0.2473,0.5444,4,No,0,1
CUST-002215,30,Female,Single,Master,Salaried,68538.13,1159.52,615.0,10.1,2,2,33212.64,60,8.96,1,26832.28,6532.58,Rent,0,7.6,Central,3144.62,0.203,0.6878,1,No,0,0
CUST-002216,54,Male,Married,Master,Retired,70540.23,2553.99,790.0,34.4,0,0,11944.33,36,2.5,1,18971.27,4482.09,Mortgage,1,6.8,North,2312.79,0.4345,0.4798,1,No,0,0
CUST-002217,49,Male,Single,Bachelor,Salaried,45473.05,1505.32,705.0,27.0,1,0,29058.16,36,9.08,0,1686.97,1614.04,Own,2,7.5,East,2730.36,0.3972,0.3718,0,No,0,0
CUST-002218,41,Non-binary,Married,Master,Unemployed,17570.07,416.41,749.0,16.4,4,0,27864.86,36,4.14,0,889.14,206.3,Mortgage,4,1.5,North,1404.8,0.2844,0.3423,1,No,0,0
CUST-002219,33,Male,Married,Master,Contract,60472.85,1437.82,778.0,12.1,4,0,23277.85,24,2.5,2,44579.04,4468.8,Rent,0,8.2,East,3792.11,0.2853,0.1825,1,No,0,0
CUST-002220,41,Female,Married,Master,Contract,19006.09,401.3,644.0,22.3,4,0,12181.38,36,9.27,0,374.21,1171.99,Own,2,8.2,West,1265.25,0.2534,0.5507,1,No,0,0
CUST-002221,57,Male,Single,High School,Salaried,45449.63,1337.49,658.0,31.5,3,1,18508.54,84,3.54,0,985.66,-2008.64,Rent,0,5.3,North,1258.62,0.3531,0.5739,1,No,0,0
CUST-002222,45,Male,Married,Associate,Retired,29681.63,852.27,566.0,23.8,3,3,6681.56,60,16.81,3,0.0,2472.06,Own,2,8.0,South,951.6,0.3446,0.497,1,No,1,0
CUST-002223,55,Male,Married,Bachelor,Self-employed,87647.04,3239.52,624.0,35.3,2,0,25211.16,36,7.41,3,14771.35,,Other,0,16.3,North,3225.46,0.4435,0.7935,2,Yes,0,0
CUST-002224,27,Female,Widowed,Bachelor,Salaried,103269.21,2706.45,677.0,3.0,6,0,78264.33,72,4.3,5,22023.12,-3500.0,Own,1,2.4,South,3899.95,0.3145,0.1814,1,No,0,0
CUST-002225,54,Male,Single,High School,Salaried,43694.47,701.9,682.0,34.1,3,0,27182.14,48,4.01,1,1544.08,3924.74,Mortgage,2,4.5,Central,2108.11,0.1928,0.5323,2,No,0,0
CUST-002226,38,Female,Divorced,Master,Salaried,,4455.54,775.0,19.5,4,1,15372.82,36,5.9,1,13563.15,-3500.0,Rent,1,12.6,South,6310.08,0.2911,0.8185,0,No,0,0
CUST-002227,65,Male,Single,Bachelor,Self-employed,138341.61,4499.93,746.0,36.4,4,0,12513.01,36,3.81,2,42291.39,10654.18,Mortgage,1,22.7,South,5868.55,0.3903,0.0949,0,No,0,0
CUST-002228,32,Male,Married,Master,Contract,28477.39,615.63,763.0,1.0,1,0,38300.0,36,6.26,1,3722.27,584.84,Mortgage,3,5.1,Central,1800.42,0.2594,0.0473,0,No,0,0
CUST-002229,56,Male,Married,Master,Unemployed,26158.7,1034.33,540.0,28.4,4,6,19021.04,60,11.54,3,0.0,3732.52,Own,3,1.6,South,1881.67,0.4745,0.8358,1,No,0,1
CUST-002230,39,Female,Widowed,Associate,Contract,30524.24,2105.24,737.0,16.9,2,3,61058.58,36,5.26,5,3543.65,873.38,Own,0,,South,1505.55,0.8276,0.2778,4,No,0,0
CUST-002231,28,Male,Married,High School,Salaried,32459.15,1092.86,646.0,2.9,3,0,22059.1,60,10.03,1,8323.85,3863.56,Mortgage,0,4.1,South,1254.6,0.404,0.2764,0,Yes,0,1
CUST-002232,30,Female,Single,Bachelor,Contract,23080.73,288.54,768.0,5.8,2,1,36523.3,84,3.25,1,1605.79,3069.55,Mortgage,0,4.2,South,382.05,0.15,0.4203,2,No,0,0
CUST-002233,29,Female,Married,Master,Salaried,47081.17,2394.5,663.0,9.0,0,1,7820.74,60,7.66,1,8191.35,1854.48,Mortgage,1,2.7,South,3043.76,0.6103,0.4469,1,No,0,0
CUST-002234,51,Male,Married,Doctorate,Salaried,33297.16,1635.15,774.0,29.4,7,0,11696.68,48,2.5,4,9811.83,3601.6,Mortgage,1,19.8,Central,1025.45,0.5893,0.4997,0,No,0,0
CUST-002235,57,Male,Divorced,Bachelor,Self-employed,113758.74,2757.93,732.0,37.0,5,0,51157.19,36,2.91,0,1980.4,-2308.85,Rent,0,15.9,West,3028.22,0.2909,0.3098,0,No,0,0
CUST-002236,38,Female,Married,Bachelor,Contract,17377.27,639.14,672.0,19.2,3,0,25477.36,60,7.83,1,11119.47,-44.54,Mortgage,1,11.9,West,1009.71,0.4414,0.5149,0,No,0,0
CUST-002237,45,Female,Divorced,Master,Contract,47541.11,1472.58,635.0,25.6,4,1,31902.9,36,10.07,3,4021.03,1590.2,Mortgage,1,3.5,South,2013.15,0.3717,0.964,2,No,1,1
CUST-002238,55,Male,Single,High School,Self-employed,56440.98,690.31,654.0,35.5,6,1,58699.19,36,5.65,3,3028.98,,Rent,0,9.1,South,3896.86,0.1468,0.2794,1,No,0,1
CUST-002239,36,Female,Married,Associate,Salaried,96040.01,1348.93,674.0,10.4,4,3,15260.22,36,6.39,1,12978.64,11127.03,Rent,0,4.2,North,2036.57,0.1685,0.507,2,No,0,0
CUST-002240,23,Female,Married,Doctorate,Salaried,92074.06,4018.01,767.0,0.0,2,0,36704.02,24,4.85,2,6409.44,4373.69,Mortgage,0,3.5,Central,4001.65,0.5237,0.6967,2,No,0,0
CUST-002241,48,Female,Widowed,Bachelor,Retired,24256.14,838.9,670.0,23.8,4,0,54415.94,60,8.05,2,788.36,1912.45,Rent,0,6.7,North,1403.51,0.415,,1,No,0,0
CUST-002242,45,Female,Divorced,Master,Self-employed,76158.51,1572.4,670.0,16.9,3,2,6371.03,60,5.5,2,26928.65,9759.65,Mortgage,0,12.9,South,4420.26,0.2478,0.5146,2,No,0,0
CUST-002243,18,Male,Single,Bachelor,Self-employed,30508.42,417.39,691.0,0.0,4,0,16270.56,60,7.58,3,396.18,4176.01,Rent,0,0.0,North,1319.84,0.1642,0.5821,3,No,0,0
CUST-002244,40,Female,Single,High School,Salaried,41930.81,1795.43,638.0,17.8,3,1,6459.57,48,11.35,2,7267.74,1023.21,Rent,0,8.1,East,1463.77,0.5138,0.4743,1,No,1,1
CUST-002245,30,Male,Single,Associate,Salaried,70172.14,2112.81,737.0,5.9,3,0,24386.07,84,6.62,1,6551.2,-175.75,Mortgage,1,3.0,West,1769.92,0.3613,0.4647,2,No,0,0
CUST-002246,26,Male,Single,Bachelor,Salaried,56013.91,876.65,741.0,7.6,2,0,15151.41,60,5.55,1,7892.58,365.75,Mortgage,0,3.6,West,1896.51,0.1878,0.4202,0,No,0,0
CUST-002247,44,Female,Married,Bachelor,Retired,42883.45,937.7,674.0,24.6,2,0,5208.99,12,4.09,2,13608.66,180.38,Own,2,10.3,East,1784.59,0.2624,0.5779,0,Yes,0,0
CUST-002248,41,Female,Widowed,Bachelor,Salaried,52231.27,1632.41,707.0,16.3,1,0,14614.19,60,4.64,2,14231.61,-947.25,Rent,1,5.8,West,1744.0,0.375,0.5902,1,Yes,0,0
CUST-002249,28,Male,Married,Bachelor,Salaried,105118.67,800.75,679.0,0.0,4,0,42042.43,36,8.25,1,40268.0,3313.85,Mortgage,1,2.5,North,2170.3,0.0914,0.5254,1,Yes,0,0
CUST-002250,43,Female,Married,Doctorate,Contract,52816.79,1650.85,718.0,20.0,4,0,16799.7,72,2.5,2,7715.03,1250.6,Mortgage,3,5.6,North,1697.08,0.3751,0.3843,1,No,0,0
CUST-002251,51,Male,Single,Bachelor,Salaried,103179.89,1332.43,756.0,26.5,1,0,12570.95,60,3.6,4,6860.43,2003.65,Rent,0,20.7,Central,5244.45,0.155,,1,Yes,0,0
CUST-002252,41,Female,Single,Bachelor,Salaried,36511.23,1288.0,691.0,19.5,3,1,47855.57,48,9.03,1,814.82,4089.69,Rent,0,8.4,Central,1691.02,0.4233,0.0546,0,Yes,0,1
CUST-002253,50,Male,Married,Bachelor,Self-employed,58041.44,1989.0,703.0,24.5,1,0,16060.49,60,7.74,3,2372.37,-193.85,Own,2,8.7,North,2882.78,0.4112,0.4565,0,Yes,0,0
CUST-002254,40,Male,Married,Associate,Self-employed,39722.48,1474.69,740.0,18.2,1,0,10309.29,60,3.01,0,,2327.5,Rent,0,14.5,East,1324.95,0.4455,0.4032,1,No,0,0
CUST-002255,36,Female,Married,Master,Salaried,74897.2,804.44,749.0,14.6,2,0,7866.69,36,6.05,0,4106.61,725.25,Rent,3,11.1,West,2084.26,0.1289,0.6352,1,Yes,0,0
CUST-002256,57,Female,Married,Doctorate,Contract,81217.1,2973.69,598.0,35.6,2,2,18095.52,60,11.38,1,,6533.85,Mortgage,1,17.7,North,4175.14,0.4394,0.6376,1,No,1,1
CUST-002257,45,Male,Married,High School,Self-employed,,800.26,593.0,22.9,4,5,10548.88,48,11.53,2,1082.31,1765.18,Mortgage,2,13.1,South,942.85,0.4018,0.8784,2,Yes,1,1
CUST-002258,50,Female,Married,Associate,Contract,,2332.62,813.0,26.2,2,0,27997.3,60,4.36,3,6389.84,6213.69,Mortgage,0,11.7,South,3623.38,0.3885,0.4241,1,No,0,0
CUST-002259,25,Male,Married,Associate,Self-employed,51529.45,1041.63,718.0,1.3,5,1,45678.89,84,5.2,3,1573.49,-1422.46,Mortgage,0,3.1,Central,1411.35,0.2426,0.9158,1,No,0,0
CUST-002260,48,Male,Single,Bachelor,Contract,73372.98,1828.6,732.0,29.2,4,1,18362.3,60,4.79,0,5457.14,13568.7,Own,2,8.6,South,2373.04,0.2991,0.6174,2,No,0,0
CUST-002261,49,Female,Widowed,Bachelor,Salaried,56673.72,1443.69,724.0,27.0,2,0,8268.06,36,6.83,1,4383.27,3184.43,Rent,1,11.5,West,976.23,0.3057,0.207,1,Yes,0,0
CUST-002262,34,Female,Single,Bachelor,Salaried,48539.44,759.47,669.0,6.0,6,0,36733.48,24,6.0,1,5703.65,6642.62,Rent,0,8.6,South,1883.91,0.1878,0.6697,1,No,0,0
CUST-002263,48,Female,Married,Master,Unemployed,21924.09,430.98,726.0,28.1,6,1,5627.57,60,4.67,0,12072.59,953.89,Mortgage,3,1.2,South,1564.2,0.2359,0.5792,1,No,0,0
CUST-002264,25,Female,Single,Bachelor,Unemployed,23368.59,131.82,566.0,5.8,1,4,21886.81,48,12.02,1,2471.42,2234.41,Rent,1,0.5,North,690.31,0.0677,0.3631,1,No,1,1
CUST-002265,47,Female,Married,Master,Salaried,68338.48,566.55,704.0,17.8,4,2,52479.46,36,5.77,1,1161.17,-348.52,Mortgage,1,12.2,North,3852.49,0.0995,1.0057,0,No,0,0
CUST-002266,30,Female,Single,Bachelor,Retired,52991.69,1946.85,728.0,0.0,2,1,12674.61,84,2.5,1,2555.68,-2280.15,Own,0,6.3,South,2800.02,0.4409,0.7592,2,No,0,0
CUST-002267,31,Male,Married,Master,Self-employed,69225.03,287.96,727.0,10.6,1,0,26677.36,60,7.14,0,2794.08,-535.97,Other,1,4.4,Central,2058.93,0.0499,0.6073,0,Yes,0,0
CUST-002268,44,Male,Married,Associate,Self-employed,67714.36,1615.83,687.0,25.1,3,1,5294.3,60,8.62,2,14671.64,-1695.31,Mortgage,1,0.9,North,4447.87,0.2863,0.8308,0,No,0,0
CUST-002269,41,Male,Married,High School,Salaried,36672.02,694.1,685.0,19.8,3,1,20362.79,36,5.89,3,9176.38,4578.44,Mortgage,1,16.0,North,743.54,0.2271,0.5964,2,Yes,0,0
CUST-002270,40,Female,Single,Master,Salaried,109741.79,2404.76,722.0,20.1,1,0,10571.14,60,6.81,1,3890.66,896.79,Rent,2,3.8,North,4707.85,0.263,0.5025,2,No,0,0
CUST-002271,52,Female,Divorced,High School,Salaried,30328.05,823.51,698.0,26.7,1,1,36063.36,60,5.05,1,1784.4,1332.63,Own,0,12.7,Central,1033.56,0.3258,0.3858,0,Yes,0,0
CUST-002272,46,Female,Single,Bachelor,Unemployed,16478.76,709.58,707.0,25.5,1,1,12740.83,36,3.54,2,2263.06,368.19,Mortgage,0,0.2,East,547.34,0.5167,0.9125,2,Yes,0,0
CUST-002273,25,Female,Single,High School,Contract,66772.38,2032.79,656.0,5.8,3,1,14854.45,36,8.45,0,9152.23,3328.58,Own,0,2.0,South,3752.11,0.3653,0.2511,0,No,0,0
CUST-002274,31,Male,Single,High School,Self-employed,57768.6,702.15,732.0,7.9,0,0,48028.06,60,5.14,0,1927.28,,Mortgage,1,7.8,Central,2527.19,0.1459,0.2029,3,No,0,0
CUST-002275,38,Female,Married,,Salaried,90012.26,1348.27,678.0,13.3,7,1,7696.36,48,7.66,3,9479.43,-1630.12,Rent,2,8.3,West,3709.6,0.1797,0.3474,4,No,0,0
CUST-002276,43,Male,Single,Associate,Salaried,70498.65,826.41,730.0,23.2,6,1,8114.15,60,3.24,1,1315.68,6017.89,Mortgage,2,5.7,South,2971.18,0.1407,0.7632,0,No,0,0
CUST-002277,36,Male,Married,Associate,Self-employed,103128.59,1689.7,735.0,14.3,6,2,38441.9,60,6.95,4,13799.72,7447.3,Rent,0,8.8,Central,2792.1,0.1966,0.7331,2,No,0,0
CUST-002278,43,Female,Married,Associate,Self-employed,33576.03,681.38,681.0,23.0,4,0,12431.63,48,7.24,1,1097.72,-1315.1,Own,4,5.4,South,1085.08,0.2435,0.5449,3,No,0,0
CUST-002279,37,Male,Single,High School,Self-employed,38013.9,996.92,601.0,17.8,1,3,82481.07,36,10.3,1,1200.7,1837.38,Own,0,2.8,South,995.72,0.3147,0.5446,3,No,0,0
CUST-002280,42,Male,Married,Bachelor,Unemployed,20724.07,350.48,626.0,21.1,5,5,22599.43,72,8.42,1,1803.78,637.77,Rent,0,0.7,North,742.95,0.2029,0.874,0,No,0,1
CUST-002281,39,Male,Single,High School,Salaried,,1667.59,701.0,18.7,1,0,27187.32,24,3.34,0,4788.0,1537.1,Mortgage,0,10.8,North,1212.3,0.3486,0.1296,0,Yes,0,0
CUST-002282,61,Male,Married,Bachelor,Contract,56135.66,2184.91,715.0,31.9,7,0,3832.01,72,6.52,2,4462.64,-224.01,Mortgage,0,17.2,North,2445.76,0.4671,0.5584,3,Yes,0,1
CUST-002283,42,Female,Divorced,Master,Salaried,54966.37,1343.4,664.0,20.5,2,1,11331.3,12,6.7,1,10713.39,1246.88,Own,0,10.2,South,3134.03,0.2933,0.7495,0,Yes,0,0
CUST-002284,51,Male,Married,High School,,14554.3,601.67,776.0,30.7,1,0,25329.75,72,4.71,1,1166.76,97.98,Own,2,8.5,South,780.01,0.4961,0.2722,3,No,0,0
CUST-002285,51,Male,Married,Associate,Contract,48843.29,1158.25,634.0,31.1,3,3,4586.52,36,10.05,2,23030.67,1388.92,Mortgage,2,13.8,Central,1034.72,0.2846,0.3725,2,No,0,0
CUST-002286,63,Female,Married,Bachelor,Contract,20869.35,1198.11,721.0,41.2,3,1,19575.3,36,7.16,0,3553.54,828.01,Rent,3,17.1,West,1334.36,0.6889,0.6946,1,No,0,0
CUST-002287,42,Male,Married,Bachelor,Unemployed,17921.53,877.62,690.0,21.8,2,4,8756.6,36,8.38,1,0.0,1680.36,Mortgage,1,1.7,West,531.13,0.5876,0.7416,0,No,0,0
CUST-002288,39,Female,Married,High School,Salaried,50552.08,3313.63,680.0,4.4,1,1,6621.45,36,8.6,3,1552.33,2827.04,Rent,4,5.7,West,3031.15,0.7866,0.6985,2,No,0,1
CUST-002289,63,Female,Single,Associate,Contract,51518.01,1609.54,729.0,41.8,2,1,18561.15,36,4.82,3,39006.7,121.05,Other,0,18.4,North,1524.02,0.3749,0.6815,0,No,0,0
CUST-002290,38,Male,Single,Associate,Salaried,85267.01,766.33,704.0,14.3,4,1,10984.45,36,4.71,0,2273.84,-3500.0,Rent,0,9.9,South,3722.77,0.1078,0.4108,1,No,0,1
CUST-002291,50,Female,Single,Associate,Self-employed,37105.76,1162.52,713.0,30.6,3,0,58738.39,72,3.36,2,2436.31,3004.3,Own,0,11.9,Central,685.71,0.376,0.4553,3,No,0,0
CUST-002292,47,Male,Divorced,Bachelor,Salaried,56985.52,1389.44,704.0,25.7,1,0,41881.35,60,4.88,1,2307.15,623.27,Mortgage,0,19.7,North,3379.97,0.2926,0.2471,3,No,0,0
CUST-002293,45,Female,Married,,Contract,49137.77,1772.27,745.0,21.1,2,0,27571.14,48,5.58,1,6171.85,-3498.65,Own,3,7.7,Central,2051.04,0.4328,0.4187,2,No,0,0
CUST-002294,41,Female,Married,High School,Salaried,57842.5,849.4,704.0,21.2,5,3,13973.59,60,6.32,1,5274.55,2215.44,Rent,0,10.8,West,2462.09,0.1762,0.5776,0,No,0,0
CUST-002295,35,Female,Married,Bachelor,Unemployed,17042.07,454.75,572.0,12.7,1,6,15679.21,48,14.28,0,0.0,1330.08,Mortgage,3,1.1,Central,613.03,0.3202,,3,No,1,1
CUST-002296,27,Male,Single,Bachelor,Salaried,48396.03,443.07,747.0,6.7,1,0,6710.49,60,4.15,3,5566.83,-214.91,Rent,0,,West,443.99,0.1099,0.1242,2,Yes,0,0
CUST-002297,46,Male,Single,Bachelor,Salaried,68313.5,495.9,678.0,25.2,3,0,26401.27,36,8.83,1,19013.48,-791.58,Mortgage,1,19.4,North,2447.3,0.0871,0.6796,0,Yes,0,0
CUST-002298,48,Female,Married,High School,Salaried,67499.21,1040.06,739.0,25.3,1,0,11523.31,36,4.39,1,6143.55,9046.08,Mortgage,1,14.0,Central,3368.47,0.1849,0.679,2,No,0,1
CUST-002299,61,Male,Married,Bachelor,Self-employed,104499.69,2167.13,747.0,37.6,6,0,14396.85,60,2.5,1,27506.19,-2893.16,Rent,3,20.1,West,3178.8,0.2489,0.939,1,No,0,0
CUST-002300,24,Male,Married,Associate,Salaried,34539.67,1510.12,763.0,0.0,4,0,22341.0,60,5.19,1,18375.36,2970.14,Mortgage,3,1.8,North,2155.45,0.5247,0.0285,3,No,0,0
CUST-002301,27,Female,Married,High School,Salaried,71262.8,986.77,744.0,3.1,1,1,2379.59,60,2.5,1,6685.88,-3045.24,Rent,5,4.8,West,4620.7,0.1662,0.429,0,No,0,0
CUST-002302,28,Male,Single,Bachelor,Unemployed,15013.45,259.55,698.0,5.6,4,0,19825.32,60,4.66,0,645.25,-356.42,Mortgage,1,0.2,Central,671.12,0.2075,0.5588,3,Yes,0,0
CUST-002303,39,Male,Single,Bachelor,Salaried,108502.67,2668.83,745.0,17.6,2,0,29867.5,24,6.91,1,7982.89,4944.77,Own,0,13.7,Central,4191.76,0.2952,0.5158,0,No,0,0
CUST-002304,69,Female,Widowed,High School,Salaried,21912.01,315.06,591.0,50.0,0,1,56029.07,36,12.19,0,1021.23,-1685.72,Own,0,11.2,North,1377.64,0.1725,0.2583,0,No,1,0
CUST-002305,42,Female,Divorced,High School,Salaried,103944.37,678.36,717.0,19.9,0,0,9591.21,48,6.91,1,35796.07,1934.32,Own,0,14.0,South,5039.58,0.0783,0.2854,1,No,0,0
CUST-002306,57,Female,Single,,Contract,97683.8,1470.61,721.0,37.7,4,1,13797.99,36,3.87,1,15564.28,2840.67,Own,1,11.2,South,2900.92,0.1807,0.751,2,No,0,1
CUST-002307,50,Male,Single,Associate,Salaried,28983.53,699.81,728.0,30.2,5,0,9813.64,60,5.01,2,6573.98,-785.99,Mortgage,0,20.0,East,1096.88,0.2897,0.2557,1,No,0,0
CUST-002308,61,Female,Married,Bachelor,Salaried,34167.89,1889.94,770.0,38.2,1,0,35349.71,60,5.56,1,5521.85,239.52,Rent,1,20.5,Central,1793.01,0.6638,0.2832,1,Yes,0,0
CUST-002309,44,Female,Single,Master,Salaried,150703.56,4090.41,761.0,20.5,2,1,14499.27,24,4.11,1,96118.01,7704.68,Rent,0,12.3,North,6334.62,0.3257,0.1748,0,No,0,0
CUST-002310,43,Female,Married,Bachelor,Self-employed,57873.09,1605.21,824.0,24.3,5,0,38181.55,36,4.64,2,1150.12,3505.05,Own,1,7.3,East,2731.8,0.3328,0.43,1,No,0,0
CUST-002311,28,Female,Married,Bachelor,Retired,31319.52,1661.78,716.0,4.1,5,0,93162.43,60,4.02,2,3370.19,2411.35,Mortgage,2,4.4,Central,1701.07,0.6367,0.4145,2,No,0,0
CUST-002312,40,Female,Married,High School,Salaried,50665.87,1181.96,669.0,16.3,2,0,7462.48,72,5.02,0,59902.28,541.72,Mortgage,3,10.9,South,2661.08,0.2799,0.4353,0,No,0,0
CUST-002313,44,Male,Single,Master,Salaried,36135.88,567.23,663.0,13.9,2,1,18336.04,60,5.48,2,3123.33,-292.21,Own,0,2.8,East,2164.24,0.1884,0.3993,1,No,0,1
CUST-002314,24,Female,Single,Bachelor,Self-employed,81411.41,840.02,641.0,0.0,2,1,19482.73,60,8.98,2,4013.27,-3500.0,Other,0,2.4,West,2898.6,0.1238,0.4223,3,Yes,1,0
CUST-002315,45,Female,Married,Bachelor,Unemployed,17172.07,845.25,653.0,25.1,4,0,40633.35,60,9.21,0,720.19,980.86,Other,2,0.5,North,688.24,0.5907,0.6205,1,No,1,1
CUST-002316,44,Male,Married,Master,Retired,33041.29,1038.97,700.0,16.4,0,0,28920.91,36,4.98,1,2106.12,-873.07,Own,0,10.9,West,1125.41,0.3773,0.2556,3,Yes,0,0
CUST-002317,44,Male,Married,Bachelor,Salaried,22670.78,663.12,621.0,22.1,2,1,45846.79,60,8.44,4,138.67,2236.11,Mortgage,6,13.5,North,2000.09,0.351,0.2123,1,No,0,0
CUST-002318,42,Male,Married,High School,Self-employed,88811.89,560.53,823.0,21.2,2,0,33304.64,60,2.95,1,4125.62,1599.7,Mortgage,0,11.6,North,3908.62,0.0757,0.0981,0,Yes,0,0
CUST-002319,56,Male,Single,High School,Retired,24716.36,1611.21,670.0,34.7,4,2,60389.09,60,7.17,7,1788.42,-924.01,Own,1,16.0,Central,901.4,0.7823,0.4438,2,No,0,0
CUST-002320,43,Female,Married,Bachelor,Salaried,96734.85,4094.56,651.0,22.3,2,1,10983.3,60,11.69,0,7315.62,18381.94,Rent,2,2.9,East,5447.28,0.5079,0.3331,4,No,0,0
CUST-002321,31,Female,Divorced,Bachelor,Contract,57136.24,1847.17,687.0,7.7,4,1,6556.71,36,5.91,2,3163.75,2756.61,Mortgage,1,3.6,South,2168.76,0.388,0.5796,1,Yes,0,1
CUST-002322,42,Male,Single,Master,Unemployed,25331.58,1156.28,731.0,22.3,4,0,4334.71,36,2.5,2,3319.87,1759.84,Own,1,1.8,South,395.43,0.5478,0.2424,2,No,0,0
CUST-002323,32,Female,Divorced,Doctorate,Salaried,124090.2,3482.05,756.0,7.8,1,0,16903.24,48,3.02,1,15298.49,15234.91,,1,1.4,Central,3836.83,0.3367,0.4746,2,No,0,0
CUST-002324,53,Male,Married,Bachelor,Unemployed,28939.22,683.64,699.0,33.5,4,2,72869.24,60,7.68,1,2173.43,575.31,Rent,1,2.4,South,1676.58,0.2835,0.8626,0,No,0,0
CUST-002325,50,Non-binary,Single,High School,Salaried,41220.92,1255.11,731.0,29.7,2,1,38092.47,36,2.5,2,,-253.92,Own,0,13.8,East,779.43,0.3654,0.5189,4,No,0,0
CUST-002326,27,Female,Married,High School,Salaried,126340.73,2937.69,730.0,2.4,3,0,10609.12,72,7.83,1,21581.19,11002.74,Mortgage,2,1.3,North,6025.33,0.279,0.3644,0,No,0,0
CUST-002327,28,Female,Single,Master,Salaried,98931.82,4961.92,755.0,7.0,5,1,56211.99,36,4.64,0,2350.04,5038.71,Mortgage,2,5.4,South,4292.1,0.6019,0.3376,2,No,0,1
CUST-002328,45,Male,Single,Master,Contract,46642.91,850.55,789.0,26.0,4,0,5199.7,36,2.5,1,86898.15,-3500.0,Rent,1,21.6,North,1450.88,0.2188,0.3931,1,No,0,0
CUST-002329,39,Female,Single,High School,Salaried,50823.77,1145.74,739.0,17.6,3,0,13100.32,36,5.13,2,13953.72,1465.3,Rent,0,13.4,East,350.0,0.2705,0.4672,1,No,0,0
CUST-002330,51,Female,Divorced,Bachelor,Salaried,172839.6,6880.12,689.0,26.8,4,0,8684.29,60,5.63,1,18963.05,2417.91,Mortgage,0,5.8,East,9341.05,0.4777,0.5445,1,No,0,0
CUST-002331,35,Female,Divorced,Bachelor,Self-employed,39262.42,1325.31,615.0,9.8,4,4,32393.89,24,12.06,3,21293.84,2137.59,Rent,0,5.9,West,660.4,0.4051,0.5735,1,No,1,1
CUST-002332,46,Female,Married,Bachelor,Salaried,47485.4,710.12,711.0,22.4,0,1,84352.66,60,9.26,2,5146.36,3868.89,Rent,2,6.6,West,1752.85,0.1795,0.3767,0,No,0,1
CUST-002333,46,Male,Married,Associate,Salaried,34198.16,677.58,745.0,18.0,4,0,16047.73,60,5.85,1,11999.32,3208.95,Own,2,11.0,South,2925.36,0.2378,0.6296,1,No,0,0
CUST-002334,49,Male,Divorced,Bachelor,Salaried,103868.78,4933.29,786.0,28.6,6,1,11395.0,36,4.0,2,14379.03,5495.52,Mortgage,2,16.2,North,2480.18,0.5699,0.6539,1,No,0,0
CUST-002335,18,Female,Married,Master,Salaried,73078.68,457.36,674.0,0.0,3,3,6043.56,36,6.86,3,5678.87,13080.94,Mortgage,2,0.0,West,2245.55,0.0751,0.713,0,Yes,0,1
CUST-002336,39,Male,Single,High School,Salaried,29596.48,631.21,670.0,17.1,7,2,14308.13,60,4.88,1,2458.31,1513.47,Mortgage,0,15.3,East,1331.67,0.2559,0.6875,0,Yes,0,0
CUST-002337,32,Female,Single,Bachelor,Salaried,135530.94,2987.84,697.0,12.5,3,1,19402.15,36,4.56,0,15090.31,19098.23,Rent,0,3.4,East,4427.61,0.2645,0.4216,1,No,0,0
CUST-002338,30,Female,Married,Bachelor,Salaried,150699.18,4599.54,703.0,2.7,2,3,12068.46,60,5.56,0,14364.3,14774.94,Rent,0,9.8,South,5412.15,0.3663,0.4415,0,No,0,0
CUST-002339,39,Female,Married,Associate,Self-employed,62393.74,1832.58,723.0,19.5,2,0,11787.28,36,2.65,1,6867.95,1498.59,Rent,1,8.7,West,2329.14,0.3525,0.5287,2,No,0,0
CUST-002340,44,Female,Married,Master,Salaried,84868.25,1627.78,602.0,21.8,5,2,27338.16,36,11.52,1,22701.28,-1782.04,Own,3,15.1,South,4114.8,0.2302,0.6759,1,No,1,1
CUST-002341,37,Male,Married,Bachelor,Salaried,38798.44,777.0,742.0,12.4,7,0,42322.98,12,3.57,0,1636.94,3943.98,Rent,2,6.5,East,2164.49,0.2403,0.3642,1,No,0,0
CUST-002342,69,Male,Single,Bachelor,Self-employed,71377.59,284.51,677.0,46.9,7,0,16585.39,36,7.53,1,,789.17,Rent,0,39.3,South,3056.37,0.0478,0.4247,1,No,0,0
CUST-002343,32,Female,Widowed,Associate,Salaried,,1827.41,698.0,6.7,4,0,23118.37,24,8.9,2,7572.96,-3500.0,Rent,0,8.8,North,1041.86,0.1693,0.1359,1,No,0,0
CUST-002344,27,Female,Married,Associate,Self-employed,102827.35,3537.61,670.0,5.5,2,1,9018.79,84,5.95,1,500.33,5442.08,Rent,3,2.8,North,6743.22,0.4128,0.5437,0,No,0,1
CUST-002345,61,Female,Widowed,High School,Unemployed,7301.58,132.37,660.0,33.5,2,0,7541.32,84,6.49,0,2239.26,-32.07,Rent,2,0.4,North,540.79,0.2176,0.5671,0,No,0,1
CUST-002346,33,Female,Single,Bachelor,Self-employed,130162.34,2640.39,723.0,13.4,2,1,10294.81,36,4.03,1,91814.99,4920.21,Mortgage,0,9.2,Central,6193.94,0.2434,0.6262,0,Yes,0,0
CUST-002347,42,Non-binary,Married,High School,Contract,16840.46,230.87,775.0,21.2,3,0,19026.57,24,2.5,0,3506.4,1198.97,Rent,2,11.3,South,1258.02,0.1645,0.5705,0,No,0,0
CUST-002348,49,Male,Single,High School,Salaried,62310.4,1430.8,639.0,25.2,5,1,8735.53,60,6.84,4,278.44,1114.29,Mortgage,0,7.4,Central,2106.92,0.2755,0.384,0,No,1,0
CUST-002349,45,Female,Divorced,Bachelor,Retired,31319.01,355.59,599.0,13.2,1,2,33816.9,60,7.57,0,11353.24,29.34,Rent,2,10.5,West,1404.71,0.1362,0.9761,2,No,0,1
CUST-002350,35,Female,Widowed,Master,Retired,12611.64,136.66,636.0,11.9,2,2,4946.93,60,11.19,0,1004.24,1006.7,Rent,0,7.0,South,520.67,0.13,0.519,2,No,1,1
CUST-002351,61,Male,Divorced,High School,Salaried,26800.61,1662.27,716.0,38.9,2,1,26501.32,72,3.08,1,,,Rent,0,31.7,West,512.25,0.7443,0.4171,0,No,0,0
CUST-002352,51,Female,Married,Doctorate,Salaried,60413.06,1058.48,737.0,29.8,5,0,30187.25,36,3.77,2,2481.48,1748.26,Mortgage,2,13.3,North,3350.37,0.2102,0.7296,1,No,0,0
CUST-002353,25,Male,Single,High School,Salaried,40500.78,2055.76,753.0,5.4,2,0,10351.79,60,2.97,4,6607.23,-69.79,Rent,2,2.4,South,732.14,0.6091,0.2807,2,No,0,0
CUST-002354,48,Male,Married,High School,Salaried,43245.7,1676.17,691.0,29.9,0,0,13349.73,60,4.98,1,6895.86,5334.72,Rent,1,16.7,East,2963.67,0.4651,0.5368,3,No,0,1
CUST-002355,39,Male,Divorced,Associate,Self-employed,47702.2,1444.0,689.0,14.0,3,2,103558.16,60,6.98,2,10526.69,-3500.0,Rent,0,6.6,West,3031.09,0.3633,0.3655,2,No,0,0
CUST-002356,51,Male,Married,Bachelor,Retired,31189.56,516.8,785.0,29.3,5,0,23123.61,36,4.9,0,1571.62,2793.94,Rent,0,9.7,East,1600.29,0.1988,0.0593,0,No,0,0
CUST-002357,39,Female,Single,High School,Salaried,57892.51,1726.87,742.0,18.9,1,0,57350.89,36,6.07,2,3329.99,-3500.0,Rent,0,6.1,West,1747.36,0.3579,0.3175,1,No,0,0
CUST-002358,53,Male,Single,Bachelor,Salaried,69673.42,3292.93,726.0,28.8,2,0,6345.26,48,2.5,1,44744.93,4064.06,Mortgage,0,13.1,South,1241.4,0.5671,0.4846,2,No,0,0
CUST-002359,37,Female,Married,Bachelor,Contract,64346.62,1930.9,671.0,4.2,3,1,15677.97,12,3.41,2,6034.97,-3119.2,Mortgage,0,8.1,South,1663.84,0.3601,0.4828,0,Yes,0,0
CUST-002360,58,Male,Married,High School,Contract,45306.26,692.15,744.0,36.2,5,0,62672.39,36,6.72,2,4762.67,2159.21,Own,0,7.6,South,350.0,0.1833,0.8037,1,No,0,1
CUST-002361,39,Male,Single,Master,Retired,41502.59,918.3,718.0,12.7,2,0,19391.38,36,5.02,0,1513.74,2457.1,Rent,0,12.1,South,1916.63,0.2655,0.2454,1,No,0,0
CUST-002362,51,Female,Single,Associate,Contract,20372.13,259.69,750.0,25.1,1,1,40685.42,36,4.96,0,,697.61,Own,0,8.4,South,984.24,0.153,0.5934,0,No,0,0
CUST-002363,30,Female,Married,Associate,Contract,62204.42,1688.43,677.0,10.3,3,0,32250.19,12,7.88,4,51158.59,5164.72,Own,2,8.2,South,2712.75,0.3257,0.7555,2,No,1,1
CUST-002364,46,Male,Single,Bachelor,Unemployed,13934.68,632.2,698.0,23.7,2,1,17108.13,48,4.79,2,734.87,146.31,Mortgage,0,1.5,Central,631.22,0.5444,0.3107,0,No,0,0
CUST-002365,23,Male,Married,High School,Self-employed,39158.44,1354.45,680.0,0.0,6,0,22670.06,48,4.86,0,4547.73,3232.36,Own,3,2.0,Central,1990.8,0.4151,0.6701,0,No,0,0
CUST-002366,18,Male,Single,Associate,Contract,39686.47,923.96,678.0,0.0,1,1,70381.14,36,8.63,0,9852.92,1214.4,Mortgage,0,0.0,North,1476.15,0.2794,0.6592,2,Yes,0,0
CUST-002367,36,Male,Single,Associate,Salaried,36281.3,559.55,696.0,17.0,1,0,22263.57,36,7.28,1,2218.63,6507.06,Rent,0,0.4,Central,1375.94,0.1851,0.7328,0,Yes,0,0
CUST-002368,26,Male,Divorced,Master,Unemployed,35312.14,573.77,577.0,6.6,2,4,34991.39,12,15.38,1,872.6,3855.73,Rent,0,0.6,North,1369.41,0.195,0.6261,2,No,1,1
CUST-002369,59,Male,Married,High School,Retired,46992.68,736.73,703.0,37.8,0,1,5556.51,36,5.38,0,,4623.92,Mortgage,2,15.0,West,3110.22,0.1881,0.4305,1,No,0,0
CUST-002370,59,Male,Married,Doctorate,Salaried,76487.31,1070.85,673.0,32.2,3,0,9282.11,36,4.36,1,8164.75,-3500.0,Other,2,13.7,North,5050.62,0.168,0.2954,0,No,0,0
CUST-002371,42,Female,Divorced,Associate,Salaried,24240.25,488.75,544.0,18.9,5,2,30184.44,60,10.82,2,0.0,2161.6,Mortgage,0,8.1,West,1191.4,0.242,0.8292,2,No,1,0
CUST-002372,39,Female,Married,High School,Salaried,42593.8,401.9,706.0,20.5,6,2,5769.34,24,4.2,0,27230.09,1617.02,Own,1,11.0,South,990.93,0.1132,0.4379,2,No,0,0
CUST-002373,42,Female,Single,High School,Salaried,23341.09,1487.39,722.0,19.8,7,0,25836.17,72,3.67,5,3665.44,756.04,Own,1,10.9,North,1187.74,0.7647,0.5779,0,No,0,0
CUST-002374,28,Male,Single,Master,Retired,,2195.05,736.0,9.4,6,1,20473.12,84,2.5,2,3945.65,46.67,Mortgage,0,6.6,East,1192.36,0.4072,0.5872,1,No,0,0
CUST-002375,46,Female,Single,High School,Salaried,45109.23,760.44,727.0,26.8,1,1,21757.24,60,6.11,2,9953.29,-1158.22,Own,0,18.6,Central,2114.95,0.2023,0.6242,2,Yes,0,1
CUST-002376,26,Female,Married,Bachelor,Contract,84106.2,1461.24,789.0,3.0,4,0,6873.12,36,2.5,6,5933.95,-3500.0,Rent,2,,South,3594.0,0.2085,0.2296,3,No,0,0
CUST-002377,58,Male,Married,Bachelor,Contract,,1196.32,749.0,38.3,2,0,13569.99,36,4.33,2,6880.68,4311.26,Rent,0,14.0,East,3299.14,0.1582,0.6243,0,No,0,0
CUST-002378,29,Male,Married,Bachelor,Salaried,36203.18,1006.18,646.0,7.5,4,1,74985.89,60,11.3,3,2789.35,665.66,Own,3,5.1,North,2103.81,0.3335,0.3122,3,Yes,1,0
CUST-002379,59,Male,Married,Master,Contract,50985.26,973.7,710.0,40.6,6,1,3086.09,36,8.39,4,45689.31,883.75,Mortgage,4,15.4,West,2531.3,0.2292,0.6469,1,No,0,0
CUST-002380,35,Female,Single,Bachelor,Salaried,85893.49,493.0,701.0,14.3,6,0,13223.29,36,4.82,1,26855.3,2521.59,Mortgage,0,12.0,East,773.43,0.0689,0.6018,1,Yes,0,0
CUST-002381,56,Male,Single,High School,Salaried,34948.42,1126.47,691.0,34.8,1,1,51073.78,72,4.91,1,1666.37,746.77,Rent,0,10.6,Central,1612.61,0.3868,0.5318,2,Yes,0,0
CUST-002382,54,Female,Married,High School,Salaried,40089.64,841.96,,27.9,5,0,15268.39,72,8.99,1,5672.28,5326.66,Rent,2,25.9,East,1185.69,0.252,0.6077,1,Yes,0,0
CUST-002383,48,Male,Single,Bachelor,Self-employed,97514.06,2423.37,684.0,28.9,4,0,19085.81,60,4.99,1,7189.42,-3500.0,Own,0,9.7,East,2928.23,0.2982,0.6585,2,No,0,0
CUST-002384,31,Male,Single,Bachelor,Unemployed,7000.0,273.54,708.0,9.2,3,0,14544.55,72,5.23,2,1569.95,-401.81,Rent,0,0.6,Central,430.63,0.4689,0.2608,4,No,0,0
CUST-002385,53,Male,Married,Bachelor,Unemployed,11963.01,982.43,674.0,30.9,2,3,20607.16,24,3.55,3,0.0,167.43,Rent,3,3.0,South,938.26,0.9855,0.8906,2,No,0,1
CUST-002386,33,Female,Married,Bachelor,Salaried,57827.06,582.29,808.0,12.1,4,1,10190.56,60,7.89,2,3455.77,-90.53,Rent,2,4.9,North,3550.19,0.1208,0.4175,0,No,0,0
CUST-002387,43,Male,Single,High School,Self-employed,55678.07,1881.79,695.0,22.6,3,1,34496.9,72,7.65,2,6059.81,3029.74,Rent,3,6.9,Central,2182.75,0.4056,0.4264,0,No,0,0
CUST-002388,55,Male,Divorced,Bachelor,Salaried,53951.05,807.14,759.0,31.0,4,0,10354.47,60,3.6,1,4478.7,6610.57,Mortgage,0,22.0,East,3106.44,0.1795,0.4439,1,Yes,0,0
CUST-002389,58,Female,Married,Bachelor,Self-employed,108967.59,4066.66,717.0,36.5,3,0,6306.81,24,8.03,2,11228.73,2844.2,Mortgage,3,13.3,North,3054.08,0.4478,0.3034,0,No,0,0
CUST-002390,46,Male,Single,Associate,Self-employed,52974.51,1333.12,762.0,14.0,7,0,22723.0,60,3.96,1,662.19,557.06,Own,0,17.9,South,3049.14,0.302,0.246,1,No,0,0
CUST-002391,59,Male,Married,Bachelor,Salaried,44627.86,1166.73,775.0,40.3,4,0,35232.76,24,3.25,2,2445.81,1925.41,Own,1,10.0,East,1615.4,0.3137,0.1239,0,No,0,0
CUST-002392,34,Male,Married,Doctorate,Salaried,58566.81,740.23,763.0,12.2,2,0,5693.36,60,2.5,1,8422.05,5230.88,Mortgage,1,2.2,North,3133.63,0.1517,0.2573,2,No,0,0
CUST-002393,29,Female,Divorced,High School,Salaried,36478.64,799.65,637.0,7.5,5,1,5684.54,60,7.27,0,0.0,-672.06,Mortgage,2,2.3,East,2291.04,0.2631,0.3914,4,No,0,0
CUST-002394,28,Female,Single,Bachelor,Retired,58202.05,1773.17,745.0,0.0,3,0,19226.32,60,6.87,1,7613.07,8663.6,Own,1,4.3,North,1661.94,0.3656,0.2663,0,No,0,0
CUST-002395,44,Female,Widowed,High School,Salaried,95416.76,1443.29,776.0,23.1,9,0,31818.46,72,2.5,8,26161.85,7507.04,Own,0,4.8,East,6377.49,0.1815,0.4628,1,No,0,0
CUST-002396,32,Female,Single,High School,Salaried,34818.57,828.22,601.0,10.6,2,3,14278.04,60,8.68,2,2602.04,2302.13,Own,0,0.2,West,1084.98,0.2854,0.6336,1,No,0,1
CUST-002397,48,Female,Single,High School,,39825.37,1254.94,713.0,26.7,2,0,20206.64,72,6.17,1,62801.77,4632.47,Rent,0,7.4,South,1980.89,0.3781,,2,No,0,0
CUST-002398,47,Female,Single,High School,Salaried,32149.22,802.32,750.0,24.1,4,2,8562.62,60,6.94,1,3381.07,2801.33,Mortgage,1,9.9,North,1981.81,0.2995,0.4214,0,Yes,0,0
CUST-002399,42,Male,Single,High School,Self-employed,73990.83,1033.09,695.0,18.5,4,0,20952.63,24,8.86,1,41770.86,2333.11,Mortgage,0,3.2,North,2520.94,0.1675,0.4643,0,Yes,0,0
CUST-002400,37,Female,Married,High School,Contract,31154.01,733.32,694.0,16.6,4,0,12479.71,12,6.82,0,8993.34,512.0,Rent,1,2.0,West,1597.04,0.2825,0.6728,2,No,0,0
CUST-002401,29,Non-binary,Single,Bachelor,Retired,92630.75,1366.95,758.0,10.0,2,0,14967.1,36,5.73,0,15427.87,2276.34,Own,1,6.0,South,2966.21,0.1771,0.0807,0,Yes,0,0
CUST-002402,44,Male,Single,High School,Self-employed,,571.56,734.0,25.6,2,0,4827.57,12,2.5,0,6175.34,1608.93,Rent,2,20.1,North,3024.13,0.1602,0.4682,0,No,0,0
CUST-002403,33,Male,Married,High School,Self-employed,113184.59,1638.87,770.0,13.8,2,0,6741.04,24,4.5,1,6157.24,6629.89,Mortgage,3,9.3,West,4371.68,0.1738,,1,Yes,0,1
CUST-002404,39,Female,Married,Doctorate,Self-employed,107932.36,1108.41,753.0,17.9,2,0,18655.58,60,10.88,1,5760.22,1616.41,Rent,2,8.2,South,2167.11,0.1232,0.5953,2,No,0,0
CUST-002405,56,Male,Married,Associate,Salaried,39596.8,2206.15,766.0,31.4,3,0,26838.97,36,7.28,1,2364.35,2525.16,Rent,1,24.4,North,1028.54,0.6686,0.6867,2,Yes,0,1
CUST-002406,58,Male,Married,Bachelor,Retired,34067.77,1157.67,618.0,35.4,5,2,43543.21,60,8.94,3,0.0,802.69,Rent,1,13.2,West,1755.78,0.4078,0.4969,1,No,0,0
CUST-002407,53,Male,Single,High School,Salaried,43713.58,1519.52,590.0,33.1,0,3,11552.15,36,10.55,0,14310.49,-602.48,Mortgage,1,5.9,South,2006.04,0.4171,0.4901,1,No,1,1
CUST-002408,39,Female,Single,Bachelor,Self-employed,95006.35,3588.2,682.0,16.6,0,1,16885.71,36,9.3,1,5596.28,4327.93,Mortgage,0,8.3,West,2560.6,0.4532,0.4964,2,Yes,0,0
CUST-002409,48,Male,Divorced,Bachelor,Salaried,46618.65,693.2,,24.5,4,0,4604.25,24,4.1,2,6176.87,4089.84,Rent,1,12.0,North,1113.89,0.1784,0.685,3,No,0,0
CUST-002410,18,Female,Married,Bachelor,Salaried,84240.36,1394.27,753.0,0.0,1,0,16013.54,36,5.45,0,2950.05,4784.17,Mortgage,0,0.0,East,5490.08,0.1986,0.3812,2,No,0,0
CUST-002411,37,Female,Single,Bachelor,Unemployed,19455.21,488.86,638.0,18.3,2,3,17656.98,60,8.08,4,0.0,2323.17,Rent,0,2.4,North,604.61,0.3015,,2,No,1,1
CUST-002412,18,Female,Married,Master,Unemployed,31164.45,705.74,646.0,0.0,6,3,48412.84,24,9.15,2,10735.59,-255.77,Rent,3,0.0,West,1598.98,0.2717,0.6892,2,Yes,0,0
CUST-002413,45,Female,Single,Bachelor,Contract,75207.37,4167.75,738.0,18.6,2,0,19054.54,48,4.62,1,5429.81,9222.39,Mortgage,0,15.8,Central,1969.74,0.665,0.4281,1,No,0,0
CUST-002414,53,Male,Married,Bachelor,Salaried,26624.54,1468.28,721.0,29.6,4,0,15339.34,60,7.75,1,1032.08,-214.76,,1,9.9,West,859.45,0.6618,0.1222,0,No,0,0
CUST-002415,27,Female,Single,High School,Salaried,50406.64,1092.88,687.0,2.6,4,1,16143.2,60,7.51,0,4125.23,-183.38,Mortgage,0,5.7,South,2399.33,0.2602,0.8086,0,No,0,0
CUST-002416,35,Male,Single,High School,Self-employed,16564.07,674.07,721.0,8.1,6,0,23843.97,60,7.79,0,2994.92,430.01,Rent,1,7.8,North,1175.92,0.4883,0.1221,1,No,0,0
CUST-002417,44,Female,Married,Bachelor,Salaried,35505.18,254.5,740.0,23.7,3,2,11585.74,48,3.27,0,650.61,3548.65,Mortgage,1,4.9,South,1986.45,0.086,0.3168,1,No,0,0
CUST-002418,32,Male,Widowed,High School,Unemployed,20201.18,1086.43,,9.4,4,1,19491.08,48,8.82,1,3455.66,4109.43,Mortgage,0,0.5,Central,920.96,0.6454,0.4716,0,No,0,0
CUST-002419,24,Female,Married,High School,Salaried,34465.62,855.82,594.0,3.7,3,3,16186.04,60,13.89,1,5657.43,-543.48,Rent,0,3.5,West,815.42,0.298,0.6218,0,No,1,1
CUST-002420,48,Male,Single,High School,Retired,20629.17,473.89,685.0,27.9,3,0,76238.9,60,9.44,1,1113.57,-845.0,Mortgage,1,13.7,North,1060.58,0.2757,0.3332,0,Yes,0,0
CUST-002421,40,Male,Single,High School,Salaried,48277.75,1725.15,761.0,14.7,5,0,25418.81,72,3.65,1,4650.47,613.23,Mortgage,1,8.2,Central,955.79,0.4288,0.8725,1,Yes,0,1
CUST-002422,35,Male,Married,Bachelor,Salaried,40130.62,538.19,705.0,14.6,4,1,8490.6,48,7.31,0,5306.67,186.72,Mortgage,4,10.2,North,1690.31,0.1609,0.682,1,No,0,0
CUST-002423,31,Male,Married,Associate,Unemployed,16381.68,440.04,611.0,0.0,2,5,38826.84,36,13.12,0,0.0,1648.68,Own,1,1.0,South,758.35,0.3223,0.4983,1,No,1,1
CUST-002424,42,Female,Widowed,High School,Self-employed,57971.91,1983.48,641.0,20.4,1,1,15063.57,60,7.28,1,11829.77,4171.12,Mortgage,1,5.8,North,2041.3,0.4106,0.4283,1,No,0,0
CUST-002425,27,Male,Married,Associate,Salaried,47969.1,1913.81,637.0,3.6,3,1,23604.09,72,7.76,2,9530.39,3652.91,Rent,0,5.5,North,2913.59,0.4788,0.5134,4,No,0,0
CUST-002426,59,Male,Divorced,High School,Salaried,58130.04,17800.3,,39.3,3,1,49858.66,36,3.06,2,354.15,3071.27,Rent,1,14.1,South,2149.89,0.412,0.9074,2,No,0,1
CUST-002427,47,Male,Married,Bachelor,Self-employed,73228.81,3547.23,720.0,26.3,1,0,43823.77,36,7.94,2,8345.51,3490.75,Rent,1,15.9,North,2267.51,0.5813,0.1819,2,Yes,0,0
CUST-002428,38,Female,Married,Master,Contract,68666.78,1313.16,718.0,16.0,2,0,13275.18,48,7.43,0,4719.75,3900.83,Rent,1,4.5,North,1665.08,0.2295,0.3581,1,No,0,0
CUST-002429,46,Male,Single,Bachelor,Salaried,48633.1,2457.26,708.0,27.2,2,0,20614.35,48,4.37,1,17174.52,2794.67,Mortgage,1,18.3,West,2109.01,0.6063,0.2798,0,No,0,1
CUST-002430,44,Male,Single,Bachelor,Contract,34593.19,1327.67,700.0,23.2,2,0,3974.1,36,8.15,0,1689.32,-135.68,Rent,0,3.0,South,842.59,0.4606,0.3597,2,No,0,1
CUST-002431,54,Female,Married,Bachelor,Retired,46958.07,1251.58,694.0,26.7,3,1,111220.64,60,2.5,3,27643.98,7692.51,Rent,1,2.5,East,408.72,0.3198,0.4877,1,No,0,0
CUST-002432,50,Female,Single,Doctorate,Unemployed,41291.18,2490.08,696.0,29.8,3,1,29915.51,36,6.4,2,10388.87,2372.21,Mortgage,2,2.9,East,2569.29,0.7237,0.3823,0,No,0,1
CUST-002433,30,Female,Single,Associate,Salaried,63652.18,721.96,705.0,9.5,1,0,28995.04,60,3.26,1,7168.04,2292.49,Mortgage,2,7.7,East,3306.58,0.1361,0.3503,1,No,0,0
CUST-002434,53,Male,Single,Associate,Contract,63404.76,1193.75,672.0,33.9,1,1,33138.04,36,8.95,0,6329.16,-523.16,Mortgage,0,14.1,West,2413.86,0.2259,0.6671,0,No,0,0
CUST-002435,54,Male,Married,Associate,Self-employed,87793.44,607.14,572.0,35.2,5,2,15267.14,60,12.72,1,11325.02,1768.77,Mortgage,1,20.2,South,3211.13,0.083,0.6778,1,No,1,0
CUST-002436,40,Female,Divorced,Master,Salaried,44168.39,1377.67,669.0,20.5,5,2,15475.61,36,7.09,0,1120.86,3328.43,Mortgage,1,,East,2895.19,0.3743,0.5615,0,No,0,0
CUST-002437,49,Female,Single,Associate,Self-employed,44989.13,413.08,691.0,23.7,4,0,21011.19,36,2.5,2,9114.49,910.27,Mortgage,0,14.0,North,2221.82,0.1102,0.7872,0,Yes,0,0
CUST-002438,42,Female,Married,High School,Salaried,38997.48,1513.58,628.0,23.6,2,1,20357.11,48,11.94,2,2927.84,821.17,Rent,0,2.6,East,432.23,0.4657,0.2364,2,No,0,0
CUST-002439,40,Female,Divorced,Bachelor,Salaried,61007.73,820.4,784.0,19.4,2,0,27413.62,60,5.56,2,2076.68,-2321.76,Rent,1,16.5,West,2845.19,0.1614,0.1555,1,No,0,0
CUST-002440,41,Female,Married,Bachelor,Contract,60847.55,330.27,582.0,19.8,3,3,26660.35,36,11.06,2,4242.45,2534.26,Own,2,7.8,Central,3545.98,0.0651,0.5276,2,No,1,1
CUST-002441,50,Female,Married,High School,Salaried,49579.69,2301.43,694.0,29.7,4,0,81395.96,72,8.26,6,7889.67,1363.97,Mortgage,3,6.4,Central,1877.13,0.557,0.3243,2,No,0,0
CUST-002442,48,Female,Single,Associate,Unemployed,16594.37,940.87,576.0,20.5,2,2,44417.52,36,10.32,2,875.2,537.86,Own,0,2.9,Central,995.8,0.6804,0.5402,1,No,1,1
CUST-002443,43,Male,Single,Master,Salaried,62096.78,287.12,701.0,24.0,3,1,9948.49,60,5.18,1,2754.27,-902.59,Own,0,3.9,South,3489.75,0.0555,0.7871,0,No,0,0
CUST-002444,73,Female,Married,Bachelor,Salaried,29987.31,396.13,650.0,50.0,0,1,30927.61,60,8.7,0,2459.02,689.63,Mortgage,0,28.1,West,1023.7,0.1585,0.6832,0,Yes,0,1
CUST-002445,44,Female,Married,High School,Salaried,16877.3,185.15,702.0,23.7,0,0,10357.24,60,3.64,1,1645.24,1106.65,Own,1,15.1,North,525.37,0.1316,0.173,1,No,0,0
CUST-002446,24,Non-binary,Married,High School,Salaried,32535.6,342.02,740.0,4.4,3,0,12110.31,60,5.62,1,1809.14,4234.76,Mortgage,1,1.5,Central,1991.15,0.1261,0.4449,0,No,0,0
CUST-002447,46,Female,Married,Bachelor,Unemployed,16439.26,191.93,663.0,22.1,2,2,45501.13,36,7.13,1,,1200.59,Rent,0,3.2,West,528.57,0.1401,0.7971,3,Yes,0,1
CUST-002448,39,Male,Single,Master,Self-employed,79459.47,2073.47,662.0,18.4,2,1,32638.88,60,7.55,2,3229.78,-3500.0,Own,0,7.1,East,3854.37,0.3131,0.8842,1,No,0,0
CUST-002449,64,Female,Married,Master,Retired,67622.63,1570.68,699.0,43.6,4,1,13528.44,24,6.11,2,11263.65,1053.98,Mortgage,2,23.0,West,3402.33,0.2787,0.1241,1,No,0,0
CUST-002450,34,Male,Married,Associate,Contract,71515.09,2111.14,571.0,12.0,3,4,17147.71,12,15.13,2,8532.33,-796.97,Mortgage,2,4.1,South,2843.59,0.3542,0.6919,3,No,1,1
CUST-002451,42,Male,Married,Bachelor,Unemployed,14601.22,550.12,742.0,18.4,7,0,25791.19,84,5.28,3,5174.61,942.71,Own,1,0.7,South,400.03,0.4521,0.3421,1,No,0,0
CUST-002452,29,Non-binary,Married,Bachelor,Self-employed,56860.0,1524.05,700.0,8.0,2,1,13814.61,60,4.39,2,4001.99,4635.99,Rent,0,4.3,West,3537.79,0.3216,0.6374,2,No,0,1
CUST-002453,57,Male,Married,High School,Salaried,45091.41,673.48,733.0,29.5,2,0,11822.28,24,7.66,2,2448.4,1158.74,Own,4,5.6,North,1195.75,0.1792,0.5188,3,No,0,0
CUST-002454,25,Female,Single,High School,Salaried,33589.43,853.12,624.0,3.3,5,2,28202.74,24,8.7,1,6054.74,1684.56,Own,0,,East,847.38,0.3048,0.6997,0,No,0,0
CUST-002455,50,Female,Divorced,Bachelor,Contract,69817.52,2984.3,664.0,30.7,2,1,5585.44,60,6.92,3,8483.06,1252.07,,0,5.6,South,2525.38,0.5129,0.4737,1,No,0,0
CUST-002456,24,Male,Married,Master,Salaried,105102.75,3750.96,704.0,1.9,3,0,28808.11,84,2.5,0,6548.05,2448.26,Own,3,,South,5583.42,0.4283,0.3384,3,Yes,0,0
CUST-002457,38,Male,Married,Bachelor,Salaried,40527.89,761.94,688.0,14.6,4,2,51936.15,36,8.41,0,5117.32,3563.87,Rent,2,9.9,North,1651.11,0.2256,0.4928,2,No,1,0
CUST-002458,57,Female,Married,,Salaried,161931.73,3621.48,796.0,28.8,6,0,31049.03,36,2.5,1,8040.07,17287.52,Mortgage,0,11.8,West,7761.34,0.2684,0.126,3,No,0,0
CUST-002459,45,Female,Married,Associate,Contract,38771.05,705.11,783.0,19.2,6,1,15842.4,12,2.5,0,16119.28,-787.92,Rent,1,20.3,West,1361.69,0.2182,0.5868,0,No,0,0
CUST-002460,44,Female,Married,Associate,Salaried,117907.75,2493.66,726.0,19.6,4,1,16619.96,48,4.92,1,3048.19,767.01,Rent,4,17.9,West,7910.17,0.2538,0.2596,4,No,0,0
CUST-002461,30,Male,Married,Bachelor,Contract,31894.79,1040.91,673.0,6.7,1,2,9462.24,84,7.98,3,5793.48,-3500.0,Rent,0,3.2,South,726.5,0.3916,0.2681,2,No,0,0
CUST-002462,46,Male,Widowed,Bachelor,Salaried,46630.45,404.57,702.0,23.7,1,1,27425.8,60,8.2,0,3412.85,5017.96,Own,1,10.0,South,1966.68,0.1041,0.3258,0,Yes,0,0
CUST-002463,33,Male,Married,Associate,Salaried,68369.72,623.48,658.0,10.6,0,0,27980.08,48,3.0,0,110378.47,8348.7,Rent,1,8.2,East,3369.1,0.1094,0.308,0,Yes,0,1
CUST-002464,33,Female,Single,Associate,Salaried,47847.79,1051.74,762.0,3.5,3,0,17440.62,36,5.44,0,6783.01,-2250.9,Mortgage,0,5.3,North,480.56,0.2638,0.562,1,No,0,0
CUST-002465,35,Male,Divorced,Master,Self-employed,151414.1,2680.15,537.0,7.6,5,5,13747.58,60,11.27,0,20838.89,14433.62,Own,0,6.1,South,2705.17,0.2124,0.6008,2,No,1,1
CUST-002466,35,Male,Married,Bachelor,Contract,101352.49,3483.13,730.0,14.9,2,0,32640.78,36,3.88,0,15545.18,5541.22,Mortgage,1,13.3,North,1612.66,0.4124,0.7107,1,No,0,0
CUST-002467,55,Female,Single,Bachelor,Salaried,39392.68,836.17,744.0,33.2,4,0,47743.31,36,4.9,1,2171.03,578.17,Mortgage,1,4.4,South,1395.73,0.2547,0.5807,1,No,0,0
CUST-002468,50,Male,Married,High School,Salaried,48984.91,964.55,698.0,28.1,1,1,26328.66,36,4.73,3,5497.82,-949.16,Rent,2,26.0,Central,1131.05,0.2363,,5,Yes,0,0
CUST-002469,47,Female,Married,High School,Contract,44439.13,478.51,766.0,22.6,2,0,12904.14,60,2.5,1,1412.08,37.72,Mortgage,1,7.1,East,1330.35,0.1292,0.5277,1,No,0,0
CUST-002470,44,Female,Single,Bachelor,Salaried,34384.14,1972.62,740.0,20.7,2,0,19162.07,60,7.65,1,1138.94,1906.95,Own,0,7.0,West,2397.89,0.6884,0.7705,1,No,0,0
CUST-002471,57,Female,Married,Associate,Self-employed,50196.17,1343.68,727.0,34.3,3,0,17478.42,24,7.78,2,2999.81,663.84,Rent,0,3.2,North,1211.84,0.3212,0.2782,1,No,0,0
CUST-002472,42,Male,Single,Master,Salaried,52073.9,1854.51,695.0,19.2,5,0,25879.0,60,5.16,0,3321.77,2808.4,Own,0,5.9,East,1760.09,0.4274,0.2131,2,Yes,0,0
CUST-002473,41,Female,Single,High School,Salaried,49921.46,1241.08,756.0,19.3,9,0,37338.51,36,2.89,1,1759.4,5664.66,Own,1,10.0,Central,2736.04,0.2983,0.5538,0,Yes,0,0
CUST-002474,34,Female,Divorced,Associate,Salaried,27662.44,233.79,672.0,15.3,2,0,23336.85,60,6.35,1,10560.42,546.76,Rent,0,3.8,South,1600.51,0.1014,0.6261,0,No,0,0
CUST-002475,40,Female,Married,Associate,Salaried,55758.17,2406.27,732.0,12.8,6,0,13500.62,48,9.63,4,43121.47,1992.89,Rent,0,12.3,East,1594.82,0.5179,0.4398,2,No,0,0
CUST-002476,39,Male,Married,High School,Self-employed,74787.0,2008.11,641.0,18.6,2,0,59860.15,36,12.18,1,12756.29,8674.34,Mortgage,1,16.8,East,4221.64,0.3222,0.4758,0,No,1,1
CUST-002477,45,Male,Married,High School,Unemployed,19826.01,754.96,569.0,25.3,3,4,19981.26,84,9.13,4,6717.23,1249.57,Own,2,0.4,North,847.25,0.457,0.7031,0,No,1,1
CUST-002478,50,Female,Married,Bachelor,Unemployed,13854.68,561.81,573.0,26.2,2,2,47718.37,36,9.04,3,362.19,382.25,Rent,2,0.6,East,675.57,0.4866,0.4502,4,No,1,1
CUST-002479,48,Male,Married,Bachelor,Salaried,50413.74,821.22,667.0,25.6,4,0,55280.3,36,9.86,3,,8287.78,Rent,3,9.0,Central,1329.75,0.1955,0.5831,1,No,0,0
CUST-002480,38,Female,Single,Bachelor,Salaried,51575.17,795.48,708.0,18.3,3,1,53865.94,36,4.25,3,1178.53,-607.19,Rent,0,1.8,South,2968.71,0.1851,0.4657,0,Yes,0,0
CUST-002481,41,Female,Single,Associate,Salaried,84614.34,1576.04,688.0,20.2,3,1,13051.74,72,5.36,3,17375.45,-1067.13,Rent,0,7.7,South,750.04,0.2235,0.4048,0,Yes,0,0
CUST-002482,38,Female,Married,Bachelor,Salaried,122572.87,1410.28,776.0,14.7,3,1,16385.29,36,5.7,3,,8931.98,Own,0,6.3,East,1609.59,0.1381,0.6206,1,No,0,0
CUST-002483,49,Male,Single,High School,Salaried,28794.55,731.5,699.0,18.3,2,0,33701.84,60,7.39,1,902.13,-1082.23,Mortgage,1,9.8,Central,1102.56,0.3048,0.2089,3,No,0,0
CUST-002484,56,Female,Single,Associate,Salaried,152904.33,2352.52,722.0,31.8,2,0,22350.5,36,2.5,1,4805.67,,Mortgage,0,19.0,West,8230.62,0.1846,0.3532,0,No,0,0
CUST-002485,34,Female,Widowed,High School,,57801.66,2173.29,708.0,14.2,4,0,30210.31,60,2.6,3,1741.33,6771.6,Mortgage,0,0.3,South,2386.73,0.4512,0.0753,0,No,0,0
CUST-002486,35,Female,Married,Associate,Salaried,51739.85,1380.48,675.0,14.2,0,1,10943.43,24,4.41,0,4453.43,-887.13,Mortgage,2,12.9,North,1812.28,0.3202,0.5635,0,No,0,0
CUST-002487,39,Male,Married,Bachelor,Salaried,34358.53,1367.89,614.0,18.6,4,2,26983.56,60,7.98,1,1876.8,3305.53,Own,0,8.0,Central,1531.47,0.4777,0.296,2,Yes,0,0
CUST-002488,35,Female,Single,Bachelor,Salaried,149110.46,1236.15,748.0,14.2,3,0,20321.84,60,6.25,2,54325.28,13543.88,Rent,1,7.9,Central,6399.9,0.0995,0.3299,0,No,0,0
CUST-002489,28,Female,Married,Associate,Salaried,59678.21,665.1,679.0,8.7,3,0,12650.23,12,6.91,1,10577.65,1522.87,Other,0,3.0,North,2558.38,0.1337,0.1828,1,No,0,0
CUST-002490,35,Female,Divorced,Associate,Salaried,52212.2,1375.56,772.0,11.5,3,1,24631.66,60,2.5,1,4139.94,1666.83,Mortgage,1,0.3,South,2182.56,0.3161,0.2425,0,No,0,0
CUST-002491,25,Non-binary,Married,High School,Retired,47232.78,1936.34,694.0,5.4,2,0,43118.48,48,5.68,1,741.34,4376.48,Mortgage,2,0.4,East,2009.52,0.4919,0.351,1,No,0,0
CUST-002492,45,Male,Single,Bachelor,Self-employed,65300.72,1168.67,707.0,24.7,2,1,10521.71,84,4.76,3,,-3128.03,Mortgage,1,21.1,South,2389.18,0.2148,0.4781,2,No,0,0
CUST-002493,55,Female,Single,Doctorate,Salaried,141029.4,4100.41,682.0,34.2,6,2,62790.98,36,6.67,2,15562.2,3582.18,Own,1,22.6,Central,4312.57,0.3489,0.6463,1,No,0,0
CUST-002494,47,Female,Single,Bachelor,Self-employed,87076.29,971.92,723.0,24.9,2,0,98112.69,36,2.63,1,11287.7,8844.52,Own,0,13.1,West,2674.34,0.1339,0.637,0,Yes,0,0
CUST-002495,19,Female,Married,High School,Salaried,54407.06,1092.25,685.0,0.0,1,0,38113.39,84,5.71,0,11182.93,10170.58,Rent,0,0.4,East,2754.1,0.2409,0.4272,0,Yes,0,0
CUST-002496,34,Female,Married,Associate,Self-employed,46235.67,313.12,695.0,11.7,0,0,42565.58,12,6.76,0,973.17,,Rent,1,,Central,582.85,0.0813,0.3597,1,No,0,0
CUST-002497,52,Male,Married,Master,Salaried,47069.2,975.59,703.0,31.8,2,0,11596.06,72,6.69,3,1772.85,2808.96,Own,2,4.6,South,1316.97,0.2487,0.359,0,No,0,0
CUST-002498,45,Female,Married,Associate,Salaried,71094.65,1740.03,716.0,23.2,2,0,15550.41,60,3.97,4,6395.34,7671.63,Mortgage,2,4.9,North,4283.76,0.2937,0.6582,1,No,0,0
CUST-002499,33,Male,Married,High School,Self-employed,53235.41,929.59,630.0,5.6,1,1,8749.25,60,15.43,1,4567.79,-1147.15,Mortgage,1,0.7,South,677.8,0.2095,0.3663,1,Yes,1,0
CUST-002500,48,Male,Married,High School,Self-employed,51406.75,1174.37,678.0,22.2,2,1,37276.34,60,7.08,1,2426.87,-1023.99,Mortgage,0,16.0,North,2002.93,0.2741,0.4278,0,No,0,0
CUST-002501,51,Female,Single,High School,Contract,47195.67,1140.42,691.0,29.5,2,0,8435.24,24,6.08,0,6203.99,5334.1,Rent,0,13.8,South,1785.4,0.29,0.6271,1,No,0,0
CUST-002502,45,Female,Married,High School,Self-employed,25117.88,559.28,,16.3,2,2,15557.98,48,12.48,2,518.78,-363.49,Rent,1,18.2,East,1122.17,0.2672,0.3621,0,Yes,1,0
CUST-002503,18,Male,Married,High School,Salaried,52207.35,364.83,548.0,0.0,4,4,33301.5,60,13.57,1,5906.79,1224.35,Own,3,0.0,North,2340.51,0.0839,0.9203,2,Yes,1,0
CUST-002504,37,Female,Single,Bachelor,,94196.69,645.96,703.0,16.8,4,1,21080.45,36,5.61,2,5266.6,10580.44,Own,1,10.9,West,3713.21,0.0823,,3,No,0,0
CUST-002505,44,Male,Divorced,Associate,Contract,47056.52,1859.8,674.0,23.9,4,1,10140.02,36,7.91,2,8776.9,-2860.79,Rent,0,3.7,Central,1796.85,0.4743,0.2504,1,Yes,0,0
CUST-002506,37,Female,Married,Associate,Contract,56222.97,546.22,687.0,17.0,2,1,19278.32,36,8.09,2,2363.17,-104.77,Mortgage,2,6.6,East,2813.84,0.1166,0.781,0,Yes,0,0
CUST-002507,42,Female,Married,High School,Unemployed,23494.57,317.21,715.0,22.0,6,0,16304.81,36,6.12,0,6985.89,1104.59,Rent,2,1.4,Central,733.49,0.162,0.1386,0,Yes,0,0
CUST-002508,59,Female,Divorced,High School,Unemployed,13587.37,443.49,689.0,34.8,4,1,22146.56,36,8.07,2,2123.02,872.55,Mortgage,0,1.8,South,533.25,0.3917,0.6251,2,No,0,1
CUST-002509,24,Female,Married,Associate,Salaried,53081.18,677.78,704.0,2.1,3,1,6916.57,60,6.06,1,4934.86,6806.45,Rent,1,1.2,East,3374.88,0.1532,0.4636,1,No,1,0
CUST-002510,42,Female,Single,Bachelor,Salaried,115477.61,4070.19,666.0,20.5,3,0,81555.19,24,6.58,0,7370.83,3677.02,Rent,1,13.9,South,5481.71,0.423,0.7272,0,No,0,0
CUST-002511,25,Male,Single,High School,Contract,23563.32,315.17,758.0,3.9,4,0,53230.42,84,6.22,2,746.86,2375.29,Mortgage,0,2.4,North,830.41,0.1605,0.3156,1,Yes,0,0
CUST-002512,23,Female,Married,Bachelor,,82572.31,1792.37,772.0,2.3,2,0,66505.94,12,2.5,3,12852.21,10743.19,Own,1,1.7,West,1634.28,0.2605,0.0955,0,No,0,0
CUST-002513,35,Female,Married,Master,Self-employed,176196.94,3203.89,761.0,13.2,2,0,38925.35,60,6.72,2,29177.78,11059.25,Own,0,,West,11053.94,0.2182,0.6339,0,No,0,0
CUST-002514,42,Female,Married,Associate,Unemployed,10546.76,522.49,610.0,18.5,2,2,33680.23,48,7.99,1,131.05,-610.04,Rent,1,2.3,West,596.23,0.5945,0.4336,1,No,0,0
CUST-002515,59,Female,Single,High School,Contract,21817.18,61.34,705.0,37.8,5,1,53926.71,60,3.03,0,2534.22,928.98,Mortgage,0,6.2,North,951.14,0.0337,0.4453,1,No,0,1
CUST-002516,18,Male,Married,Bachelor,,31241.35,900.53,646.0,0.0,2,3,12882.13,12,11.22,3,0.0,1018.72,Mortgage,2,0.0,West,389.1,0.3459,0.6648,3,No,1,0
CUST-002517,59,Male,Married,Associate,Salaried,79088.0,2133.12,740.0,40.7,4,0,8597.6,60,5.08,0,5211.05,2895.76,Mortgage,2,26.5,South,3173.86,0.3237,0.7598,0,No,0,0
CUST-002518,37,Male,Married,High School,Salaried,22947.4,363.08,695.0,17.3,3,0,50071.02,60,5.16,0,1609.17,14.23,Mortgage,1,12.7,Central,1045.72,0.1899,0.1948,0,No,0,0
CUST-002519,52,Female,Single,High School,Salaried,90974.47,3004.61,727.0,31.1,6,1,8227.14,60,8.88,2,8852.2,5306.34,Rent,0,11.9,Central,2530.65,0.3963,0.5509,0,No,0,0
CUST-002520,25,Female,Divorced,Associate,Unemployed,11393.21,373.0,635.0,6.7,1,1,15787.23,12,10.82,1,0.0,167.0,Own,0,0.5,Central,584.19,0.3929,0.7781,2,No,0,0
CUST-002521,18,Male,Single,Associate,Contract,66658.08,597.38,733.0,0.0,4,1,19346.34,48,5.99,1,15164.82,541.88,Mortgage,1,0.0,East,3412.21,0.1075,0.8555,0,No,0,0
CUST-002522,40,Male,Single,Associate,Self-employed,128246.77,3873.34,738.0,20.1,2,3,9508.59,48,3.84,1,53260.58,11201.86,Mortgage,0,0.2,Central,2487.36,0.3624,0.6235,0,No,0,0
CUST-002523,53,Male,Divorced,High School,Salaried,46246.91,1306.86,743.0,25.9,1,1,6432.17,12,4.05,2,461.66,5972.56,Rent,1,10.1,Central,677.01,0.3391,0.7191,0,No,0,0
CUST-002524,44,Male,Single,High School,Contract,19480.57,752.22,745.0,25.2,1,0,13456.2,72,4.44,1,1357.76,479.18,Rent,2,4.7,East,603.49,0.4634,0.2371,1,No,0,0
CUST-002525,62,Male,Single,Doctorate,Salaried,85927.07,2101.03,734.0,41.1,4,0,16149.98,60,6.87,2,9902.3,9234.31,Mortgage,0,13.0,North,2895.23,0.2934,0.6235,2,No,0,0
CUST-002526,40,Female,Single,High School,Salaried,47560.96,1724.81,812.0,11.8,6,0,7165.84,72,4.46,4,1719.44,1668.53,Own,0,8.7,East,738.82,0.4352,0.5051,0,No,0,1
CUST-002527,46,Female,Widowed,Master,Unemployed,40071.24,1588.92,632.0,25.7,5,4,34108.64,60,8.87,2,4922.78,362.75,Rent,0,2.0,Central,2253.98,0.4758,0.6549,1,No,0,1
CUST-002528,42,Female,Married,Associate,Salaried,47997.25,809.64,646.0,22.8,3,2,27318.67,24,10.9,2,15826.83,-2899.54,Rent,1,8.0,North,1412.22,0.2024,0.418,3,No,1,0
CUST-002529,18,Female,Divorced,Associate,Self-employed,110602.73,4026.59,725.0,0.0,5,0,11589.8,36,7.83,0,12176.11,-2895.43,Mortgage,3,0.0,East,4345.3,0.4369,0.2964,0,No,0,0
CUST-002530,47,Male,Married,High School,Salaried,12446.48,441.05,612.0,27.6,3,0,10972.92,36,14.7,2,1168.89,1092.65,Mortgage,2,14.9,North,1090.11,0.4252,0.2592,3,No,1,0
CUST-002531,42,Female,Single,Master,Self-employed,120214.62,982.97,733.0,20.9,3,0,35519.85,72,3.69,0,23365.25,9205.1,Own,0,4.7,South,3036.29,0.0981,0.4061,2,No,0,0
CUST-002532,31,Female,Married,Bachelor,Self-employed,77314.77,3241.98,691.0,5.1,1,0,35771.35,36,6.38,1,20880.09,6747.99,Rent,1,5.9,Central,3393.45,0.5032,0.2919,0,No,0,0
CUST-002533,40,Male,Married,Bachelor,Salaried,65885.63,1804.74,673.0,19.7,3,1,22314.66,60,9.76,0,26456.4,3587.8,Rent,1,5.4,West,3324.22,0.3287,0.509,3,No,0,0
CUST-002534,27,Male,Single,Bachelor,Salaried,66855.94,3058.39,,7.5,3,0,16251.93,36,7.89,0,1822.95,8024.66,Mortgage,0,0.4,North,2125.07,0.549,0.6811,2,No,0,1
CUST-002535,39,Male,Single,High School,Salaried,47360.3,260.77,600.0,18.9,0,1,24446.68,60,11.09,1,4953.13,-169.25,Mortgage,0,11.4,North,1687.88,0.0661,0.3907,3,No,1,0
CUST-002536,34,Male,Single,Master,Self-employed,48872.76,2154.44,775.0,6.5,1,0,17906.0,36,4.56,0,7693.83,2615.75,Rent,1,5.8,East,2774.97,0.529,0.4695,0,Yes,0,0
CUST-002537,34,Female,Divorced,,Salaried,91663.71,1731.37,741.0,0.8,4,0,26737.32,24,7.11,2,20768.15,651.07,Mortgage,1,4.3,East,2489.34,0.2267,0.7703,0,No,0,1
CUST-002538,29,Female,Married,Master,Salaried,41530.83,935.73,676.0,7.3,4,1,24342.44,48,9.37,2,4508.07,2747.31,Rent,0,1.2,South,884.57,0.2704,0.5208,1,No,0,0
CUST-002539,23,Male,Single,High School,Salaried,40816.76,504.53,633.0,1.5,3,2,50793.17,36,6.19,2,10033.56,973.59,Mortgage,0,3.0,Central,2382.37,0.1483,0.3836,0,No,0,0
CUST-002540,34,Male,Widowed,Bachelor,Retired,33033.97,568.65,755.0,10.0,3,0,13680.32,24,4.89,0,2783.54,1038.22,Rent,1,0.8,Central,972.56,0.2066,0.3974,2,Yes,0,0
CUST-002541,35,Male,Divorced,Doctorate,Salaried,77827.73,2641.79,770.0,15.0,1,0,8964.57,24,4.53,1,17355.71,2356.16,Mortgage,0,1.3,East,1807.94,0.4073,0.2306,3,Yes,0,0
CUST-002542,49,Male,Single,Associate,Self-employed,25844.29,473.79,645.0,27.2,1,1,5370.01,36,7.84,1,2957.36,-981.39,Rent,0,6.0,East,1005.58,0.22,0.3206,1,No,0,0
CUST-002543,31,Male,Married,Master,Contract,125718.62,2924.59,730.0,11.6,2,0,6167.95,36,2.5,2,2862.1,18204.57,Other,4,1.7,Central,4655.73,0.2792,0.4823,4,No,0,0
CUST-002544,39,Male,Married,Bachelor,Salaried,68603.75,1744.3,721.0,14.3,1,1,10899.49,60,4.42,0,2636.54,455.68,Mortgage,0,6.3,East,1154.43,0.3051,0.4821,0,No,0,0
CUST-002545,43,Female,Single,Associate,Salaried,125275.45,2331.22,725.0,23.8,2,0,16331.93,72,7.8,1,25630.23,15353.81,Rent,0,16.0,South,5849.64,0.2233,0.3035,0,No,0,0
CUST-002546,26,Female,Single,High School,Self-employed,55248.04,744.65,678.0,3.5,5,0,55609.41,48,5.96,1,9622.17,6617.52,Mortgage,1,1.0,South,2496.86,0.1617,0.1652,1,No,0,0
CUST-002547,18,Female,Married,Master,Salaried,28631.87,832.4,768.0,0.0,3,0,18376.48,36,2.8,3,2393.67,1680.32,Own,2,0.0,South,1463.68,0.3489,0.6381,0,No,0,0
CUST-002548,37,Female,Single,Bachelor,Salaried,77395.94,859.56,686.0,9.6,4,1,5918.73,36,7.05,1,12027.37,2616.84,Rent,0,2.2,East,2698.22,0.1333,0.3182,1,No,0,0
CUST-002549,41,Male,Married,Master,Unemployed,27860.07,1003.41,603.0,21.9,2,4,6429.39,12,8.31,2,0.0,4427.4,Own,1,0.2,West,1221.23,0.4322,0.8222,3,No,0,0
CUST-002550,53,Female,Married,Bachelor,Contract,56627.86,1273.18,689.0,31.3,2,2,83923.39,60,8.57,4,5379.5,9561.96,Rent,3,5.7,North,2702.79,0.2698,0.5293,2,No,0,1
CUST-002551,28,Female,Married,High School,Contract,42979.09,2507.9,750.0,5.9,3,1,70764.89,60,3.08,5,4812.86,3137.39,Mortgage,1,1.3,South,1182.03,0.7002,0.2636,0,No,0,0
CUST-002552,29,Female,Married,High School,Self-employed,46315.33,1837.75,730.0,5.7,5,0,37523.63,24,7.54,0,9555.55,3896.36,Mortgage,1,6.2,North,759.95,0.4762,,0,No,0,0
CUST-002553,50,Female,Married,Bachelor,,38236.62,470.79,774.0,22.2,2,0,6316.96,60,6.7,2,3362.05,5912.22,Own,0,14.8,West,1327.34,0.1477,0.3895,3,No,0,0
CUST-002554,44,Male,Single,High School,Contract,28469.05,1491.96,687.0,22.8,2,1,31467.11,60,8.26,6,2597.32,378.18,Rent,0,12.8,South,966.26,0.6289,0.3797,1,No,0,0
CUST-002555,37,Female,Single,Bachelor,Salaried,57304.27,1023.81,728.0,16.7,5,0,20274.23,24,3.98,2,3412.96,418.75,Rent,1,9.2,West,2876.77,0.2144,0.1694,1,No,0,0
CUST-002556,43,Female,Married,Bachelor,Salaried,62190.28,860.72,678.0,22.2,3,0,88143.76,84,11.04,1,5412.57,1735.78,Mortgage,1,14.5,Central,1506.63,0.1661,0.2467,1,No,0,0
CUST-002557,36,Male,Married,High School,Salaried,51714.6,916.35,641.0,14.9,2,2,11226.33,48,8.13,1,287.42,-800.75,Mortgage,3,11.6,Central,1234.49,0.2126,0.5843,1,No,1,0
CUST-002558,55,Female,Divorced,Master,Contract,21174.55,696.58,698.0,35.9,3,0,18418.54,60,8.22,3,2959.96,2569.17,Rent,1,23.3,Central,530.13,0.3948,0.6005,1,No,0,0
CUST-002559,38,Male,Married,Bachelor,Unemployed,14908.34,491.72,687.0,17.4,5,1,10730.65,60,8.24,1,0.0,1849.01,Rent,0,2.5,East,518.35,0.3958,0.1557,1,Yes,0,0
CUST-002560,52,Male,Married,,Contract,164054.04,3719.28,648.0,29.7,2,2,24751.95,72,6.73,0,7274.22,790.5,Own,2,12.8,West,3788.37,0.2721,0.3927,1,No,0,0
CUST-002561,44,Female,Divorced,High School,Salaried,27185.11,735.76,665.0,21.1,1,0,11731.95,36,9.56,1,2477.15,,Own,1,,South,1302.3,0.3248,0.4443,0,No,0,0
CUST-002562,30,Female,Married,Master,Contract,30372.34,863.47,596.0,9.5,0,2,28552.81,36,11.56,0,755.01,4945.62,Mortgage,2,2.1,East,987.5,0.3412,0.3084,5,No,1,0
CUST-002563,28,Female,Single,Bachelor,Salaried,59440.96,2403.09,719.0,7.6,4,0,34961.7,60,8.11,2,6200.45,5707.75,Rent,0,5.0,West,1730.7,0.4851,0.5923,1,Yes,0,0
CUST-002564,42,Female,Single,Bachelor,Salaried,42065.32,451.08,727.0,21.6,3,0,24562.54,60,2.5,1,4393.86,-1567.87,Rent,0,13.1,East,1456.79,0.1287,0.3018,0,Yes,0,0
CUST-002565,46,Male,Single,Associate,Salaried,,796.3,817.0,22.4,3,0,8991.32,36,2.5,2,5535.34,2110.05,Own,2,14.6,West,1827.59,0.1776,0.2473,3,No,0,0
CUST-002566,22,Female,Married,Bachelor,Salaried,81224.4,2650.92,765.0,0.0,3,1,51554.04,60,4.55,2,44214.87,6369.02,Rent,3,1.7,East,1327.92,0.3916,0.674,2,No,0,0
CUST-002567,34,Female,Married,Master,Salaried,133638.92,2293.71,642.0,11.0,2,3,13774.95,24,9.29,1,8354.58,,Rent,0,7.9,West,8133.92,0.206,0.477,2,No,1,1
CUST-002568,20,Female,Single,Bachelor,Salaried,75376.62,1600.72,738.0,0.0,5,1,37124.81,84,6.54,3,9249.79,1426.17,Mortgage,0,0.9,Central,3393.63,0.2548,0.7535,3,No,0,0
CUST-002569,55,Female,Married,Doctorate,Unemployed,38745.97,1611.42,639.0,34.6,2,4,94061.86,24,7.16,2,9431.03,1475.92,Own,2,4.8,South,2537.72,0.4991,0.9108,0,No,0,1
CUST-002570,51,Female,Married,Doctorate,Contract,83800.45,4853.16,656.0,28.6,4,2,30757.52,60,9.86,3,6095.8,-3113.13,Mortgage,0,13.6,West,3237.53,0.695,0.9811,2,No,1,1
CUST-002571,32,Male,Single,High School,Retired,,377.97,739.0,11.4,0,0,9374.32,24,5.42,1,3405.99,1630.89,Rent,2,8.3,Central,1177.27,0.2154,0.666,2,No,0,0
CUST-002572,50,Female,Married,Bachelor,Salaried,52476.07,743.24,741.0,25.8,4,0,26956.78,72,5.91,2,7727.58,3363.92,Rent,1,6.7,North,3077.17,0.17,0.5405,1,No,0,0
CUST-002573,36,Female,Single,Bachelor,Salaried,85092.16,1480.33,,15.2,5,0,37085.91,60,6.4,2,2905.23,1268.02,Other,0,5.0,West,3313.32,0.2088,0.4245,1,No,0,0
CUST-002574,46,Female,Widowed,Master,Self-employed,111491.16,1111.81,690.0,23.9,0,0,10505.88,60,5.21,1,4754.75,4872.16,Own,0,17.5,West,2677.65,0.1197,0.5383,0,No,0,0
CUST-002575,60,Female,Widowed,Doctorate,Unemployed,,200.09,715.0,41.9,2,1,10857.75,36,6.95,0,107.53,800.07,Mortgage,1,1.5,West,638.6,0.1907,0.4008,1,No,0,0
CUST-002576,55,Male,Married,Bachelor,Contract,23850.42,545.14,677.0,29.5,5,0,29800.18,84,9.86,2,10454.76,2675.37,Own,2,17.7,South,1175.7,0.2743,0.4375,2,Yes,0,0
CUST-002577,48,Male,Married,Bachelor,Salaried,71857.08,1691.95,747.0,29.2,4,1,30240.09,72,4.0,0,10753.83,-1426.39,Rent,2,4.9,North,3113.36,0.2826,0.3264,0,No,0,0
CUST-002578,49,Male,Married,Master,Self-employed,89793.58,2767.89,714.0,28.3,4,0,14575.04,36,4.87,3,33316.2,-492.3,Mortgage,0,17.2,South,2709.97,0.3699,0.7002,0,No,0,0
CUST-002579,35,Male,Married,Bachelor,Salaried,52517.49,801.24,728.0,11.0,0,0,9044.19,60,4.81,1,17873.44,7737.88,Own,1,4.2,Central,1817.83,0.1831,0.4231,3,No,0,0
CUST-002580,38,Female,Married,High School,Salaried,90107.43,2811.72,665.0,17.5,1,0,10711.07,48,8.37,2,5433.01,9272.96,Mortgage,3,3.3,South,2767.13,0.3744,0.3659,1,No,0,1
CUST-002581,45,Male,Divorced,Doctorate,Self-employed,147859.26,1582.07,765.0,25.3,4,0,11446.68,60,3.95,2,37097.67,15104.84,Mortgage,0,19.2,North,8226.59,0.1284,0.5826,1,Yes,0,0
CUST-002582,46,Male,Single,,,76559.18,2183.22,759.0,26.6,4,1,16204.71,48,3.53,3,19594.91,5584.12,Other,0,20.1,Central,2946.2,0.3422,0.2266,1,Yes,0,0
CUST-002583,65,Female,Widowed,Master,Self-employed,113336.99,2359.4,626.0,45.1,1,1,21257.45,48,9.18,3,25899.6,4737.33,Rent,1,8.7,East,2028.35,0.2498,0.3645,4,No,0,0
CUST-002584,37,Male,Single,High School,Self-employed,63216.91,1109.17,703.0,14.1,2,1,12142.29,24,5.77,2,10632.36,8158.03,Rent,1,6.6,East,1278.46,0.2105,0.5958,1,No,0,0
CUST-002585,43,Female,Divorced,High School,Unemployed,11830.59,168.36,628.0,23.3,1,1,5133.77,60,8.1,1,193.3,958.76,Mortgage,0,1.9,West,350.0,0.1708,1.0317,4,No,1,1
CUST-002586,40,Male,Single,Master,Salaried,80790.58,2180.99,753.0,18.7,5,0,9127.85,48,4.18,1,25226.6,-175.24,Own,0,11.4,South,2545.84,0.3239,0.8012,3,No,0,0
CUST-002587,19,Male,Single,High School,Salaried,50851.44,484.1,604.0,0.0,0,2,58804.88,36,11.63,3,5170.89,-2837.59,Rent,1,0.4,Central,1932.88,0.1142,0.3065,0,No,1,0
CUST-002588,31,Male,Divorced,High School,Contract,77668.63,1141.27,703.0,11.1,3,1,15213.75,24,7.6,0,2641.79,6498.85,Mortgage,0,6.1,Central,2168.01,0.1763,0.2288,3,No,0,0
CUST-002589,64,Female,Married,High School,Salaried,33862.98,1427.49,554.0,39.5,1,4,8824.32,36,13.02,1,3802.1,517.19,Rent,2,29.1,North,1653.25,0.5059,0.6843,3,No,1,0
CUST-002590,44,Female,Single,Bachelor,Salaried,38458.24,1229.01,670.0,23.4,1,3,24056.34,60,8.24,0,3577.06,1661.14,,1,1.7,West,2073.71,0.3835,0.9732,0,Yes,1,0
CUST-002591,45,Female,Married,Bachelor,Salaried,49341.24,866.81,588.0,26.3,2,2,21304.43,48,12.14,0,8080.43,2845.07,Mortgage,2,2.1,Central,432.61,0.2108,0.4652,4,No,1,0
CUST-002592,37,Male,Married,Master,Salaried,,2105.1,680.0,11.5,7,1,8711.18,12,8.36,4,3813.93,-3500.0,Mortgage,2,,South,2070.92,0.4815,0.4874,2,No,0,0
CUST-002593,29,Female,Divorced,High School,Salaried,11618.5,243.76,755.0,4.8,2,0,22730.36,36,4.93,2,5630.64,2159.58,Own,1,4.7,West,408.02,0.2518,0.4869,3,No,0,0
CUST-002594,45,Female,Married,Associate,Self-employed,60257.09,386.54,716.0,23.5,2,1,10670.32,36,5.26,1,2663.06,-1412.58,Mortgage,1,11.3,Central,1104.03,0.077,0.3475,2,No,0,0
CUST-002595,52,Male,Single,Associate,Self-employed,,2393.82,716.0,31.5,1,0,15401.26,60,4.88,2,52263.23,18924.83,Rent,0,5.4,North,889.37,0.1942,0.3448,0,Yes,0,0
CUST-002596,56,Male,Divorced,Master,Retired,84280.78,2178.91,738.0,31.4,2,0,150283.06,84,5.16,1,2492.21,3046.88,Mortgage,0,13.4,Central,5006.73,0.3102,0.9412,0,No,0,0
CUST-002597,48,Female,Single,Associate,Retired,38497.48,813.26,704.0,27.8,3,0,8226.36,60,6.47,0,80895.64,4555.91,Mortgage,0,17.4,North,971.63,0.2535,0.2866,1,No,0,0
CUST-002598,45,Female,Married,High School,Unemployed,31759.57,1630.32,696.0,20.5,3,1,26735.44,60,7.95,1,1685.99,2373.62,Rent,4,1.7,North,2414.26,0.616,0.8486,0,No,0,0
CUST-002599,52,Female,Married,High School,Salaried,39093.34,963.98,647.0,31.5,3,3,9080.55,48,6.16,1,16858.19,-850.42,Mortgage,2,13.3,Central,2000.85,0.2959,0.6055,1,No,0,0
CUST-002600,52,Male,Married,Bachelor,Salaried,75188.77,1641.93,720.0,27.7,2,0,13756.56,60,10.43,0,7871.05,93.1,Mortgage,3,5.6,West,4330.56,0.262,0.9339,2,Yes,0,0
CUST-002601,42,Male,Single,Master,Salaried,66834.42,1228.51,666.0,20.6,3,2,21726.42,72,6.18,2,11278.55,2812.52,Rent,0,1.9,West,2860.85,0.2206,0.8231,0,No,0,0
CUST-002602,63,Male,Single,Master,Salaried,63349.5,1971.61,740.0,42.1,4,1,13487.66,60,5.16,1,7526.85,234.16,Mortgage,0,16.1,South,2616.82,0.3735,0.4307,1,No,0,0
CUST-002603,41,Male,Divorced,Bachelor,Contract,25082.19,476.04,667.0,20.9,1,0,59523.73,72,3.84,2,4560.95,649.75,Other,0,18.1,South,734.14,0.2278,0.1562,1,No,0,0
CUST-002604,43,Male,Divorced,Bachelor,Salaried,25611.23,708.71,,22.4,5,0,34296.52,60,3.65,2,1652.84,276.55,Rent,1,14.6,Central,1046.88,0.3321,0.7958,1,No,0,0
CUST-002605,43,Male,Married,Bachelor,Self-employed,39090.55,1161.67,721.0,22.4,2,0,11709.77,36,4.27,2,7545.68,4368.25,Rent,1,14.4,Central,1411.22,0.3566,0.3846,2,Yes,0,0
CUST-002606,31,Male,Divorced,Associate,Retired,31073.74,1627.09,702.0,11.0,3,0,9618.74,72,6.17,1,3525.76,4685.75,Rent,0,1.2,South,1489.83,0.6283,0.645,1,No,0,0
CUST-002607,66,Female,Married,Bachelor,Self-employed,101782.67,1402.5,698.0,46.9,1,1,56288.16,12,6.94,5,6359.72,8395.36,Rent,1,29.7,West,3271.34,0.1654,0.4174,1,No,0,0
CUST-002608,38,Male,Married,High School,Contract,39203.65,1011.16,765.0,15.7,2,1,15278.59,60,4.93,1,5781.5,3874.26,Mortgage,2,11.2,West,745.11,0.3095,0.4928,4,No,0,0
CUST-002609,39,Female,Married,Bachelor,Salaried,45479.41,915.05,674.0,15.3,2,1,45473.01,36,6.37,0,10310.99,5938.91,Rent,1,10.0,West,2235.74,0.2414,0.3103,0,No,0,0
CUST-002610,51,Male,Divorced,Bachelor,Unemployed,10348.28,360.82,620.0,31.7,2,2,14547.19,60,12.51,3,0.0,507.81,Mortgage,1,2.7,North,521.44,0.4184,0.4627,1,Yes,1,1
CUST-002611,46,Male,Single,Bachelor,Self-employed,46581.68,1907.4,689.0,25.7,4,1,12914.67,36,9.88,0,51142.48,-299.92,Rent,0,1.9,North,2798.91,0.4914,0.3994,0,No,0,1
CUST-002612,34,Male,Single,Bachelor,Unemployed,7000.0,320.04,680.0,14.7,3,2,15954.37,48,10.62,1,0.0,618.45,Mortgage,0,1.0,West,350.0,0.5486,,3,No,1,0
CUST-002613,36,Male,Married,High School,Self-employed,20215.07,480.69,709.0,16.0,6,0,180000.0,36,4.19,1,2503.85,151.25,Mortgage,2,7.4,West,1215.83,0.2853,0.5054,2,No,0,0
CUST-002614,37,Male,Single,High School,Salaried,60806.94,2173.11,720.0,14.9,5,0,37787.35,36,6.79,1,23238.42,-3500.0,Own,0,9.3,West,1300.4,0.4289,0.3044,2,No,0,0
CUST-002615,35,Female,Married,High School,Self-employed,40935.69,779.64,528.0,14.8,1,5,17366.11,36,13.3,0,1730.51,-1665.5,Rent,2,9.3,Central,1006.58,0.2285,0.7373,1,No,1,1
CUST-002616,32,Female,Married,Master,Contract,94143.46,1747.63,718.0,9.4,1,0,9582.96,24,2.5,1,41755.68,9525.26,Mortgage,1,5.5,Central,3474.13,0.2228,0.417,1,No,0,0
CUST-002617,31,Female,Married,High School,Salaried,49135.5,1822.62,503.0,7.6,1,5,34569.13,36,12.95,1,0.0,-719.7,Mortgage,2,10.1,South,1462.46,0.4451,0.8234,4,No,1,1
CUST-002618,46,Female,Married,High School,Salaried,32890.85,618.83,753.0,23.5,3,1,15962.81,24,5.07,3,3252.81,306.07,Mortgage,0,5.6,Central,360.13,0.2258,0.3028,3,No,0,0
CUST-002619,43,Male,Married,Bachelor,Contract,25911.67,1268.9,728.0,19.8,2,0,33306.51,36,4.19,3,556.14,2702.39,Rent,2,10.3,Central,1370.88,0.5876,0.3019,3,Yes,0,0
CUST-002620,47,Female,Married,Bachelor,Unemployed,16445.95,491.68,,26.0,2,2,33272.49,24,7.18,2,1803.26,-684.26,Rent,1,0.5,North,807.96,0.3588,0.614,0,Yes,1,0
CUST-002621,37,Female,Married,Bachelor,Self-employed,87321.68,3264.6,700.0,15.8,1,0,58006.75,60,8.03,0,129913.21,-2422.87,Mortgage,2,9.6,South,3766.2,0.4486,0.4154,1,No,0,0
CUST-002622,26,Male,Single,High School,Salaried,36372.3,1685.32,693.0,3.6,4,0,7755.59,60,8.64,0,2388.11,901.17,Rent,0,6.5,East,1854.45,0.556,0.4289,0,No,0,0
CUST-002623,56,Female,Single,Bachelor,Contract,39632.79,842.68,741.0,26.0,3,1,5670.67,24,6.71,0,3503.97,894.4,Rent,0,21.7,North,710.56,0.2551,0.6613,0,No,0,0
CUST-002624,42,Female,Single,Bachelor,Salaried,55160.5,2484.24,728.0,17.0,1,0,15874.39,84,6.99,0,9172.51,4508.28,Mortgage,0,9.0,West,2368.23,0.5404,0.5834,0,No,0,0
CUST-002625,23,Male,Single,High School,Salaried,38850.27,760.22,638.0,4.2,1,3,5783.47,84,5.85,0,6494.43,5151.96,Rent,0,0.8,South,1326.36,0.2348,0.3017,2,No,0,0
CUST-002626,50,Female,Divorced,High School,Salaried,47295.36,846.61,743.0,29.6,5,0,24591.78,48,5.4,0,4366.51,6055.34,Other,1,10.1,North,1270.15,0.2148,0.2062,3,No,0,0
CUST-002627,35,Male,Married,Master,Contract,77843.92,3181.92,668.0,15.9,0,2,7783.19,60,8.0,1,,614.29,Mortgage,3,9.2,Central,4958.2,0.4905,0.6032,2,No,0,1
CUST-002628,23,Female,Divorced,High School,Salaried,53738.1,2788.39,574.0,0.0,2,4,12178.56,60,16.65,3,0.0,128.89,Mortgage,0,3.9,West,3419.32,0.6227,0.8398,3,No,1,1
CUST-002629,39,Male,Married,Doctorate,Self-employed,93671.86,1804.96,738.0,12.4,4,0,16624.48,36,6.69,1,15499.68,6874.08,Mortgage,2,13.8,South,1326.56,0.2312,0.5182,2,Yes,0,1
CUST-002630,45,Female,Married,Bachelor,Salaried,69808.79,849.27,736.0,25.8,2,0,9058.71,60,4.31,1,1864.46,3641.68,Rent,2,13.5,South,1859.63,0.146,0.4821,1,No,0,0
CUST-002631,59,Male,Single,Master,,113839.73,1784.87,757.0,35.8,2,0,6600.01,60,6.93,1,18581.85,5298.09,Own,0,26.9,North,5524.7,0.1881,0.4504,0,No,0,0
CUST-002632,57,Female,Divorced,Master,Retired,34046.65,645.77,721.0,31.9,5,3,32893.66,36,10.8,0,2800.64,,Rent,0,5.3,East,570.36,0.2276,0.6445,0,No,0,0
CUST-002633,43,Male,Divorced,High School,Unemployed,12172.76,317.99,595.0,21.6,5,5,8563.77,60,11.91,1,0.0,1213.03,Rent,0,2.9,East,735.06,0.3135,0.8352,2,No,1,1
CUST-002634,53,Female,Single,Associate,Self-employed,49251.57,944.44,754.0,32.2,4,0,42867.32,84,2.5,0,11674.95,7521.57,Mortgage,1,23.4,West,560.56,0.2301,0.4356,0,No,0,0
CUST-002635,26,Female,Married,Master,Salaried,24707.01,548.22,748.0,7.2,2,0,52083.85,60,2.65,0,2127.4,160.29,Mortgage,3,0.5,South,850.63,0.2663,0.7033,1,No,0,0
CUST-002636,48,Male,Single,Master,Contract,94389.63,907.86,663.0,26.2,7,0,25029.91,84,5.71,1,5072.09,9728.51,Other,1,19.4,West,5176.37,0.1154,0.3364,1,No,0,0
CUST-002637,24,Male,Married,Bachelor,Contract,44988.23,1491.9,698.0,4.8,6,0,19706.66,36,3.55,4,3761.22,2372.85,Mortgage,1,5.0,North,1805.64,0.3979,0.5024,3,No,0,1
CUST-002638,36,Male,Married,High School,Salaried,41941.61,1669.45,654.0,12.9,4,0,12809.06,60,4.98,3,5310.73,1764.27,Own,0,10.4,East,1253.74,0.4777,0.3694,1,No,0,0
CUST-002639,37,Female,Married,High School,Self-employed,31617.97,935.66,702.0,16.9,6,1,36307.57,36,4.97,2,9347.48,1662.23,Mortgage,0,8.3,North,597.0,0.3551,0.3568,2,No,0,0
CUST-002640,39,Female,Married,Bachelor,Salaried,30758.72,479.34,707.0,16.6,7,2,10791.25,48,3.93,3,539.17,-1124.14,Own,2,9.4,South,1440.57,0.187,0.5166,0,No,0,0
CUST-002641,49,Female,Married,Bachelor,Salaried,85816.36,2453.26,668.0,30.0,5,1,63432.55,48,9.09,2,1838.8,7934.93,Rent,1,12.6,East,3675.08,0.343,0.1752,1,No,0,0
CUST-002642,23,Female,Married,Master,Salaried,146297.51,3553.76,715.0,0.0,6,1,21040.43,60,6.33,5,25437.96,7702.97,Own,1,2.1,South,8178.84,0.2915,0.4828,0,Yes,0,1
CUST-002643,38,Male,Married,Bachelor,Contract,50860.54,1089.3,736.0,15.4,4,0,5781.27,60,5.51,0,4533.42,-913.0,Own,1,1.0,West,2015.35,0.257,0.6672,0,No,0,0
CUST-002644,51,Female,Single,High School,Salaried,61850.16,1237.06,756.0,21.9,4,0,54819.08,24,5.79,0,3237.38,397.96,Mortgage,0,8.2,North,3418.04,0.24,0.1139,2,No,0,0
CUST-002645,38,Male,Married,High School,Salaried,27733.43,366.28,,12.0,3,1,14687.47,36,5.57,1,247.25,-2019.32,Mortgage,2,4.7,South,1704.65,0.1585,0.5149,1,No,0,0
CUST-002646,56,Female,Married,High School,Contract,51324.95,785.91,734.0,35.9,4,0,35010.63,72,3.03,3,1893.77,6875.26,Mortgage,3,10.8,Central,2171.76,0.1837,0.6697,2,No,0,0
CUST-002647,54,Female,Married,Associate,Salaried,63564.92,1987.3,722.0,33.8,1,0,7915.72,36,8.03,2,6375.35,6695.69,Own,0,18.8,South,3518.6,0.3752,0.12,3,No,0,0
CUST-002648,42,Male,Married,High School,Salaried,33386.89,1068.28,654.0,21.4,6,2,57591.81,60,5.74,3,644.95,-271.06,Rent,3,3.4,East,1501.58,0.384,0.2726,1,No,0,0
CUST-002649,31,Male,Single,Bachelor,Salaried,86386.09,2187.61,695.0,12.4,7,0,28511.03,60,7.58,1,5577.24,-3500.0,Rent,0,,East,3900.25,0.3039,0.7408,0,Yes,0,0
CUST-002650,41,Female,Married,High School,Salaried,11493.33,96.32,705.0,21.5,3,0,12576.46,36,6.44,0,538.89,508.47,Own,2,6.8,East,882.12,0.1006,0.8471,3,No,0,0
CUST-002651,44,Male,Widowed,Master,Salaried,33748.13,2500.84,798.0,23.2,6,0,27610.49,24,4.02,1,2603.17,808.09,Own,0,8.7,East,1818.64,0.8892,0.1627,0,No,0,0
CUST-002652,50,Female,Married,Master,Unemployed,15922.07,1021.3,720.0,24.4,5,1,75809.45,60,5.55,0,1455.94,290.84,Rent,2,,West,1024.76,0.7697,0.6327,0,No,0,0
CUST-002653,50,Female,Married,Master,Salaried,95992.0,3246.22,765.0,23.9,4,0,41492.28,24,2.5,4,11891.84,2560.25,Mortgage,3,17.4,East,3224.31,0.4058,0.5087,0,Yes,0,0
CUST-002654,42,Male,Single,Associate,Salaried,41758.54,2063.55,758.0,17.4,1,0,14425.43,36,3.51,2,1533.81,157.03,Mortgage,0,4.1,South,1716.76,0.593,0.3936,1,No,0,1
CUST-002655,53,Female,Single,Associate,Salaried,46823.83,1789.6,786.0,32.3,4,0,4822.11,24,4.14,2,2395.6,8790.62,Rent,1,14.6,South,1979.33,0.4586,0.4923,2,Yes,0,0
CUST-002656,30,Female,Single,High School,Self-employed,42279.78,945.11,622.0,9.5,1,2,28126.76,60,10.06,1,3132.47,567.99,Mortgage,0,6.5,North,1012.63,0.2682,0.634,0,No,1,0
CUST-002657,29,Female,Married,Bachelor,Salaried,52763.61,1961.4,702.0,9.1,1,0,14257.54,36,5.83,1,5789.34,10316.95,Mortgage,3,,West,3653.62,0.4461,0.5626,0,No,0,0
CUST-002658,25,Male,Divorced,Master,Contract,46916.71,1336.62,762.0,2.6,2,0,9542.58,48,4.81,1,15890.25,3819.58,Rent,0,2.5,East,1898.54,0.3419,0.0756,1,No,0,0
CUST-002659,42,Female,Married,Master,Retired,41956.42,727.97,699.0,22.1,6,0,38663.71,60,3.27,3,7140.99,3795.32,Mortgage,1,12.5,South,519.54,0.2082,0.279,1,No,0,0
CUST-002660,29,Female,Divorced,High School,Salaried,44084.76,517.67,819.0,4.2,4,0,18433.23,60,2.5,1,3630.98,,Mortgage,0,2.7,East,1834.59,0.1409,0.5084,2,No,0,1
CUST-002661,39,Female,Married,High School,Salaried,40035.86,920.07,671.0,18.1,0,2,37713.33,36,8.31,1,3980.38,784.92,Mortgage,1,4.5,East,1445.48,0.2758,0.2877,1,No,0,0
CUST-002662,52,Female,Married,Bachelor,Contract,75419.98,1785.64,672.0,32.0,5,1,11961.73,48,9.99,2,19311.81,-1658.74,Mortgage,2,8.2,Central,3544.05,0.2841,0.7244,1,No,1,0
CUST-002663,31,Female,Single,Master,Salaried,56077.29,542.23,654.0,6.2,3,1,99695.22,48,7.43,0,7311.46,-834.29,Own,2,3.9,South,2091.56,0.116,0.8803,3,No,1,0
CUST-002664,25,Male,Married,Doctorate,Self-employed,108541.34,1670.71,710.0,1.8,4,0,9848.34,48,3.23,0,4079.65,7198.65,Own,3,1.9,East,6314.89,0.1847,0.3672,2,No,0,0
CUST-002665,37,Female,Married,Associate,Contract,122482.05,3303.04,737.0,14.5,1,0,6429.24,36,5.3,2,32645.68,10925.57,Rent,3,9.7,Central,7140.53,0.3236,0.4041,2,No,0,0
CUST-002666,60,Non-binary,Single,Doctorate,Salaried,97137.35,1233.96,742.0,36.1,0,0,18869.02,12,3.25,2,4477.0,16078.61,Mortgage,0,16.3,East,1761.44,0.1524,0.6159,1,No,0,0
CUST-002667,42,Female,Married,High School,Retired,61115.44,1274.63,731.0,19.5,5,0,4695.09,36,5.22,0,18131.41,,Rent,2,1.9,North,1766.4,0.2503,0.1259,1,Yes,0,0
CUST-002668,54,Female,Divorced,High School,Salaried,24711.07,344.42,745.0,27.5,6,0,50973.43,60,4.98,1,746.7,1220.89,Rent,1,14.8,South,850.06,0.1673,0.5866,2,Yes,0,0
CUST-002669,47,Female,Single,Bachelor,Unemployed,10359.35,210.83,582.0,27.9,5,4,4667.32,48,9.23,0,7842.86,-136.92,Mortgage,0,0.8,South,350.0,0.2442,0.3306,1,Yes,0,1
CUST-002670,42,Male,Married,Associate,Salaried,30814.12,523.95,635.0,20.4,2,2,39928.01,72,8.41,0,9840.18,245.06,Mortgage,0,,South,1259.38,0.204,0.7812,1,Yes,1,1
CUST-002671,50,Female,Married,High School,Salaried,39353.62,461.58,652.0,31.5,3,1,50682.53,60,10.64,2,28068.48,4135.14,Mortgage,1,3.6,North,1874.93,0.1407,0.5615,1,Yes,0,1
CUST-002672,40,Female,Single,Associate,Salaried,40215.37,1376.07,678.0,15.0,5,0,8328.77,84,4.81,0,,4264.79,Rent,0,3.9,West,634.45,0.4106,0.448,1,No,0,0
CUST-002673,37,Male,Married,High School,Unemployed,19499.45,917.35,725.0,16.6,4,0,19739.39,36,6.46,1,2583.55,-608.06,Rent,1,1.6,South,617.64,0.5645,0.4048,0,Yes,0,0
CUST-002674,57,Female,Married,High School,Salaried,90059.25,3821.37,775.0,38.1,4,0,5195.64,72,8.14,1,11731.94,5116.15,Mortgage,1,9.3,North,4494.04,0.5092,0.4098,0,No,0,0
CUST-002675,53,Female,Married,Associate,Contract,44903.74,871.87,702.0,27.6,1,0,11062.44,36,7.8,2,6771.53,1544.51,Own,1,6.9,West,1133.85,0.233,0.2887,1,Yes,0,0
CUST-002676,48,Female,Married,Master,Salaried,44220.68,2532.93,653.0,29.3,2,0,13257.7,24,9.58,2,2832.34,-3500.0,Rent,3,15.8,West,2895.18,0.6874,0.1468,1,No,0,0
CUST-002677,32,Female,Widowed,Master,Unemployed,61966.9,1241.47,677.0,12.4,4,2,9285.84,60,8.25,1,1230.6,4155.82,Rent,0,1.7,Central,3975.83,0.2404,0.5041,1,No,0,0
CUST-002678,43,Female,Single,High School,Self-employed,,1440.6,756.0,21.8,5,0,13277.53,60,6.36,2,2299.72,4401.06,Rent,4,15.5,North,4850.6,0.2273,0.2299,1,No,0,0
CUST-002679,30,Female,Widowed,Bachelor,Salaried,68437.31,1882.65,714.0,5.8,4,0,14341.72,36,6.03,2,14493.06,164.97,Own,1,1.5,Central,2202.59,0.3301,0.234,2,No,0,0
CUST-002680,45,Female,Married,Bachelor,Retired,34297.35,819.27,686.0,22.7,3,0,1739.99,60,5.36,2,7449.88,1302.38,Rent,0,16.2,North,941.13,0.2866,0.5563,3,No,0,0
CUST-002681,33,Male,Married,Master,Unemployed,25972.67,970.38,760.0,8.7,5,0,11389.56,24,4.56,4,1596.31,1875.54,Rent,4,1.1,East,1354.46,0.4483,0.7492,4,No,0,1
CUST-002682,46,Female,Married,Associate,Retired,45787.29,1513.34,615.0,22.4,2,2,11164.0,36,9.38,1,2314.15,1186.59,Own,3,4.9,East,2381.12,0.3966,0.6378,1,No,1,1
CUST-002683,32,Female,Divorced,Bachelor,Retired,71198.56,912.28,703.0,12.7,5,1,10956.28,36,2.5,1,2207.67,3826.04,Own,1,3.5,East,1470.32,0.1538,0.6303,2,No,1,0
CUST-002684,28,Male,Divorced,Bachelor,Salaried,59541.79,993.93,753.0,7.7,1,1,42675.07,36,2.5,0,4733.68,2012.62,Rent,0,5.6,West,1880.16,0.2003,0.5764,3,No,0,0
CUST-002685,63,Female,Divorced,Master,Salaried,93552.71,3338.77,775.0,38.4,3,0,26446.69,72,4.05,4,1101.51,-2418.47,Rent,0,26.8,North,3909.97,0.4283,0.576,2,No,0,0
CUST-002686,35,Male,Single,High School,Salaried,49016.34,556.67,715.0,15.0,5,1,40184.41,36,5.81,1,6393.31,1795.34,Own,1,13.5,East,1354.61,0.1363,0.4644,1,Yes,0,0
CUST-002687,48,Male,Single,Bachelor,Unemployed,,389.42,659.0,28.7,2,2,20751.61,12,2.5,2,0.0,547.59,Mortgage,2,2.4,South,799.43,0.4367,0.6621,2,No,0,0
CUST-002688,37,Male,Single,Associate,Self-employed,22753.68,401.71,757.0,11.7,2,0,20976.82,24,2.5,0,2665.07,2356.97,Rent,2,1.9,Central,814.75,0.2119,0.4024,0,No,0,0
CUST-002689,51,Female,Single,Master,Contract,66644.91,1331.38,655.0,29.9,2,1,41156.41,36,8.52,2,2680.9,225.54,Rent,1,9.1,North,2465.26,0.2397,0.8202,1,No,0,0
CUST-002690,25,Male,Single,Master,Contract,48654.87,1235.04,737.0,0.1,5,0,3204.94,72,8.15,0,4174.74,4860.55,Mortgage,1,1.1,North,3787.18,0.3046,0.3883,1,No,0,0
CUST-002691,51,Female,Divorced,High School,Salaried,69999.89,1930.44,749.0,27.5,5,0,53508.4,48,2.5,2,23393.62,3302.29,Rent,2,,West,5426.04,0.3309,0.5298,1,No,0,1
CUST-002692,28,Male,Married,,Salaried,56367.07,586.57,608.0,5.1,1,2,26006.05,24,13.69,0,19732.77,-3498.07,Mortgage,0,4.9,East,2953.09,0.1249,0.8414,0,Yes,1,1
CUST-002693,47,Female,Single,Bachelor,Salaried,,1330.86,695.0,20.6,3,1,54993.62,48,6.68,2,6553.73,,Mortgage,0,7.9,East,2246.57,0.3073,0.3125,0,Yes,0,0
CUST-002694,50,Male,Single,High School,Self-employed,28075.25,362.24,683.0,29.6,4,1,24725.95,24,4.94,1,1704.26,1248.45,Mortgage,1,21.9,East,638.2,0.1548,0.3028,1,No,0,0
CUST-002695,41,Male,Married,Bachelor,Salaried,81849.49,1383.79,731.0,19.1,1,2,17298.1,60,7.12,1,1397.53,11470.67,Rent,3,10.8,Central,4573.38,0.2029,0.5569,1,No,0,0
CUST-002696,44,Male,Single,Doctorate,Salaried,33190.27,1249.93,691.0,23.0,3,1,7544.23,60,6.78,3,1785.16,2087.72,Rent,0,16.4,West,2070.1,0.4519,0.5793,2,Yes,0,1
CUST-002697,26,Male,Married,Bachelor,Salaried,113584.16,1590.46,651.0,6.1,3,1,23318.36,48,10.1,1,7441.75,2503.46,Mortgage,1,2.6,Central,4348.22,0.168,0.6255,0,No,0,0
CUST-002698,54,Male,Married,Bachelor,Contract,60243.89,2321.0,710.0,31.7,4,0,8480.35,36,2.92,2,15440.74,7241.96,Rent,2,20.3,Central,1751.74,0.4623,0.4416,1,Yes,0,0
CUST-002699,18,Male,Divorced,High School,Salaried,105192.11,4483.99,669.0,0.0,5,1,5754.24,48,4.58,1,14341.8,8784.71,Own,0,0.0,South,4299.2,0.5115,0.4411,1,No,0,0
CUST-002700,49,Male,Married,Bachelor,Contract,43502.56,232.89,672.0,29.8,2,1,54852.52,60,2.5,1,374.96,2097.89,Rent,0,12.8,West,2979.38,0.0642,0.3739,0,No,0,0
CUST-002701,51,Female,Single,High School,Self-employed,52632.93,1472.88,698.0,31.8,7,1,47078.95,60,7.6,0,5158.19,-1019.35,Mortgage,2,14.2,North,2064.19,0.3358,0.8927,2,Yes,0,0
CUST-002702,47,Female,Married,Associate,Salaried,46826.2,1704.0,670.0,22.3,2,0,21339.03,72,10.24,0,6365.59,5340.52,Mortgage,3,1.3,South,1257.38,0.4367,0.1545,1,No,0,1
CUST-002703,49,Male,Single,Bachelor,Salaried,26790.25,502.19,780.0,29.4,6,0,2123.63,36,4.42,0,10978.52,707.74,Own,0,7.0,North,828.81,0.2249,0.844,0,No,0,0
CUST-002704,26,Female,Single,Associate,Salaried,30358.21,1214.14,745.0,3.1,1,2,10896.12,48,6.25,0,11031.46,-333.02,Other,0,0.7,North,1769.57,0.4799,0.5945,1,No,0,0
CUST-002705,61,Male,Single,Associate,Salaried,44263.26,1588.82,687.0,40.3,0,0,72524.48,60,7.82,1,1703.12,-127.15,,0,22.9,West,1257.88,0.4307,0.6166,1,Yes,0,0
CUST-002706,61,Female,Married,Bachelor,Salaried,80505.77,1640.36,701.0,39.3,1,0,7511.18,36,7.59,1,18525.38,-2721.93,Mortgage,1,16.4,West,1443.83,0.2445,0.8862,1,Yes,0,0
CUST-002707,40,Male,Married,Bachelor,Salaried,31624.29,1059.84,609.0,17.8,2,2,31673.7,48,9.13,2,7378.93,-297.83,Rent,2,1.6,East,1657.58,0.4022,0.9668,0,Yes,0,1
CUST-002708,27,Female,Married,Master,Salaried,34370.03,1406.71,702.0,4.2,4,0,3439.22,60,9.87,0,1367.39,648.57,Own,2,,North,1543.28,0.4911,0.1416,1,No,0,0
CUST-002709,46,Female,Divorced,Bachelor,Salaried,58474.48,2993.65,741.0,24.0,2,1,8470.48,72,4.5,2,8097.95,-3500.0,Rent,0,11.8,North,1101.95,0.6144,0.5102,2,No,0,0
CUST-002710,40,Male,Married,High School,Contract,53327.68,246.25,708.0,18.1,5,0,4402.14,36,7.89,0,1929.27,5806.05,Rent,2,3.1,East,2959.1,0.0554,0.2214,1,No,0,0
CUST-002711,45,Female,Married,Associate,Salaried,16941.6,366.36,643.0,25.2,1,1,8607.26,84,5.61,1,3165.95,942.32,Mortgage,2,7.9,West,635.96,0.2595,0.2968,1,No,0,1
CUST-002712,58,Male,Married,Master,Self-employed,60748.63,3323.04,652.0,37.7,7,2,19950.1,36,7.32,2,24724.42,8607.07,Rent,4,16.8,West,2486.86,0.6564,0.5598,1,Yes,0,1
CUST-002713,39,Male,Single,Associate,Self-employed,60119.46,1275.12,743.0,17.6,3,1,14932.39,60,3.46,1,2797.78,7917.84,Own,0,2.0,West,2631.48,0.2545,0.6341,0,Yes,0,0
CUST-002714,42,Male,Married,Bachelor,Salaried,62075.91,2211.6,642.0,21.3,3,3,3150.01,24,7.86,0,19869.76,-2014.01,Own,0,6.1,South,1741.92,0.4275,0.4199,1,Yes,0,0
CUST-002715,37,Male,Single,Bachelor,Contract,27979.14,516.61,743.0,15.3,2,0,15788.44,36,2.5,2,,-2265.4,Rent,0,0.9,East,708.11,0.2216,0.26,1,No,0,0
CUST-002716,45,Female,Married,High School,Salaried,72241.74,3001.56,729.0,26.1,1,1,11574.54,48,4.87,2,1531.14,-3500.0,Mortgage,2,1.4,East,2426.44,0.4986,0.6522,0,No,0,0
CUST-002717,32,Female,Married,High School,Unemployed,17156.95,552.92,628.0,8.9,2,2,79180.73,36,10.85,3,3.47,399.73,Rent,3,1.1,East,1145.56,0.3867,0.6801,6,No,0,1
CUST-002718,60,Female,Single,High School,Self-employed,29728.74,644.76,709.0,37.1,6,0,48696.95,36,5.7,2,5585.38,-713.7,Rent,0,10.9,Central,1345.31,0.2603,0.4346,2,No,0,0
CUST-002719,36,Male,Single,Doctorate,Contract,69632.12,2547.62,664.0,16.8,5,2,18155.31,48,2.5,3,17121.6,3524.2,Own,0,7.1,South,1628.04,0.439,0.9064,1,Yes,0,0
CUST-002720,30,Female,Married,High School,Self-employed,90760.36,1210.53,789.0,8.2,4,1,29218.28,12,4.41,1,11529.83,1825.96,Mortgage,1,9.2,South,531.15,0.1601,0.4645,1,No,0,0
CUST-002721,30,Male,Single,High School,Salaried,49298.45,2012.49,709.0,7.2,5,0,14606.21,24,4.02,0,3707.68,,Rent,0,4.2,South,2405.59,0.4899,0.0952,2,No,0,0
CUST-002722,40,Female,Married,Bachelor,Salaried,38538.39,1318.07,652.0,15.4,2,1,16464.82,48,8.58,1,1224.65,-451.37,Rent,1,15.0,South,1342.43,0.4104,0.1767,0,No,0,0
CUST-002723,29,Male,Single,High School,Salaried,31154.35,728.74,629.0,8.4,1,1,18996.91,36,9.54,0,5103.84,750.96,Mortgage,1,3.7,South,553.61,0.2807,0.8226,1,No,1,0
CUST-002724,65,Male,Married,Master,Salaried,129737.07,3683.89,673.0,41.7,8,2,18860.65,72,4.66,4,28953.15,,Rent,0,4.2,North,4681.56,0.3407,0.4316,3,No,0,0
CUST-002725,35,Male,Married,Associate,Salaried,80798.22,2694.41,695.0,14.2,4,1,30647.48,48,6.3,2,2292.63,-3500.0,Rent,1,4.7,North,1299.68,0.4002,0.4519,1,Yes,0,0
CUST-002726,45,Male,Single,Bachelor,Contract,30761.74,660.54,719.0,24.0,2,0,25379.72,12,5.74,1,9861.67,-1444.8,Mortgage,1,6.9,South,1084.75,0.2577,0.0198,0,No,0,0
CUST-002727,42,Male,Married,Bachelor,,45433.52,604.89,,20.3,0,0,10499.83,84,5.11,1,7301.88,3000.7,Mortgage,2,17.7,West,2845.37,0.1598,0.2263,2,No,0,0
CUST-002728,36,Male,Single,Master,Unemployed,19203.07,405.26,,16.9,6,2,28936.16,60,5.72,2,5528.24,1802.96,Rent,1,1.4,South,1238.74,0.2532,0.6805,3,No,0,0
CUST-002729,63,Female,Married,Master,Salaried,30182.25,399.5,779.0,43.0,3,0,24536.16,36,4.3,2,2784.52,75.96,Mortgage,0,27.1,South,1273.34,0.1588,0.5293,0,No,0,0
CUST-002730,41,Male,Single,High School,Salaried,14022.61,177.06,737.0,16.3,4,0,11541.11,60,5.03,2,19060.97,151.66,Mortgage,1,7.0,Central,1146.74,0.1515,0.5819,0,No,0,0
CUST-002731,24,Male,Married,High School,Salaried,92190.34,2756.42,715.0,4.6,1,0,7612.1,36,5.57,1,8581.51,3046.68,Mortgage,1,3.2,South,2797.55,0.3588,0.4836,0,No,0,0
CUST-002732,39,Female,Single,High School,Salaried,43590.76,929.95,712.0,16.8,3,1,64799.81,36,7.84,3,2455.86,1409.66,Rent,0,5.8,South,1783.13,0.256,0.3062,3,No,0,0
CUST-002733,35,Male,Divorced,Bachelor,Salaried,42913.43,1081.54,685.0,11.4,3,1,32672.4,36,8.15,0,,4331.68,Rent,0,5.5,South,1935.55,0.3024,0.1063,0,No,0,0
CUST-002734,52,Male,Single,High School,Salaried,52082.43,1670.64,696.0,29.8,3,1,16417.6,84,2.76,1,,4977.94,Mortgage,1,21.6,South,1874.03,0.3849,0.5573,0,No,0,0
CUST-002735,43,Female,Married,Associate,Contract,65372.07,1663.07,704.0,20.0,2,1,3274.68,12,2.6,1,1087.71,7652.07,Mortgage,1,21.2,Central,2640.85,0.3053,0.8654,1,No,0,0
CUST-002736,46,Female,Married,Associate,Retired,30791.17,667.43,744.0,23.6,4,0,7205.36,60,2.86,1,2473.08,2127.04,Rent,1,12.2,North,1302.45,0.2601,0.2619,0,No,0,0
CUST-002737,52,Female,Single,Bachelor,Contract,49272.09,2092.4,655.0,25.7,3,1,12448.22,60,5.56,1,19244.09,1083.65,Mortgage,0,6.4,South,1822.61,0.5096,0.3238,0,No,0,0
CUST-002738,38,Female,Married,High School,Retired,20662.83,201.09,696.0,14.0,0,2,43736.68,60,6.75,0,1518.22,945.74,Mortgage,1,7.1,Central,453.49,0.1168,0.5234,2,No,0,1
CUST-002739,36,Female,Married,Associate,Salaried,51140.06,926.59,696.0,8.4,2,2,14691.03,60,7.67,0,804.98,4163.61,Mortgage,3,9.7,South,1125.58,0.2174,1.0119,0,No,0,0
CUST-002740,52,Male,Married,Associate,Salaried,38263.75,875.11,698.0,31.9,4,1,15121.54,48,5.06,1,3076.25,448.49,Own,0,6.3,Central,1965.83,0.2744,0.7172,0,No,0,0
CUST-002741,43,Female,Married,Bachelor,Contract,54550.25,649.14,614.0,24.7,0,1,62920.11,72,9.41,2,14379.42,-3500.0,Own,1,6.9,East,691.09,0.1428,0.2941,1,No,0,0
CUST-002742,45,Male,Divorced,Master,Salaried,85781.77,1621.77,764.0,23.1,4,0,6273.0,48,5.3,2,3526.73,2094.56,Rent,0,15.9,East,4278.28,0.2269,0.5073,1,No,0,0
CUST-002743,32,Female,Single,Bachelor,Salaried,50961.93,1921.84,652.0,11.7,5,1,38076.64,24,7.65,1,554.21,5762.55,Rent,1,2.0,West,2890.22,0.4525,0.7569,1,No,0,0
CUST-002744,42,Female,Divorced,Bachelor,Self-employed,161864.21,5872.44,825.0,22.0,3,0,27703.61,36,2.5,3,13552.06,-3500.0,Rent,0,9.8,South,8496.9,0.4354,0.7766,1,No,0,0
CUST-002745,57,Male,Divorced,Doctorate,Contract,30936.73,1032.56,750.0,36.1,4,0,9282.1,36,2.5,4,2377.42,732.42,Mortgage,0,13.5,South,748.34,0.4005,0.259,2,No,0,0
CUST-002746,59,Female,Married,Master,Salaried,89241.36,72.82,678.0,35.5,4,1,65966.18,72,8.9,1,21529.46,8573.02,Own,2,1.1,South,3358.68,0.0098,0.2426,1,No,0,0
CUST-002747,52,Male,Single,Bachelor,Salaried,92377.03,1251.43,602.0,22.8,5,3,16162.79,36,9.91,1,5644.34,3300.32,Rent,1,4.9,South,1935.62,0.1626,0.4124,0,No,1,0
CUST-002748,56,Male,Single,Associate,Self-employed,62853.56,1750.23,828.0,34.1,2,0,4722.13,48,4.61,2,6127.76,3003.33,Mortgage,0,10.0,East,2891.54,0.3342,0.62,0,No,0,0
CUST-002749,36,Female,Married,Master,Unemployed,8183.38,210.2,732.0,16.1,3,1,13426.02,60,2.5,1,2888.93,82.99,Mortgage,1,0.2,South,583.13,0.3082,0.2939,0,Yes,0,0
CUST-002750,55,Male,Single,Bachelor,Salaried,29069.34,414.48,743.0,34.1,4,0,28730.54,36,4.74,1,1341.56,-1137.01,Mortgage,0,4.5,North,622.81,0.1711,0.6392,1,No,0,0
CUST-002751,29,Female,Married,Master,Salaried,60470.62,1649.79,719.0,10.2,3,0,80131.54,48,3.67,2,4102.85,4217.09,Mortgage,1,3.3,Central,1545.56,0.3274,0.3115,1,Yes,0,0
CUST-002752,36,Female,Married,Doctorate,Self-employed,70900.72,3181.08,675.0,11.7,2,3,8339.48,36,6.61,5,262.16,-3356.2,Other,1,10.9,West,4801.37,0.5384,0.9385,1,Yes,0,0
CUST-002753,58,Male,Single,Master,Salaried,68876.34,3452.76,685.0,34.4,4,1,49642.19,36,6.63,2,16143.44,6536.24,Rent,0,19.4,South,725.56,0.6016,0.1473,0,No,0,0
CUST-002754,49,Female,Single,Master,Salaried,41668.42,819.24,755.0,27.1,3,0,14572.15,36,4.44,1,8667.76,230.32,Mortgage,1,10.3,East,1735.08,0.2359,0.111,3,No,0,0
CUST-002755,48,Male,Married,Bachelor,Self-employed,69265.07,1235.99,730.0,17.3,4,0,6107.0,60,2.5,3,6439.35,6452.31,Mortgage,0,17.9,South,3163.55,0.2141,0.2943,1,Yes,0,0
CUST-002756,26,Female,Divorced,Associate,Salaried,60816.36,1909.31,761.0,5.7,3,0,25257.3,24,5.96,2,5584.05,4227.34,Rent,1,5.3,North,1984.33,0.3767,0.2947,1,No,0,0
CUST-002757,30,Male,Single,Master,Salaried,46648.08,1508.56,735.0,8.4,5,0,8528.29,36,4.51,0,2230.91,1637.0,Mortgage,0,2.9,South,1709.24,0.3881,0.6543,1,No,0,0
CUST-002758,37,Female,Divorced,Master,Unemployed,21597.35,758.85,734.0,4.3,5,2,30226.43,48,5.24,0,522.44,103.2,Own,0,0.8,North,664.15,0.4216,0.4531,0,No,0,0
CUST-002759,38,Male,Divorced,Master,Salaried,136693.13,2358.39,764.0,13.5,1,0,21453.41,36,5.91,0,10543.37,4566.39,Mortgage,1,8.8,South,4658.67,0.207,0.745,1,No,0,0
CUST-002760,18,Male,Married,Master,Retired,38808.26,552.3,659.0,0.0,7,1,30646.68,36,11.78,3,6159.51,2195.42,Mortgage,0,0.0,Central,799.0,0.1708,0.4059,0,No,0,0
CUST-002761,33,Male,Married,Bachelor,Self-employed,151869.57,869.67,654.0,10.9,4,0,50342.33,48,6.9,6,6894.39,-3079.45,Other,1,11.3,East,4209.26,0.0687,0.0697,1,No,0,0
CUST-002762,51,Male,Divorced,High School,Self-employed,96585.81,3829.63,754.0,31.3,2,0,25484.79,48,4.76,3,17662.51,,Mortgage,1,12.9,West,2742.6,0.4758,0.4861,1,No,0,0
CUST-002763,44,Male,Single,Bachelor,Unemployed,11847.8,455.08,642.0,21.7,1,3,5620.17,12,8.29,2,0.0,286.91,Mortgage,1,1.9,West,378.82,0.4609,0.9718,3,Yes,0,0
CUST-002764,53,Non-binary,Single,High School,Contract,13304.63,526.43,691.0,30.0,1,0,8253.3,60,7.82,2,313.36,1802.18,Rent,0,17.8,South,364.87,0.4748,0.3906,1,No,0,1
CUST-002765,40,Female,Single,Associate,Contract,38145.7,761.73,789.0,15.9,4,1,9592.64,48,3.32,1,8379.03,-1587.48,Mortgage,1,14.2,South,1370.55,0.2396,0.3838,0,No,0,0
CUST-002766,39,Female,Single,Master,Salaried,40839.97,984.26,651.0,20.0,4,0,22226.4,48,4.9,1,11601.15,2336.37,Mortgage,0,6.7,South,378.12,0.2892,0.5737,2,No,0,0
CUST-002767,23,Female,Single,High School,Self-employed,43551.27,640.02,670.0,2.5,6,1,74133.82,60,9.25,3,266.82,457.67,Rent,1,2.0,East,959.13,0.1763,0.2838,3,No,0,0
CUST-002768,40,Female,Married,Bachelor,Self-employed,60131.04,2054.06,683.0,15.3,3,2,12200.94,36,6.6,1,0.0,5319.08,Rent,1,11.0,Central,3682.78,0.4099,0.5905,0,No,0,0
CUST-002769,54,Female,Single,High School,Salaried,31222.13,1229.56,745.0,32.3,2,0,11135.78,36,4.38,3,3206.99,1520.39,Mortgage,0,0.9,Central,646.92,0.4726,0.5941,1,Yes,0,0
CUST-002770,43,Male,Married,High School,Salaried,47376.82,920.3,701.0,21.3,1,1,6054.34,36,4.09,2,325.45,5504.24,Mortgage,3,20.3,South,1245.74,0.2331,0.559,2,No,0,0
CUST-002771,26,Male,Married,Bachelor,Unemployed,14290.27,308.05,717.0,4.8,2,1,33900.35,84,2.5,1,4102.87,126.17,Own,1,0.2,East,842.83,0.2587,0.5217,0,No,0,0
CUST-002772,43,Female,Divorced,Bachelor,Salaried,56237.09,891.51,747.0,19.3,5,1,22525.94,12,6.84,0,10010.6,3307.25,Mortgage,0,2.3,South,2876.98,0.1902,0.1606,0,No,0,0
CUST-002773,56,Female,Married,Master,Retired,115574.25,855.99,804.0,33.9,1,1,6462.79,36,2.76,0,5931.25,11842.93,Mortgage,1,30.6,Central,2168.92,0.0889,0.5438,3,No,0,0
CUST-002774,53,Male,Divorced,High School,Salaried,49948.63,1335.69,656.0,30.1,0,2,14097.01,60,8.82,0,26760.35,,Own,1,13.7,South,1595.27,0.3209,0.3144,0,No,0,0
CUST-002775,41,Female,Single,Bachelor,Salaried,73092.27,3667.4,684.0,16.4,4,2,11515.91,84,7.19,2,13436.79,-3500.0,Rent,1,,South,2866.46,0.6021,0.463,2,No,0,0
CUST-002776,59,Male,Married,Bachelor,Self-employed,130514.81,4372.04,768.0,40.0,1,0,17963.17,60,4.46,0,19103.0,-2667.7,Mortgage,0,27.9,North,8462.53,0.402,0.6644,2,No,0,0
CUST-002777,57,Female,Single,Master,Self-employed,37567.96,1569.71,666.0,33.6,2,1,11505.43,48,9.01,0,1870.97,949.9,Own,0,14.7,North,1901.28,0.5014,0.1965,1,No,0,0
CUST-002778,36,Male,Married,Master,Self-employed,135647.7,4263.2,713.0,12.6,4,1,7801.8,48,5.05,0,21238.27,4210.17,Rent,1,6.0,West,7191.76,0.3771,0.6938,1,No,0,0
CUST-002779,53,Male,Single,Master,Contract,74057.3,1143.31,719.0,29.3,3,2,37859.91,60,3.2,2,6481.25,2925.61,Own,0,11.1,West,2807.72,0.1853,0.4533,2,No,0,0
CUST-002780,42,Female,Married,Bachelor,Contract,53973.22,912.11,793.0,11.7,2,0,5370.51,60,2.5,0,731.21,1959.54,Own,1,2.5,West,1616.99,0.2028,0.5132,0,No,0,0
CUST-002781,56,Male,Single,Doctorate,Salaried,48052.54,1894.31,778.0,36.2,6,0,14913.02,24,4.33,3,7221.92,-604.44,Mortgage,0,22.1,East,2316.87,0.4731,0.2983,2,No,0,1
CUST-002782,38,Female,Married,Bachelor,Unemployed,23755.8,351.22,613.0,15.9,2,1,16668.19,60,12.25,1,3666.16,63.84,Rent,1,1.0,Central,1271.8,0.1774,1.0227,2,No,1,0
CUST-002783,25,Male,Single,High School,Contract,25976.52,746.32,572.0,5.0,4,3,76438.05,24,11.2,2,617.28,2073.21,Own,2,5.3,Central,1017.85,0.3448,0.6795,1,Yes,1,1
CUST-002784,45,Male,Married,High School,Salaried,67849.59,1987.92,714.0,23.7,4,0,1761.32,60,5.56,0,773.9,4682.5,Mortgage,0,9.1,South,2148.33,0.3516,0.4247,2,Yes,0,0
CUST-002785,27,Female,Married,High School,Self-employed,65796.58,3161.89,713.0,3.5,3,0,7556.11,84,6.75,1,4342.76,1482.13,Rent,0,2.5,South,3283.43,0.5767,0.1167,1,No,0,0
CUST-002786,41,Male,Married,High School,,37329.37,1102.36,654.0,18.0,3,0,23249.5,12,7.59,5,4782.29,2406.02,Mortgage,1,10.0,Central,1531.1,0.3544,0.6254,1,No,0,0
CUST-002787,36,Female,Married,High School,Contract,20724.07,583.76,660.0,17.7,2,1,5434.37,36,9.75,1,623.79,1027.15,Own,2,5.5,East,1535.77,0.338,0.4411,0,No,0,0
CUST-002788,40,Male,Single,Doctorate,Contract,202072.97,3685.21,761.0,14.6,3,0,14548.63,72,3.15,0,83503.95,17366.92,Rent,2,8.8,East,3752.67,0.2188,0.3065,1,Yes,0,0
CUST-002789,40,Male,Married,Bachelor,Salaried,71898.8,1455.32,642.0,17.5,2,1,20439.5,60,3.78,2,4768.69,3460.2,Rent,1,8.1,East,2750.07,0.2429,0.5083,2,No,0,1
CUST-002790,32,Male,Married,High School,Unemployed,13769.18,669.51,692.0,13.4,1,1,11408.74,48,7.7,1,98.91,-357.27,Rent,0,0.9,West,685.3,0.5835,0.3602,1,Yes,0,1
CUST-002791,40,Female,Married,Master,Contract,67389.71,1318.03,688.0,18.0,2,1,37964.11,60,7.16,2,5850.46,-1463.83,Rent,0,7.2,South,1242.97,0.2347,0.2847,0,No,0,0
CUST-002792,41,Female,Single,Master,Self-employed,91811.64,2437.54,586.0,21.7,2,3,34258.85,60,13.07,2,15393.54,12555.29,Mortgage,0,,West,4508.71,0.3186,0.628,0,No,1,1
CUST-002793,38,Female,Single,Bachelor,Salaried,69080.36,620.15,748.0,17.6,3,1,14930.47,36,8.6,0,3611.44,-476.46,Rent,2,6.6,Central,1537.93,0.1077,0.533,0,No,0,0
CUST-002794,33,Male,Married,Doctorate,Salaried,36212.15,835.87,718.0,10.6,4,0,20257.85,72,8.24,2,3359.12,-3500.0,Rent,1,5.4,West,1764.79,0.277,0.7251,1,Yes,0,0
CUST-002795,40,Male,Single,Master,Retired,64236.11,1515.45,552.0,20.0,1,2,15010.23,84,14.65,0,21050.67,615.39,Rent,0,9.4,North,3432.68,0.2831,0.6813,2,Yes,1,1
CUST-002796,58,Male,Divorced,High School,Unemployed,12351.49,177.25,594.0,36.8,5,2,12215.29,48,7.31,3,563.53,1958.33,Own,0,1.6,Central,582.08,0.1722,0.403,3,No,0,0
CUST-002797,56,Female,Married,Bachelor,Contract,34966.23,198.33,720.0,31.7,0,0,16492.39,84,3.61,0,,2924.72,Rent,1,8.7,Central,1706.72,0.0681,0.6132,3,No,0,0
CUST-002798,37,Female,Married,High School,Salaried,72127.71,2438.1,750.0,17.2,8,1,10926.18,60,4.62,0,9944.64,5616.02,Own,0,3.5,North,2429.69,0.4056,0.2674,0,Yes,0,1
CUST-002799,45,Female,Divorced,High School,Self-employed,42131.37,1978.79,713.0,26.2,4,0,13679.92,48,8.57,0,6648.5,1446.63,Rent,0,16.1,South,1336.41,0.5636,0.1943,0,No,0,0
CUST-002800,36,Male,Married,Master,Salaried,136574.26,2679.45,746.0,16.3,3,1,11782.3,48,6.5,0,4514.07,8198.99,Rent,4,14.0,Central,8772.85,0.2354,0.3855,1,No,0,1
CUST-002801,23,Female,Single,Master,Retired,34077.9,350.28,671.0,2.3,2,1,6168.09,24,9.19,1,5634.36,3443.2,Mortgage,0,1.4,Central,635.85,0.1233,0.7062,0,No,0,0
CUST-002802,35,Female,Single,Master,Self-employed,37472.89,1213.87,676.0,16.2,6,0,31772.53,36,6.39,1,6505.11,5467.19,Mortgage,2,6.3,North,1384.79,0.3887,0.2567,0,Yes,0,0
CUST-002803,45,Female,Single,Associate,Salaried,34843.3,1225.24,725.0,21.3,4,0,9547.01,60,6.16,0,3952.54,1841.14,Mortgage,0,15.4,Central,1682.91,0.422,0.4113,1,Yes,0,0
CUST-002804,42,Male,Divorced,Master,Unemployed,30548.84,1504.09,708.0,15.9,3,1,59954.08,60,3.78,2,495.74,3001.14,Own,2,1.2,East,900.2,0.5908,0.6683,0,No,0,0
CUST-002805,35,Female,Married,Master,Contract,101615.3,2468.48,723.0,15.9,3,3,5231.39,60,7.42,0,7989.18,5411.43,Other,1,5.3,South,4742.11,0.2915,0.5979,0,No,0,0
CUST-002806,50,Female,Single,Master,Salaried,128300.5,5387.53,725.0,24.4,2,1,17512.93,36,6.78,1,7787.63,4875.95,Mortgage,1,18.9,South,2330.33,0.5039,0.5194,2,No,0,0
CUST-002807,57,Non-binary,Single,Bachelor,Salaried,77152.61,1467.74,636.0,34.3,1,2,7012.45,60,12.49,2,7419.01,,Rent,2,21.0,East,2858.52,0.2283,0.9939,0,No,1,1
CUST-002808,39,Male,Single,Associate,Salaried,19973.07,338.04,643.0,8.0,2,2,44612.97,48,12.22,0,0.0,1546.17,Own,1,,East,1444.27,0.2031,0.5551,0,No,1,1
CUST-002809,43,Female,Divorced,High School,Salaried,57967.88,1752.57,724.0,16.2,3,0,21614.34,36,4.1,2,11621.49,862.2,Own,0,9.9,West,3900.82,0.3628,0.5024,2,No,0,0
CUST-002810,52,Female,Married,Master,Contract,78117.48,1749.4,650.0,30.5,6,1,11234.93,60,2.5,2,14880.95,4990.99,Own,1,12.7,South,1922.22,0.2687,0.4392,4,No,0,0
CUST-002811,33,Female,Single,Bachelor,Self-employed,35761.89,429.95,665.0,6.8,9,2,18608.51,36,9.51,0,601.73,-2690.5,Rent,0,9.8,North,1169.35,0.1443,0.4403,1,No,0,0
CUST-002812,53,Female,Single,High School,Unemployed,7187.91,729.06,678.0,34.1,6,0,25041.99,36,6.99,4,1602.81,1342.5,Mortgage,1,3.3,East,520.21,1.2171,0.1487,2,No,0,1
CUST-002813,40,Male,Single,High School,Salaried,47293.33,2530.28,,20.1,3,1,27133.66,36,12.2,2,433.95,-1637.31,Mortgage,0,0.5,East,2711.06,0.642,0.4529,0,No,1,1
CUST-002814,30,Female,Divorced,Bachelor,Salaried,71297.28,3163.55,761.0,7.4,3,0,60773.77,60,2.53,4,4502.64,3688.55,Rent,0,3.9,East,1344.67,0.5325,0.4858,2,No,0,0
CUST-002815,18,Female,Divorced,High School,Salaried,60348.6,2440.43,711.0,0.0,2,2,16286.26,48,7.31,0,11717.66,6416.53,Other,1,0.0,North,2879.28,0.4853,,1,Yes,0,0
CUST-002816,29,Male,Married,Bachelor,Salaried,87684.61,901.28,658.0,0.5,2,1,15933.47,60,7.28,2,1475.99,-2335.92,Rent,1,3.3,North,5258.67,0.1233,0.2564,1,No,0,0
CUST-002817,46,Male,Married,Master,Salaried,46047.3,819.66,654.0,19.8,3,1,7190.75,24,7.44,0,4902.82,2103.91,Rent,1,9.9,West,1032.93,0.2136,0.5664,1,No,0,1
CUST-002818,36,Male,Married,High School,Contract,95760.19,788.55,735.0,16.0,2,0,8805.71,84,5.97,0,12229.98,-619.08,Own,1,10.5,West,603.54,0.3468,0.7675,1,Yes,0,0
CUST-002819,29,Male,Divorced,Master,Contract,47832.51,356.72,692.0,1.8,3,0,40007.15,60,6.58,1,995.19,-1171.79,Rent,0,5.4,West,1772.19,0.0895,0.2882,0,No,0,1
CUST-002820,31,Female,Married,Bachelor,Salaried,54475.43,1593.04,672.0,11.3,1,0,22181.78,36,8.65,1,8558.67,2042.5,Mortgage,0,1.8,South,2290.3,0.3509,0.4893,2,No,0,0
CUST-002821,39,Female,Divorced,Master,Unemployed,50426.13,899.3,695.0,16.5,5,0,156065.72,24,3.09,2,2573.48,4997.66,Rent,3,0.8,South,2606.01,0.214,0.6972,1,Yes,0,0
CUST-002822,46,Male,Married,Associate,Retired,51336.82,1003.63,720.0,27.5,2,2,6654.58,36,3.7,0,13920.52,587.06,Mortgage,0,14.1,North,2218.05,0.2346,0.2821,1,No,0,0
CUST-002823,34,Female,Single,Master,Retired,114374.93,4093.58,743.0,14.9,3,0,10248.6,60,4.03,0,26495.07,13082.79,,0,5.7,West,2983.58,0.4295,0.4091,1,Yes,0,0
CUST-002824,49,Male,Married,Bachelor,Salaried,68177.47,2406.19,745.0,23.2,2,0,13345.42,12,8.65,2,3728.63,-2314.7,Rent,4,22.4,East,4377.22,0.4235,0.1567,2,No,0,0
CUST-002825,40,Male,Single,Associate,Contract,36443.74,330.1,756.0,19.7,3,1,30780.68,60,2.5,2,4149.4,1022.21,Mortgage,0,11.7,South,2117.89,0.1087,0.1207,0,No,0,0
CUST-002826,30,Female,Married,Associate,Self-employed,49770.52,353.44,726.0,9.4,1,0,4249.73,60,3.83,0,6733.64,6641.14,Other,1,3.3,North,2106.82,0.0852,0.2685,0,No,0,1
CUST-002827,55,Female,Single,Associate,Salaried,52179.14,1661.72,691.0,36.3,1,2,29635.28,36,6.8,2,27181.37,3026.55,Rent,0,24.8,West,2954.53,0.3822,0.3485,3,Yes,0,0
CUST-002828,31,Female,Single,,Salaried,89349.4,1753.45,750.0,10.3,1,0,10930.14,36,4.97,0,3177.78,5778.24,Rent,0,4.2,South,1205.81,0.2355,0.4601,2,No,0,0
CUST-002829,53,Female,Married,High School,Retired,57507.07,524.43,714.0,31.3,1,0,52978.15,36,5.42,0,4506.24,3657.76,Rent,1,19.7,Central,2546.07,0.1094,0.2845,1,No,0,0
CUST-002830,34,Male,Single,Bachelor,Salaried,56317.0,2134.2,676.0,11.6,3,1,35165.74,60,8.95,3,13292.88,2569.24,Rent,0,8.5,North,1889.22,0.4548,0.6167,2,No,1,0
CUST-002831,31,Female,Married,Associate,Salaried,56072.22,841.09,602.0,11.5,5,2,33826.9,60,10.63,2,11951.71,3349.95,Mortgage,1,2.0,Central,1959.92,0.18,0.5388,1,No,0,0
CUST-002832,49,Male,Married,Bachelor,Salaried,31850.46,479.77,647.0,25.0,4,1,24957.12,36,9.13,2,4106.4,3414.58,Rent,2,27.0,North,1508.17,0.1808,0.1666,0,No,0,0
CUST-002833,32,Male,Married,Master,Salaried,77314.24,1554.59,741.0,12.7,2,1,16121.05,12,7.69,0,6050.61,6485.18,Own,2,5.1,South,3832.7,0.2413,0.7213,1,No,0,0
CUST-002834,30,Female,Married,Master,Salaried,88633.7,2732.94,760.0,10.6,1,0,10908.78,84,3.11,5,,-3500.0,Mortgage,1,0.8,North,2614.42,0.37,0.4873,0,Yes,0,0
CUST-002835,42,Male,Married,High School,Unemployed,21930.28,333.29,558.0,20.1,1,3,35699.95,60,12.99,1,,466.42,Rent,1,1.8,North,736.6,0.1824,0.5901,1,No,1,0
CUST-002836,18,Non-binary,Single,Associate,Salaried,65569.0,1656.88,768.0,0.0,2,0,14177.16,12,3.16,1,3168.65,7746.84,Mortgage,3,0.0,North,2940.07,0.3032,0.3498,0,No,0,0
CUST-002837,26,Male,Married,High School,Contract,52033.91,2002.28,721.0,1.7,2,1,23293.1,36,2.5,0,3897.16,2564.79,Rent,2,4.6,East,2076.14,0.4618,0.2931,2,No,0,0
CUST-002838,47,Male,Divorced,Associate,Self-employed,50049.89,915.82,736.0,25.8,4,0,19701.52,36,2.5,2,9747.39,5378.54,Own,0,5.6,East,2096.96,0.2196,0.6437,2,No,0,0
CUST-002839,33,Male,Single,Bachelor,Salaried,42137.34,780.85,722.0,12.4,2,0,7890.68,84,3.65,0,5061.46,1787.06,Mortgage,0,8.7,North,1548.16,0.2224,0.4632,4,No,0,0
CUST-002840,25,Male,Single,Bachelor,Self-employed,91252.92,2602.48,557.0,3.4,4,2,22122.95,48,13.62,0,5852.34,10423.31,Own,1,2.6,Central,3020.0,0.3422,1.0483,1,No,1,1
CUST-002841,24,Female,Married,Bachelor,Contract,71830.05,1277.85,668.0,2.1,3,1,4856.1,48,5.81,0,13457.54,4045.2,Mortgage,0,2.1,South,2337.92,0.2135,0.4469,2,No,0,0
CUST-002842,53,Male,Married,Bachelor,Unemployed,31830.72,1646.17,640.0,32.7,2,1,9886.7,36,10.61,3,4216.15,1994.88,Mortgage,2,4.0,South,1121.09,0.6206,0.2223,5,Yes,1,1
CUST-002843,43,Female,Single,High School,Salaried,88874.83,4818.88,687.0,23.8,1,1,32170.45,48,3.69,1,6587.0,-1878.47,Own,0,7.7,North,2498.86,0.6507,0.7031,0,Yes,0,0
CUST-002844,30,Female,Married,Doctorate,Contract,46886.8,1364.28,748.0,11.1,3,1,29093.83,48,5.56,1,11232.98,-82.04,Rent,1,2.0,West,829.02,0.3492,0.5275,0,No,0,0
CUST-002845,38,Male,Single,Bachelor,Salaried,69062.34,2889.97,702.0,15.7,2,1,17739.55,36,5.43,3,865.28,645.13,Rent,2,6.3,West,2270.84,0.5021,0.3154,2,No,0,0
CUST-002846,50,Female,Single,Bachelor,Salaried,77052.45,3100.53,802.0,29.2,3,0,24962.79,60,2.5,1,9427.32,11831.36,Rent,0,2.9,Central,1753.92,0.4829,0.1914,0,No,0,0
CUST-002847,39,Female,Single,Bachelor,Salaried,85142.18,934.21,693.0,18.7,5,1,29615.77,48,4.4,1,3733.24,5823.2,Mortgage,2,8.3,East,2748.85,0.1317,0.6583,2,No,0,0
CUST-002848,50,Male,Widowed,Bachelor,Contract,56500.86,1641.42,795.0,26.5,1,1,67137.89,36,3.19,0,3532.02,3505.2,Mortgage,0,3.8,East,1173.08,0.3486,0.4335,0,Yes,0,0
CUST-002849,49,Female,Single,Bachelor,Salaried,122000.53,4412.14,633.0,27.2,2,0,28573.46,60,9.11,1,3304.84,10404.77,Own,0,18.1,West,7691.07,0.434,0.2262,2,No,0,0
CUST-002850,52,Non-binary,Single,Bachelor,Retired,39265.34,634.13,700.0,28.6,4,2,2714.1,24,7.09,0,6764.13,832.49,Mortgage,2,8.5,South,939.75,0.1938,0.6724,0,No,0,0
CUST-002851,45,Female,Widowed,Associate,Salaried,,1178.05,736.0,24.4,2,0,22140.93,84,3.31,2,,3094.42,Mortgage,0,8.8,East,627.17,0.3913,0.6158,2,No,0,0
CUST-002852,53,Male,Single,High School,Salaried,17016.33,271.4,804.0,31.3,3,0,25265.79,36,2.5,1,2282.93,2288.25,Mortgage,1,,North,912.96,0.1914,0.645,0,No,0,0
CUST-002853,54,Male,Married,Doctorate,Unemployed,35612.82,581.74,726.0,32.7,3,1,24324.71,12,5.75,3,1775.06,6667.21,Rent,2,3.6,East,1728.68,0.196,0.1601,2,No,0,0
CUST-002854,36,Male,Married,High School,Salaried,19607.97,281.19,665.0,11.3,1,1,12665.44,48,9.0,2,2790.0,-1397.96,Own,0,5.3,South,855.68,0.1721,0.2576,0,No,0,0
CUST-002855,40,Male,Single,Bachelor,Unemployed,10289.92,193.43,522.0,16.3,2,8,78070.96,48,17.03,1,0.0,1546.06,Rent,2,1.2,East,711.2,0.2256,0.7017,2,No,1,1
CUST-002856,23,Female,Single,Master,Self-employed,64607.32,1568.68,750.0,1.8,1,1,35169.68,36,5.39,0,5686.1,9240.3,Mortgage,0,1.2,North,1916.55,0.2914,0.5147,0,No,0,0
CUST-002857,24,Male,Single,Bachelor,Salaried,51779.89,2010.75,708.0,3.6,7,1,38768.23,72,7.1,5,13954.42,-165.34,Mortgage,0,3.4,West,1736.4,0.466,0.304,0,No,0,0
CUST-002858,46,Male,Married,Master,Contract,72524.59,1011.83,734.0,25.8,2,0,33515.96,36,6.05,0,3817.65,7089.33,Rent,1,5.8,Central,2504.45,0.1674,0.4938,0,No,0,0
CUST-002859,33,Female,Married,Associate,Salaried,34474.75,479.46,682.0,6.1,5,0,33900.41,24,7.17,2,2470.57,644.4,Own,0,2.4,North,1692.96,0.1669,0.4108,2,Yes,0,0
CUST-002860,57,Female,Married,Associate,Self-employed,52510.39,2417.23,696.0,33.9,7,1,21723.3,72,5.46,2,2498.14,-1448.47,Rent,1,24.0,South,1791.3,0.5524,0.5291,3,No,0,0
CUST-002861,45,Female,Single,Doctorate,Salaried,83430.12,2372.6,598.0,18.8,2,4,15823.0,60,12.39,0,13864.27,13602.8,Other,2,8.6,North,2835.24,0.3413,0.8142,0,No,1,0
CUST-002862,45,Female,Married,Master,Salaried,55537.11,1631.41,648.0,24.7,3,2,3709.02,48,8.87,1,16244.15,3113.31,Own,3,6.2,West,4253.03,0.3525,0.405,0,No,0,0
CUST-002863,50,Female,Married,High School,Salaried,43476.95,539.4,760.0,26.2,2,0,16674.51,60,5.22,1,4148.49,3523.03,Own,0,19.1,East,1716.99,0.1489,0.4233,2,No,0,0
CUST-002864,45,Female,Married,Bachelor,Unemployed,24322.25,171.13,580.0,18.8,1,4,6960.42,72,13.5,1,3185.2,-308.52,Mortgage,0,2.6,West,985.04,0.0844,0.5813,1,No,1,0
CUST-002865,41,Female,Married,Master,Salaried,71319.86,1525.06,767.0,15.8,3,0,3017.9,72,4.68,0,1833.33,13235.91,Rent,0,18.0,South,3348.98,0.2566,,1,No,0,0
CUST-002866,32,Male,Married,Bachelor,Salaried,75536.03,2399.54,693.0,11.9,6,2,34207.66,48,6.12,2,10702.91,11281.85,Rent,0,5.2,West,3622.66,0.3812,0.4333,2,No,0,0
CUST-002867,50,Male,Married,Bachelor,Unemployed,25005.3,1625.8,638.0,30.6,5,4,58734.83,24,11.85,3,3226.97,-785.21,Own,0,1.3,Central,1293.0,0.7802,0.3837,0,No,0,1
CUST-002868,25,Female,Single,Doctorate,Contract,59755.59,1782.82,740.0,3.9,5,1,17221.54,60,4.24,2,14688.88,4669.48,Rent,0,1.0,South,1053.1,0.358,0.3922,1,No,0,1
CUST-002869,51,Male,Married,Bachelor,Self-employed,147797.15,5743.71,709.0,31.5,1,1,17323.28,60,6.84,2,3641.26,10042.64,Mortgage,1,9.2,West,7092.46,0.4663,0.5765,0,No,0,0
CUST-002870,48,Female,Married,High School,Salaried,61812.02,6963.7,656.0,19.2,7,1,29993.39,36,5.26,4,10733.63,7221.05,Own,1,11.6,West,2666.61,0.3229,0.3298,1,No,0,0
CUST-002871,32,Female,Married,High School,Salaried,21276.81,706.35,809.0,11.0,3,0,5752.54,48,3.04,2,1185.28,-433.02,,0,5.4,East,511.75,0.3984,0.5859,2,No,0,0
CUST-002872,30,Female,Married,Associate,Unemployed,13034.04,892.83,721.0,8.6,4,0,7534.12,36,7.71,3,1602.11,734.53,Other,3,0.1,East,1013.28,0.822,0.4232,0,No,0,0
CUST-002873,38,Female,Divorced,Bachelor,Salaried,32322.19,1286.82,639.0,17.4,0,2,18407.05,60,8.14,0,,-848.04,Mortgage,0,6.5,East,684.2,0.4777,0.7562,0,No,0,0
CUST-002874,41,Female,Married,High School,Salaried,36693.3,365.9,644.0,19.6,5,1,8056.03,60,9.35,1,3216.94,-1998.71,Rent,0,14.9,West,1015.18,0.1197,0.7728,0,No,0,0
CUST-002875,57,Male,Widowed,High School,Self-employed,31717.68,267.27,724.0,36.2,5,1,7739.43,12,5.37,1,8108.53,2715.16,Mortgage,1,10.6,West,1887.24,0.1011,0.634,0,No,0,0
CUST-002876,53,Male,Married,Bachelor,Salaried,45968.2,1009.71,662.0,33.9,0,2,18988.85,60,5.41,0,4801.32,6588.98,Mortgage,5,0.6,Central,2167.25,0.2636,0.3295,3,No,0,0
CUST-002877,23,Male,Single,Bachelor,Salaried,44725.56,2098.83,607.0,1.0,4,1,14946.43,60,8.52,2,3884.4,5542.21,Mortgage,1,2.1,South,1742.4,0.5631,0.4985,0,No,0,1
CUST-002878,47,Male,Married,Associate,Salaried,53440.04,591.54,704.0,23.5,1,0,30995.63,60,3.21,0,9600.12,725.16,Other,2,10.4,West,1328.32,0.1328,0.7394,2,No,0,0
CUST-002879,52,Male,Married,Bachelor,Salaried,108696.31,3598.44,672.0,28.1,1,3,71023.63,48,7.85,4,32782.16,-3500.0,Rent,3,9.9,East,2866.33,0.3973,0.6027,1,No,0,0
CUST-002880,38,Female,Married,Bachelor,Retired,29293.02,1163.98,675.0,15.8,4,0,28375.25,60,8.33,3,1148.02,1335.75,,2,7.2,East,1246.47,0.4768,0.4069,1,No,0,0
CUST-002881,44,Male,Single,Master,Salaried,82494.33,1221.64,732.0,21.2,1,1,33877.56,84,3.27,2,3063.67,-3500.0,Mortgage,1,10.1,North,1295.8,0.1777,0.7196,0,Yes,0,0
CUST-002882,44,Female,Married,Bachelor,Contract,62803.19,1606.41,699.0,21.3,6,0,18455.36,12,6.41,0,2474.51,4890.99,Mortgage,1,1.5,Central,2351.73,0.3069,0.5069,0,No,0,0
CUST-002883,38,Male,Married,Associate,Salaried,18694.57,417.15,643.0,18.0,5,1,19720.41,48,6.23,1,3440.42,1062.55,Rent,1,8.9,West,849.17,0.2678,0.7243,0,No,1,0
CUST-002884,44,Male,Single,Bachelor,Self-employed,21392.34,962.62,680.0,25.6,2,2,20679.7,84,7.07,1,140.85,2612.97,Own,0,,South,681.99,0.54,0.5438,1,No,0,1
CUST-002885,45,Female,Divorced,Associate,Self-employed,33660.22,1876.03,699.0,25.3,1,1,12683.01,24,7.02,2,5845.8,376.84,Rent,2,3.1,West,2412.84,0.6688,0.5256,2,No,0,0
CUST-002886,27,Male,Married,Doctorate,Unemployed,17590.94,317.52,584.0,0.0,3,2,20236.85,60,14.21,0,204.37,2265.18,Own,3,0.4,East,1296.89,0.2166,0.304,2,No,1,1
CUST-002887,41,Male,Single,Bachelor,Salaried,93379.07,3080.79,728.0,19.1,2,1,4477.97,36,4.01,1,3556.87,14279.84,Own,0,8.1,East,2296.04,0.3959,0.6642,1,Yes,0,0
CUST-002888,52,Male,Single,Bachelor,Contract,68784.6,1817.19,717.0,30.6,3,1,20244.51,36,7.52,1,13778.87,9718.58,Rent,0,14.0,Central,2912.24,0.317,0.5591,2,No,0,0
CUST-002889,22,Male,Married,Master,Retired,54628.21,1776.04,,1.9,2,0,26004.19,84,4.18,1,2300.5,529.8,Mortgage,1,3.1,Central,688.28,0.3901,0.4933,1,Yes,0,0
CUST-002890,38,Male,Married,Master,Salaried,95635.82,3296.7,677.0,18.1,3,1,13311.26,36,6.9,0,9389.64,7323.03,Mortgage,1,9.4,West,6535.72,0.4137,0.6099,0,No,0,0
CUST-002891,36,Male,Married,Doctorate,Salaried,82315.55,914.31,673.0,15.0,2,1,19869.4,72,8.22,0,1977.54,1951.76,Mortgage,0,8.9,South,802.09,0.1333,0.3987,0,Yes,0,0
CUST-002892,49,Male,Widowed,Bachelor,Salaried,69368.77,3431.18,680.0,27.8,2,0,8357.8,60,8.1,1,9643.5,4645.44,Mortgage,1,25.1,Central,4032.48,0.5936,0.3996,1,No,0,0
CUST-002893,43,Male,Married,Doctorate,Contract,37172.53,570.18,672.0,22.8,7,1,11514.25,60,8.52,0,1736.99,-1185.79,Rent,2,15.5,East,1984.21,0.1841,0.4662,0,No,0,0
CUST-002894,49,Male,Married,Associate,Salaried,28685.55,352.72,679.0,23.9,2,0,27236.05,36,8.65,1,7111.4,773.49,Rent,1,7.7,West,906.97,0.1476,0.6228,3,No,0,0
CUST-002895,42,Male,Single,Master,Self-employed,66174.15,1199.79,751.0,16.7,2,1,21794.44,60,8.29,3,13368.82,1376.27,Other,1,3.8,West,929.33,0.2176,0.7165,0,No,0,0
CUST-002896,23,Male,Married,High School,Salaried,28135.96,459.77,713.0,0.0,0,0,21790.75,36,4.28,0,1815.26,746.38,Rent,3,1.5,South,1740.04,0.1961,0.8003,1,No,0,0
CUST-002897,49,Female,Single,Associate,Salaried,38950.19,421.19,763.0,26.2,5,1,11517.32,60,3.93,2,2637.1,7238.5,Rent,0,17.0,Central,2337.8,0.1298,0.6265,1,No,0,0
CUST-002898,41,Male,Married,Bachelor,Self-employed,,2416.93,753.0,19.0,2,0,7491.98,60,8.54,2,6203.43,3657.39,Mortgage,1,4.7,Central,2948.43,0.6206,0.3605,0,No,0,0
CUST-002899,40,Non-binary,Married,Bachelor,Contract,50801.04,749.64,682.0,20.6,1,1,28109.03,60,6.73,1,3940.22,-1334.63,Rent,0,13.9,West,2443.43,0.1771,0.2841,0,No,0,0
CUST-002900,38,Male,Married,High School,Salaried,58798.23,850.91,749.0,17.5,3,0,7735.3,24,4.61,3,1122.41,2460.98,Mortgage,2,3.4,Central,2231.63,0.1737,0.4773,3,No,0,0
CUST-002901,40,Male,Married,High School,Self-employed,71656.92,1176.35,774.0,21.0,4,0,36457.22,60,2.5,3,23479.21,9784.78,Mortgage,1,13.0,East,1791.77,0.197,0.5719,4,No,0,0
CUST-002902,58,Female,Married,High School,Self-employed,41439.97,1192.69,716.0,36.3,1,1,17703.12,60,3.24,1,5169.36,1942.73,Rent,2,24.3,East,1555.08,0.3454,0.0893,1,No,0,0
CUST-002903,55,Male,Married,High School,Salaried,40882.01,573.04,709.0,31.8,4,1,8487.79,60,3.95,1,5295.46,1984.21,Rent,1,17.0,South,1914.86,0.1682,0.5432,0,No,0,0
CUST-002904,33,Male,Married,High School,Salaried,69158.37,1894.49,729.0,12.6,2,0,37742.51,12,5.01,1,6024.69,1957.76,Mortgage,3,4.1,South,2075.63,0.3287,0.8174,2,Yes,0,0
CUST-002905,50,Male,Married,Bachelor,Self-employed,91246.77,1602.09,679.0,28.2,2,0,28610.25,12,10.55,4,4081.67,5561.97,Mortgage,1,10.8,West,4752.49,0.2107,0.1813,2,Yes,0,0
CUST-002906,55,Female,Widowed,Bachelor,Contract,44082.29,1769.72,712.0,36.2,3,0,8096.88,48,4.17,2,13572.93,2899.08,Mortgage,0,6.3,South,1830.99,0.4817,0.4276,1,No,0,0
CUST-002907,35,Male,Single,High School,,16944.92,881.71,709.0,9.5,6,0,28321.68,36,5.66,4,964.57,-123.78,Rent,1,8.4,West,721.08,0.6244,0.4071,1,Yes,0,0
CUST-002908,42,Male,Married,High School,Salaried,79212.2,1344.35,776.0,22.0,5,0,13488.66,84,5.78,1,5973.54,-1763.02,Rent,1,10.5,Central,4831.94,0.2037,0.8191,2,Yes,0,0
CUST-002909,46,Female,Single,High School,Unemployed,26689.8,563.24,653.0,26.2,1,2,8702.1,60,9.13,0,1819.5,2161.03,Rent,0,1.0,Central,1353.61,0.2532,0.4548,2,No,1,0
CUST-002910,44,Female,Divorced,Associate,Self-employed,,1089.22,799.0,20.0,8,0,58341.87,36,2.5,3,916.09,3261.66,Mortgage,0,13.8,South,804.41,0.5496,0.6023,4,No,0,0
CUST-002911,44,Male,Married,Bachelor,Self-employed,75022.75,1656.38,732.0,21.4,1,0,24640.97,24,2.87,1,4747.26,10767.1,Rent,3,9.1,North,4842.31,0.2649,0.3722,1,No,0,0
CUST-002912,53,Male,Single,Bachelor,Salaried,100782.36,2607.06,693.0,32.4,6,0,25635.18,48,5.46,0,607.26,,Mortgage,0,14.5,North,2347.89,0.3104,0.2919,2,No,0,0
CUST-002913,58,Male,Single,High School,Retired,27402.73,504.79,612.0,34.9,2,2,20834.63,60,11.16,1,3450.47,1767.77,Mortgage,2,29.5,East,1261.87,0.2211,0.6954,1,No,1,1
CUST-002914,31,Male,Single,Associate,Self-employed,38483.57,713.74,699.0,10.5,4,2,18398.11,60,6.08,1,4416.35,561.92,Mortgage,0,7.3,South,2693.41,0.2226,0.4731,1,No,0,0
CUST-002915,58,Male,Single,Bachelor,Salaried,128293.83,1712.61,670.0,30.6,3,1,30993.57,60,2.88,1,10026.41,2304.63,,0,11.7,South,8077.39,0.1602,0.55,2,Yes,0,0
CUST-002916,46,Male,Married,Associate,Salaried,39322.03,519.53,676.0,22.9,2,0,20960.08,48,4.12,1,8109.07,770.31,Mortgage,0,10.6,West,1127.97,0.1585,0.4752,0,Yes,0,0
CUST-002917,24,Male,Single,High School,,92133.65,1901.22,694.0,4.5,3,0,16612.55,24,4.44,5,3478.99,9225.45,Mortgage,0,1.8,West,2185.76,0.2476,0.2327,1,No,0,0
CUST-002918,41,Female,Single,High School,Retired,35051.79,1975.68,736.0,21.8,2,0,15586.24,12,8.16,3,5182.13,2135.58,Own,0,18.4,East,1150.41,0.6764,0.3412,3,No,0,0
CUST-002919,61,Male,Married,High School,Salaried,67285.61,1501.57,627.0,40.7,2,1,29899.3,84,10.89,0,10568.89,-596.89,Rent,1,6.2,East,2944.56,0.2678,0.8389,1,No,1,0
CUST-002920,45,Male,Divorced,Bachelor,Salaried,37428.93,1108.12,724.0,24.7,1,0,17990.08,36,6.22,1,441.61,-1856.0,Rent,0,7.9,Central,1910.44,0.3553,0.2974,2,No,0,0
CUST-002921,56,Male,Married,High School,Salaried,25000.6,347.38,738.0,30.2,3,0,38343.89,60,6.21,1,12243.41,2625.09,Rent,2,10.5,South,780.7,0.1667,0.1929,0,No,0,0
CUST-002922,37,Male,Single,Bachelor,Salaried,28186.73,798.48,729.0,12.5,2,0,10431.35,36,5.89,3,5357.0,-197.81,Own,2,11.0,North,1610.17,0.3399,0.1252,2,No,0,0
CUST-002923,43,Female,Married,Master,Self-employed,130467.88,1216.93,642.0,24.3,2,3,6237.08,60,6.2,2,18413.69,4625.15,Mortgage,1,3.3,South,4289.42,0.1119,0.7052,3,Yes,0,1
CUST-002924,35,Female,Divorced,Bachelor,Self-employed,29073.05,1538.17,764.0,7.6,6,0,12679.36,36,3.59,1,2783.49,-32.11,Mortgage,0,8.1,South,905.36,0.6349,0.6191,0,No,0,0
CUST-002925,37,Male,Single,Master,Unemployed,16315.95,283.54,664.0,14.0,2,1,7759.99,60,4.66,1,788.35,-619.46,Mortgage,1,0.4,West,879.41,0.2085,0.712,0,No,0,0
CUST-002926,24,Female,Single,Associate,Salaried,62118.0,1761.68,741.0,0.4,4,0,13411.47,36,10.02,1,8934.7,3541.85,Rent,1,3.0,East,2614.57,0.3403,0.1258,3,No,0,0
CUST-002927,47,Male,Married,Bachelor,Unemployed,13188.39,425.33,545.0,26.2,2,6,16359.38,72,9.91,2,0.0,1602.0,Rent,2,,East,777.33,0.387,1.0356,2,No,0,1
CUST-002928,55,Female,Single,Master,Self-employed,66870.4,2300.57,723.0,35.6,3,2,62569.5,60,14.09,1,11281.54,10926.9,Own,0,12.0,North,1219.85,0.4128,0.7298,1,No,1,1
CUST-002929,51,Male,Married,High School,Salaried,18479.42,601.79,713.0,26.6,1,0,9519.89,72,7.9,1,4766.3,418.63,Rent,1,11.2,North,435.72,0.3908,0.1905,2,No,0,0
CUST-002930,47,Male,Married,Associate,Salaried,47664.22,1561.94,725.0,15.4,6,0,15010.89,72,2.52,3,6035.68,4679.98,Rent,0,2.7,Central,987.0,0.3932,0.5188,0,Yes,0,0
CUST-002931,67,Female,Married,Bachelor,Salaried,120671.93,2559.3,708.0,47.3,3,1,60242.32,36,6.51,4,7374.1,-1134.08,Rent,2,24.9,Central,5763.32,0.2545,0.3254,1,No,0,0
CUST-002932,47,Female,Married,High School,Retired,28400.75,721.33,767.0,22.5,4,0,36073.63,60,4.52,0,2951.99,3896.25,Own,0,19.8,West,1175.14,0.3048,0.1289,0,No,0,0
CUST-002933,37,Female,Married,Associate,Salaried,27214.5,695.32,709.0,15.1,6,0,24107.45,36,3.4,2,535.24,1654.94,Mortgage,2,10.0,Central,2104.72,0.3066,0.3548,3,No,0,0
CUST-002934,55,Male,Single,Associate,Unemployed,7000.0,78.02,772.0,33.2,2,0,17158.75,60,4.65,0,11835.55,,Rent,0,1.8,South,350.0,0.1337,0.5703,5,No,0,0
CUST-002935,57,Male,Married,Bachelor,Self-employed,,851.03,593.0,34.8,3,4,58147.92,60,14.16,1,6392.77,124.18,Mortgage,2,5.6,East,1566.46,0.1295,0.6879,2,No,1,0
CUST-002936,32,Female,Married,Bachelor,Contract,48841.79,870.05,734.0,7.2,1,1,13977.91,60,6.36,3,3520.73,-1382.03,Rent,3,10.0,South,2181.54,0.2138,0.5633,1,No,0,0
CUST-002937,18,Male,Married,Bachelor,Self-employed,57688.52,2114.03,730.0,0.0,1,0,5681.43,36,7.75,0,1311.13,3712.08,Rent,0,0.0,West,1463.48,0.4397,0.1322,2,No,0,0
CUST-002938,34,Male,Married,Doctorate,Salaried,119758.29,273.27,723.0,8.6,5,1,3035.6,48,2.5,0,18230.1,,Mortgage,4,9.5,East,4364.41,0.0274,0.4782,0,No,0,0
CUST-002939,27,Female,Married,Bachelor,Salaried,75326.35,757.94,717.0,5.0,0,0,9477.63,12,4.88,1,28190.24,4761.96,,0,1.4,South,1546.42,0.1207,0.5077,3,No,0,0
CUST-002940,44,Female,Single,Master,Salaried,58969.77,425.83,688.0,23.2,3,0,7721.49,60,5.22,3,7523.28,-3500.0,Own,0,4.2,North,1751.45,0.0867,0.4414,2,No,0,0
CUST-002941,31,Male,Married,Bachelor,Salaried,88849.23,3688.86,713.0,11.9,8,0,80995.88,60,2.5,3,52038.01,-3500.0,Rent,1,9.0,East,2291.57,0.4982,0.5906,4,No,0,0
CUST-002942,35,Female,Married,High School,Unemployed,16039.77,558.56,516.0,15.5,2,5,42514.87,36,13.97,1,0.0,1505.08,Mortgage,3,0.5,North,588.63,0.4179,1.2106,1,Yes,1,1
CUST-002943,28,Female,Married,Bachelor,Salaried,87272.18,2631.02,668.0,7.7,1,1,23917.84,84,6.29,1,7539.46,8258.52,Mortgage,2,5.3,South,3959.44,0.3618,0.6847,0,No,0,0
CUST-002944,38,Male,Single,Master,Contract,176975.26,4018.55,692.0,18.0,0,1,11019.67,60,6.82,4,45594.47,10344.73,Rent,0,4.5,West,4414.23,0.2725,0.4312,2,No,0,0
CUST-002945,38,Female,Married,Bachelor,Salaried,61682.68,2470.78,641.0,13.9,3,2,20005.77,24,7.95,1,3424.18,1006.05,Mortgage,1,9.5,West,2535.38,0.4807,0.462,1,No,0,0
CUST-002946,39,Female,Single,Associate,Contract,27374.16,381.77,583.0,18.5,1,4,13684.98,36,8.47,1,1330.06,945.29,Rent,1,2.2,West,1154.41,0.1674,0.4964,2,No,0,1
CUST-002947,64,Male,Single,Bachelor,Salaried,17914.42,495.64,681.0,40.6,2,1,11380.74,84,8.89,2,1539.0,-505.23,Own,0,26.3,Central,668.5,0.332,0.731,1,No,0,0
CUST-002948,33,Female,Divorced,High School,Self-employed,39401.23,1827.03,701.0,10.8,5,1,14344.06,60,9.3,1,4240.61,4277.76,Mortgage,1,6.7,East,1941.0,0.5564,0.5026,1,Yes,0,0
CUST-002949,27,Male,Married,High School,Salaried,44668.91,1575.47,683.0,6.0,3,1,37010.27,36,6.83,2,11463.76,3829.25,Own,1,3.2,East,1363.61,0.4232,0.322,1,No,0,1
CUST-002950,46,Female,Divorced,Master,Retired,91397.53,1794.68,634.0,22.4,2,3,43525.58,72,8.91,1,14767.74,-2390.48,Own,1,,North,5193.55,0.2356,0.4996,0,Yes,0,0
CUST-002951,39,Male,Single,Bachelor,Salaried,69270.89,731.36,760.0,14.3,4,0,49640.46,72,8.69,0,12631.28,3417.68,Mortgage,0,7.2,South,2562.84,0.1267,0.8187,1,No,0,0
CUST-002952,25,Male,Single,Bachelor,Salaried,33546.48,516.0,604.0,3.7,1,0,27798.04,36,7.91,1,7597.62,2558.39,Rent,1,3.2,Central,1467.35,0.1846,0.8385,1,No,1,1
CUST-002953,24,Female,Married,Master,Self-employed,77028.32,671.32,755.0,0.0,3,1,7429.81,48,5.59,0,17311.18,7430.9,Other,2,4.2,North,2297.4,0.1046,0.7238,2,No,0,1
CUST-002954,41,Female,Married,Master,Salaried,85509.03,4413.77,736.0,19.5,3,0,24309.57,60,4.66,2,3732.27,3939.45,Rent,0,5.1,North,5514.14,0.6194,0.5623,2,Yes,0,0
CUST-002955,50,Male,Single,Associate,Retired,42629.32,1208.4,,28.7,3,0,28774.9,48,7.31,1,1639.52,1243.5,Mortgage,1,7.9,West,1736.0,0.3402,0.5636,1,No,0,0
CUST-002956,39,Female,Single,High School,Self-employed,39807.76,1438.79,612.0,17.2,1,5,21489.57,60,10.43,2,0.0,-1442.83,Rent,0,1.1,Central,1329.88,0.4337,0.7413,0,Yes,0,1
CUST-002957,36,Female,Single,Bachelor,Salaried,45338.18,631.18,691.0,12.8,1,0,14957.8,48,6.47,2,48842.61,-36.24,Mortgage,0,7.7,South,752.77,0.1671,0.4425,0,No,0,0
CUST-002958,40,Female,Married,Bachelor,Unemployed,23026.37,891.9,627.0,14.8,1,3,6378.96,36,9.96,1,13936.21,361.98,Rent,2,0.8,North,1200.52,0.4648,0.6247,1,No,0,0
CUST-002959,40,Male,Married,Associate,Contract,45103.55,1241.16,728.0,15.0,4,0,43173.04,48,4.73,0,16707.05,1388.93,Other,1,12.9,Central,2586.0,0.3302,,0,No,0,0
CUST-002960,44,Female,Divorced,Doctorate,Salaried,126184.59,2008.93,720.0,20.4,2,4,7902.73,24,7.24,1,5574.9,8761.14,Mortgage,0,15.6,East,1026.83,0.191,0.7359,2,No,0,0
CUST-002961,24,Female,Single,Bachelor,Unemployed,27542.21,1184.47,704.0,2.9,1,1,10565.75,36,3.92,0,2520.25,-2375.85,Rent,0,0.8,South,1691.29,0.5161,0.5053,1,No,0,1
CUST-002962,46,Female,Single,Master,Salaried,25135.65,454.54,682.0,27.0,7,2,11308.59,84,4.19,2,1728.16,-1376.44,Own,0,14.3,East,1433.62,0.217,0.9823,0,No,0,0
CUST-002963,29,Female,Single,Associate,Salaried,40971.85,725.5,659.0,9.2,4,0,8896.57,36,7.53,1,13122.01,1075.09,Own,0,4.1,East,1485.13,0.2125,0.2753,2,No,0,1
CUST-002964,27,Non-binary,Single,Master,Contract,71956.09,3051.25,701.0,1.6,4,1,8018.68,36,5.22,0,9570.04,-709.84,Mortgage,2,3.1,East,3005.25,0.5089,0.651,0,No,0,1
CUST-002965,42,Male,Married,Bachelor,Contract,93265.14,3285.22,779.0,22.1,5,0,5201.85,36,6.58,2,4943.98,605.63,Mortgage,2,3.2,West,6401.04,0.4227,0.5586,0,No,0,0
CUST-002966,20,Female,Single,High School,Unemployed,16166.5,420.78,764.0,0.0,2,0,19658.05,60,2.5,1,1997.61,551.66,Mortgage,0,0.1,South,350.0,0.3123,0.0268,2,No,0,0
CUST-002967,34,Female,Single,Bachelor,Salaried,81518.51,883.15,791.0,15.0,1,0,9965.21,36,4.17,1,7936.41,-2233.89,Mortgage,0,7.2,East,2043.17,0.13,0.3508,3,No,0,0
CUST-002968,40,Female,Divorced,High School,Salaried,44198.15,286.39,698.0,21.6,2,2,77674.78,60,7.86,2,10348.13,4365.14,Rent,0,5.9,East,551.03,0.0778,0.4621,1,No,0,0
CUST-002969,31,Female,Single,Bachelor,Salaried,56646.94,1193.34,807.0,12.5,2,0,21828.58,36,2.68,2,19479.53,2252.75,Other,1,5.0,East,1148.14,0.2528,0.6071,3,No,0,0
CUST-002970,52,Male,Married,Bachelor,Salaried,59816.05,276.34,694.0,30.2,4,0,27044.72,60,6.29,0,29296.04,2879.71,Mortgage,1,14.9,Central,2078.6,0.0554,0.0948,1,Yes,0,1
CUST-002971,75,Female,Married,High School,Contract,,636.48,584.0,45.6,4,2,33320.21,60,13.65,4,388.52,267.68,Other,2,6.0,West,703.06,0.4648,0.3496,1,No,1,0
CUST-002972,45,Female,Married,Associate,Retired,15847.63,418.81,785.0,17.8,1,0,19207.92,60,2.5,0,10690.32,217.63,Mortgage,0,9.5,South,601.93,0.3171,0.12,2,No,0,0
CUST-002973,39,Female,Married,High School,Contract,45598.9,2525.36,744.0,19.0,4,0,36235.45,60,2.5,1,2396.43,-3500.0,Own,3,0.5,South,2039.32,0.6646,0.2217,1,No,0,0
CUST-002974,36,Male,Married,Associate,Contract,49000.79,1620.7,725.0,15.9,6,0,57924.88,60,7.85,0,3583.81,-2727.68,Mortgage,1,6.0,East,1178.75,0.3969,0.6226,1,Yes,0,1
CUST-002975,25,Female,Married,Bachelor,Self-employed,43215.33,1312.35,738.0,2.9,2,0,31314.98,36,5.38,3,1331.94,3508.65,Mortgage,0,1.2,South,941.37,0.3644,0.2371,2,No,0,0
CUST-002976,19,Female,Married,Bachelor,Salaried,42011.65,1533.02,755.0,0.0,4,0,35045.34,60,4.73,4,2695.5,4743.68,Mortgage,1,0.1,North,2899.05,0.4379,0.638,1,No,0,1
CUST-002977,31,Male,Widowed,Bachelor,Salaried,26103.36,795.07,692.0,7.6,3,0,49201.09,60,10.83,1,13576.32,20.73,Rent,0,7.4,East,711.08,0.3655,0.3593,1,No,0,0
CUST-002978,33,Female,Divorced,Bachelor,Contract,35304.65,367.43,730.0,13.1,3,0,27371.33,60,5.22,1,1260.94,788.89,Rent,0,9.5,North,354.73,0.1249,0.3561,3,No,0,0
CUST-002979,47,Male,Single,Master,Salaried,89923.55,1701.56,669.0,22.6,3,0,24457.37,12,7.98,2,5169.82,6851.84,Own,0,7.5,West,4824.56,0.2271,0.6405,2,Yes,0,0
CUST-002980,28,Male,Single,,Self-employed,64005.84,3468.67,755.0,5.2,2,0,11100.05,48,5.05,0,14031.42,1745.91,Own,0,7.0,East,2590.15,0.6503,0.9008,0,Yes,0,0
CUST-002981,47,Female,Married,Bachelor,Unemployed,11198.28,287.46,735.0,25.9,4,1,10146.79,60,5.67,0,0.0,513.25,Mortgage,1,2.8,East,533.01,0.308,0.1144,0,Yes,0,0
CUST-002982,41,Male,Single,High School,Salaried,60233.14,1080.89,725.0,18.7,4,1,8360.65,12,5.25,0,2688.11,-2546.16,Own,1,7.3,West,1946.69,0.2153,0.0769,1,No,0,0
CUST-002983,55,Female,Single,Bachelor,Contract,66058.68,629.36,747.0,28.0,2,1,33143.69,60,7.47,3,15584.03,4262.74,Own,1,15.9,North,3880.17,0.1143,0.4056,0,No,0,0
CUST-002984,62,Female,Married,Associate,Contract,92870.02,2296.25,753.0,40.8,2,1,38637.58,48,4.19,2,13204.87,-1884.55,Mortgage,6,21.0,West,4438.33,0.2967,0.5549,2,No,0,0
CUST-002985,37,Female,Single,High School,Contract,37835.88,882.16,665.0,11.5,1,1,117284.36,24,4.95,3,277.67,43.25,Own,0,11.7,North,1495.36,0.2798,0.1225,1,No,0,0
CUST-002986,47,Female,Married,Bachelor,Salaried,178258.91,2101.09,739.0,22.5,4,1,28191.41,48,8.24,0,85291.91,,Rent,1,10.2,West,2935.65,0.5302,0.6293,1,Yes,0,0
CUST-002987,25,Female,Single,Master,Salaried,88972.92,1804.3,586.0,4.4,2,2,8181.18,60,14.3,0,5626.1,586.94,Rent,0,3.0,West,4422.81,0.2434,0.2543,0,No,1,1
CUST-002988,48,Female,Divorced,Bachelor,Salaried,,2070.56,755.0,26.0,1,1,13822.29,36,3.98,5,1054.07,9070.39,Rent,0,4.5,West,3843.63,0.2677,0.2958,1,No,0,0
CUST-002989,68,Female,Divorced,Associate,Self-employed,42404.75,1565.52,735.0,44.9,5,1,8390.8,60,7.31,0,1169.2,189.68,Mortgage,0,32.8,North,1149.86,0.443,0.281,0,Yes,0,0
CUST-002990,38,Male,Single,Bachelor,Salaried,76791.68,2383.06,805.0,18.2,5,0,14507.85,84,5.23,1,12977.01,4066.48,Own,0,9.9,Central,2728.26,0.3724,0.2934,0,Yes,0,0
CUST-002991,45,Female,Married,Associate,Retired,69278.11,1380.18,737.0,23.1,1,1,15459.63,60,5.63,2,3632.68,-867.79,Own,0,10.7,East,3076.12,0.2391,0.2633,2,No,0,0
CUST-002992,41,Female,Married,Master,Salaried,73449.79,643.14,722.0,17.1,5,0,29938.85,36,8.1,4,10439.4,-1708.44,Mortgage,1,12.7,West,2721.69,0.1051,0.2044,3,Yes,0,0
CUST-002993,42,Female,Married,Bachelor,Salaried,51429.84,1664.55,715.0,15.7,3,0,18709.55,36,5.03,0,1343.76,2575.18,Mortgage,1,12.9,South,2664.09,0.3884,0.4089,3,No,0,0
CUST-002994,53,Male,Married,Bachelor,Salaried,36462.61,1958.97,719.0,34.3,2,0,32849.15,60,2.51,2,6181.82,778.8,Mortgage,1,3.1,West,1450.29,0.6447,0.5735,0,Yes,0,0
CUST-002995,19,Male,Divorced,High School,Unemployed,17256.96,376.95,642.0,0.0,2,1,22063.73,48,8.99,2,2396.25,-622.9,Mortgage,0,0.1,West,527.39,0.2621,0.37,1,Yes,1,1
CUST-002996,38,Female,Married,High School,Self-employed,103257.24,1749.0,691.0,7.9,7,2,38291.89,24,7.22,2,5257.3,248.82,Mortgage,2,9.1,East,2793.97,0.2033,0.7367,3,No,0,1
CUST-002997,41,Male,Divorced,Associate,Salaried,75404.54,1588.51,612.0,20.3,1,1,10648.47,60,6.14,0,3434.16,3986.61,Own,0,13.4,North,1098.49,0.2528,0.5953,0,No,0,0
CUST-002998,43,Female,Married,Master,Salaried,94731.31,2647.42,714.0,19.3,9,2,31945.34,60,5.38,2,14657.22,-1984.77,Own,0,19.2,Central,5439.5,0.3354,0.5472,1,No,0,0
CUST-002999,26,Female,Married,High School,Contract,94186.76,1757.52,756.0,7.3,8,2,11441.01,36,2.5,3,57706.44,-3500.0,Rent,2,2.4,North,3411.68,0.2239,0.7205,0,No,0,1
CUST-003000,37,Female,Single,Bachelor,Salaried,102398.38,2151.05,651.0,16.8,6,0,21881.69,72,11.02,0,11907.65,10947.85,Own,0,8.1,South,3656.61,0.2521,0.3465,2,No,0,0
CUST-003001,50,Female,Single,Bachelor,Self-employed,205057.23,1883.6,635.0,28.1,3,2,44211.99,12,11.26,2,3812.81,5277.05,Own,1,8.6,West,8761.48,0.1102,0.481,3,No,1,1
CUST-003002,36,Male,Married,Bachelor,Self-employed,40562.57,583.49,681.0,14.5,3,0,34322.25,36,3.79,1,1013.93,1969.5,Own,2,8.6,East,2441.85,0.1726,0.6219,2,No,0,0
CUST-003003,42,Male,Married,Associate,Salaried,49285.38,606.8,721.0,21.0,2,1,4704.08,60,5.99,0,63201.26,463.73,Rent,2,11.5,East,3760.54,0.1477,0.4545,0,No,0,0
CUST-003004,63,Female,Single,High School,Salaried,49181.48,2167.94,675.0,39.9,0,3,15479.57,36,7.99,1,21039.81,3703.2,Mortgage,0,16.5,East,2969.9,0.529,0.5319,4,No,1,0
CUST-003005,23,Male,Married,Associate,Contract,26492.85,1006.7,732.0,2.2,5,1,37352.84,60,4.94,2,8379.41,370.75,Rent,4,1.0,East,1452.21,0.456,0.2052,3,No,0,0
CUST-003006,66,Non-binary,Married,High School,Self-employed,78697.58,3832.51,724.0,43.3,4,1,19789.83,72,5.38,3,12843.86,5473.84,Rent,3,21.7,East,5067.71,0.5844,0.3408,4,No,0,1
CUST-003007,64,Male,Single,High School,Self-employed,32247.34,1073.13,706.0,45.6,4,2,52174.97,60,5.18,7,3875.32,1162.21,Own,1,34.2,Central,1719.91,0.3993,0.9008,1,No,0,0
CUST-003008,42,Female,Married,Bachelor,Salaried,59685.24,2756.47,669.0,21.4,4,1,24851.89,60,8.03,4,940.51,4614.26,Mortgage,2,7.5,Central,1629.89,0.5542,0.6796,2,No,0,1
CUST-003009,22,Female,Married,Bachelor,Self-employed,67545.77,554.04,609.0,0.0,3,6,28267.58,48,7.78,2,5846.51,-154.8,Rent,0,0.7,North,2922.76,0.0984,0.5083,1,No,0,0
CUST-003010,26,Male,Married,Bachelor,Salaried,85692.34,1655.45,694.0,2.6,4,0,12969.4,12,10.1,5,8992.14,11974.54,Rent,0,4.8,East,3490.13,0.2318,0.2648,2,Yes,0,0
CUST-003011,56,Female,Single,Bachelor,Salaried,74376.46,1866.72,813.0,34.2,2,0,28672.02,24,2.5,0,13247.19,6657.81,Rent,1,13.7,West,1996.81,0.3012,0.4284,1,Yes,0,0
CUST-003012,45,Male,Single,Bachelor,Contract,34201.95,1584.17,736.0,25.5,6,0,31132.53,60,4.99,1,17047.86,4633.7,Own,0,3.0,East,1644.45,0.5558,0.7387,0,No,0,0
CUST-003013,35,Male,Married,Master,Salaried,57398.34,1558.48,714.0,14.8,3,0,35356.11,60,7.08,4,1868.0,3902.4,Rent,2,3.0,West,889.66,0.3258,0.809,3,No,0,0
CUST-003014,43,Male,Single,High School,Self-employed,30033.19,433.68,740.0,22.9,3,0,14269.5,60,3.58,3,11386.41,2977.54,Rent,2,1.8,West,922.93,0.1733,0.1679,0,No,0,0
CUST-003015,44,Male,Married,Master,Self-employed,48470.54,977.33,709.0,22.9,3,0,13418.59,60,10.58,0,6026.75,8183.63,Mortgage,1,2.3,West,1880.35,0.242,0.8255,0,No,0,0
CUST-003016,28,Female,Single,High School,Salaried,82345.4,1430.06,627.0,2.6,4,2,8574.36,36,6.41,1,8425.22,2063.06,Mortgage,1,2.2,West,4392.89,0.2084,0.5437,4,Yes,0,0
CUST-003017,31,Male,Married,Master,Retired,21007.49,371.1,739.0,11.1,4,0,8259.29,36,6.12,1,2010.31,2695.71,Rent,0,0.3,West,612.14,0.212,0.3249,2,No,0,0
CUST-003018,30,Male,Married,High School,Retired,57072.91,1630.52,747.0,8.9,7,1,50898.79,36,5.34,3,7807.16,10045.28,Rent,4,4.2,East,1075.92,0.3428,0.1356,1,Yes,0,0
CUST-003019,41,Female,Married,Associate,Salaried,52556.55,415.88,683.0,19.4,2,1,26096.47,24,4.55,0,3649.52,-581.85,Rent,3,18.4,West,2558.2,0.095,0.7557,0,No,0,0
CUST-003020,34,Male,Married,Bachelor,Salaried,50494.68,736.86,687.0,14.5,2,1,31059.41,84,10.19,2,3799.11,3191.38,Mortgage,5,0.6,West,4362.08,0.1751,0.2686,1,No,1,0
CUST-003021,36,Female,Single,High School,Contract,85858.81,1085.23,785.0,15.4,4,0,31360.35,60,3.76,3,,-3500.0,Mortgage,0,7.5,West,2743.78,0.1517,0.1808,0,No,0,0
CUST-003022,46,Female,Married,Bachelor,Contract,36410.4,263.93,661.0,12.9,2,2,67897.47,48,8.58,0,10436.38,-999.75,Mortgage,3,20.2,West,1248.59,0.087,0.8588,0,No,0,0
CUST-003023,63,Male,Married,Master,Contract,44481.85,2104.14,735.0,40.7,2,2,32272.63,36,4.35,1,1770.56,6397.17,Mortgage,0,4.6,East,1774.02,0.5676,0.5407,2,No,0,0
CUST-003024,51,Male,Single,High School,Unemployed,13363.14,431.84,663.0,31.4,4,1,32935.89,36,3.59,1,469.14,257.85,Own,1,1.1,South,353.34,0.3878,0.2663,0,Yes,0,0
CUST-003025,38,Male,Divorced,Bachelor,Unemployed,23420.69,390.88,671.0,16.5,3,1,35024.39,60,4.63,1,1801.16,249.62,Rent,1,0.8,South,350.0,0.2003,0.6325,1,Yes,1,0
CUST-003026,43,Male,Single,High School,Self-employed,75976.2,940.79,726.0,18.5,3,0,17282.16,36,7.23,1,14625.82,7307.88,Other,0,18.9,Central,2209.21,0.1486,0.6353,1,No,0,1
CUST-003027,39,Male,Married,Associate,Salaried,60673.23,871.38,622.0,14.8,5,2,14621.58,60,10.92,1,2839.77,4087.45,Mortgage,0,5.9,South,1876.57,0.1723,0.8556,1,No,1,1
CUST-003028,46,Male,Single,Associate,Salaried,37891.56,597.37,736.0,26.9,3,1,4137.92,12,8.52,1,3801.81,-52.14,Rent,1,4.1,South,1522.84,0.1892,0.4996,0,No,0,0
CUST-003029,44,Male,Married,High School,Salaried,42383.89,1897.03,793.0,22.9,4,0,43246.37,60,7.1,3,8248.95,3951.29,Rent,2,13.5,North,2173.25,0.5371,0.4183,2,No,0,0
CUST-003030,42,Non-binary,Married,Bachelor,Self-employed,204415.31,2827.94,697.0,18.2,3,0,28572.63,48,4.1,1,7925.05,29403.15,Rent,1,9.4,North,5768.06,0.166,0.3652,2,No,0,1
CUST-003031,29,Male,Single,High School,Contract,52244.63,683.32,698.0,7.9,3,1,58135.44,60,9.04,2,1493.56,1747.41,Mortgage,3,6.1,South,2631.08,0.157,0.6284,0,No,0,0
CUST-003032,49,Male,Married,High School,Salaried,35473.39,432.34,561.0,26.2,2,3,24565.36,48,11.9,1,3447.14,-199.55,Rent,0,15.9,Central,1819.46,0.1463,0.2237,1,No,1,1
CUST-003033,34,Female,Married,High School,Contract,22006.35,598.37,700.0,15.6,4,1,37381.02,60,5.46,0,190.23,-260.58,Rent,0,2.8,Central,1080.48,0.3263,0.3041,1,No,0,0
CUST-003034,41,Female,Married,Master,Self-employed,85944.19,2174.07,735.0,12.2,1,2,8055.24,48,2.5,0,33524.43,2382.68,Mortgage,3,7.7,North,5471.0,0.3036,0.3036,1,No,0,0
CUST-003035,54,Female,Married,Bachelor,Salaried,39843.72,818.46,,32.6,2,1,9293.81,36,2.5,0,376.01,3615.08,Own,0,14.7,South,2614.18,0.2465,0.7831,1,No,0,0
CUST-003036,36,Male,Married,Doctorate,Salaried,92342.97,2915.29,759.0,14.7,2,0,44305.68,24,4.83,1,12286.91,-472.32,Rent,2,7.1,East,4372.78,0.3788,0.3973,1,Yes,0,0
CUST-003037,33,Female,Married,Bachelor,Unemployed,25373.13,597.16,736.0,12.1,0,1,85467.59,60,9.64,0,0.0,698.88,Mortgage,1,0.6,West,514.72,0.2824,0.5115,1,No,0,1
CUST-003038,25,Male,Single,Bachelor,Retired,71840.24,424.55,765.0,2.0,1,1,7219.15,36,2.5,1,9354.36,9543.33,Own,0,3.4,East,1716.74,0.0709,0.439,1,No,0,0
CUST-003039,32,Female,Divorced,High School,Contract,21440.31,998.7,667.0,10.7,6,0,14835.3,60,6.58,4,5634.6,2340.3,Rent,0,10.5,North,1088.51,0.559,0.2815,1,No,0,0
CUST-003040,42,Male,Married,High School,Self-employed,29617.76,1184.28,636.0,22.1,0,0,14483.42,24,6.71,0,4557.23,3510.59,Own,3,3.1,South,1317.13,0.4798,0.172,0,No,0,0
CUST-003041,29,Male,Married,High School,Contract,22361.63,103.84,605.0,5.9,2,2,11939.76,48,9.29,0,88.08,1519.0,Own,3,5.2,North,462.31,0.0557,0.2345,1,No,1,0
CUST-003042,27,Female,Single,High School,Salaried,23450.76,310.88,767.0,8.1,1,0,50647.65,36,4.96,0,4017.86,1556.07,Mortgage,0,4.2,West,787.2,0.1591,0.4246,1,No,0,0
CUST-003043,55,Female,Single,Bachelor,Self-employed,68056.07,2989.91,735.0,35.5,6,0,29188.06,36,4.39,4,33258.68,3703.89,Rent,1,7.7,South,2150.89,0.5272,0.3258,2,No,0,0
CUST-003044,50,Male,Divorced,High School,Unemployed,16691.84,940.05,649.0,30.9,5,3,4945.61,60,12.88,1,0.0,1443.76,Rent,0,2.4,East,585.54,0.6758,0.1846,1,No,0,0
CUST-003045,22,Female,Single,High School,Self-employed,45996.2,690.92,600.0,2.7,0,4,21146.49,60,9.53,0,3224.61,3658.59,Mortgage,1,,Central,3078.1,0.1803,1.0967,0,No,0,0
CUST-003046,54,Male,Married,Doctorate,Salaried,82198.69,1636.78,795.0,35.1,4,0,42553.68,24,3.52,3,4954.17,7932.08,Rent,3,18.5,North,3993.19,0.2389,0.3501,2,No,0,0
CUST-003047,50,Male,Divorced,Bachelor,Unemployed,76680.39,981.67,490.0,27.4,2,7,30031.19,24,18.52,0,12480.02,2003.35,Mortgage,0,,West,2470.47,0.1536,0.8364,1,No,1,1
CUST-003048,35,Male,Married,Doctorate,Contract,120421.81,2804.64,702.0,5.1,3,0,15294.85,60,4.73,2,6144.6,7441.7,Mortgage,2,6.5,West,5416.71,0.2795,0.6991,1,Yes,0,0
CUST-003049,36,Male,Married,Bachelor,Self-employed,52189.33,2233.58,,13.6,5,1,58441.22,36,5.61,0,787.8,3342.16,Rent,1,2.7,Central,660.61,0.5136,0.3106,2,No,0,0
CUST-003050,33,Female,Married,Bachelor,Salaried,69637.32,2805.86,707.0,14.1,1,2,11989.98,48,6.11,3,297.14,-2118.03,Mortgage,0,3.0,North,1847.3,0.4835,0.5905,1,No,0,0
CUST-003051,38,Female,Single,Doctorate,Salaried,114425.8,4612.41,664.0,7.6,3,1,17268.86,36,5.89,3,3796.0,4835.38,Mortgage,1,14.6,South,3552.38,0.4837,0.4986,2,No,0,0
CUST-003052,47,Male,Divorced,Master,Contract,174975.79,3344.44,721.0,25.9,2,0,28344.69,60,4.59,0,8892.81,-3500.0,Own,0,13.5,Central,4517.43,0.2294,0.2456,0,Yes,0,0
CUST-003053,19,Non-binary,Married,Bachelor,Self-employed,72726.85,3116.69,708.0,0.0,4,1,13443.26,12,2.5,2,33783.51,-1315.47,Own,4,0.1,North,3805.85,0.5143,0.8908,1,No,0,0
CUST-003054,40,Female,Married,Bachelor,Unemployed,23272.97,610.29,731.0,19.0,3,1,13552.8,60,5.46,2,1975.93,163.66,Rent,0,1.2,South,839.57,0.3147,0.3663,1,Yes,0,0
CUST-003055,61,Female,Married,Bachelor,Self-employed,32632.31,1617.96,711.0,37.4,5,0,36009.98,48,4.16,4,,-1288.0,Own,3,,South,648.04,0.595,0.3791,1,No,0,0
CUST-003056,58,Female,Married,Master,Self-employed,139527.34,4240.7,759.0,38.8,1,1,16534.12,60,5.32,0,26564.72,4050.31,Mortgage,3,9.3,Central,2708.37,0.3647,0.3579,3,No,0,0
CUST-003057,27,Male,Single,Bachelor,Salaried,25483.07,486.58,626.0,2.0,3,3,15415.59,12,11.02,0,5964.91,2877.35,Own,1,3.8,West,818.35,0.2291,0.2807,0,No,1,0
CUST-003058,52,Male,Married,Doctorate,Salaried,185041.5,7675.58,742.0,31.0,2,0,20040.05,48,6.5,2,13455.75,3858.69,Own,1,14.3,South,7179.82,0.4978,0.3781,1,No,0,0
CUST-003059,48,Female,Married,High School,Salaried,67829.56,1189.97,653.0,22.9,1,0,27704.66,36,10.35,0,10054.64,3219.8,Rent,1,23.0,South,3780.92,0.2105,0.645,0,No,0,0
CUST-003060,35,Male,Single,Associate,Salaried,75997.32,1252.2,679.0,14.1,2,2,48714.23,60,3.14,1,615.4,-3500.0,Rent,0,8.0,North,1568.18,0.1977,0.3067,1,No,0,0
CUST-003061,53,Female,Married,,Salaried,63687.54,444.93,745.0,34.8,2,1,28389.15,12,7.52,1,8202.77,9438.89,Mortgage,1,20.6,South,1180.46,0.0838,0.2684,0,No,0,0
CUST-003062,44,Female,Divorced,Associate,Salaried,56539.55,2333.45,711.0,25.1,7,0,6627.95,60,9.08,3,4965.42,6713.25,Rent,0,6.8,North,2037.12,0.4953,0.2212,0,No,0,0
CUST-003063,37,Male,Married,Bachelor,Salaried,54058.66,1356.31,710.0,16.7,5,0,17384.82,60,6.75,1,3107.95,2799.68,Rent,1,10.8,North,1541.03,0.3011,0.6495,2,No,0,0
CUST-003064,55,Male,Single,Bachelor,Salaried,57416.33,1315.52,705.0,34.7,3,2,10367.74,60,5.3,0,20761.21,4720.18,Rent,1,30.6,West,1476.6,0.2749,0.5858,2,No,0,0
CUST-003065,30,Male,Married,Bachelor,Retired,42887.03,998.43,650.0,8.6,4,3,21377.5,60,6.21,3,756.57,3111.93,Own,2,7.6,East,2494.19,0.2794,0.7319,0,No,0,1
CUST-003066,43,Female,Single,Master,Unemployed,9849.97,335.83,700.0,18.7,0,3,41473.91,84,6.73,0,0.0,583.63,Mortgage,0,2.5,North,359.99,0.4091,0.4777,0,No,0,1
CUST-003067,44,Female,Single,Bachelor,Salaried,65396.47,1233.8,768.0,23.3,1,1,37896.63,84,4.93,1,4320.28,488.48,Rent,2,0.8,East,4728.7,0.2264,0.6485,1,No,0,1
CUST-003068,37,Female,Single,High School,Salaried,24160.2,881.37,721.0,15.8,6,0,22955.62,60,6.12,2,9744.71,1440.92,Own,0,14.6,North,1536.94,0.4378,0.0457,0,No,0,0
CUST-003069,40,Female,Single,High School,Retired,17072.64,948.24,773.0,15.8,6,1,5140.86,60,2.5,2,14057.09,1610.75,Mortgage,0,6.2,East,957.48,0.6665,0.5448,1,No,0,0
CUST-003070,36,Non-binary,Married,Bachelor,Unemployed,17219.78,322.85,747.0,16.5,0,1,26580.86,60,2.57,2,,2006.01,Mortgage,1,0.8,East,1098.44,0.225,0.1423,0,No,0,0
CUST-003071,56,Female,Divorced,High School,Self-employed,120313.51,5751.58,686.0,34.9,2,1,21423.73,24,3.25,2,23271.9,8646.03,Mortgage,2,12.4,East,7302.4,0.5737,0.5786,1,No,0,0
CUST-003072,35,Female,Single,Bachelor,Salaried,43107.3,1228.04,684.0,15.6,2,0,26687.58,72,2.59,1,3289.91,1018.72,Rent,0,6.4,South,2731.47,0.3419,0.2367,0,No,0,0
CUST-003073,34,Male,Single,Associate,Salaried,37369.59,448.68,562.0,8.6,5,2,10045.33,24,10.88,1,4930.94,2722.81,Mortgage,1,9.4,North,2201.65,0.1441,0.8117,0,Yes,1,1
CUST-003074,22,Female,Single,Master,Salaried,48024.81,1839.45,641.0,0.0,5,3,54877.52,24,5.74,0,4283.55,2891.64,Own,1,0.5,South,1448.93,0.4596,0.6632,2,No,0,1
CUST-003075,41,Female,Married,Master,Contract,58408.82,1853.71,637.0,16.9,2,3,35799.61,36,10.16,2,14433.51,-495.17,Rent,1,8.1,Central,2480.43,0.3808,0.6014,0,No,0,0
CUST-003076,50,Male,Single,Bachelor,Salaried,84790.31,2439.34,779.0,28.4,3,0,26203.26,36,4.01,0,12214.02,3215.54,Mortgage,1,22.8,South,3878.01,0.3452,0.3574,0,No,0,0
CUST-003077,31,Male,Married,Master,Contract,44953.48,1624.64,773.0,4.5,5,0,11316.79,84,6.34,1,715.34,624.07,Rent,1,6.2,South,3181.64,0.4337,,0,No,0,0
CUST-003078,34,Male,Married,High School,Salaried,48227.66,1127.62,701.0,15.2,1,1,20371.31,60,4.08,0,5871.25,-1982.78,Own,2,7.7,Central,2716.75,0.2806,0.313,2,No,0,0
CUST-003079,61,Male,Married,Associate,Retired,19920.28,804.44,618.0,42.6,1,0,5120.37,60,12.71,2,1309.59,-754.52,Own,3,4.7,North,1297.06,0.4846,0.4167,0,No,1,1
CUST-003080,49,Female,Married,Bachelor,Contract,34394.93,923.92,680.0,16.1,3,0,17453.35,60,4.42,2,12616.52,3742.51,Own,2,12.9,Central,1873.98,0.3223,0.5138,1,No,0,0
CUST-003081,41,Non-binary,Single,High School,Unemployed,,255.67,715.0,22.7,3,2,41486.42,36,5.06,0,243.62,184.65,Rent,0,1.5,South,378.75,0.3481,0.4807,0,No,0,0
CUST-003082,34,Female,Single,Bachelor,Salaried,81367.91,2954.8,703.0,14.0,4,0,22660.67,48,5.87,1,55285.77,-3500.0,Mortgage,0,4.7,Central,2839.32,0.4358,0.3737,1,No,0,0
CUST-003083,45,Male,Married,Bachelor,Self-employed,73348.87,5318.21,787.0,19.3,5,0,12058.43,36,5.52,1,7986.19,4956.71,Mortgage,2,14.5,South,3760.64,0.8701,0.2848,1,No,0,0
CUST-003084,26,Female,Married,Associate,Salaried,65473.33,2772.87,731.0,6.1,10,0,21938.63,60,6.69,5,6499.78,3308.44,Mortgage,1,2.6,Central,2561.21,0.5082,0.28,2,No,0,0
CUST-003085,37,Male,Single,Associate,Retired,32658.16,483.96,675.0,9.8,5,1,52520.63,24,7.89,3,2568.34,2168.67,Other,0,2.4,West,642.98,0.1778,0.2787,1,No,0,1
CUST-003086,50,Male,Divorced,High School,Self-employed,69636.47,879.09,756.0,30.4,4,1,63278.51,36,6.94,1,3540.07,6918.9,Own,1,7.7,South,3712.27,0.1515,0.8566,0,No,0,0
CUST-003087,23,Female,Divorced,Master,Salaried,177151.49,1206.52,654.0,3.5,3,1,32921.45,24,4.68,1,60194.85,3523.52,Own,1,0.7,South,1313.84,0.0817,0.3135,0,No,0,0
CUST-003088,44,Female,Single,Master,Retired,44316.45,1788.95,696.0,19.9,2,0,15795.42,60,7.26,3,13191.11,4108.56,Rent,1,3.6,South,1662.95,0.4844,0.4513,0,No,0,0
CUST-003089,38,Female,Married,High School,Salaried,95359.19,3101.78,757.0,11.9,4,1,74710.89,36,3.65,3,5496.45,-650.54,Mortgage,2,3.5,South,4077.93,0.3903,0.5663,1,No,0,0
CUST-003090,39,Female,Married,Bachelor,Self-employed,100803.14,4411.28,730.0,18.7,3,0,17016.65,60,5.94,2,5992.93,10567.01,Rent,3,6.4,South,4608.8,0.5251,0.6699,1,No,0,0
CUST-003091,23,Female,Single,High School,Salaried,38794.05,1097.89,683.0,0.4,4,0,7905.81,60,7.84,3,26845.39,2231.46,Rent,0,2.0,North,1654.7,0.3396,,1,No,0,0
CUST-003092,46,Female,Married,Associate,Self-employed,52227.87,972.31,828.0,25.4,0,0,36991.06,60,3.88,0,5393.24,8791.41,Own,3,9.0,South,2581.84,0.2234,0.7963,1,No,0,0
CUST-003093,43,Female,Single,Bachelor,Self-employed,60878.22,1118.39,743.0,19.1,3,1,13747.26,36,4.83,1,11655.21,2790.2,Rent,0,8.7,Central,2272.13,0.2205,0.7551,2,No,0,1
CUST-003094,49,Female,Single,Bachelor,Contract,22401.48,512.51,774.0,29.7,6,0,8550.01,24,3.41,2,,2642.62,Own,2,11.9,West,1791.42,0.2745,0.5668,0,Yes,0,0
CUST-003095,46,Male,Married,High School,Salaried,50762.38,1543.63,752.0,27.7,5,1,5193.73,60,2.5,2,643.69,3697.03,Rent,1,19.4,North,1689.43,0.3649,0.4895,0,No,0,1
CUST-003096,46,Male,Married,Master,Salaried,55036.25,2068.02,657.0,21.3,3,0,52540.14,36,5.5,2,5264.98,4195.96,Mortgage,1,11.9,South,1206.85,0.4509,0.3725,2,No,0,0
CUST-003097,46,Male,Married,High School,Salaried,41624.81,978.01,620.0,26.2,0,3,54335.77,60,7.11,2,44816.76,5336.43,Rent,5,3.7,South,2892.9,0.2819,0.7134,3,No,0,1
CUST-003098,37,Male,Married,Doctorate,Self-employed,176842.75,2524.97,772.0,7.7,4,0,17373.12,36,2.5,2,9782.24,6932.4,Rent,2,7.5,Central,4126.07,0.1713,0.5546,1,Yes,0,0
CUST-003099,32,Male,Married,Master,Salaried,82715.76,978.72,704.0,10.8,3,1,5610.9,72,7.09,0,12249.79,5534.07,Own,1,2.9,North,5195.17,0.142,0.5243,2,No,0,0
CUST-003100,34,Male,Married,High School,Salaried,23233.98,1051.36,748.0,13.4,2,1,42981.7,60,6.49,2,2768.31,3581.13,Mortgage,2,10.7,West,1370.2,0.543,0.8387,0,No,0,0
CUST-003101,54,Female,Divorced,,Salaried,75589.76,1854.34,680.0,25.5,2,0,20882.13,60,3.63,2,23550.92,2755.46,Mortgage,1,19.4,South,4048.72,0.2944,0.9329,3,No,0,0
CUST-003102,46,Female,Single,High School,Retired,23414.39,501.07,751.0,27.3,1,0,23585.27,60,2.92,1,13900.51,3993.5,Rent,0,8.4,North,677.19,0.2568,0.5718,0,No,0,0
CUST-003103,47,Male,Single,,Contract,18389.67,832.11,635.0,25.7,1,1,29465.97,36,7.98,4,3547.0,-91.05,Rent,0,22.9,South,784.26,0.543,0.4995,3,Yes,0,0
CUST-003104,44,Male,Widowed,Associate,Unemployed,10250.87,63.15,686.0,25.6,2,3,17388.81,72,4.76,0,0.0,267.63,Own,1,1.8,North,384.81,0.0739,0.2688,0,No,0,0
CUST-003105,38,Female,Single,Associate,Retired,31990.91,1046.75,761.0,13.9,3,0,3801.45,24,7.51,1,9543.1,1572.75,Own,0,9.3,West,1654.87,0.3926,0.366,2,Yes,0,0
CUST-003106,31,Female,Married,Bachelor,Unemployed,18619.42,727.0,633.0,11.8,1,2,12880.77,36,8.27,2,0.0,112.96,Rent,1,0.6,West,934.26,0.4685,0.4034,1,No,0,0
CUST-003107,41,Male,Single,Bachelor,Salaried,52938.47,1130.78,700.0,20.9,2,1,31656.38,36,6.47,1,15098.27,1194.58,Rent,0,14.6,East,1706.55,0.2563,0.3658,0,No,0,0
CUST-003108,51,Male,Single,Bachelor,Contract,67692.01,3944.27,683.0,29.9,5,1,10639.75,60,7.36,2,8948.01,7613.93,Other,0,19.8,East,1715.37,0.6992,0.4229,1,No,0,0
CUST-003109,44,Male,Married,Associate,Contract,29666.68,1159.01,725.0,21.3,0,0,16325.5,60,4.96,1,640.04,3627.12,Rent,1,9.4,South,803.83,0.4688,0.871,1,No,0,0
CUST-003110,60,Female,Single,Master,Self-employed,63275.55,1987.06,654.0,38.3,3,1,70879.65,60,9.87,1,8634.47,11825.7,Rent,0,14.0,Central,2261.5,0.3768,0.9439,1,No,0,0
CUST-003111,38,Male,Single,Bachelor,Self-employed,71448.95,1181.33,688.0,13.9,1,0,29670.85,60,8.7,1,1964.69,,Mortgage,1,10.5,South,1684.81,0.1984,0.8219,1,Yes,0,0
CUST-003112,38,Male,Married,Bachelor,Salaried,111917.58,3690.82,687.0,17.3,5,1,13844.81,36,5.49,2,13713.14,9229.64,Mortgage,1,7.2,West,2648.66,0.3957,0.5798,2,No,0,1
CUST-003113,46,Male,Single,Bachelor,Self-employed,42808.05,476.65,730.0,22.9,4,0,37482.01,72,3.11,4,7300.33,4551.21,Mortgage,1,1.6,North,1242.62,0.1336,0.5289,1,Yes,0,1
CUST-003114,54,Female,Divorced,High School,Salaried,121800.74,4777.36,735.0,35.0,3,0,24704.34,48,2.5,2,23782.86,-525.17,Rent,1,19.6,East,3396.72,0.4707,0.6101,3,No,0,0
CUST-003115,40,Female,Divorced,Bachelor,Unemployed,31291.22,521.33,610.0,19.6,0,2,28063.39,48,8.32,2,17157.26,2487.11,Mortgage,0,0.8,East,1490.28,0.1999,0.504,1,Yes,1,1
CUST-003116,18,Female,Single,High School,Salaried,69963.45,1136.57,693.0,0.0,7,0,8076.29,36,4.98,0,24676.6,4972.79,Own,0,0.0,Central,2315.17,0.1949,0.2722,0,No,0,0
CUST-003117,52,Male,Single,Bachelor,Salaried,40610.16,1767.72,714.0,29.0,5,1,21226.61,60,5.52,0,8100.93,3863.79,Rent,0,11.1,South,1205.83,0.5223,0.3275,0,Yes,0,0
CUST-003118,49,Male,Single,High School,Contract,53054.33,830.39,723.0,24.6,3,0,38281.87,60,5.07,1,1127.21,1963.72,Own,1,26.9,North,1899.72,0.1878,0.3683,1,No,0,0
CUST-003119,43,Male,Single,Bachelor,Unemployed,12345.71,220.8,699.0,24.5,0,1,66490.79,24,6.91,0,181.55,441.72,Own,0,2.0,East,363.36,0.2146,0.6443,0,Yes,0,0
CUST-003120,44,Female,Single,Master,Contract,41826.33,1525.35,674.0,18.8,2,0,9423.52,60,9.67,1,8500.53,1533.5,Rent,1,3.1,East,2377.33,0.4376,0.2294,3,No,0,0
CUST-003121,54,Female,Married,Master,Self-employed,119606.49,3416.81,712.0,27.4,4,0,13850.32,36,6.35,2,19344.42,15548.92,Rent,2,16.8,South,5160.08,0.3428,0.2143,0,No,0,0
CUST-003122,43,Female,Married,Associate,Contract,121460.86,2586.11,759.0,18.3,1,0,70110.49,60,2.5,2,4086.66,-2114.32,Rent,5,10.2,Central,6687.62,0.2555,0.3741,1,No,0,0
CUST-003123,43,Male,Single,Master,Salaried,42848.28,882.74,692.0,20.5,4,1,25075.28,84,5.33,1,11993.93,2611.13,Mortgage,1,12.8,North,845.29,0.2472,0.8421,2,No,0,0
CUST-003124,18,Male,Married,Bachelor,Salaried,62634.55,1871.01,749.0,0.0,3,0,7225.9,60,5.95,1,3982.12,-2530.72,Mortgage,2,,Central,2679.07,0.3585,0.6417,1,No,0,0
CUST-003125,42,Female,Married,Doctorate,Salaried,108823.57,1422.92,599.0,22.6,4,2,19098.44,36,12.75,1,29974.42,-3500.0,Mortgage,1,15.7,Central,4077.25,0.1569,0.4418,0,No,0,0
CUST-003126,46,Male,Married,Master,Self-employed,77563.92,1888.56,692.0,27.1,3,0,39027.71,60,9.33,2,9360.1,2293.29,Rent,1,10.4,East,4154.83,0.2922,0.5718,4,No,0,0
CUST-003127,35,Female,Single,Bachelor,Self-employed,65353.74,1541.33,710.0,13.8,3,0,25728.57,36,2.6,0,14238.85,4522.01,Rent,0,5.8,North,1728.46,0.283,0.2153,0,No,0,0
CUST-003128,37,Male,Married,Master,Self-employed,24702.0,1196.2,720.0,18.5,2,1,23122.21,48,5.44,0,1261.53,1114.36,Mortgage,1,18.5,East,966.36,0.5811,0.3395,1,No,0,0
CUST-003129,20,Male,Single,,Salaried,107502.45,2271.11,709.0,1.2,3,0,25400.48,48,4.24,1,22869.82,5634.27,Mortgage,1,0.7,Central,4137.76,0.2535,0.246,2,Yes,0,0
CUST-003130,26,Male,Single,Master,Self-employed,95892.38,2022.39,699.0,0.0,3,2,13729.44,36,5.61,1,4741.63,3878.88,Other,0,,South,4529.33,0.2531,0.5793,2,No,0,0
CUST-003131,37,Female,Single,High School,Contract,68235.99,2158.1,676.0,13.8,3,0,8891.89,60,5.52,0,10652.56,-3500.0,Mortgage,1,8.3,West,2188.13,0.3795,0.2578,0,Yes,0,0
CUST-003132,35,Male,Single,Bachelor,Salaried,51104.83,923.06,651.0,10.8,6,1,19576.77,36,4.76,4,11741.96,649.58,Mortgage,0,0.5,East,3865.04,0.2167,0.7896,1,Yes,0,0
CUST-003133,69,Male,Married,Associate,Self-employed,30953.1,453.02,,48.9,2,3,14968.3,72,12.03,1,910.71,4970.37,Mortgage,2,22.2,North,1198.09,0.1756,0.3168,3,No,1,1
CUST-003134,47,Male,Single,Associate,Salaried,51958.89,1513.7,713.0,22.1,4,1,27622.42,60,6.42,0,33273.31,2534.47,Mortgage,0,4.5,North,1492.17,0.3496,0.3814,0,No,0,0
CUST-003135,33,Female,Single,Master,Salaried,35396.9,1663.29,644.0,9.5,3,0,9812.59,36,12.26,0,3419.25,2876.18,Mortgage,2,7.1,West,422.1,0.5639,0.2152,1,No,0,0
CUST-003136,45,Female,Widowed,Bachelor,Salaried,22111.21,483.26,733.0,24.5,3,0,6352.48,24,5.75,1,1804.97,1931.21,Rent,0,12.3,East,889.27,0.2623,0.6293,1,Yes,0,0
CUST-003137,52,Female,Married,Bachelor,Salaried,81142.82,1517.33,777.0,30.2,0,0,10542.88,36,5.63,2,5794.89,4032.71,Mortgage,3,11.8,West,5265.2,0.2244,0.2728,1,No,0,0
CUST-003138,34,Male,Married,Associate,Salaried,30823.23,879.42,649.0,7.4,2,1,35862.88,24,7.81,3,1351.07,-1212.7,Rent,1,1.1,South,740.81,0.3424,0.4864,0,No,0,0
CUST-003139,58,Male,Single,High School,Salaried,37906.01,1303.56,769.0,37.7,3,0,14838.81,72,2.55,2,6691.92,3914.08,Own,0,,South,787.79,0.4127,0.7056,1,No,0,0
CUST-003140,39,Female,Married,High School,Self-employed,51697.85,768.87,546.0,12.4,3,2,9844.2,36,14.28,2,9923.5,3593.44,Rent,4,16.5,East,3569.73,0.1785,0.3552,1,No,1,0
CUST-003141,58,Male,Married,Bachelor,Contract,42892.37,575.92,682.0,39.6,3,0,26865.1,48,8.94,3,13223.65,6236.88,Mortgage,0,13.6,West,1859.56,0.1611,0.4794,4,Yes,0,0
CUST-003142,18,Female,Divorced,Bachelor,Retired,64596.21,1196.03,716.0,0.0,4,1,11945.46,36,4.48,1,8151.75,9731.88,Mortgage,0,0.0,South,2933.0,0.2222,0.3914,3,No,0,0
CUST-003143,44,Female,Married,Master,Salaried,44276.89,1026.09,703.0,20.6,2,1,14734.39,36,2.87,1,289.85,,Rent,1,10.9,Central,1899.25,0.2781,0.8166,1,No,0,0
CUST-003144,39,Female,Single,Bachelor,Contract,,1010.89,643.0,18.0,2,2,16999.16,60,5.89,1,13736.04,1862.68,Other,1,6.5,East,2553.62,0.26,0.6614,1,No,0,1
CUST-003145,32,Male,Married,High School,Contract,62961.0,3668.98,725.0,13.7,3,0,13672.97,36,3.19,4,2017.94,2223.73,Mortgage,3,7.5,Central,2751.55,0.6993,0.2962,3,No,0,0
CUST-003146,36,Male,Single,Bachelor,Salaried,34862.74,419.67,730.0,13.2,2,0,19081.87,60,6.38,2,,87.98,Own,0,2.4,West,1854.97,0.1445,0.7955,1,No,0,0
CUST-003147,45,Male,Married,Associate,Salaried,21509.38,941.26,671.0,15.3,2,1,45989.61,24,8.13,3,653.31,902.96,Rent,2,17.2,West,1318.77,0.5251,,1,No,0,0
CUST-003148,33,Male,Divorced,Bachelor,Salaried,99515.61,2439.83,692.0,13.5,7,0,12615.34,48,5.44,0,9870.04,12495.48,Mortgage,1,5.2,West,3739.44,0.2942,0.381,0,No,0,0
CUST-003149,47,Male,Single,High School,Salaried,18889.39,731.64,601.0,24.8,3,1,11645.8,24,8.58,3,2098.06,-606.13,Rent,0,14.1,South,932.48,0.4648,0.6597,1,No,1,1
CUST-003150,47,Female,Married,High School,Contract,35147.1,910.07,582.0,26.8,2,2,82847.55,36,15.01,3,0.0,1872.46,Mortgage,2,16.3,West,1399.79,0.3107,0.943,2,Yes,1,1
CUST-003151,43,Male,Married,High School,Self-employed,34394.84,523.75,733.0,24.0,4,0,14111.84,60,4.03,2,19893.89,3591.38,Own,4,5.9,Central,1916.67,0.1827,0.3726,2,No,0,0
CUST-003152,44,Female,Married,Bachelor,Unemployed,36481.02,1296.34,680.0,19.5,2,1,19568.62,36,8.54,2,4345.72,403.02,Rent,1,2.1,West,948.5,0.4264,,2,No,0,0
CUST-003153,40,Male,Married,Bachelor,Salaried,89653.83,900.94,622.0,20.3,2,3,29793.33,36,7.31,1,187.46,2051.23,Own,2,5.7,East,4279.46,0.1206,0.6291,2,No,1,1
CUST-003154,44,Male,Married,Associate,Unemployed,20376.31,657.19,,24.2,3,3,5379.84,84,7.34,1,454.48,1103.24,Other,1,0.6,South,802.06,0.387,0.9069,0,No,0,1
CUST-003155,55,Female,Divorced,High School,Salaried,32928.74,573.67,702.0,34.5,3,0,36556.84,60,3.44,1,2655.91,2677.12,Mortgage,0,4.6,North,1972.0,0.2091,0.772,0,Yes,0,0
CUST-003156,73,Male,Married,Master,Self-employed,90348.06,3148.38,590.0,50.0,3,4,14430.91,48,11.17,2,22515.64,5324.23,Own,2,34.1,North,3339.89,0.4182,0.7612,1,No,1,1
CUST-003157,28,Male,Divorced,Bachelor,Contract,59490.4,3505.4,719.0,7.9,3,0,61766.45,12,2.5,2,16909.94,1386.86,Rent,0,6.4,North,1779.66,0.7071,0.1199,0,No,0,0
CUST-003158,50,Male,Divorced,Doctorate,Contract,82858.21,928.46,756.0,31.0,4,0,10071.07,36,3.77,1,5384.68,4193.65,Mortgage,0,21.5,South,2942.29,0.1345,0.3153,0,No,0,0
CUST-003159,57,Male,Single,Master,Salaried,75308.37,622.87,700.0,37.6,3,0,73141.43,60,8.09,0,2188.6,5083.22,Own,1,3.6,Central,922.65,0.0993,0.4792,0,No,0,1
CUST-003160,52,Female,Married,Bachelor,Salaried,70811.42,808.9,680.0,27.1,1,1,41860.94,12,9.28,0,17474.12,2206.5,Rent,1,13.9,South,3603.49,0.1371,0.2956,0,No,0,0
CUST-003161,39,Male,Married,Associate,Salaried,69610.33,2129.79,505.0,14.8,2,6,10993.9,36,10.32,0,35872.87,2826.19,Mortgage,0,2.6,South,2921.53,0.3672,1.0674,2,No,1,1
CUST-003162,54,Male,Married,High School,Salaried,30873.27,1051.18,735.0,32.6,3,0,19534.69,24,7.07,2,9011.77,1915.01,Own,1,,East,1345.45,0.4086,0.6697,1,No,0,0
CUST-003163,40,Male,Single,Master,Contract,49687.49,1568.54,697.0,19.0,4,0,29177.51,60,6.18,1,5240.85,-428.41,Mortgage,0,8.3,Central,766.57,0.3788,0.3329,1,No,0,0
CUST-003164,48,Female,Married,High School,Salaried,39276.05,2201.72,547.0,22.6,2,3,22507.2,36,16.2,4,3346.76,1183.36,Mortgage,1,12.6,East,486.73,0.6727,0.9884,5,No,1,1
CUST-003165,32,Female,Married,Bachelor,Contract,77554.43,3246.7,741.0,10.2,1,0,53781.0,48,3.56,2,2934.59,-746.35,Other,3,3.9,West,4524.48,0.5024,0.1997,1,Yes,0,0
CUST-003166,53,Female,Single,Bachelor,Salaried,43552.57,1850.42,689.0,33.0,0,0,30530.94,60,3.62,2,1033.8,1834.67,Mortgage,1,16.2,East,1990.91,0.5098,0.5997,1,No,0,0
CUST-003167,40,Male,Married,Bachelor,Salaried,49333.82,1256.86,686.0,9.3,4,1,20304.9,60,5.52,1,6023.56,2661.0,Own,2,6.4,Central,423.22,0.3057,0.8182,0,No,0,0
CUST-003168,56,Male,Single,Bachelor,Retired,41624.68,770.56,674.0,36.1,3,1,7378.57,48,9.5,2,,,Mortgage,0,11.1,East,2104.44,0.2221,0.6519,1,No,0,1
CUST-003169,35,Male,Single,High School,Salaried,39472.22,456.47,671.0,15.5,6,1,68471.08,12,10.91,2,1478.92,4206.95,Rent,0,1.7,South,596.13,0.1388,0.6069,2,No,1,0
CUST-003170,32,Male,Married,High School,Contract,,354.66,541.0,11.9,0,6,28047.81,36,11.84,2,593.58,2160.69,Rent,1,2.6,East,825.66,0.1088,0.6448,1,No,1,1
CUST-003171,41,Male,Single,Bachelor,Retired,15377.4,305.11,752.0,21.0,2,0,32937.2,24,7.77,0,866.46,1638.13,Rent,0,7.7,South,478.25,0.2381,0.5839,0,No,0,0
CUST-003172,53,Non-binary,Married,High School,Salaried,36851.16,804.72,627.0,29.5,4,0,22312.94,36,6.89,2,900.84,963.95,Rent,0,14.7,West,2818.33,0.262,0.3767,1,No,0,1
CUST-003173,24,Female,Married,Associate,Salaried,28732.07,368.37,765.0,1.7,6,0,12562.29,36,2.86,1,4773.41,5000.42,Mortgage,3,1.6,Central,1681.94,0.1539,0.3427,2,Yes,0,0
CUST-003174,46,Female,Married,High School,Salaried,39744.99,1142.3,685.0,26.5,2,1,15882.75,72,5.71,1,23643.29,-833.0,Rent,1,,Central,1591.73,0.3449,0.1008,1,No,0,0
CUST-003175,45,Male,Married,High School,Unemployed,7908.57,870.0,617.0,19.1,4,2,29077.13,36,8.59,4,0.0,-539.21,Rent,0,1.5,East,402.12,1.3201,0.5202,1,Yes,0,1
CUST-003176,32,Female,Single,Bachelor,Salaried,104368.52,1199.98,721.0,11.1,1,1,25687.94,60,6.95,3,7590.43,1017.7,Mortgage,1,5.9,Central,3192.15,0.138,0.5331,0,No,0,0
CUST-003177,31,Male,Single,High School,Contract,28333.97,1598.85,751.0,5.8,2,1,21731.51,60,2.78,1,10421.66,,Mortgage,1,,East,1539.81,0.6771,0.4699,0,No,0,1
CUST-003178,33,Male,Married,Bachelor,Salaried,22966.97,774.56,643.0,10.4,3,0,15951.01,84,5.55,2,588.79,999.16,Rent,0,4.7,East,358.39,0.4047,0.0787,0,No,0,1
CUST-003179,43,Male,Married,High School,Salaried,31676.17,749.2,671.0,19.9,4,0,13213.98,36,9.05,1,3312.37,1399.75,Rent,2,13.3,North,1771.63,0.2838,0.1367,0,No,0,0
CUST-003180,60,Male,Single,Bachelor,Unemployed,10581.33,719.67,733.0,40.3,1,1,16727.85,24,8.43,2,1264.84,-2.16,Mortgage,1,2.1,East,521.99,0.8162,0.2053,3,No,0,0
CUST-003181,21,Male,Single,Master,Self-employed,135389.22,6157.4,782.0,0.0,3,0,27345.87,36,8.9,3,9057.09,969.38,Mortgage,0,1.3,East,3089.16,0.5458,0.7996,1,No,0,0
CUST-003182,37,Female,Divorced,High School,Salaried,58286.23,1635.67,760.0,16.2,6,0,9999.44,24,2.5,1,11930.12,3926.51,Own,1,4.6,East,3213.19,0.3368,0.1361,1,No,0,0
CUST-003183,48,Male,Married,Master,Salaried,99314.37,3335.91,731.0,29.6,4,1,8652.87,60,3.07,1,2882.32,9084.46,Mortgage,2,4.3,South,4168.81,0.4031,0.5463,0,No,0,0
CUST-003184,24,Female,Married,High School,Salaried,28281.02,1325.31,738.0,3.6,4,2,15974.16,60,2.56,0,2294.0,4024.27,Mortgage,1,1.9,South,671.1,0.5623,0.7286,2,No,0,0
CUST-003185,24,Male,Married,Master,Self-employed,107514.72,1292.09,773.0,3.4,8,0,16851.93,48,3.12,8,3974.27,8798.17,Mortgage,1,2.8,Central,3911.7,0.1442,0.1426,3,No,0,0
CUST-003186,44,Male,Married,High School,Unemployed,7000.0,79.35,748.0,21.9,6,1,69050.58,60,2.5,1,682.06,678.46,Rent,4,1.2,East,955.29,0.136,0.4215,0,No,0,0
CUST-003187,39,Female,Married,High School,Contract,61552.18,1144.44,474.0,13.8,2,4,7671.78,48,15.85,1,0.0,-457.08,Mortgage,1,9.6,West,3617.37,0.2231,0.8477,2,No,1,1
CUST-003188,40,Male,Single,High School,Retired,19481.66,448.54,630.0,20.8,4,2,50883.43,60,6.98,1,1165.0,2265.33,Mortgage,1,6.9,East,872.01,0.2763,0.4123,0,No,0,0
CUST-003189,31,Female,Single,Bachelor,Salaried,58170.07,3427.78,710.0,9.6,9,0,19817.67,36,4.76,4,11573.72,-865.85,Other,1,4.3,West,1543.19,0.7071,0.3191,1,No,0,1
CUST-003190,63,Non-binary,Single,Associate,Salaried,67688.41,2448.44,685.0,42.1,4,1,66143.21,72,7.8,1,20252.8,,Rent,0,32.0,East,3014.66,0.4341,0.7906,3,No,0,0
CUST-003191,25,Male,Married,High School,Salaried,55016.14,1391.3,697.0,3.8,5,1,28925.96,60,4.94,2,6776.36,1798.02,Rent,4,4.4,North,2187.53,0.3035,0.4766,0,No,0,0
CUST-003192,34,Male,Married,Associate,Salaried,74900.82,1155.96,715.0,14.0,4,1,13593.34,60,4.92,0,2482.06,5850.78,Mortgage,3,5.9,East,5154.95,0.1852,0.3152,0,No,0,0
CUST-003193,60,Female,Divorced,Bachelor,Salaried,49243.38,1340.11,760.0,36.9,1,0,12334.73,48,6.74,4,3573.54,2634.25,Mortgage,1,22.2,South,678.48,0.3266,0.6387,4,Yes,0,0
CUST-003194,55,Male,Divorced,Master,Contract,45174.51,694.57,698.0,35.3,2,1,16311.9,60,4.63,2,1168.7,-208.03,Mortgage,0,26.8,South,1719.9,0.1845,0.3435,3,No,0,0
CUST-003195,50,Male,Married,High School,Salaried,37753.58,1599.09,740.0,31.1,3,0,13209.1,48,7.93,3,5087.33,-1306.23,Other,2,4.5,South,1599.11,0.5083,,3,No,0,0
CUST-003196,51,Female,Widowed,Bachelor,Self-employed,24081.76,758.64,776.0,30.6,3,0,14226.93,84,3.99,3,1762.84,1184.23,Rent,0,18.1,Central,776.92,0.378,0.5672,3,Yes,0,0
CUST-003197,42,Male,Divorced,High School,Salaried,72147.64,3106.83,664.0,22.0,2,0,88051.19,84,7.12,1,15479.0,1282.36,Rent,0,9.9,Central,1194.89,0.5167,0.2837,0,No,0,0
CUST-003198,29,Male,Divorced,High School,Salaried,42658.18,1253.46,728.0,9.5,1,2,12825.52,60,2.5,0,4026.17,-2166.19,Rent,1,5.4,Central,1207.47,0.3526,0.3321,0,No,0,0
CUST-003199,47,Female,Single,Bachelor,Self-employed,,8921.67,696.0,25.9,5,2,20658.65,12,3.84,1,5472.47,12617.13,Mortgage,0,17.6,Central,9036.59,0.4987,0.9061,1,No,0,0
CUST-003200,46,Male,Single,Bachelor,Salaried,45865.86,2214.81,655.0,25.1,3,1,4676.32,36,9.73,3,5802.81,176.77,Mortgage,0,16.1,North,1776.73,0.5795,0.3641,0,No,0,1
CUST-003201,30,Female,Widowed,Bachelor,Self-employed,86889.59,964.64,,8.7,1,0,12737.35,60,7.97,1,1020.93,8273.63,Mortgage,0,7.5,East,3496.86,0.1332,0.3746,0,No,0,1
CUST-003202,40,Male,Single,Associate,Retired,51752.15,1913.65,761.0,15.4,4,0,50884.51,60,2.5,1,19166.21,91.13,Rent,1,10.6,South,3336.0,0.4437,0.5413,1,No,0,0
CUST-003203,39,Female,Married,High School,Retired,25821.33,432.19,769.0,16.8,3,0,111408.09,72,5.36,2,5882.81,-521.04,Mortgage,2,13.2,South,1220.66,0.2009,0.2473,2,Yes,0,0
CUST-003204,50,Female,Married,Associate,Self-employed,50713.96,788.06,699.0,22.6,2,2,39122.8,60,7.4,1,4143.16,1926.58,Rent,1,8.1,West,1746.25,0.1865,0.32,1,No,0,0
CUST-003205,50,Female,Single,Master,Salaried,46396.23,1193.48,695.0,28.7,6,0,14777.2,24,7.06,1,8278.39,9904.99,Rent,1,8.5,East,2594.29,0.3087,0.1024,4,No,0,0
CUST-003206,43,Female,Single,High School,Salaried,21660.72,1179.12,784.0,14.8,3,0,51315.56,36,4.59,1,3479.87,-121.91,Rent,0,10.9,South,663.71,0.6532,0.3439,0,No,0,0
CUST-003207,18,Female,Married,Bachelor,Salaried,30820.5,661.86,722.0,0.0,1,0,11715.7,60,5.12,1,3842.04,494.9,Rent,3,0.0,East,2444.82,0.2577,0.9242,1,No,0,0
CUST-003208,38,Female,Married,Bachelor,Self-employed,52853.57,754.0,740.0,17.6,5,0,29352.35,36,5.82,0,18614.39,660.83,Rent,1,11.1,West,2752.78,0.1712,0.7034,0,Yes,0,0
CUST-003209,36,Male,Single,Associate,Self-employed,38493.7,970.05,676.0,13.7,1,1,19978.61,60,5.59,2,32647.72,-2239.29,Mortgage,0,3.1,North,942.57,0.3024,0.0847,1,No,0,0
CUST-003210,36,Male,Married,Associate,Retired,35233.17,664.73,712.0,15.7,3,1,9846.89,24,2.5,1,2589.92,1311.35,Rent,0,9.3,North,350.0,0.2264,0.3388,0,No,0,0
CUST-003211,49,Male,Single,Doctorate,Retired,69865.14,2344.89,718.0,30.4,4,1,10451.91,60,9.54,0,13706.83,2514.15,Mortgage,1,14.1,East,641.2,0.4028,0.4649,1,No,0,0
CUST-003212,51,Female,Married,High School,Self-employed,27488.07,466.14,656.0,32.3,0,2,12623.4,36,10.36,0,2613.03,4517.11,Rent,1,8.7,North,1440.29,0.2035,0.8319,0,No,0,0
CUST-003213,45,Female,Married,High School,Salaried,48794.68,1118.8,772.0,21.3,4,0,19036.92,12,3.56,0,5674.39,818.1,Mortgage,1,10.7,South,350.0,0.2751,0.1102,0,Yes,0,0
CUST-003214,35,Female,Single,Associate,Self-employed,79240.02,1985.23,694.0,15.3,4,1,5080.93,12,6.99,1,2308.22,3395.2,Rent,1,4.8,Central,3452.56,0.3006,0.9011,2,No,0,1
CUST-003215,49,Non-binary,Divorced,Bachelor,Salaried,69748.51,2969.28,738.0,29.0,4,0,22765.16,48,9.71,1,2708.82,5843.42,Mortgage,0,5.5,Central,3200.83,0.5109,0.6778,0,No,0,0
CUST-003216,36,Female,Single,Associate,Contract,36090.86,1231.45,656.0,12.6,1,3,6009.46,60,9.71,0,7223.42,-228.17,Other,0,0.8,East,1827.53,0.4094,0.4905,0,No,0,0
CUST-003217,24,Male,Married,Associate,Salaried,102527.32,233.76,743.0,5.6,3,0,13019.14,36,6.6,0,23059.84,13241.79,Rent,1,4.1,North,6124.22,0.0274,0.4934,0,No,0,0
CUST-003218,50,Male,Married,Bachelor,Salaried,56087.69,1048.19,725.0,26.1,6,1,20602.35,60,3.08,0,41162.92,1272.84,Rent,2,15.1,South,3057.51,0.2243,0.3413,0,No,0,0
CUST-003219,45,Female,Married,Doctorate,Salaried,47161.34,1629.91,725.0,19.0,0,0,19278.83,60,3.8,1,6952.21,4923.7,Rent,2,3.7,South,1748.66,0.4147,0.1831,3,No,0,1
CUST-003220,54,Female,Single,High School,Contract,67352.04,1136.81,684.0,31.7,5,0,44265.12,36,8.21,3,3408.88,2022.97,Rent,0,23.8,East,1673.96,0.2025,0.3136,1,No,0,0
CUST-003221,42,Male,Married,Bachelor,Salaried,73878.59,2185.74,736.0,20.9,2,0,9894.64,36,6.2,2,29972.05,7713.56,Rent,1,5.7,West,5292.82,0.355,0.5478,2,No,0,0
CUST-003222,55,Female,Married,High School,Contract,19907.36,417.19,610.0,35.2,3,2,31108.09,36,11.94,0,4719.33,1112.06,Rent,4,23.5,Central,857.38,0.2515,0.9087,3,No,1,0
CUST-003223,68,Female,Married,Associate,Salaried,102728.89,909.97,631.0,43.3,6,3,25235.19,12,9.9,2,6521.43,3603.46,Mortgage,4,9.5,North,6264.62,0.1063,0.6131,2,Yes,1,1
CUST-003224,34,Male,Married,Bachelor,Salaried,103261.39,1470.77,762.0,14.2,1,0,26845.22,60,2.5,0,2451.15,5451.33,Rent,2,3.3,North,4903.69,0.1709,0.3536,3,No,0,0
CUST-003225,36,Female,Married,High School,Salaried,30656.07,551.02,762.0,13.1,5,1,24093.03,60,2.5,0,11750.79,3636.03,Rent,2,8.7,South,1074.22,0.2157,0.803,0,No,0,0
CUST-003226,26,Male,Single,Bachelor,Salaried,51917.37,668.91,726.0,2.1,5,0,9774.83,48,4.69,0,9174.69,-3349.66,Mortgage,0,3.6,Central,850.3,0.1546,0.3097,0,No,0,0
CUST-003227,51,Male,Married,Bachelor,Self-employed,86839.6,3988.17,580.0,31.1,3,3,32640.36,60,11.81,3,10128.3,6689.24,Mortgage,2,7.4,West,2728.6,0.5511,0.399,3,Yes,1,1
CUST-003228,74,Male,Divorced,Bachelor,Unemployed,21390.8,496.02,720.0,50.0,5,0,25735.53,48,3.18,0,2985.31,1580.7,Mortgage,1,3.1,West,701.43,0.2783,0.8171,1,No,0,0
CUST-003229,33,Female,Married,Associate,Self-employed,58827.1,2110.79,658.0,14.8,3,0,7553.01,60,10.04,3,6450.73,5880.58,Rent,2,9.5,East,2028.83,0.4306,0.3012,0,No,0,0
CUST-003230,34,Male,Single,Associate,Contract,19326.5,686.91,750.0,12.3,3,0,15191.75,36,6.52,4,1592.87,2014.49,Mortgage,0,8.3,Central,556.39,0.4265,0.4358,0,No,0,0
CUST-003231,65,Female,Single,Bachelor,,17994.65,387.4,704.0,41.7,3,0,180000.0,36,9.5,1,4888.19,-128.71,Mortgage,1,27.8,North,808.23,0.2583,0.2823,0,Yes,0,0
CUST-003232,27,Male,Married,Bachelor,Salaried,53456.63,1360.4,707.0,5.7,3,0,26970.66,36,10.48,1,,2684.41,Rent,2,2.3,Central,3204.33,0.3054,0.86,0,No,0,1
CUST-003233,39,Female,Married,High School,Salaried,40267.86,544.98,692.0,16.5,5,2,7165.57,48,4.44,0,983.32,-175.67,Own,1,6.4,East,1440.23,0.1624,0.4314,0,No,0,0
CUST-003234,35,Male,Divorced,Associate,Unemployed,27119.55,1527.47,682.0,14.4,4,2,6543.61,12,5.29,3,5652.11,289.06,Mortgage,1,0.2,South,1127.47,0.6759,0.4083,1,Yes,0,0
CUST-003235,47,Male,Widowed,Associate,Salaried,42897.14,305.07,,24.3,4,1,82145.45,60,2.85,0,13239.23,56.82,Own,2,11.0,Central,2282.8,0.0853,0.566,0,No,0,0
CUST-003236,52,Non-binary,Single,Bachelor,Salaried,119593.4,2860.16,633.0,30.3,3,3,11790.22,60,7.87,1,7585.51,710.67,Own,1,7.1,West,4177.35,0.287,0.6402,1,No,0,0
CUST-003237,27,Female,Married,Master,Salaried,51183.13,2240.1,713.0,3.4,3,2,41635.74,48,6.88,1,,654.36,Mortgage,0,4.3,Central,2484.01,0.5252,0.1927,2,No,0,0
CUST-003238,44,Male,Single,Doctorate,Unemployed,42339.57,820.47,699.0,22.4,6,1,9936.15,12,7.79,1,1331.9,775.56,Own,1,0.4,West,781.26,0.2325,0.6487,2,No,0,0
CUST-003239,52,Male,Married,Bachelor,Salaried,82299.48,914.96,714.0,30.2,3,1,64269.31,36,4.72,1,2107.65,16515.22,Mortgage,1,1.6,East,1275.27,0.1334,0.4905,4,No,0,0
CUST-003240,47,Female,Divorced,Bachelor,Retired,28371.49,626.42,775.0,24.2,2,0,9179.29,36,6.32,4,2990.06,2976.84,Rent,0,18.0,Central,1114.68,0.265,0.3016,0,No,0,0
CUST-003241,34,Female,Single,Bachelor,Salaried,37784.57,1616.15,724.0,8.3,2,0,14863.1,48,6.63,1,10393.53,1892.98,Own,0,12.0,North,1933.32,0.5133,0.57,0,No,0,0
CUST-003242,29,Male,Divorced,Bachelor,Retired,111495.0,1684.85,703.0,7.9,1,1,12575.32,60,4.36,3,913.02,8808.52,Own,1,3.9,South,5235.13,0.1813,0.781,2,No,0,1
CUST-003243,63,Female,Divorced,Master,Salaried,39564.28,450.69,659.0,36.8,3,1,28411.03,36,6.86,0,1824.27,281.8,Own,0,15.2,South,1672.23,0.1367,0.4664,1,No,0,0
CUST-003244,46,Female,Single,Bachelor,Salaried,69660.51,2648.45,782.0,21.9,5,0,14385.78,60,2.5,5,3390.48,3246.55,Rent,0,2.4,North,4282.81,0.4562,0.363,2,No,0,0
CUST-003245,50,Female,Married,High School,Salaried,70689.32,2483.97,695.0,21.3,3,1,16743.57,60,6.97,2,33153.46,613.86,Rent,3,5.4,West,2947.49,0.4217,0.3609,1,No,0,0
CUST-003246,41,Female,Married,Bachelor,Salaried,38517.15,1037.46,729.0,17.2,2,0,7203.63,72,7.42,2,10035.25,3781.48,Mortgage,3,11.6,East,1616.96,0.3232,0.4197,2,No,0,0
CUST-003247,46,Female,Single,Bachelor,Self-employed,,244.43,644.0,23.3,3,1,18348.22,60,5.56,1,1777.84,,Mortgage,2,19.2,East,1146.1,0.088,0.5187,1,No,0,0
CUST-003248,49,Female,Married,Bachelor,Self-employed,52520.38,541.12,682.0,27.8,1,0,9055.99,60,7.54,0,10432.8,10694.21,Rent,2,22.3,West,1902.37,0.1236,0.5633,0,No,0,0
CUST-003249,34,Female,Single,Bachelor,Salaried,41707.92,802.86,662.0,15.3,2,0,25059.01,60,5.54,1,18896.21,-2523.43,Own,0,2.2,Central,1645.6,0.231,0.42,3,No,0,0
CUST-003250,51,Male,Married,Doctorate,Unemployed,,551.86,644.0,27.9,1,3,16056.96,48,7.85,2,24.56,229.47,Rent,3,2.0,West,1385.06,0.3158,0.8306,2,No,0,1
CUST-003251,47,Male,Single,Associate,Salaried,31471.03,1052.17,683.0,27.8,2,2,21268.71,36,8.69,1,2040.27,-137.76,Mortgage,1,11.9,West,788.81,0.4012,0.6767,2,No,0,0
CUST-003252,52,Male,Married,Master,Salaried,46686.92,1541.03,764.0,23.9,6,0,17289.9,36,3.65,1,6197.77,5563.41,Mortgage,0,20.3,East,3327.61,0.3961,0.5495,1,No,0,0
CUST-003253,54,Female,Married,Master,Salaried,125440.22,2074.6,771.0,34.0,4,0,16598.5,36,2.5,2,17752.9,766.17,Mortgage,2,12.0,North,2430.64,0.1985,0.539,2,No,0,0
CUST-003254,59,Female,Single,High School,Unemployed,7000.0,259.23,665.0,36.1,3,0,11313.4,36,9.06,2,2998.98,824.89,Mortgage,0,1.8,East,350.0,0.4444,0.4789,1,No,0,1
CUST-003255,45,Male,Single,Master,Retired,46813.8,625.46,752.0,25.0,2,0,12385.21,60,3.47,1,,2471.82,Mortgage,0,11.4,North,2239.41,0.1603,0.4912,2,No,0,0
CUST-003256,37,Female,Married,Bachelor,Salaried,79477.23,873.32,782.0,14.3,5,0,33605.92,60,5.09,1,9010.59,714.15,Mortgage,3,6.9,North,3062.78,0.1319,0.5066,1,Yes,0,1
CUST-003257,45,Female,Married,Bachelor,Contract,28535.02,915.29,727.0,19.6,5,1,18208.19,60,7.16,0,5028.87,2689.8,Rent,1,9.8,South,448.81,0.3849,0.314,0,No,0,0
CUST-003258,66,Female,Single,Bachelor,Salaried,15699.25,897.29,599.0,43.9,4,2,24923.87,84,8.44,2,3490.42,883.84,Mortgage,0,32.9,South,872.47,0.6859,0.6205,4,No,1,1
CUST-003259,49,Female,Married,High School,Salaried,44630.12,892.33,760.0,30.0,4,0,81823.78,84,2.5,1,25479.41,1602.92,Own,3,18.5,West,892.21,0.2399,0.6892,2,Yes,0,0
CUST-003260,65,Female,Single,Master,Contract,58854.85,1929.83,615.0,44.1,3,2,57682.11,60,7.51,1,2976.22,1221.55,Rent,0,23.0,East,3212.08,0.3935,0.3518,3,No,0,0
CUST-003261,27,Male,Married,Bachelor,Contract,116837.64,1931.35,597.0,5.0,4,4,24054.93,12,13.94,1,7519.04,2104.02,Mortgage,1,5.6,East,8640.45,0.1984,0.7203,3,No,1,1
CUST-003262,38,Female,Widowed,Master,Salaried,139373.77,3662.44,754.0,15.9,1,1,73271.78,60,7.71,2,17331.82,4328.74,Own,0,1.7,Central,7739.79,0.3153,0.6853,0,No,0,0
CUST-003263,29,Male,Single,Master,Self-employed,55517.67,1694.28,710.0,10.6,3,1,38059.64,24,6.56,3,,6867.64,Mortgage,0,1.8,West,1469.53,0.3662,0.8278,0,No,0,0
CUST-003264,27,Male,Single,Bachelor,Contract,69586.54,2345.38,721.0,4.8,3,0,6768.07,36,7.49,2,5294.85,7478.35,Own,0,5.6,West,3864.36,0.4045,0.3519,0,Yes,0,0
CUST-003265,51,Male,Single,Associate,Self-employed,66902.58,3364.25,736.0,32.4,7,0,12554.6,36,6.17,3,6877.15,6675.38,Own,0,13.5,Central,1129.88,0.6034,0.4182,1,No,0,0
CUST-003266,39,Non-binary,Married,High School,Salaried,53348.94,1350.25,652.0,16.4,4,0,27547.77,36,10.63,4,21419.55,594.82,Mortgage,0,9.5,Central,2777.43,0.3037,,4,No,0,0
CUST-003267,31,Female,Single,Bachelor,Retired,57046.45,1212.26,666.0,7.6,4,0,9030.66,12,4.45,3,920.33,4789.72,Mortgage,0,1.1,Central,2438.18,0.255,0.1782,0,No,0,1
CUST-003268,18,Male,Married,Bachelor,Salaried,79745.13,2039.79,,0.0,1,1,15835.96,36,2.5,2,1194.38,2203.54,Rent,1,0.0,North,2278.35,0.3069,0.5699,2,No,0,1
CUST-003269,38,Female,Single,Bachelor,Salaried,23009.98,1109.45,576.0,18.0,3,3,27354.04,60,11.42,2,2710.2,1344.97,Rent,1,5.9,East,1323.31,0.5786,0.4814,0,No,1,1
CUST-003270,35,Male,Married,Master,Salaried,101920.46,1625.9,712.0,10.7,3,1,7158.82,48,7.25,1,22440.08,10928.1,Rent,0,6.6,Central,2920.67,0.1914,0.6294,0,No,0,0
CUST-003271,42,Female,Married,Master,Salaried,35021.68,1900.18,714.0,21.8,5,0,12291.81,48,5.51,4,1328.27,1055.65,Mortgage,2,8.5,West,1972.21,0.6511,0.4247,2,No,0,0
CUST-003272,40,Male,Single,High School,Salaried,,2581.02,690.0,19.0,3,2,58462.55,36,6.89,1,1054.37,1465.19,Mortgage,0,11.7,South,1658.07,0.6654,0.498,1,Yes,0,0
CUST-003273,28,Female,Married,Bachelor,,16354.93,1102.87,670.0,7.6,3,2,22373.0,60,4.26,2,0.0,1780.36,Rent,1,0.0,North,595.85,0.8092,0.2962,1,No,0,0
CUST-003274,44,Male,Married,High School,Retired,15335.43,1091.13,568.0,25.4,3,3,15564.96,24,14.77,2,389.72,1702.5,Rent,4,1.9,North,1039.04,0.8538,0.7433,1,Yes,1,1
CUST-003275,32,Female,Single,High School,Salaried,43955.27,943.96,719.0,10.5,4,0,26359.29,24,3.13,0,7345.97,490.52,Own,1,6.8,North,1763.9,0.2577,0.2455,0,Yes,0,0
CUST-003276,37,Female,Single,Doctorate,Contract,103351.34,1768.12,779.0,11.7,5,0,16542.27,60,2.6,1,21210.74,4778.41,Rent,2,4.6,South,5213.21,0.2053,0.5171,1,No,0,1
CUST-003277,48,Male,Married,Associate,Salaried,45904.83,552.49,763.0,27.7,2,0,33821.85,24,3.97,0,7175.29,-864.97,Mortgage,0,6.4,North,2354.8,0.1444,0.5898,0,No,0,0
CUST-003278,38,Female,Single,Master,Contract,58739.94,2371.74,769.0,7.3,4,0,74338.17,60,4.09,1,63313.71,,Mortgage,0,8.9,West,3784.09,0.4845,0.3461,3,No,0,0
CUST-003279,35,Male,Single,Bachelor,Salaried,124077.64,1037.55,723.0,14.2,6,0,41879.92,60,5.29,2,415574.03,-2983.65,Rent,2,6.3,Central,6389.45,0.1003,0.3009,1,No,0,0
CUST-003280,46,Male,Single,Master,Self-employed,85366.49,3589.82,716.0,24.6,2,0,20552.23,24,3.73,0,8343.37,3654.5,Own,0,15.5,West,3466.19,0.5046,0.4231,1,No,0,0
CUST-003281,51,Male,Single,Master,Contract,45516.69,712.47,780.0,30.1,3,0,9594.98,48,3.19,1,3049.03,688.43,Mortgage,0,12.2,East,2674.37,0.1878,0.6843,0,No,0,0
CUST-003282,46,Female,Divorced,High School,Salaried,46209.31,1479.22,710.0,26.1,2,0,23127.91,60,3.71,2,28118.36,6777.51,Rent,0,1.5,North,2530.44,0.3841,0.3019,2,No,0,0
CUST-003283,56,Male,Single,High School,Self-employed,34931.66,2161.8,613.0,37.6,2,3,21964.5,60,6.71,3,701.08,2438.67,Mortgage,2,25.8,East,1523.35,0.7426,0.634,1,No,0,1
CUST-003284,47,Female,Married,Master,Salaried,217716.07,3293.65,755.0,26.6,3,0,21289.62,12,4.49,1,58665.79,22109.08,Mortgage,2,17.8,East,12019.36,0.1815,0.5436,2,No,0,0
CUST-003285,59,Female,Married,Bachelor,Self-employed,56272.39,1940.55,768.0,39.2,3,0,7454.22,36,5.91,4,8398.37,3073.38,Rent,2,9.0,South,1779.93,0.4138,0.1862,1,No,0,0
CUST-003286,18,Male,Married,Master,Salaried,202495.19,1963.37,766.0,0.0,4,0,7566.9,36,2.71,0,10622.26,16832.09,Rent,0,0.0,Central,4729.36,0.1164,0.4164,1,No,0,0
CUST-003287,34,Male,Divorced,Bachelor,Salaried,72999.82,2841.59,607.0,9.7,2,0,31993.55,60,9.0,0,5608.98,3333.46,Rent,0,3.3,West,1493.97,0.4671,0.6044,0,No,0,0
CUST-003288,33,Female,Single,High School,Salaried,58905.49,2922.49,648.0,9.0,1,1,64548.67,60,4.62,2,26274.58,-1101.9,Own,0,7.9,North,2440.1,0.5954,0.3734,2,No,0,0
CUST-003289,60,Male,Married,Bachelor,Self-employed,41620.13,1343.15,683.0,39.3,2,1,21506.7,36,5.14,1,12954.9,936.33,Own,1,4.3,Central,1657.92,0.3873,0.7879,0,No,0,0
CUST-003290,38,Female,Divorced,Master,Salaried,60245.39,1756.47,621.0,17.4,3,3,10777.51,84,9.45,1,1572.77,7835.38,Rent,1,12.6,South,1227.53,0.3499,0.5828,0,No,1,1
CUST-003291,48,Female,Single,Master,Salaried,109886.22,5233.52,686.0,28.3,2,0,9739.92,60,5.9,1,18327.69,6587.2,Rent,1,10.9,West,6992.97,0.5715,0.151,3,No,0,0
CUST-003292,38,Male,Widowed,Bachelor,Salaried,148665.52,5594.3,677.0,18.0,2,1,38546.27,60,8.82,0,16643.81,-3500.0,Rent,0,15.1,North,3280.81,0.4516,0.4463,1,No,0,0
CUST-003293,42,Male,Single,High School,Self-employed,33429.81,862.1,725.0,22.8,4,0,61377.61,60,2.5,2,4535.81,3514.39,Rent,0,,West,1065.12,0.3095,0.4491,3,No,0,1
CUST-003294,38,Female,Married,High School,Salaried,26883.52,887.79,737.0,16.9,5,1,5798.27,60,7.04,2,9661.83,1431.05,Mortgage,1,7.9,Central,887.82,0.3963,0.6668,1,No,0,0
CUST-003295,18,Female,Widowed,Associate,,46864.74,404.05,650.0,0.0,2,1,19717.95,24,7.1,0,6252.75,-14.02,Mortgage,0,0.0,Central,1458.92,0.1035,0.6472,3,Yes,0,0
CUST-003296,27,Male,Single,Bachelor,Retired,29743.99,1124.18,569.0,8.6,2,2,24970.31,24,11.75,1,3709.7,1201.76,Rent,0,1.9,North,1251.95,0.4535,0.3724,1,No,1,1
CUST-003297,29,Non-binary,Single,High School,Salaried,47576.97,241.83,712.0,6.5,0,1,16606.52,36,5.12,0,3256.42,1920.16,Mortgage,1,3.7,South,2717.19,0.061,,1,No,0,0
CUST-003298,54,Male,Married,High School,Salaried,25575.19,343.16,785.0,29.7,1,0,11164.65,24,5.89,1,15134.47,1997.81,Own,0,9.6,Central,672.77,0.161,0.205,1,No,0,0
CUST-003299,18,Female,Divorced,Bachelor,Salaried,61282.78,2496.44,757.0,0.0,2,1,14177.03,24,4.22,2,6359.17,-945.38,Mortgage,0,0.0,Central,2952.92,0.4888,0.2991,0,Yes,0,0
CUST-003300,35,Female,Single,High School,Self-employed,38526.38,531.55,647.0,12.2,1,2,11708.41,60,7.94,1,742.08,1882.24,Other,1,3.6,North,395.11,0.1656,0.7698,1,No,0,0
CUST-003301,39,Female,Married,High School,Contract,37592.53,1103.27,644.0,11.0,1,1,9342.23,72,7.45,2,1194.36,1785.66,Rent,2,9.3,South,1280.78,0.3522,0.8389,1,Yes,0,0
CUST-003302,45,Male,Married,Master,Salaried,56932.85,1857.91,619.0,26.4,7,3,9750.25,48,10.48,2,60.49,1205.65,Rent,0,7.0,South,1684.45,0.3916,0.625,0,No,1,0
CUST-003303,46,Male,Married,High School,Salaried,52027.89,2484.78,739.0,21.6,2,0,78639.64,48,3.03,2,1895.16,47.54,Own,0,2.2,East,606.71,0.5731,0.309,3,Yes,0,0
CUST-003304,35,Male,Single,Bachelor,Contract,46227.2,473.24,617.0,15.5,2,1,8995.7,60,9.68,1,740.13,695.58,Rent,1,3.0,North,3156.51,0.1228,0.2302,1,No,0,0
CUST-003305,30,Male,Married,Associate,Salaried,58869.39,1808.58,767.0,2.4,3,0,10553.42,60,5.79,0,1423.98,4476.89,Mortgage,4,11.6,West,4322.94,0.3687,0.7109,1,No,0,0
CUST-003306,43,Female,Married,Bachelor,Salaried,77909.0,889.45,692.0,20.8,4,1,47241.77,36,7.16,1,7576.45,5715.59,Rent,3,7.3,West,1828.9,0.137,0.468,3,No,0,0
CUST-003307,29,Female,Married,Bachelor,Salaried,143274.25,1987.08,736.0,7.1,2,0,7049.78,60,4.53,0,4971.02,23411.32,Own,3,3.9,East,9132.55,0.1664,0.1227,1,No,0,0
CUST-003308,33,Male,Single,Master,Unemployed,43850.03,706.28,736.0,12.0,5,1,54746.38,60,3.47,2,4847.23,3771.95,Rent,2,0.8,North,1366.17,0.1933,0.4373,0,No,0,0
CUST-003309,40,Female,Divorced,Master,Salaried,111011.64,3039.24,664.0,20.9,1,2,109769.94,48,8.16,2,11544.25,8330.74,Mortgage,0,10.3,North,5046.78,0.3285,0.6618,0,No,0,0
CUST-003310,66,Male,Married,High School,Unemployed,39329.01,422.61,728.0,47.2,3,2,10574.54,84,6.08,1,676.82,881.16,Rent,4,4.4,East,1885.42,0.1289,0.4236,0,No,0,0
CUST-003311,37,Male,Single,Bachelor,Self-employed,19134.39,1218.06,681.0,12.1,5,1,24088.77,48,4.71,1,409.29,767.84,,0,11.0,North,755.38,0.7639,0.4184,0,No,0,0
CUST-003312,61,Female,Married,Master,Salaried,78333.79,2221.12,682.0,37.2,7,1,25110.17,36,3.61,4,873.0,991.7,Own,1,9.8,West,2137.34,0.3403,0.3577,1,No,0,1
CUST-003313,41,Male,Married,Bachelor,Self-employed,34919.49,728.98,640.0,18.7,4,1,45638.97,36,10.89,1,3634.51,463.65,Own,2,7.1,East,2123.68,0.2505,0.4098,2,No,0,0
CUST-003314,44,Male,Widowed,Bachelor,Unemployed,35066.76,1459.47,708.0,17.4,3,0,7961.38,36,4.59,1,14008.66,3285.61,Rent,0,2.9,South,978.94,0.4994,0.3052,1,No,0,0
CUST-003315,31,Male,Married,Bachelor,Salaried,36920.41,1453.38,613.0,6.1,3,2,7600.89,36,5.98,3,30116.24,5355.6,Mortgage,2,3.3,North,1582.3,0.4724,0.3734,0,No,0,0
CUST-003316,40,Male,Divorced,Bachelor,Self-employed,122655.64,3881.05,693.0,18.5,6,0,11817.81,84,9.7,2,4547.99,14720.83,Mortgage,1,5.3,West,3643.38,0.3797,0.4531,2,No,0,0
CUST-003317,30,Female,Married,High School,Salaried,17854.04,460.23,803.0,0.8,2,1,10435.06,24,3.2,1,5599.12,2740.99,Mortgage,0,2.5,Central,350.0,0.3093,0.5009,1,Yes,0,0
CUST-003318,40,Male,Married,High School,Salaried,26513.98,757.47,540.0,20.1,3,4,13595.88,60,14.1,1,2526.05,575.33,Rent,0,19.1,East,851.34,0.3428,0.7861,1,Yes,1,1
CUST-003319,37,Male,Married,Bachelor,Salaried,29318.11,1574.36,562.0,15.9,5,4,47761.15,48,12.84,1,8922.39,1999.16,Mortgage,2,15.5,West,1457.69,0.6444,0.9989,2,No,1,1
CUST-003320,33,Female,Single,High School,Salaried,37832.2,1470.73,721.0,13.6,0,0,3501.22,60,6.94,1,9407.98,2458.07,Mortgage,0,5.1,North,2362.92,0.4665,0.5564,2,No,0,0
CUST-003321,34,Male,Single,Master,Salaried,174585.49,3540.21,691.0,13.9,6,1,37108.34,84,5.81,0,85233.71,8514.83,Mortgage,2,5.0,South,4422.95,0.2433,0.879,1,No,0,0
CUST-003322,32,Female,Single,Bachelor,Salaried,40355.45,702.4,742.0,13.3,4,0,39991.01,48,7.37,0,5329.67,4813.64,Mortgage,1,5.1,West,799.76,0.2089,0.2074,2,No,0,0
CUST-003323,49,Female,Married,Master,Unemployed,35116.21,2284.59,,27.4,5,2,19378.52,24,7.21,2,4533.47,2579.6,Rent,1,3.0,South,1635.74,0.7807,0.9709,0,No,0,1
CUST-003324,44,Female,Single,Associate,Contract,36894.38,1138.97,672.0,24.8,2,1,19590.07,24,9.12,3,734.9,-580.32,Rent,0,15.8,Central,1493.14,0.3705,0.6989,1,Yes,0,0
CUST-003325,31,Female,Single,Bachelor,Contract,42512.6,1370.93,729.0,10.1,6,0,22114.13,60,6.6,3,28844.23,-1685.16,Rent,0,6.7,Central,3127.42,0.387,0.7553,4,No,0,1
CUST-003326,37,Male,Single,Bachelor,Retired,59031.18,1530.19,754.0,14.0,1,0,8799.22,60,3.26,1,2461.33,8247.27,Rent,0,5.9,East,842.37,0.3111,0.1679,1,No,0,0
CUST-003327,40,Female,Divorced,Bachelor,Salaried,135520.01,2571.9,675.0,18.0,6,1,21963.73,60,5.22,1,15309.55,1057.57,Rent,1,2.7,North,6536.65,0.2277,0.9363,3,No,0,0
CUST-003328,34,Female,Single,Associate,Unemployed,8435.58,124.34,678.0,13.0,5,1,22607.35,60,5.02,0,0.0,479.04,Mortgage,0,,West,386.18,0.1769,0.5038,1,No,0,0
CUST-003329,38,Female,Single,Bachelor,Contract,79928.58,3736.38,687.0,15.2,5,2,7986.83,24,3.79,4,5139.85,2594.09,Mortgage,1,7.1,West,3652.51,0.561,0.2986,3,No,0,0
CUST-003330,38,Male,Single,Associate,Salaried,95113.68,1987.53,707.0,18.5,3,1,50260.97,60,7.94,1,77031.2,19461.31,Rent,1,4.1,East,4850.38,0.2508,0.0751,0,No,0,0
CUST-003331,53,Non-binary,Divorced,High School,Self-employed,39181.5,1748.6,681.0,34.6,5,2,83788.89,60,8.69,1,18241.92,1059.46,Mortgage,1,5.6,West,1814.59,0.5355,0.7286,1,No,0,1
CUST-003332,20,Female,Single,Associate,Salaried,139511.38,1943.16,731.0,0.0,5,0,32222.57,60,2.5,1,14700.48,4362.8,Mortgage,1,0.7,West,5745.65,0.1671,0.5282,2,Yes,0,0
CUST-003333,39,Female,Single,Bachelor,Unemployed,23162.2,566.63,623.0,20.2,2,3,33430.85,36,9.92,1,1255.8,3926.24,Own,0,2.3,West,658.64,0.2936,0.8955,0,No,0,1
CUST-003334,42,Male,Married,Associate,Salaried,24377.01,373.76,,18.9,5,0,7921.03,12,8.02,1,2850.79,2878.06,Rent,3,18.4,South,909.63,0.184,0.0964,1,No,0,0
CUST-003335,45,Male,Married,Associate,Retired,61027.64,2237.25,753.0,22.5,2,1,15682.65,48,6.72,1,43251.5,4698.62,Rent,1,7.1,West,1649.57,0.4399,0.0989,0,No,0,0
CUST-003336,24,Male,Married,Master,Salaried,128199.4,4044.43,841.0,1.0,1,0,14922.87,24,2.5,0,9055.87,-3500.0,Mortgage,3,2.5,South,8913.41,0.3786,0.2754,0,No,0,0
CUST-003337,40,Non-binary,Single,Doctorate,Self-employed,,3147.37,700.0,18.4,2,2,7966.28,48,6.53,1,4790.62,1603.53,Rent,0,6.3,Central,4945.19,0.4474,0.8322,0,No,0,1
CUST-003338,54,Female,Married,Bachelor,Self-employed,71700.07,2445.51,702.0,31.5,3,2,8114.5,48,3.59,2,4544.68,8765.95,Rent,4,15.2,East,3621.86,0.4093,0.9173,2,Yes,0,0
CUST-003339,44,Female,Married,Bachelor,Salaried,49765.02,789.6,786.0,25.4,3,0,5504.63,24,2.5,0,3569.74,-2748.7,Rent,1,6.2,West,1207.03,0.1904,0.759,0,No,0,0
CUST-003340,35,Female,Divorced,High School,Retired,26638.97,1134.3,683.0,12.8,1,0,9312.59,24,4.74,3,457.1,2802.21,Rent,2,6.1,South,1948.28,0.511,0.4608,0,No,0,1
CUST-003341,28,Male,Single,High School,Contract,85968.82,1146.0,710.0,6.7,2,0,16496.72,36,7.13,1,14037.19,7218.91,Own,0,1.4,North,1800.31,0.16,0.5314,2,No,0,0
CUST-003342,52,Male,Married,Bachelor,Salaried,84894.52,556.34,715.0,29.0,5,0,16560.63,24,8.36,3,14608.94,-1589.99,Mortgage,1,17.6,South,1354.95,0.0786,0.4122,1,No,0,0
CUST-003343,34,Female,Divorced,Bachelor,Salaried,101503.84,3997.25,734.0,15.1,2,0,7420.71,60,5.86,2,22603.62,-3369.03,Rent,0,11.5,South,5568.91,0.4726,,1,No,0,0
CUST-003344,47,Female,Married,Bachelor,Self-employed,183973.63,324.35,734.0,27.2,3,1,31905.59,84,6.3,2,6354.21,7202.56,Rent,0,5.9,East,1195.54,0.0802,0.573,1,No,0,0
CUST-003345,50,Male,Married,High School,Salaried,82035.32,1310.47,627.0,23.0,1,2,30638.85,72,12.22,1,7462.57,5613.64,Own,0,19.8,West,3791.48,0.1917,0.526,3,Yes,1,0
CUST-003346,37,Female,Married,High School,Salaried,94921.48,3159.43,713.0,13.5,3,1,17762.13,48,8.81,1,9699.53,2937.78,Rent,1,4.3,South,4010.11,0.3994,0.6376,0,No,0,0
CUST-003347,39,Non-binary,Divorced,Associate,Self-employed,83725.16,3956.33,712.0,13.4,0,1,18398.75,36,5.66,0,34359.02,10037.08,Mortgage,1,9.4,West,4617.49,0.567,0.6197,2,No,0,0
CUST-003348,30,Female,Divorced,Master,Retired,57976.91,2181.52,773.0,6.3,5,2,18478.68,60,2.5,5,10425.57,,Mortgage,1,7.6,South,721.03,0.4515,0.577,1,No,0,0
CUST-003349,31,Female,Married,,Self-employed,,2548.19,727.0,12.4,5,1,22292.58,36,7.04,2,12701.08,-3396.62,Rent,0,8.2,West,1979.61,0.6219,0.1211,2,No,0,1
CUST-003350,43,Male,Married,Bachelor,Salaried,53458.82,1551.53,662.0,23.6,6,1,19343.26,72,2.85,1,,1744.07,Own,1,11.7,West,1489.02,0.3483,0.7083,2,Yes,0,0
CUST-003351,29,Female,Single,High School,Self-employed,19146.61,359.73,632.0,0.8,3,1,30049.44,60,14.38,2,4069.83,-565.43,Mortgage,0,8.0,South,887.57,0.2255,0.5053,3,No,1,0
CUST-003352,31,Male,Single,Master,Unemployed,55920.39,823.19,700.0,9.9,6,0,12225.24,72,2.59,1,2192.34,4926.3,Other,1,0.9,South,2424.66,0.1766,0.2595,1,No,0,0
CUST-003353,24,Female,Married,Associate,Salaried,18016.22,121.67,713.0,4.5,2,0,14830.61,36,2.5,0,679.49,-217.23,Mortgage,0,2.6,Central,528.66,0.081,0.0699,1,No,0,0
CUST-003354,29,Male,Divorced,Bachelor,Salaried,63241.38,486.15,631.0,7.9,2,3,14955.37,60,11.26,2,4445.28,7737.57,Mortgage,1,5.7,East,3043.25,0.0922,0.4633,1,No,0,0
CUST-003355,49,Male,Divorced,Associate,Salaried,77407.37,3200.33,702.0,29.8,1,2,3580.96,24,5.7,2,18406.47,3968.66,Rent,0,11.4,North,3586.91,0.4961,0.7566,1,Yes,0,1
CUST-003356,52,Male,Married,Associate,Unemployed,10328.65,408.62,676.0,26.6,3,2,16630.15,36,7.34,3,1184.5,430.25,Rent,0,0.4,North,709.18,0.4747,0.5521,0,No,0,1
CUST-003357,33,Male,Married,Associate,Salaried,89314.79,1714.99,718.0,10.4,5,0,34874.03,60,10.04,1,3437.42,5708.64,Rent,1,9.1,South,585.41,0.2304,0.6452,1,No,0,0
CUST-003358,32,Male,Single,Bachelor,Salaried,209499.54,7867.15,640.0,12.6,2,2,27316.85,60,4.7,3,19758.53,34371.93,Own,0,10.1,North,6476.45,0.4506,0.3241,1,No,0,0
CUST-003359,39,Male,Divorced,High School,Retired,19701.45,534.78,597.0,17.2,2,4,41438.71,60,10.92,0,0.0,1289.19,Rent,0,6.7,West,657.16,0.3257,0.9036,1,No,1,1
CUST-003360,37,Female,Divorced,Bachelor,Salaried,42718.62,1482.86,672.0,16.0,3,0,27035.94,60,5.23,1,,1141.74,Own,0,7.7,West,1227.25,0.4165,0.151,0,Yes,0,0
CUST-003361,67,Male,Married,Master,Self-employed,172001.3,7804.58,743.0,33.6,4,1,16398.47,48,2.82,0,8962.31,9525.63,Rent,3,7.0,South,5747.18,0.5445,0.3747,1,Yes,0,0
CUST-003362,48,Male,Married,Bachelor,Unemployed,10532.88,997.36,769.0,22.9,5,0,16251.45,48,2.67,4,1373.78,824.7,Own,0,0.7,West,350.0,1.1363,0.4805,2,No,0,0
CUST-003363,29,Female,Single,Associate,Self-employed,58647.77,308.77,613.0,8.8,4,3,8950.89,60,6.69,1,0.0,1076.5,Mortgage,2,2.5,North,2261.21,0.0632,0.2977,1,No,0,0
CUST-003364,34,Male,Single,Master,Retired,50247.1,732.49,594.0,12.9,1,3,13153.96,24,12.3,1,2586.94,904.86,Mortgage,1,7.9,West,3357.71,0.1749,0.6014,2,No,1,0
CUST-003365,29,Female,Widowed,High School,Salaried,38949.34,1251.83,605.0,3.6,2,5,10765.36,60,10.88,1,4478.64,3171.58,Own,0,1.1,East,2164.34,0.3857,0.4189,2,No,0,0
CUST-003366,41,Female,Married,Master,Salaried,78059.27,1931.57,600.0,17.2,1,3,10436.28,60,10.05,0,13931.53,10800.87,Rent,1,4.2,Central,2970.77,0.2969,0.5019,0,No,0,0
CUST-003367,42,Male,Divorced,Bachelor,Unemployed,23415.51,792.07,712.0,14.9,1,1,25217.58,48,4.43,0,20.12,1519.48,Own,2,2.3,Central,1609.22,0.4059,0.2366,1,No,0,0
CUST-003368,36,Male,Single,Bachelor,Salaried,70342.3,1305.99,788.0,17.6,3,2,31881.95,24,2.5,1,972.51,,Rent,0,0.9,Central,3241.41,0.2228,0.6531,1,No,0,1
CUST-003369,34,Male,Divorced,Bachelor,Self-employed,230076.11,8489.81,779.0,15.4,5,1,15432.84,36,3.92,4,41649.97,-3500.0,Own,2,3.4,West,12777.44,0.4428,0.2336,1,No,0,0
CUST-003370,42,Female,Married,Master,Salaried,63385.42,2618.71,721.0,22.7,3,0,35845.19,24,5.38,0,1151.75,-497.47,Mortgage,0,9.6,East,2105.33,0.4958,0.669,1,No,0,0
CUST-003371,38,Female,Married,High School,Unemployed,46296.66,768.83,686.0,17.6,8,1,23479.35,60,6.51,2,35587.44,4158.96,Own,2,2.0,North,1383.13,0.1993,0.7036,0,Yes,0,0
CUST-003372,33,Female,Married,Master,Salaried,103609.3,3262.33,715.0,12.2,1,1,50547.32,60,3.68,2,3149.36,6947.26,Rent,0,11.7,West,1689.82,0.3778,0.1918,0,No,0,0
CUST-003373,28,Female,Single,,Self-employed,53231.16,1769.52,728.0,3.5,2,0,7231.18,36,8.28,0,5503.63,5647.42,Mortgage,0,2.6,West,1373.05,0.3989,0.6883,0,No,0,0
CUST-003374,28,Female,Married,Bachelor,Salaried,39619.17,1073.58,634.0,4.1,4,2,18492.35,60,4.96,1,6074.02,-641.12,Rent,2,1.1,West,2323.98,0.3252,0.3657,1,No,0,0
CUST-003375,47,Female,Married,Associate,Self-employed,56455.76,1816.08,652.0,28.0,2,1,11789.98,84,5.18,2,6502.85,13.23,Own,1,7.1,North,3336.89,0.386,0.6452,1,No,0,1
CUST-003376,29,Male,Married,High School,Salaried,33367.88,1449.7,694.0,8.0,5,0,16282.89,72,8.01,3,4795.98,2313.93,Mortgage,1,5.0,West,797.03,0.5214,0.5189,1,No,0,0
CUST-003377,26,Male,Single,Associate,Salaried,103016.51,783.23,762.0,7.4,2,0,14645.14,60,3.59,1,14288.02,-851.59,Rent,1,6.1,South,4901.34,0.0912,0.562,1,No,0,0
CUST-003378,41,Male,Married,Master,Contract,108779.0,3304.09,724.0,17.1,2,0,22521.25,72,4.47,2,3179.54,11003.64,Rent,1,19.3,East,5086.62,0.3645,0.7282,0,No,0,0
CUST-003379,34,Female,Married,Bachelor,Self-employed,55215.86,1997.6,711.0,7.8,2,0,5085.9,60,2.92,1,22116.59,801.96,Rent,1,9.3,Central,2185.82,0.4341,0.4133,1,No,0,0
CUST-003380,46,Male,Single,Associate,Retired,94319.55,1452.56,,27.7,4,0,28080.61,60,4.29,1,8740.53,10385.19,Other,0,12.6,South,5313.05,0.1848,0.3509,0,No,0,0
CUST-003381,33,Male,Married,Bachelor,Self-employed,122619.17,1720.49,738.0,13.2,3,1,59164.35,60,7.21,1,6183.13,17126.21,Rent,2,6.5,Central,5475.84,0.1684,0.8691,1,No,0,0
CUST-003382,24,Male,Single,High School,Unemployed,33115.58,724.11,688.0,3.0,4,2,21182.74,48,8.73,2,1237.87,1816.73,Other,0,0.2,Central,1303.85,0.2624,0.6032,0,Yes,0,0
CUST-003383,30,Female,Single,Master,Retired,57847.69,2522.89,707.0,6.8,4,0,16279.3,60,5.41,1,4226.86,1948.95,Rent,2,3.8,North,2642.68,0.5234,0.4865,1,No,0,0
CUST-003384,35,Female,Married,Bachelor,Salaried,29399.44,990.6,710.0,12.7,8,2,15241.81,36,3.51,2,240.79,3250.58,Own,3,9.2,Central,1929.78,0.4043,0.4197,0,Yes,0,0
CUST-003385,34,Male,Married,Associate,Salaried,22789.17,978.4,482.0,15.3,2,3,19030.74,48,13.43,2,0.0,4485.92,Own,2,8.7,North,806.92,0.5152,0.7403,0,No,1,1
CUST-003386,41,Male,Single,Associate,Self-employed,43230.86,1221.32,721.0,19.9,4,0,90504.71,60,3.14,3,3928.87,-2726.37,Mortgage,0,6.2,West,1489.89,0.339,0.4644,0,No,0,0
CUST-003387,40,Male,Single,High School,Salaried,72792.82,1906.93,755.0,16.6,4,2,10292.93,36,4.74,3,2019.07,6874.83,Rent,2,11.2,West,4404.24,0.3144,0.4895,2,No,0,0
CUST-003388,48,Male,Single,High School,Salaried,48292.96,831.78,773.0,18.8,3,0,6813.57,60,5.24,2,15585.54,1822.35,Rent,1,3.2,West,1739.9,0.2067,0.0848,0,No,0,0
CUST-003389,30,Female,Married,Doctorate,Self-employed,60751.93,1743.53,661.0,9.7,3,3,33449.35,60,7.58,2,2189.38,5360.43,Rent,3,3.4,West,2887.04,0.3444,0.666,0,No,1,0
CUST-003390,33,Non-binary,Married,Bachelor,Self-employed,88489.41,2706.42,729.0,11.0,2,0,9148.47,84,5.8,0,31917.3,1006.72,Other,3,4.8,West,3301.04,0.367,0.7327,0,Yes,0,0
CUST-003391,46,Female,Married,Doctorate,Self-employed,200205.27,2846.64,628.0,26.9,3,3,3257.08,24,13.95,0,48072.23,15111.16,Rent,3,21.2,West,11439.35,0.1706,0.7772,1,No,1,0
CUST-003392,65,Male,Single,Associate,Unemployed,38812.45,745.32,666.0,41.2,4,2,32255.66,36,6.42,1,6245.47,13.14,Rent,0,1.9,North,1780.3,0.2304,0.7128,3,No,0,0
CUST-003393,30,Female,Divorced,,Self-employed,144999.87,118.78,698.0,6.1,2,1,14172.17,24,7.97,0,7553.19,4401.19,Other,0,2.0,Central,7567.78,0.0098,0.2449,0,No,0,0
CUST-003394,29,Female,Married,Bachelor,Self-employed,112821.73,1760.16,708.0,9.3,6,1,18498.59,60,8.28,1,6072.18,24416.83,Mortgage,0,4.0,South,6805.98,0.1872,0.2248,1,Yes,0,0
CUST-003395,30,Female,Married,Bachelor,Salaried,45983.22,2460.86,735.0,9.8,2,1,12820.37,60,5.12,2,3130.49,409.04,Mortgage,1,6.0,South,1149.51,0.6422,0.4201,1,No,0,1
CUST-003396,46,Male,Single,Master,Contract,47064.28,2257.8,617.0,26.4,1,2,34169.79,36,8.65,0,6359.39,4958.64,Rent,2,10.0,North,2020.29,0.5757,0.9185,1,No,0,0
CUST-003397,40,Male,Divorced,Bachelor,Salaried,54481.73,2765.85,642.0,15.0,0,1,32241.26,36,5.29,0,13739.78,1943.88,Rent,0,5.5,Central,1750.67,0.6092,0.6059,1,No,0,0
CUST-003398,45,Female,Married,Bachelor,Unemployed,21428.66,607.24,705.0,23.4,1,2,52800.46,36,8.11,1,1859.26,-1440.29,Mortgage,1,1.2,North,570.0,0.3401,0.2785,1,No,0,0
CUST-003399,37,Male,Single,Bachelor,Self-employed,47252.95,2148.01,622.0,11.3,2,2,61073.46,36,8.44,4,196.98,666.44,Rent,0,8.1,North,1604.83,0.5455,0.6863,0,No,0,1
CUST-003400,44,Female,Married,Bachelor,Contract,57442.9,2766.05,634.0,23.8,3,3,16907.36,60,7.81,1,2317.07,4301.57,Rent,0,6.5,East,2877.9,0.5778,0.6463,1,No,0,0
CUST-003401,18,Female,Married,Bachelor,Retired,33227.86,1546.42,648.0,0.0,6,2,34647.17,48,5.8,2,0.0,-816.8,Rent,1,0.0,West,1633.2,0.5585,0.8504,2,Yes,0,0
CUST-003402,38,Male,Single,Master,Self-employed,67543.45,958.2,750.0,16.6,3,0,51231.72,60,4.34,3,38098.67,3059.83,Mortgage,0,2.1,South,3600.59,0.1702,0.321,0,No,0,0
CUST-003403,36,Female,Single,High School,Salaried,36634.37,891.28,688.0,17.6,3,0,22482.19,24,2.87,0,896.92,1353.17,Rent,1,,Central,1144.18,0.2919,0.322,0,Yes,0,0
CUST-003404,60,Male,Married,Bachelor,Contract,59752.5,1040.61,716.0,37.4,4,1,23104.01,60,10.68,1,17647.98,80.63,Rent,1,7.3,Central,1853.24,0.209,0.4072,2,No,0,0
CUST-003405,46,Female,Single,Associate,Contract,,1692.74,723.0,25.8,1,1,18447.46,48,5.21,1,4932.25,-3500.0,Rent,2,5.7,East,2114.93,0.4472,0.2552,3,No,0,0
CUST-003406,44,Male,Married,Master,Contract,78379.93,2229.1,814.0,21.5,1,0,5505.7,84,2.5,2,20431.99,1394.97,Own,1,6.4,South,4966.05,0.3413,0.7942,1,No,0,0
CUST-003407,21,Male,Single,Master,Self-employed,75290.13,1638.04,720.0,0.0,5,2,17785.68,12,5.04,2,10544.15,1828.13,Rent,2,1.0,South,2991.85,0.2611,0.191,0,No,0,0
CUST-003408,49,Male,Single,Bachelor,Self-employed,54105.06,1355.86,704.0,28.1,1,1,28328.64,60,9.46,1,10127.89,512.87,Mortgage,0,18.7,North,3467.28,0.3007,0.2919,2,No,0,0
CUST-003409,46,Male,Single,Bachelor,Salaried,,1231.67,777.0,20.0,4,0,9057.65,84,5.58,3,15901.53,-2938.48,Mortgage,0,10.6,Central,4531.39,0.2075,0.7815,3,No,0,0
CUST-003410,49,Male,Single,Associate,Self-employed,41629.2,1276.96,728.0,22.5,7,0,15806.4,72,7.04,2,2630.75,6576.15,Rent,0,16.7,West,1069.04,0.3681,0.4373,2,No,0,0
CUST-003411,38,Female,Married,High School,Self-employed,69740.43,2031.21,589.0,13.6,0,3,24249.78,72,14.94,1,,-3500.0,Rent,1,5.5,North,1927.83,0.3495,0.8267,2,No,1,1
CUST-003412,41,Female,Single,Associate,Contract,82388.58,2086.24,689.0,21.9,2,0,16763.84,36,6.69,1,13189.44,4178.36,Mortgage,0,5.6,West,3198.36,0.3039,0.7931,1,No,0,1
CUST-003413,46,Non-binary,Single,High School,Salaried,38494.54,1314.86,728.0,24.7,2,0,51262.76,24,2.5,0,8034.32,3192.81,Own,0,17.4,South,694.1,0.4099,0.3105,0,Yes,0,0
CUST-003414,53,Male,Widowed,Doctorate,Contract,68283.86,3425.46,716.0,26.9,3,1,15377.1,60,6.83,7,1127.58,-441.9,Rent,2,10.8,Central,2372.33,0.602,0.3777,5,No,0,1
CUST-003415,67,Male,Divorced,Master,Self-employed,26411.52,2132.97,788.0,42.8,3,0,30297.59,72,2.87,4,969.43,2293.09,Rent,0,25.4,North,972.53,0.9691,0.3336,0,Yes,0,0
CUST-003416,20,Male,Single,Master,Salaried,104204.81,1623.01,740.0,0.7,4,1,12163.42,60,5.87,1,22151.64,17553.42,Rent,0,0.7,Central,2147.09,0.1869,0.2504,4,No,0,0
CUST-003417,42,Non-binary,Married,Master,Self-employed,131423.61,4813.81,674.0,15.6,1,1,13661.56,48,6.73,0,16838.35,16783.23,Mortgage,1,8.1,South,3738.02,0.4395,0.6583,1,No,1,1
CUST-003418,51,Female,Single,High School,Retired,42618.58,1307.87,689.0,26.6,3,1,53681.58,60,6.99,2,6525.87,-1350.99,Rent,1,8.0,South,2389.46,0.3683,0.554,2,No,0,0
CUST-003419,43,Male,Married,Bachelor,Salaried,77021.77,3129.34,644.0,22.7,4,4,15568.24,12,4.75,2,6722.97,-246.04,Own,2,8.2,Central,3894.52,0.4876,0.675,2,No,0,0
CUST-003420,18,Female,Married,Bachelor,Salaried,128015.15,4212.06,700.0,0.0,2,0,31396.75,60,6.45,1,1068.48,-1893.95,Mortgage,1,0.0,East,4270.29,0.3948,0.248,3,Yes,0,0
CUST-003421,57,Female,Single,High School,Contract,17582.86,337.41,720.0,34.5,0,1,26049.5,60,3.63,1,6113.76,1964.85,Mortgage,2,27.2,South,1180.62,0.2303,0.6306,0,No,0,0
CUST-003422,42,Male,Single,High School,Self-employed,62918.28,759.73,727.0,18.1,3,0,36301.24,72,6.38,1,9392.38,-832.34,Rent,0,12.3,East,2523.06,0.1449,0.3086,1,No,0,0
CUST-003423,66,Male,Single,Doctorate,Salaried,125233.95,5306.93,672.0,43.9,0,1,32374.67,48,5.31,3,7917.76,3823.38,Rent,0,21.0,East,2142.77,0.5085,0.2442,3,No,0,0
CUST-003424,40,Female,Married,Doctorate,Self-employed,154128.25,9545.43,710.0,14.8,4,2,77912.13,60,8.32,2,10614.3,4395.77,Own,0,10.1,South,3677.72,0.7432,0.7462,2,No,0,0
CUST-003425,69,Female,Married,Master,Retired,51678.82,1658.15,721.0,46.1,4,1,42489.38,24,8.56,3,2482.5,4538.84,Rent,0,33.4,East,3278.42,0.385,0.7313,0,No,0,0
CUST-003426,61,Female,Married,Master,Salaried,48328.56,11796.09,785.0,42.6,3,0,19313.07,36,5.51,0,7180.29,1775.95,Mortgage,2,19.8,South,2513.43,0.3636,0.275,0,No,0,0
CUST-003427,57,Male,Married,Associate,Self-employed,126763.34,6475.59,701.0,35.7,3,0,19416.58,24,2.76,2,7177.86,8795.95,Mortgage,0,8.3,South,2545.77,0.613,0.5043,2,Yes,0,0
CUST-003428,55,Female,Widowed,Master,Salaried,106629.75,723.46,654.0,30.5,2,2,7575.39,72,9.4,1,13283.92,4155.03,Rent,1,4.3,West,2076.26,0.0814,0.5755,2,No,1,1
CUST-003429,39,Female,Single,High School,Salaried,,2918.22,699.0,16.7,4,1,43470.16,36,3.26,3,9961.62,5183.99,Own,1,8.2,North,2035.18,0.5728,0.8255,0,No,0,1
CUST-003430,38,Male,Single,Bachelor,Salaried,139818.22,2825.43,742.0,18.6,3,0,26310.99,72,4.37,0,34234.32,5137.19,Rent,0,8.9,Central,3202.73,0.2425,0.6821,1,No,0,0
CUST-003431,29,Female,Married,Bachelor,Retired,29276.46,1413.18,548.0,8.6,1,5,10003.19,12,13.99,1,1471.74,-126.25,Mortgage,3,5.5,Central,1532.35,0.5792,0.8956,4,No,1,1
CUST-003432,59,Female,Divorced,Bachelor,Salaried,25250.61,547.29,691.0,38.3,1,0,64477.85,60,8.16,1,6704.03,2517.1,Rent,0,27.7,East,1039.96,0.2601,0.4346,3,No,0,0
CUST-003433,36,Male,Married,High School,Self-employed,48435.3,2260.9,736.0,16.6,3,1,19139.01,36,6.19,1,24662.14,4383.41,Own,1,3.1,West,1308.67,0.5601,0.7192,1,No,0,0
CUST-003434,27,Male,Married,High School,Salaried,27134.31,413.66,576.0,8.3,1,3,8069.7,48,8.21,2,1566.4,626.19,Mortgage,2,1.6,Central,985.57,0.1829,0.8182,3,No,1,0
CUST-003435,43,Male,Married,Master,Self-employed,115963.53,1443.45,765.0,16.1,3,0,33759.03,36,2.5,0,27722.97,14294.73,Mortgage,4,10.9,South,4076.04,0.1494,0.2508,0,No,0,0
CUST-003436,29,Male,Married,Bachelor,Salaried,44536.23,1731.01,724.0,10.6,3,0,13969.12,60,3.25,2,5046.84,7252.76,Own,4,5.6,West,2691.31,0.4664,0.5702,0,Yes,0,1
CUST-003437,51,Male,Divorced,High School,Salaried,29617.14,503.67,753.0,29.3,0,1,31305.96,36,4.02,0,2569.95,3268.65,Mortgage,1,7.5,South,1178.22,0.2041,0.306,1,No,0,0
CUST-003438,49,Male,Married,High School,Salaried,39067.47,1548.34,715.0,20.4,2,1,35590.04,36,7.78,0,8344.38,3504.95,Own,0,25.7,North,2320.34,0.4756,0.4676,3,No,0,0
CUST-003439,28,Male,Single,High School,Unemployed,17255.16,696.76,651.0,7.4,3,4,14865.66,36,6.84,2,0.0,1265.92,Own,0,1.2,West,538.53,0.4846,0.465,0,No,0,1
CUST-003440,52,Female,Married,Bachelor,Retired,24613.79,430.12,647.0,31.8,1,2,9805.56,60,9.84,0,821.37,3858.66,Rent,1,25.1,South,691.83,0.2097,0.4658,1,No,0,0
CUST-003441,33,Female,Divorced,Doctorate,Self-employed,198055.32,1902.82,736.0,10.5,4,0,33050.76,72,5.11,1,23511.29,14490.06,Rent,0,3.8,North,10333.93,0.1153,0.2737,0,No,0,0
CUST-003442,39,Male,Married,Bachelor,Salaried,47323.56,1134.82,656.0,20.0,5,1,14731.99,24,3.79,0,5106.67,-528.42,Other,1,7.3,South,754.03,0.2878,0.4687,3,No,0,0
CUST-003443,47,Male,Married,High School,Salaried,46287.45,2318.17,715.0,18.3,4,1,13188.12,24,8.55,3,1534.52,2251.47,Rent,0,8.2,Central,2234.21,0.601,0.6132,0,No,0,0
CUST-003444,75,Female,Married,Bachelor,Self-employed,57979.9,528.42,748.0,50.0,7,0,29673.22,60,4.68,0,4163.99,1758.51,Own,0,25.2,North,2854.77,0.1094,0.4386,0,No,0,0
CUST-003445,26,Female,Single,High School,Self-employed,11915.07,563.82,729.0,3.9,2,0,20938.39,36,3.68,1,,-791.23,Mortgage,0,3.3,North,350.0,0.5678,0.1326,1,No,0,0
CUST-003446,75,Female,Married,High School,Self-employed,50165.12,920.94,665.0,49.1,2,2,47427.87,36,9.34,1,28711.62,-1757.03,Own,1,15.7,South,2358.16,0.2203,0.6958,0,No,0,0
CUST-003447,39,Male,Married,Bachelor,Salaried,82076.67,2106.93,675.0,18.0,3,2,15944.84,60,7.25,0,4163.01,-583.18,Mortgage,2,1.6,South,2477.22,0.308,0.8511,4,No,1,0
CUST-003448,51,Female,Married,Master,Unemployed,34799.82,801.75,682.0,31.4,4,1,19310.31,36,6.17,1,2525.94,332.21,Own,2,4.3,South,1492.29,0.2765,0.6568,3,No,0,1
CUST-003449,50,Female,Single,Associate,Self-employed,42093.34,689.52,684.0,26.7,2,0,28592.63,60,6.54,0,10817.53,4788.97,Rent,0,13.4,North,1815.69,0.1966,0.2416,1,Yes,0,0
CUST-003450,46,Female,Divorced,High School,Self-employed,61258.96,790.23,726.0,24.4,3,1,36357.33,36,7.72,1,9569.88,-1873.27,Mortgage,0,3.1,East,1760.37,0.1548,0.4781,3,No,0,0
CUST-003451,63,Male,Widowed,Master,Retired,37471.57,1564.9,728.0,41.9,6,0,37369.93,48,5.85,4,654.2,322.03,Rent,0,14.8,South,1585.05,0.5011,0.6899,1,No,0,0
CUST-003452,58,Female,Married,Bachelor,Unemployed,27950.87,1419.54,701.0,38.1,2,1,21613.24,60,3.84,5,1169.68,4729.68,Rent,1,3.2,West,465.61,0.6094,0.1071,3,No,0,0
CUST-003453,42,Female,Married,High School,Salaried,80024.53,2029.31,714.0,18.3,2,2,12230.48,72,5.45,0,6547.45,7109.26,Rent,1,12.3,West,1549.46,0.3043,0.6044,1,No,0,0
CUST-003454,52,Male,Married,Associate,Salaried,62047.76,823.22,789.0,28.5,5,0,10536.21,36,2.84,2,1101.02,3486.42,Mortgage,1,3.2,North,2767.02,0.1592,0.2029,1,No,0,0
CUST-003455,47,Female,Married,Master,Contract,42339.52,982.53,612.0,27.5,4,2,14281.55,48,9.4,2,1944.82,3584.14,Rent,2,17.3,Central,3381.06,0.2785,0.3516,0,Yes,0,0
CUST-003456,39,Female,Single,Master,Salaried,85972.32,556.49,573.0,19.2,1,4,8458.28,12,10.94,1,23407.81,2852.4,Rent,0,8.5,South,2375.31,0.0777,0.6318,1,Yes,1,1
CUST-003457,60,Female,Single,Associate,Contract,19083.06,425.41,731.0,38.7,1,0,9817.38,36,7.24,1,1087.37,1837.19,Rent,0,13.7,East,406.02,0.2675,0.26,2,No,0,0
CUST-003458,34,Female,Married,Bachelor,Salaried,57816.26,2413.23,686.0,9.4,2,1,57906.49,60,6.03,4,5887.65,3199.04,Own,0,5.8,South,2430.4,0.5009,0.5449,1,No,0,0
CUST-003459,35,Female,Divorced,Master,Salaried,53136.6,1077.69,662.0,12.2,2,1,17862.09,24,9.34,1,12709.74,3160.55,Mortgage,0,5.0,East,1633.51,0.2434,0.4639,1,No,1,0
CUST-003460,36,Male,Married,Associate,Salaried,35308.92,182.94,755.0,14.2,3,0,124141.43,84,3.48,1,15964.98,,Mortgage,1,7.9,South,1248.96,0.0622,0.3668,0,No,0,0
CUST-003461,59,Male,Single,Bachelor,Salaried,43509.9,457.73,669.0,38.7,2,4,10344.0,12,6.32,0,5606.2,5133.06,Own,0,8.3,West,1893.53,0.1262,0.5695,0,No,0,0
CUST-003462,58,Male,Married,Master,Retired,106101.78,2925.28,675.0,34.7,1,2,18054.16,24,6.43,1,28467.48,7447.57,Own,2,30.2,Central,6601.32,0.3308,,1,No,0,0
CUST-003463,30,Female,Married,Bachelor,Salaried,30631.44,593.98,711.0,5.9,1,1,33935.75,48,3.58,1,2749.22,3148.2,Rent,1,3.0,South,1976.77,0.2327,0.4954,0,No,0,0
CUST-003464,45,Male,Single,Doctorate,Retired,71962.61,3953.83,686.0,16.7,2,3,17145.83,24,4.78,1,6036.25,1874.51,Rent,1,3.8,West,947.7,0.6593,0.4447,0,No,0,0
CUST-003465,54,Female,Married,Bachelor,Salaried,72765.41,1317.08,647.0,31.0,1,1,16582.28,60,8.18,0,15148.12,4429.83,Own,0,15.4,West,2119.38,0.2172,0.4322,0,No,0,0
CUST-003466,22,Female,Widowed,Bachelor,Salaried,86068.95,1587.67,811.0,2.7,2,1,23764.1,60,2.5,2,2323.45,2771.04,Mortgage,3,0.8,North,4398.45,0.2214,0.1546,2,No,0,0
CUST-003467,38,Female,Single,Master,Contract,142896.79,4069.53,750.0,16.4,5,1,66633.4,60,2.5,2,19910.74,,Own,0,3.1,West,5343.0,0.3417,0.5641,1,No,0,0
CUST-003468,47,Male,Single,Master,Salaried,85582.63,772.54,739.0,20.7,2,0,23871.78,12,7.6,1,3995.22,6106.68,Mortgage,0,5.9,North,1268.73,0.1083,0.495,1,No,0,0
CUST-003469,27,Male,Single,Bachelor,Salaried,29554.52,502.2,700.0,7.7,3,2,12209.45,60,6.35,1,173.89,4645.68,Own,0,5.2,North,1333.75,0.2039,0.3463,2,No,0,0
CUST-003470,25,Female,Widowed,Associate,Retired,20335.21,157.94,693.0,6.3,3,1,10218.55,84,5.74,0,2811.84,3176.95,Mortgage,2,2.3,South,1115.8,0.0932,0.6874,1,Yes,0,0
CUST-003471,51,Female,Single,,Contract,54671.58,2587.89,571.0,26.5,5,4,4939.01,60,14.51,1,16427.31,-939.78,Mortgage,1,17.7,South,3200.91,0.568,0.5283,1,No,1,1
CUST-003472,33,Male,Divorced,Bachelor,Self-employed,16743.64,924.63,561.0,9.5,1,5,50697.19,36,13.34,1,0.0,1159.89,Own,1,8.6,West,807.41,0.6627,1.0955,3,No,1,1
CUST-003473,45,Male,Married,Bachelor,Salaried,166829.94,1833.95,747.0,25.1,6,0,23407.29,48,3.48,3,10532.65,16440.7,Mortgage,0,,East,3328.58,0.1319,0.0631,2,No,0,0
CUST-003474,45,Female,Married,Doctorate,Self-employed,51641.28,317.15,693.0,24.2,1,0,14495.77,24,8.35,1,4548.62,4287.69,Own,4,12.7,East,2190.03,0.0737,0.3415,0,No,0,0
CUST-003475,54,Male,Married,Master,Contract,34006.92,1236.92,748.0,34.8,3,0,17632.03,72,3.52,0,418.16,-771.91,Own,1,6.9,West,1487.31,0.4365,0.5494,1,No,0,0
CUST-003476,27,Male,Married,Bachelor,Unemployed,15471.38,762.3,684.0,8.5,4,1,11382.99,84,3.68,0,0.0,789.27,Rent,1,0.8,Central,926.03,0.5913,0.5067,1,Yes,0,0
CUST-003477,47,Female,Single,High School,Salaried,46721.54,1291.03,661.0,27.2,1,0,29707.88,36,4.95,0,,-1508.82,Rent,0,6.8,South,2963.56,0.3316,0.0808,1,No,0,0
CUST-003478,28,Male,Divorced,Bachelor,Salaried,18314.5,544.97,714.0,6.0,2,0,25349.8,60,7.43,2,1038.43,449.76,Mortgage,1,4.8,North,866.96,0.3571,0.3934,1,No,0,0
CUST-003479,29,Male,Married,Master,Contract,102569.46,1459.09,700.0,10.9,3,1,18624.43,36,7.9,3,34514.09,20112.15,Mortgage,1,1.9,Central,3115.89,0.1707,0.2955,0,No,0,1
CUST-003480,55,Female,Married,High School,Contract,14221.31,523.89,593.0,33.8,6,2,5472.16,48,12.01,3,2981.06,1931.73,Own,1,12.3,North,878.39,0.4421,0.8841,1,No,0,0
CUST-003481,34,Male,Married,Bachelor,Unemployed,14382.55,426.65,678.0,11.0,4,1,21792.66,36,6.72,1,4844.87,365.97,Own,0,0.5,Central,488.32,0.356,0.6539,0,No,0,0
CUST-003482,35,Male,Married,Master,Contract,65538.53,1484.72,716.0,15.0,8,0,28417.74,60,3.27,3,4751.2,1680.52,Rent,1,10.3,Central,2957.31,0.2718,0.1911,0,No,0,0
CUST-003483,29,Male,Married,Master,Salaried,124923.02,4052.15,679.0,8.0,3,1,10359.8,84,6.54,1,35242.13,-3500.0,Mortgage,2,4.9,West,8619.93,0.3892,0.5416,1,No,0,0
CUST-003484,38,Female,Single,Bachelor,Retired,30954.16,540.13,679.0,18.2,1,0,26776.81,60,7.96,1,20526.21,3827.38,Mortgage,0,3.0,South,1396.26,0.2094,0.1458,0,No,0,0
CUST-003485,33,Female,Married,Bachelor,Self-employed,,775.83,724.0,5.5,3,0,4828.52,36,8.5,1,2493.25,5643.0,Mortgage,1,4.6,South,2059.01,0.2045,0.217,2,No,0,0
CUST-003486,32,Male,Married,Master,Salaried,133511.23,1873.44,781.0,6.1,3,1,29756.98,60,3.43,2,7659.04,12970.81,Mortgage,1,7.4,North,2031.48,0.1684,0.1151,0,No,0,0
CUST-003487,34,Male,Single,Master,Salaried,45361.27,1601.72,660.0,15.2,6,2,9284.61,60,9.67,3,5607.5,1170.47,Rent,0,3.3,North,2525.57,0.4237,0.6551,2,No,1,1
CUST-003488,45,Male,Single,Master,Salaried,115693.09,2398.06,708.0,9.4,4,1,53939.59,36,4.68,4,12840.4,8962.89,Mortgage,1,18.9,North,4745.59,0.2487,0.1511,2,Yes,0,0
CUST-003489,43,Female,Widowed,Bachelor,Self-employed,66594.56,1294.89,699.0,23.0,3,0,6103.51,36,2.8,2,4197.48,13089.23,Mortgage,2,10.1,East,2940.21,0.2333,0.665,2,No,0,0
CUST-003490,49,Male,Married,Associate,Salaried,33140.11,421.28,714.0,27.4,2,1,16163.86,36,4.35,0,428.25,2999.02,Own,1,16.0,West,377.81,0.1525,0.4236,2,Yes,0,0
CUST-003491,62,Female,Single,High School,Self-employed,20377.99,679.75,762.0,38.4,0,0,3132.85,24,7.72,2,1511.02,2597.88,Mortgage,1,25.7,West,914.57,0.4003,0.5239,1,No,0,1
CUST-003492,48,Male,Single,Bachelor,Salaried,64864.84,862.94,627.0,28.0,2,1,90522.51,48,8.6,0,2013.11,4318.89,Rent,1,17.3,North,2901.13,0.1596,0.679,2,No,0,1
CUST-003493,35,Male,Single,Associate,Retired,9265.43,192.7,715.0,13.0,5,0,25412.47,48,7.17,1,1087.91,954.93,Rent,3,11.3,North,773.55,0.2496,0.2241,1,No,0,0
CUST-003494,43,Male,Married,Bachelor,Retired,39711.47,635.66,650.0,18.8,4,1,24755.44,36,10.57,0,1588.47,-3500.0,Other,0,2.4,Central,1882.5,0.1921,0.1027,0,No,0,0
CUST-003495,26,Female,Single,High School,Salaried,73303.99,1360.77,703.0,5.4,5,0,66346.85,48,8.66,1,6880.92,11330.42,Rent,0,3.4,Central,2382.16,0.2228,0.7945,1,Yes,0,0
CUST-003496,27,Female,Divorced,Associate,Retired,42595.04,1373.36,720.0,6.3,3,1,47393.72,36,4.85,0,862.74,1822.06,Mortgage,0,3.7,Central,2374.57,0.3869,0.1916,0,No,0,0
CUST-003497,37,Female,Divorced,Doctorate,Unemployed,44857.37,1055.92,761.0,13.2,4,1,32103.61,60,3.41,3,56.08,4679.4,Mortgage,0,1.4,East,916.85,0.2825,0.3743,0,No,0,0
CUST-003498,56,Female,Married,Associate,Salaried,84774.63,211.12,691.0,37.7,4,0,20242.23,60,5.61,1,27910.2,3512.94,Mortgage,2,11.5,South,2514.31,0.0299,0.3341,1,No,0,0
CUST-003499,48,Female,Married,Bachelor,Salaried,61325.15,2975.19,725.0,26.8,3,1,27395.87,36,4.18,1,6613.85,10597.37,Own,1,8.7,West,1903.29,0.5822,0.3971,1,Yes,0,0
CUST-003500,39,Male,Married,Associate,Salaried,80131.14,2096.74,670.0,15.1,2,0,18048.44,60,9.98,1,29269.88,15542.75,Own,1,6.6,South,2279.08,0.314,0.4222,1,No,0,1
CUST-003501,59,Female,Single,Bachelor,Salaried,56620.66,1606.06,745.0,32.2,2,0,11401.71,48,9.85,3,1803.65,4997.04,Rent,0,8.4,North,947.93,0.3404,0.5708,4,No,1,0
CUST-003502,39,Male,Single,Associate,Salaried,41513.76,1279.46,673.0,17.6,2,2,15130.85,60,8.77,0,1865.69,2103.26,Mortgage,0,5.0,East,1240.82,0.3698,0.5695,2,No,0,0
CUST-003503,51,Male,Divorced,High School,Contract,58678.91,446.15,655.0,30.0,3,1,25945.77,60,10.02,1,3109.07,579.04,Mortgage,2,10.8,West,2708.24,0.0912,0.4638,1,No,0,1
CUST-003504,46,Male,Married,High School,Salaried,49486.59,941.17,780.0,23.8,2,1,9708.4,36,2.5,3,966.54,3598.92,Rent,0,8.1,East,1882.78,0.2282,0.6359,1,No,0,0
CUST-003505,36,Female,Single,Bachelor,Salaried,131888.58,6103.64,722.0,15.6,5,0,15160.59,36,6.16,3,4821.26,8274.69,Mortgage,0,1.9,South,2626.81,0.5553,0.5181,1,Yes,0,0
CUST-003506,39,Male,Married,Bachelor,Unemployed,,422.6,735.0,14.7,3,0,12127.34,84,7.82,1,1411.65,1164.49,Own,3,2.2,North,626.83,0.5328,0.2783,1,No,0,0
CUST-003507,37,Female,Married,Bachelor,Unemployed,10181.38,447.64,650.0,16.8,4,2,15417.54,60,6.73,1,0.0,134.0,Own,0,0.9,West,350.0,0.5276,0.4958,1,No,0,0
CUST-003508,42,Male,Married,Bachelor,Self-employed,105839.52,6354.74,604.0,15.8,5,1,14860.0,60,11.81,1,33034.61,7006.49,Rent,3,7.5,West,5091.57,0.7205,0.5645,0,No,0,1
CUST-003509,49,Female,Divorced,Associate,Unemployed,14685.4,767.29,614.0,27.2,4,3,109282.68,36,9.91,4,0.0,-225.52,Own,0,1.0,West,436.82,0.627,0.7701,4,No,1,1
CUST-003510,31,Female,Single,Associate,Salaried,36384.75,1718.98,621.0,8.6,3,3,99619.15,36,7.94,0,7444.52,-1096.27,Rent,1,6.1,North,1435.05,0.5669,0.7134,0,No,0,1
CUST-003511,40,Female,Married,Bachelor,Self-employed,40768.57,683.61,783.0,18.9,6,0,6926.3,60,4.27,1,29273.33,1195.99,Rent,2,9.6,North,2511.89,0.2012,0.7549,1,No,0,0
CUST-003512,51,Female,Married,High School,Contract,34330.6,756.32,724.0,26.1,2,0,49984.97,72,8.24,2,2749.56,947.9,Mortgage,1,5.2,South,776.6,0.2644,0.166,2,No,0,0
CUST-003513,42,Male,Single,Master,Salaried,99071.31,3563.47,631.0,19.1,1,0,20680.95,48,8.98,1,1466.04,14292.9,Other,0,7.5,Central,1868.34,0.4316,0.4302,2,Yes,0,0
CUST-003514,26,Female,Married,Master,Salaried,151977.28,4070.76,686.0,2.9,4,2,4379.66,36,5.44,1,18517.58,4702.5,Own,1,4.4,South,8397.19,0.3214,0.3908,1,No,0,0
CUST-003515,48,Female,Married,Master,Contract,40363.53,1562.07,679.0,26.1,1,0,120723.45,60,6.04,1,17291.18,-1272.31,Mortgage,1,13.7,West,1260.37,0.4644,0.3277,1,No,0,0
CUST-003516,70,Female,Married,Doctorate,Unemployed,19834.0,630.77,679.0,46.9,2,2,15067.28,24,4.83,0,6191.73,1071.07,Mortgage,1,3.5,West,467.27,0.3816,,1,No,0,0
CUST-003517,30,Female,Married,Bachelor,Salaried,60010.0,884.65,777.0,11.3,3,0,11258.95,24,4.98,2,3529.85,2958.01,Own,1,1.7,Central,3259.96,0.1769,0.4033,0,No,0,0
CUST-003518,52,Male,Married,Bachelor,Contract,97552.44,1754.2,690.0,32.5,1,2,33467.55,48,4.73,1,6799.45,2049.12,Rent,0,12.1,North,4689.2,0.2158,0.5938,2,No,0,0
CUST-003519,38,Female,Married,Associate,Salaried,47499.48,826.51,700.0,17.6,4,1,11819.1,36,5.46,0,3744.91,6325.46,Mortgage,1,14.7,South,1528.63,0.2088,0.7771,0,No,0,0
CUST-003520,40,Male,Married,High School,Salaried,44037.76,470.39,709.0,14.9,4,0,33799.26,60,5.77,1,3282.7,5517.28,Mortgage,2,6.1,West,2454.99,0.1282,0.3646,3,No,0,0
CUST-003521,47,Female,Married,Bachelor,Salaried,56444.4,2183.12,699.0,26.1,2,0,10739.8,84,6.21,2,7606.38,869.9,Own,2,11.0,West,3444.48,0.4641,0.5803,1,No,0,0
CUST-003522,38,Female,Married,Bachelor,Salaried,43447.63,1347.43,781.0,17.3,4,0,34159.66,36,3.79,1,4928.21,352.1,Rent,1,3.9,South,2034.05,0.3722,0.9401,3,No,0,0
CUST-003523,39,Male,Married,Associate,Salaried,17806.82,88.1,686.0,10.0,1,1,5797.43,60,5.89,0,119.86,-1919.62,Rent,3,4.9,South,1291.77,0.0594,0.3127,1,No,0,0
CUST-003524,51,Female,Married,Bachelor,Salaried,34451.44,1399.61,685.0,29.4,4,1,11835.06,60,7.65,0,4264.37,-3199.0,Other,3,1.1,West,1102.8,0.4875,0.8332,0,No,0,0
CUST-003525,56,Female,Divorced,Bachelor,Unemployed,12447.12,596.04,579.0,34.3,2,3,19521.95,60,12.09,3,664.5,-432.9,Rent,0,2.8,Central,441.28,0.5746,0.952,4,No,1,1
CUST-003526,45,Female,Single,Bachelor,Salaried,241302.79,4037.87,656.0,26.4,1,2,49163.67,60,8.79,1,45868.04,-3500.0,Mortgage,1,11.2,Central,9668.76,0.2008,0.5391,1,Yes,0,0
CUST-003527,47,Female,Married,Master,Retired,19944.34,1074.72,701.0,26.8,6,0,3350.36,60,6.79,1,1109.4,1076.7,Mortgage,3,5.4,Central,1224.8,0.6466,0.5577,2,No,0,0
CUST-003528,33,Female,Married,High School,Retired,95893.99,1826.63,583.0,11.8,3,4,4291.79,36,14.02,0,5320.8,5458.83,Mortgage,0,9.9,Central,3079.02,0.2286,0.5912,2,No,1,1
CUST-003529,52,Female,Married,High School,Self-employed,40174.91,877.57,796.0,30.2,4,0,7515.23,72,6.12,2,38691.97,275.39,Mortgage,0,11.8,East,1653.19,0.2621,0.3555,2,No,0,0
CUST-003530,47,Male,Married,Associate,Retired,32999.28,573.65,734.0,22.6,3,0,8805.26,24,5.92,1,5318.65,2167.74,Mortgage,0,9.8,East,2137.7,0.2086,0.3059,0,Yes,0,0
CUST-003531,60,Female,Single,Master,Salaried,26299.36,696.4,761.0,35.5,4,0,26331.57,36,6.81,4,180.05,351.42,Other,1,28.0,North,1366.99,0.3178,,3,Yes,0,0
CUST-003532,48,Male,Single,Bachelor,Salaried,53276.8,775.14,779.0,28.1,3,0,16356.11,48,4.09,1,8232.03,4712.32,Mortgage,0,15.0,Central,2044.29,0.1746,0.3037,0,No,0,0
CUST-003533,33,Female,Single,High School,Salaried,42727.79,749.05,700.0,9.8,4,0,18463.04,36,6.42,2,2705.3,2173.76,Mortgage,0,3.6,Central,817.65,0.2104,0.287,4,No,0,0
CUST-003534,34,Male,Married,Bachelor,Salaried,43847.96,719.94,693.0,13.0,3,0,26893.64,60,3.87,0,3251.91,2598.44,Own,1,8.1,North,2793.76,0.197,0.1284,1,No,0,1
CUST-003535,60,Female,Married,High School,,58396.28,1297.94,646.0,33.5,1,2,16433.68,12,9.41,2,0.0,450.08,Rent,3,29.1,Central,3006.23,0.2667,0.4891,0,No,0,0
CUST-003536,44,Female,Single,High School,Salaried,106254.18,1766.98,673.0,10.5,3,1,16934.3,36,7.83,1,13071.38,7232.46,Rent,0,15.8,North,2342.36,0.1996,0.4894,2,No,0,1
CUST-003537,35,Female,Married,Bachelor,Contract,47366.84,1223.99,762.0,12.7,1,0,31144.68,36,3.71,1,642.14,3951.2,Rent,1,8.0,South,868.6,0.3101,0.5745,1,No,0,0
CUST-003538,35,Female,Married,Bachelor,,55272.98,414.75,702.0,11.6,3,0,55383.89,36,8.86,0,8838.37,-257.38,Mortgage,4,6.8,West,3921.68,0.09,0.5493,1,No,0,0
CUST-003539,50,Male,Single,Bachelor,Salaried,82438.92,839.22,690.0,29.2,2,1,26524.39,60,8.61,2,2863.02,1431.73,Rent,3,1.8,Central,1578.45,0.1222,0.3743,0,No,0,1
CUST-003540,30,Female,Married,Bachelor,Salaried,75476.84,1782.03,707.0,7.9,5,0,52108.66,60,5.55,2,3190.77,57.37,,1,2.8,East,3141.02,0.2833,0.1331,1,No,0,0
CUST-003541,60,Female,Single,High School,Salaried,67653.69,683.48,775.0,36.3,1,0,14077.97,60,5.8,1,2966.73,692.74,Rent,1,4.7,Central,3104.73,0.1212,0.4626,0,No,0,0
CUST-003542,57,Female,Single,High School,Contract,58024.06,2434.49,679.0,33.4,3,1,40050.85,60,3.85,0,1376.88,-1917.73,Mortgage,1,15.9,East,2327.2,0.5035,0.427,1,No,0,1
CUST-003543,29,Female,Married,Associate,Salaried,72421.12,1857.47,710.0,9.8,5,1,11367.57,60,7.53,0,69313.06,1796.85,Other,1,1.8,East,3232.29,0.3078,0.1411,0,Yes,0,0
CUST-003544,27,Male,Married,Bachelor,,53045.73,2129.39,676.0,0.2,3,0,12912.41,24,2.84,2,5671.77,8898.46,Rent,4,7.1,Central,2860.27,0.4817,0.3509,1,No,0,0
CUST-003545,24,Male,Widowed,Bachelor,Salaried,59928.88,7817.1,691.0,4.2,2,1,21014.82,60,5.47,2,8529.39,6956.6,Rent,1,2.8,West,2003.99,0.1918,0.3707,0,No,0,0
CUST-003546,39,Female,Married,Associate,Salaried,33632.97,461.57,775.0,15.5,5,0,9184.11,24,5.15,1,2753.92,6806.23,Rent,0,7.5,West,649.34,0.1647,0.3459,0,No,0,0
CUST-003547,59,Male,Married,High School,Contract,85127.1,2730.09,706.0,35.8,0,2,13638.93,12,7.28,0,23731.06,6830.72,Rent,0,20.2,North,2210.41,0.3848,0.2817,0,No,0,0
CUST-003548,56,Female,Single,Bachelor,Self-employed,57432.58,1572.85,620.0,33.2,3,1,12293.74,72,9.6,1,7399.94,6275.81,Mortgage,0,24.5,East,2992.36,0.3286,0.6996,1,No,0,0
CUST-003549,31,Female,Single,High School,Salaried,46871.22,1210.98,667.0,9.6,3,0,28447.29,48,7.79,1,8870.61,1195.32,Mortgage,1,2.5,North,2747.85,0.31,0.5372,0,No,0,0
CUST-003550,28,Female,Single,High School,Unemployed,24927.02,309.63,673.0,0.0,3,1,48947.91,60,7.36,3,275.99,987.56,Mortgage,0,0.2,Central,793.38,0.1491,0.2073,2,Yes,0,0
CUST-003551,45,Male,Married,Bachelor,Salaried,,1099.4,757.0,25.8,1,0,50876.74,60,4.21,2,9183.84,4955.53,Other,2,7.7,East,4026.77,0.1546,0.9064,2,No,0,0
CUST-003552,40,Male,Divorced,High School,Salaried,45632.85,1093.16,734.0,21.0,2,1,35325.4,12,2.5,0,4156.23,-1212.76,Rent,0,7.9,West,1889.29,0.2875,0.725,3,Yes,0,0
CUST-003553,34,Female,Married,Bachelor,Salaried,52285.17,1150.43,765.0,11.9,8,1,33001.82,36,6.98,3,2500.35,2116.95,Own,1,5.7,Central,2785.76,0.264,0.7307,0,No,0,0
CUST-003554,38,Female,Divorced,Bachelor,Contract,85744.16,1962.31,721.0,13.6,5,0,20683.78,36,4.82,1,13287.37,9118.81,Mortgage,2,14.6,West,3423.19,0.2746,0.1991,2,No,0,0
CUST-003555,42,Male,Single,Bachelor,Retired,59006.24,1805.47,677.0,20.7,1,0,37115.54,36,6.85,2,35076.28,2450.28,Mortgage,0,14.2,South,2830.41,0.3672,0.2874,2,Yes,0,0
CUST-003556,66,Male,Married,High School,Salaried,82575.16,3009.11,702.0,44.8,4,2,12201.07,72,4.81,2,0.0,-3500.0,Mortgage,1,5.3,West,2911.6,0.4373,0.918,0,Yes,0,1
CUST-003557,40,Male,Married,High School,Salaried,14352.87,301.96,737.0,15.7,3,0,22550.53,36,2.77,1,2979.67,391.45,Rent,1,4.5,Central,522.75,0.2525,0.3665,0,No,0,0
CUST-003558,28,Female,Widowed,High School,Unemployed,40021.16,801.88,604.0,8.1,1,3,13985.18,36,13.95,0,12452.92,3458.3,Mortgage,0,1.0,East,2075.43,0.2404,0.8866,2,Yes,1,1
CUST-003559,43,Female,Married,Associate,Salaried,24147.19,1195.78,729.0,19.7,3,0,39747.83,36,4.55,3,4568.8,760.6,Own,1,21.0,South,723.77,0.5942,0.4781,3,No,0,0
CUST-003560,44,Female,Married,Master,Salaried,46753.36,1518.36,704.0,24.1,3,0,45098.61,60,6.81,2,5046.61,1118.59,Rent,1,9.6,North,1457.47,0.3897,,1,No,0,0
CUST-003561,38,Male,Married,High School,Self-employed,52983.97,1114.61,629.0,18.2,3,3,10432.82,48,10.52,2,15317.79,5953.13,Mortgage,2,6.6,East,1282.96,0.2524,0.3844,3,No,0,0
CUST-003562,37,Female,Married,Associate,Salaried,41562.96,1767.29,647.0,12.8,2,1,7856.41,12,8.95,0,7541.06,4225.21,Mortgage,3,0.1,South,1117.68,0.5102,0.2553,0,No,0,0
CUST-003563,43,Female,Married,High School,Salaried,75714.73,1377.2,654.0,19.6,3,2,25268.51,24,6.98,2,11767.99,1028.95,Other,1,11.7,South,5863.68,0.2183,0.3873,0,No,0,0
CUST-003564,36,Female,Married,High School,Salaried,85539.63,3782.57,673.0,16.9,4,1,17224.98,24,6.42,3,54159.83,12404.06,Own,1,13.1,West,2627.44,0.5306,0.4711,2,Yes,0,0
CUST-003565,34,Female,Married,Associate,Salaried,64962.42,763.37,790.0,14.6,5,0,2982.11,24,2.63,3,14478.6,10394.26,Other,1,5.5,South,2471.14,0.141,0.1347,0,No,0,0
CUST-003566,53,Male,Divorced,Master,Unemployed,12215.46,333.94,729.0,31.0,4,1,19034.62,84,6.36,3,716.65,-762.65,Other,0,2.7,West,350.0,0.3281,0.6031,1,Yes,0,0
CUST-003567,28,Male,Single,Bachelor,Salaried,134625.59,1953.51,667.0,9.9,2,0,35747.25,36,8.49,2,,6893.81,Own,1,5.1,South,1182.37,0.5579,0.6358,0,No,0,1
CUST-003568,18,Male,Married,High School,Salaried,31971.39,1128.39,711.0,0.0,1,1,43694.45,48,4.39,2,7466.86,-1447.94,Mortgage,2,0.0,North,1183.23,0.4235,0.3234,2,No,0,0
CUST-003569,55,Female,Single,High School,Salaried,29616.52,1578.4,738.0,35.3,6,1,16816.64,24,4.96,3,6100.22,2387.2,Rent,0,3.3,East,1273.47,0.6395,0.6202,1,No,0,1
CUST-003570,36,Male,Divorced,Bachelor,Salaried,134721.75,2412.94,716.0,15.5,2,1,20694.38,60,2.67,0,174079.78,-3088.06,Rent,0,6.7,South,2437.82,0.2149,0.4979,0,Yes,0,0
CUST-003571,31,Female,Married,High School,Salaried,29653.56,548.82,752.0,4.0,7,0,9725.89,60,6.51,2,1277.07,3021.23,Mortgage,0,3.6,West,350.0,0.2221,0.5401,2,No,0,0
CUST-003572,47,Female,Single,Master,Salaried,123018.53,3643.9,755.0,26.1,3,0,19170.48,24,2.5,1,35863.99,10095.31,Own,0,3.9,South,4670.95,0.3554,0.2325,1,No,0,0
CUST-003573,21,Male,Divorced,Bachelor,Salaried,53764.04,2434.44,586.0,0.0,4,3,21186.92,84,10.41,3,27599.46,1992.64,,0,1.1,South,3031.52,0.5434,0.8508,0,No,1,1
CUST-003574,56,Male,Divorced,Master,Salaried,61176.03,2602.89,721.0,36.2,1,0,41755.67,48,4.42,1,7441.86,3917.21,Mortgage,0,27.6,Central,2124.03,0.5106,0.3782,0,Yes,0,0
CUST-003575,54,Male,Single,Master,Salaried,60541.1,1768.85,634.0,33.5,5,3,52495.73,48,10.04,1,18870.08,6612.61,Mortgage,0,18.6,East,524.85,0.3506,0.436,2,No,0,0
CUST-003576,45,Female,Single,High School,Salaried,26814.65,433.29,719.0,23.4,3,1,10372.92,60,7.68,0,12114.41,1156.77,Rent,0,3.9,West,734.78,0.1939,0.9649,1,No,0,0
CUST-003577,33,Male,Married,Associate,Salaried,63257.91,1576.57,699.0,0.0,3,0,43550.45,84,4.5,0,18400.04,3583.98,Own,0,5.0,South,2025.36,0.2991,0.2486,2,Yes,0,0
CUST-003578,33,Male,Single,Bachelor,Salaried,61004.98,647.69,785.0,13.6,4,0,19469.17,84,3.02,2,24959.49,1426.23,Other,0,5.8,Central,2493.65,0.1274,0.176,0,No,0,0
CUST-003579,56,Male,Married,Doctorate,Salaried,78542.76,681.96,640.0,34.9,5,0,26404.46,60,8.49,1,19120.39,6452.67,Mortgage,0,15.0,East,1957.3,0.1042,0.7415,2,Yes,0,0
CUST-003580,34,Male,Single,Associate,Self-employed,55095.86,1263.68,669.0,9.4,3,1,82398.15,48,5.75,2,56652.61,455.85,Rent,0,2.7,Central,1500.57,0.2752,0.2,2,No,0,0
CUST-003581,60,Male,Single,Bachelor,Contract,40431.48,1057.26,734.0,39.2,2,0,13613.04,24,7.84,0,2685.04,2876.99,Mortgage,0,17.9,West,645.72,0.3138,0.3562,1,No,0,0
CUST-003582,41,Male,Divorced,Associate,Salaried,29985.14,1208.88,730.0,17.9,4,0,26310.36,60,6.31,2,14573.21,1788.23,Mortgage,1,13.8,West,1660.61,0.4838,0.5906,1,No,0,0
CUST-003583,41,Male,Married,Associate,Salaried,16936.3,861.34,646.0,22.4,3,1,44682.88,60,7.88,0,1053.79,-86.23,Rent,2,12.5,Central,665.8,0.6103,0.5545,1,No,0,1
CUST-003584,34,Female,Single,Master,Self-employed,84991.88,1944.62,676.0,11.1,2,2,12271.45,72,9.58,2,281.31,3481.45,,1,8.8,South,3137.6,0.2746,0.6169,5,No,0,0
CUST-003585,52,Non-binary,Single,Bachelor,Salaried,70970.75,2305.53,722.0,31.7,1,0,6437.63,48,6.19,0,5207.2,3097.15,Rent,2,18.0,South,3741.02,0.3898,0.3726,2,No,0,0
CUST-003586,53,Male,Widowed,Doctorate,Salaried,252568.53,11981.54,533.0,31.1,1,4,43935.01,36,12.86,0,159695.18,14207.58,Rent,2,27.9,North,3894.77,0.5693,0.3611,1,No,1,1
CUST-003587,52,Female,Single,High School,Salaried,37398.23,1183.62,623.0,25.4,3,1,21151.08,36,12.87,1,23530.63,2413.51,Rent,1,17.4,West,793.61,0.3798,0.785,1,No,0,1
CUST-003588,55,Male,Single,Bachelor,Contract,74652.78,3571.37,741.0,26.6,0,1,10402.52,60,2.5,1,68967.76,2986.9,Rent,1,11.0,South,2193.11,0.5741,0.2721,3,No,0,0
CUST-003589,20,Female,Divorced,Bachelor,Contract,117864.88,4438.1,662.0,0.0,4,1,13864.98,36,7.87,0,7655.15,-3500.0,Mortgage,0,0.5,West,4272.0,0.4518,0.7444,0,No,0,0
CUST-003590,43,Female,Married,Bachelor,Contract,38430.2,561.69,701.0,23.2,3,1,10664.85,24,3.05,1,18330.27,397.68,Mortgage,2,1.2,Central,1824.44,0.1754,0.373,3,No,0,0
CUST-003591,50,Male,Married,High School,Salaried,81954.27,1552.93,765.0,26.3,0,0,21135.98,36,5.04,0,3745.97,3393.85,Mortgage,2,10.5,East,3199.18,0.2274,0.5697,0,No,0,0
CUST-003592,47,Female,Married,Doctorate,Salaried,49764.46,758.55,700.0,24.9,1,1,6486.93,12,6.14,0,7505.83,5307.73,Own,1,15.2,South,1470.19,0.1829,0.8294,0,No,0,0
CUST-003593,40,Male,Widowed,Bachelor,Salaried,64753.78,2382.21,738.0,19.2,4,0,58690.88,24,4.81,2,7875.69,3311.59,Rent,0,15.8,North,3166.22,0.4415,0.2995,3,No,0,0
CUST-003594,44,Male,Single,High School,Salaried,35002.52,599.42,701.0,21.6,4,0,41857.47,72,5.58,3,1246.31,-1049.12,Mortgage,1,12.1,North,1158.96,0.2055,0.4189,2,No,0,0
CUST-003595,40,Male,Married,High School,Contract,33639.84,516.9,671.0,19.1,2,0,56314.25,60,5.24,1,13501.51,2172.11,Rent,2,0.8,South,779.05,0.1844,0.3264,1,No,0,0
CUST-003596,36,Male,Married,High School,Contract,29853.24,936.64,724.0,10.9,2,1,34746.26,84,9.01,0,9790.51,794.79,Mortgage,3,14.9,South,1405.29,0.3765,0.6186,2,No,0,1
CUST-003597,42,Male,Married,,Salaried,354430.08,987.21,674.0,14.4,3,1,6333.72,36,5.93,3,54595.01,8812.92,Own,2,4.4,South,2777.34,0.1824,0.4102,1,No,0,0
CUST-003598,35,Male,Single,Bachelor,Self-employed,75749.57,1825.64,644.0,10.3,3,2,26393.15,24,7.68,1,7425.19,5372.55,Mortgage,0,10.7,Central,3047.45,0.2892,0.2261,4,No,1,0
CUST-003599,26,Female,Married,Bachelor,Salaried,51662.23,1619.8,660.0,4.1,3,1,37975.12,60,10.0,3,17693.46,1240.5,Own,3,3.2,North,1215.86,0.3762,0.4752,2,No,1,0
CUST-003600,54,Female,Married,Associate,Salaried,48370.54,433.83,725.0,33.0,1,0,69480.93,36,5.2,1,835.87,3455.13,Rent,0,22.7,North,2174.64,0.1076,0.2848,0,Yes,0,0
CUST-003601,39,Female,Single,High School,Salaried,29215.62,475.59,686.0,16.7,3,0,43368.16,36,10.63,2,1943.29,2241.8,Mortgage,0,5.5,West,683.95,0.1953,0.6108,0,Yes,0,0
CUST-003602,39,Female,Divorced,Master,Salaried,70960.76,671.86,681.0,16.9,3,1,30820.07,36,4.0,0,12711.65,2747.27,Rent,2,8.9,Central,3426.92,0.1136,0.5375,1,No,0,0
CUST-003603,18,Female,Married,Bachelor,Salaried,53181.55,3686.26,733.0,0.0,4,1,17581.04,60,3.56,5,2052.89,261.79,Other,1,0.0,North,1378.06,0.8318,0.6826,2,No,0,0
CUST-003604,34,Male,Married,Associate,Salaried,75610.83,625.9,697.0,14.6,2,1,16614.87,60,6.24,1,2408.93,6514.83,Own,3,7.9,Central,3240.24,0.0993,0.5964,1,No,0,1
CUST-003605,32,Male,Married,High School,Self-employed,41553.56,1046.42,750.0,11.6,7,0,12623.48,36,8.41,1,6042.41,3551.46,Other,1,3.6,South,1513.05,0.3022,0.7277,1,No,0,0
CUST-003606,49,Non-binary,Divorced,Master,Salaried,,1095.45,798.0,27.8,3,0,15810.7,84,2.5,1,5269.31,5994.39,Rent,1,12.8,Central,3009.04,0.1974,0.3613,1,No,0,0
CUST-003607,53,Female,Single,Bachelor,Contract,86322.08,1479.42,742.0,30.9,3,0,15173.82,60,5.25,1,7067.54,7531.64,Rent,0,17.7,North,1163.48,0.2057,0.5098,1,Yes,0,0
CUST-003608,56,Male,Single,,Salaried,89585.05,2709.05,701.0,34.1,4,0,56770.66,60,12.41,2,4568.14,9884.76,Mortgage,0,9.9,South,2917.39,0.3629,0.4194,1,No,0,0
CUST-003609,41,Male,Single,Bachelor,Self-employed,40567.83,1179.27,650.0,10.9,4,0,18000.8,48,11.47,1,1637.28,3267.0,Own,0,0.5,South,1369.21,0.3488,0.7308,0,No,0,1
CUST-003610,50,Female,Married,High School,Unemployed,9439.63,197.61,561.0,28.6,4,3,5239.41,48,15.16,1,0.0,220.58,Own,3,3.9,Central,937.81,0.2512,0.4767,3,No,1,1
CUST-003611,30,Female,Married,Master,Salaried,49869.2,666.98,721.0,10.1,0,0,4049.8,48,3.53,1,18149.07,-2810.13,Mortgage,1,3.1,North,2503.45,0.1605,0.1793,2,No,0,0
CUST-003612,58,Female,Single,High School,Self-employed,70881.6,790.3,682.0,31.4,4,3,20182.48,60,10.35,0,14974.42,6388.93,Rent,1,12.7,South,1995.14,0.1338,0.2336,2,No,0,0
CUST-003613,43,Female,Married,High School,Salaried,52949.09,1004.03,657.0,22.6,5,1,58942.46,60,7.22,2,4793.28,613.74,,0,12.0,East,720.37,0.2275,0.6733,0,No,0,0
CUST-003614,42,Male,Married,Bachelor,Salaried,72699.32,721.27,694.0,20.1,2,0,9698.41,36,2.87,1,6113.34,3971.38,Rent,2,11.0,West,2877.23,0.1191,0.668,0,No,0,0
CUST-003615,37,Female,Single,Bachelor,Salaried,28294.29,233.26,666.0,13.0,1,0,10210.6,60,7.75,0,18237.02,-992.96,Rent,0,14.3,South,1142.7,0.0989,0.6873,1,No,0,0
CUST-003616,56,Female,Married,Associate,Salaried,41276.54,643.74,783.0,34.5,2,0,12915.95,24,2.5,0,4291.39,3380.0,Mortgage,1,15.3,East,2762.96,0.1871,0.2263,1,No,0,0
CUST-003617,37,Female,Married,High School,Salaried,33525.73,397.18,686.0,16.8,5,1,176779.57,12,6.34,1,1107.68,2968.85,Own,3,6.1,North,1665.32,0.1422,0.7965,1,Yes,0,1
CUST-003618,46,Male,Married,Associate,Salaried,26096.81,628.8,658.0,27.3,1,1,12758.95,72,5.72,1,4137.02,2583.95,Rent,0,2.7,West,603.47,0.2891,0.2611,2,Yes,0,0
CUST-003619,46,Male,Single,Bachelor,Salaried,49313.27,325.18,753.0,25.2,4,0,21220.23,36,3.58,1,15360.6,-2455.28,Rent,0,13.6,East,2712.94,0.0791,0.931,1,No,0,0
CUST-003620,51,Female,Divorced,Associate,Salaried,35059.28,403.24,770.0,27.8,2,0,27593.67,36,4.87,1,25180.9,4627.93,Mortgage,0,7.0,North,734.82,0.138,0.7776,0,No,0,0
CUST-003621,48,Male,Single,High School,Salaried,44663.94,558.87,698.0,28.1,2,0,41543.48,12,3.99,3,5853.91,3262.62,Mortgage,1,2.4,West,2471.78,0.1502,0.3488,1,No,0,0
CUST-003622,34,Female,Married,Bachelor,Contract,31664.51,1112.29,727.0,14.9,3,1,47391.75,48,6.47,0,14537.27,3625.33,Rent,2,2.8,West,988.44,0.4215,,1,No,0,1
CUST-003623,39,Female,Married,Master,Self-employed,39438.01,440.13,641.0,19.3,4,0,25622.94,60,6.1,2,1161.06,1517.92,Rent,1,11.6,North,2482.96,0.1339,0.5081,1,No,0,0
CUST-003624,58,Male,Married,Associate,Salaried,32184.06,742.39,646.0,37.1,1,1,12275.57,48,8.42,1,1888.54,3358.91,Rent,1,23.8,South,765.34,0.2768,0.4354,0,No,0,1
CUST-003625,39,Male,Married,Doctorate,Salaried,43186.97,1206.67,707.0,19.4,4,0,28384.09,60,8.7,1,4113.54,7048.51,Rent,1,12.6,West,2481.89,0.3353,0.8363,0,Yes,0,1
CUST-003626,49,Male,Married,Bachelor,Contract,63304.58,1236.91,708.0,27.8,7,0,42384.4,60,6.84,0,5032.23,4935.84,Rent,2,13.4,North,1789.17,0.2345,0.5233,1,No,0,1
CUST-003627,53,Male,Single,Bachelor,Salaried,25806.73,457.3,781.0,33.2,2,0,90706.76,60,7.04,0,3567.87,109.28,Rent,0,21.4,North,1033.12,0.2126,0.3826,0,No,0,0
CUST-003628,36,Male,Married,Associate,Salaried,37188.87,214.51,680.0,15.9,4,0,16052.12,60,2.99,1,1936.94,1024.23,Rent,1,7.7,South,714.36,0.0692,,1,No,0,0
CUST-003629,57,Male,Single,Master,Self-employed,126465.49,3336.13,799.0,34.5,4,0,22984.94,36,2.5,4,17571.69,-3500.0,Rent,1,12.4,South,3953.64,0.3166,0.2113,0,No,0,0
CUST-003630,43,Male,Single,Associate,Salaried,23727.28,387.71,769.0,23.2,7,0,22982.74,36,6.77,2,1320.7,2020.12,Mortgage,0,3.5,West,889.58,0.1961,0.4807,1,No,0,0
CUST-003631,41,Female,Single,High School,Retired,23711.53,326.24,727.0,20.9,1,1,34105.89,60,7.13,0,0.0,1392.57,Own,0,6.6,East,559.17,0.1651,0.2558,0,Yes,0,0
CUST-003632,36,Female,Single,High School,Self-employed,52496.85,1858.17,704.0,15.7,5,0,10024.09,84,4.54,4,5818.54,5877.87,Own,0,3.2,North,1649.55,0.4247,0.6829,0,No,0,0
CUST-003633,34,Male,Married,High School,Salaried,79549.12,1511.92,759.0,12.3,7,2,17688.18,60,7.1,3,28805.36,4495.14,Mortgage,1,11.4,West,4238.62,0.2281,0.5456,0,No,0,0
CUST-003634,54,Male,Married,High School,Salaried,52144.68,1180.91,661.0,34.9,6,0,14560.96,24,6.84,1,9622.03,4669.28,Rent,2,5.7,West,1536.1,0.2718,0.582,2,Yes,0,0
CUST-003635,46,Female,Married,Master,Unemployed,11180.11,510.45,698.0,26.1,2,1,152118.45,36,4.69,2,3421.1,799.98,Own,0,0.3,Central,350.0,0.5479,0.4914,1,No,0,0
CUST-003636,36,Female,Married,Bachelor,Self-employed,57827.05,1750.82,629.0,14.9,2,2,2125.57,72,10.35,2,3943.47,911.42,Mortgage,1,5.2,South,2795.15,0.3633,0.6213,0,No,0,0
CUST-003637,27,Female,Divorced,Associate,Salaried,13220.17,692.84,728.0,5.2,2,2,11434.7,60,7.69,3,0.0,-285.98,Own,0,5.0,West,350.0,0.6289,0.5689,1,No,0,0
CUST-003638,42,Female,Married,Associate,Salaried,53845.08,2166.65,780.0,20.8,4,1,23456.61,36,3.31,4,4810.28,3635.38,Mortgage,1,10.3,East,2471.18,0.4829,0.1888,0,No,0,0
CUST-003639,43,Male,Single,Bachelor,Salaried,48219.81,934.93,783.0,21.9,3,0,20619.22,84,5.59,2,30052.55,6309.2,Rent,1,6.3,South,746.69,0.2327,0.6636,1,No,0,0
CUST-003640,41,Female,Single,Bachelor,Unemployed,19026.74,441.77,779.0,19.5,6,0,93326.62,84,6.06,2,,-1248.37,Mortgage,0,0.9,East,1153.15,0.2786,0.1507,2,Yes,0,0
CUST-003641,60,Female,Single,Bachelor,Salaried,64276.11,2641.09,675.0,39.7,2,1,13676.44,24,8.38,5,2346.32,526.73,Mortgage,0,19.3,Central,2890.9,0.4931,0.5182,0,No,0,1
CUST-003642,39,Male,Married,Associate,Contract,16477.18,568.82,758.0,14.7,2,1,11394.34,36,5.91,0,3821.15,763.83,Mortgage,2,10.2,West,997.55,0.4143,0.5482,1,No,0,0
CUST-003643,37,Female,Widowed,Doctorate,Salaried,41210.99,1820.72,533.0,17.1,1,3,55608.52,36,13.16,2,6168.78,116.26,Mortgage,0,4.8,West,1197.79,0.5302,0.4538,1,No,1,1
CUST-003644,33,Male,Married,High School,Salaried,28212.34,857.97,764.0,6.3,3,0,12529.47,60,5.3,3,5005.22,285.44,Rent,2,6.5,Central,773.85,0.3649,0.6703,1,No,0,0
CUST-003645,24,Male,Married,Associate,Salaried,106645.95,340.65,700.0,0.0,5,0,14424.85,72,10.47,1,3707.29,766.43,Rent,1,2.1,North,838.14,0.1594,0.8159,2,No,0,0
CUST-003646,42,Male,Married,Master,Salaried,78439.77,2965.12,630.0,22.0,0,4,16742.72,48,6.59,2,0.0,2892.55,Rent,1,9.1,South,4491.44,0.4536,0.2821,1,No,0,1
CUST-003647,24,Male,Single,Master,Self-employed,51244.73,1297.98,554.0,0.0,3,3,13643.23,60,11.85,2,1358.53,-922.76,Mortgage,1,3.3,East,3045.91,0.3039,0.3363,0,No,1,0
CUST-003648,18,Female,Single,High School,Salaried,38694.78,935.96,718.0,0.0,4,0,11091.34,24,6.08,2,1272.62,1455.43,Mortgage,0,0.0,North,1188.86,0.2903,0.6046,1,No,0,0
CUST-003649,18,Male,Single,Associate,Retired,35933.84,1409.83,648.0,0.0,2,1,23715.63,36,8.69,1,6065.17,58.44,Mortgage,0,0.0,West,1142.64,0.4708,0.6388,0,No,0,1
CUST-003650,38,Female,Married,High School,Salaried,69630.47,962.3,630.0,14.9,0,1,17839.98,36,11.07,3,1668.82,9785.88,Mortgage,1,3.9,South,1920.84,0.1658,0.1668,1,No,0,0
CUST-003651,32,Male,Married,Bachelor,Contract,27822.59,428.3,698.0,11.3,3,0,27312.15,48,7.68,0,6136.8,183.87,Own,1,1.4,East,1659.93,0.1847,0.7633,2,Yes,0,0
CUST-003652,46,Male,Married,Master,Retired,45247.23,1848.98,735.0,25.3,3,0,28045.32,48,5.37,5,6383.22,5617.83,Rent,0,10.2,East,2256.14,0.4904,0.4107,2,No,0,0
CUST-003653,53,Male,Single,High School,Salaried,135566.92,8907.38,722.0,29.3,5,1,47923.4,84,5.76,2,52228.57,10031.03,Own,0,2.0,East,5511.47,0.7885,0.3401,3,No,0,0
CUST-003654,48,Male,Divorced,Master,Salaried,52996.1,881.13,657.0,26.7,0,0,6024.41,60,11.16,2,468.63,1563.85,Own,1,9.4,South,2344.43,0.1995,0.5577,0,No,0,0
CUST-003655,36,Male,Married,Bachelor,Unemployed,34714.69,1537.72,758.0,16.0,6,1,11837.89,72,2.97,1,2646.91,2743.79,Mortgage,1,0.8,East,830.25,0.5316,0.5308,2,Yes,0,0
CUST-003656,30,Male,Single,Associate,Salaried,40266.95,927.23,716.0,6.6,3,1,18686.66,36,6.86,0,,2318.56,Own,1,2.5,South,1173.86,0.2763,0.2997,0,No,0,0
CUST-003657,37,Male,Married,Master,Salaried,50762.63,2562.59,711.0,14.3,6,0,51252.94,24,3.41,2,2083.3,-267.67,Mortgage,2,3.1,Central,1719.57,0.6058,0.421,6,Yes,0,0
CUST-003658,46,Male,Single,Associate,Self-employed,43472.29,681.05,791.0,24.6,2,0,5559.91,36,4.03,1,15071.37,4161.54,Own,1,9.1,Central,2540.6,0.188,0.5357,0,No,0,0
CUST-003659,40,Female,Single,Doctorate,Salaried,37448.19,1465.39,780.0,20.9,3,0,49679.4,48,3.98,2,10018.6,-2396.69,Own,0,11.6,South,2030.83,0.4696,0.7373,1,Yes,0,0
CUST-003660,30,Female,Divorced,Bachelor,Self-employed,119805.9,3187.33,792.0,10.6,2,0,5720.92,12,2.5,4,20111.03,-3500.0,Mortgage,0,5.6,South,7535.22,0.3192,0.2723,0,No,0,0
CUST-003661,42,Male,Widowed,Bachelor,Salaried,67691.73,2501.02,768.0,23.4,2,1,15394.79,24,2.5,3,,-2798.44,Rent,0,3.9,Central,1639.84,0.4434,0.359,0,Yes,0,0
CUST-003662,41,Male,Single,High School,Salaried,35111.35,388.67,737.0,19.3,6,0,18869.88,48,4.56,1,8989.55,2254.09,Mortgage,0,9.7,North,1492.33,0.1328,0.7759,0,No,0,1
CUST-003663,42,Male,Married,Bachelor,Salaried,34462.88,743.72,744.0,20.7,2,0,41544.12,12,4.2,1,2124.35,1224.66,Own,3,9.6,North,1901.83,0.259,0.6717,1,No,0,0
CUST-003664,40,Non-binary,Married,High School,Contract,39385.44,798.66,787.0,16.4,6,0,17735.92,48,2.5,1,1582.14,446.78,Rent,0,3.4,Central,677.55,0.2433,0.6975,3,No,0,0
CUST-003665,34,Female,Single,Bachelor,Salaried,54005.74,755.55,640.0,14.4,2,0,33309.84,60,9.71,1,1511.52,1764.11,Rent,1,5.8,East,1546.16,0.1679,0.6326,1,No,0,0
CUST-003666,53,Male,Divorced,Bachelor,Salaried,29233.09,217.71,703.0,28.0,4,1,40572.83,48,2.72,2,1943.75,-958.91,Mortgage,0,10.1,Central,1423.68,0.0894,0.5517,2,No,0,0
CUST-003667,66,Female,Single,High School,Salaried,86434.51,2117.5,738.0,45.7,1,1,23172.03,48,6.97,1,3158.48,5939.79,Rent,0,10.3,North,3941.64,0.294,0.8343,2,Yes,0,0
CUST-003668,32,Female,Married,Bachelor,Salaried,31014.89,556.32,702.0,12.3,2,3,18274.75,36,5.06,2,10305.22,3507.7,Rent,0,5.6,East,2089.15,0.2152,0.6634,0,No,0,0
CUST-003669,38,Male,Divorced,Bachelor,Salaried,52820.24,1086.15,710.0,14.4,2,1,16719.39,36,7.87,0,3207.41,3672.21,Rent,0,7.2,East,2331.68,0.2468,0.9012,1,No,0,0
CUST-003670,32,Female,Married,Master,Salaried,57500.29,1540.9,665.0,12.5,2,2,19697.65,72,4.79,2,12262.73,375.51,Own,3,3.3,Central,3591.62,0.3216,0.8703,0,No,0,1
CUST-003671,30,Female,Single,Master,Contract,48273.35,1162.06,663.0,7.0,4,2,8157.62,48,7.24,0,8871.46,4556.36,Own,1,4.5,Central,2659.54,0.2889,0.6701,2,No,0,0
CUST-003672,34,Female,Married,Bachelor,Salaried,67152.1,1038.49,754.0,13.0,4,0,5336.26,60,4.6,1,4413.52,3095.84,Mortgage,4,5.3,North,1549.75,0.1856,0.2367,1,No,0,0
CUST-003673,37,Female,Married,Doctorate,Retired,53347.79,1868.01,746.0,15.5,5,1,6993.35,48,7.99,2,6853.73,-1009.92,Mortgage,2,0.9,Central,2063.33,0.4202,0.5227,1,Yes,0,0
CUST-003674,31,Female,Married,Master,Contract,92988.76,2127.66,729.0,7.1,0,0,33420.31,36,2.8,2,14308.86,6058.38,Rent,2,4.4,South,5620.73,0.2746,0.5974,1,No,0,1
CUST-003675,66,Male,Single,Master,Contract,77944.0,2113.23,749.0,43.0,0,0,16202.42,60,5.2,0,2181.19,-1508.87,Rent,0,37.7,West,1810.52,0.3253,0.1079,0,No,0,0
CUST-003676,25,Male,Single,High School,Retired,45650.94,1058.69,734.0,5.6,7,0,30891.27,36,6.11,2,665.77,2230.74,Mortgage,2,4.5,South,2104.13,0.2783,0.3554,2,No,0,0
CUST-003677,47,Female,Married,High School,Salaried,148469.11,3506.2,712.0,21.2,3,0,5400.24,60,4.35,1,9599.16,364.25,Mortgage,3,4.9,North,1826.38,0.2834,0.1247,0,No,0,0
CUST-003678,53,Male,Married,Bachelor,Self-employed,23848.32,537.67,631.0,29.1,1,1,30351.25,60,7.56,2,1793.02,426.93,Own,0,10.3,North,627.3,0.2705,0.7123,0,No,0,0
CUST-003679,44,Female,Married,Bachelor,Salaried,53040.2,1316.01,819.0,23.7,5,0,27163.37,36,2.5,3,9378.85,-1021.31,Rent,3,8.0,South,1998.46,0.2977,0.3769,1,No,0,0
CUST-003680,43,Female,Married,Associate,Salaried,119677.01,4028.02,741.0,21.9,2,1,54331.45,60,6.11,1,38796.28,3266.13,Mortgage,4,,Central,3578.01,0.4039,0.8796,0,No,0,0
CUST-003681,39,Female,Widowed,High School,Contract,86730.3,1639.66,774.0,20.7,5,1,19574.69,60,4.07,2,3676.66,8187.17,Mortgage,1,7.1,East,6383.33,0.2269,0.0999,0,Yes,0,0
CUST-003682,38,Male,Single,Master,Contract,45761.24,473.77,773.0,14.9,1,0,14189.83,84,4.82,1,7857.4,4044.55,Own,0,10.7,Central,1562.49,0.1242,0.1585,1,No,0,0
CUST-003683,33,Male,Divorced,Master,Contract,16828.43,582.28,745.0,13.3,5,1,30166.67,48,6.67,2,4850.08,788.68,Mortgage,0,4.6,Central,867.45,0.4152,0.4728,2,No,0,0
CUST-003684,49,Male,Married,Bachelor,Salaried,110387.23,1323.48,698.0,27.9,5,2,17304.27,12,6.0,4,2007.46,7586.73,Rent,0,2.7,Central,4433.04,0.1439,0.8297,3,No,0,0
CUST-003685,49,Female,Married,Doctorate,Salaried,47234.89,2484.01,634.0,27.9,4,4,30671.85,48,7.01,3,20779.73,199.09,Mortgage,2,17.6,West,3087.96,0.6311,0.611,2,No,1,1
CUST-003686,59,Male,Married,Bachelor,Contract,71782.3,1323.68,689.0,36.5,3,1,43526.72,36,6.77,2,35292.06,2423.28,Rent,2,15.9,West,3987.37,0.2213,0.8119,1,No,0,0
CUST-003687,49,Male,Married,Bachelor,Salaried,,1745.59,704.0,26.6,3,1,31619.74,60,5.74,1,2285.85,-3080.53,Rent,3,6.9,West,2091.96,0.5792,0.7637,0,Yes,0,1
CUST-003688,31,Male,Married,Associate,Salaried,25819.5,1074.39,703.0,11.3,3,0,21876.38,60,4.84,2,3559.93,3688.69,Rent,3,11.6,East,1716.56,0.4993,0.8144,1,No,0,0
CUST-003689,37,Female,Single,High School,Salaried,52596.04,386.9,707.0,16.8,6,2,12989.49,60,5.57,2,16496.56,2013.69,Rent,0,3.5,Central,2400.46,0.0883,0.6267,0,No,0,0
CUST-003690,27,Female,Married,Master,Unemployed,22329.52,298.94,686.0,4.4,2,0,11741.19,24,4.09,1,3973.2,269.0,Rent,2,,South,1196.5,0.1607,0.0478,1,Yes,0,0
CUST-003691,44,Female,Married,Master,Contract,53428.78,708.19,582.0,22.2,3,4,9316.56,36,9.09,3,10764.4,1266.38,Own,1,7.5,Central,1832.87,0.1591,0.6412,2,No,1,1
CUST-003692,51,Female,Single,Bachelor,Unemployed,34537.19,1264.11,656.0,31.6,4,2,10677.56,36,7.53,4,6369.58,3288.27,Rent,0,,Central,1177.23,0.4392,0.3747,2,No,0,1
CUST-003693,52,Male,Divorced,High School,Salaried,43493.12,2654.33,726.0,32.0,0,0,13684.25,60,5.5,3,6909.1,3751.47,Mortgage,0,17.3,East,978.28,0.7323,0.7699,0,No,0,0
CUST-003694,38,Male,Married,Associate,Retired,20085.66,1163.66,709.0,18.3,4,0,29958.29,60,8.56,4,6521.46,-490.16,Mortgage,1,8.2,West,1251.37,0.6952,0.4305,2,No,0,0
CUST-003695,21,Female,Married,Bachelor,Unemployed,16576.76,281.68,725.0,2.0,3,1,20818.09,60,3.03,2,931.33,642.19,Mortgage,2,0.4,North,614.02,0.2039,0.5837,0,No,0,0
CUST-003696,46,Male,Married,High School,Unemployed,11949.47,833.88,745.0,24.0,7,0,39455.78,60,5.73,3,235.22,867.97,Rent,2,1.8,Central,622.6,0.8374,0.5656,2,No,0,0
CUST-003697,33,Male,Divorced,Master,,38178.17,142.45,725.0,9.3,2,0,4215.66,48,5.66,0,2985.43,917.41,Rent,1,5.6,South,2390.23,0.0448,0.2143,2,No,0,0
CUST-003698,32,Male,Single,Associate,Retired,38954.42,509.36,731.0,11.9,4,0,35407.6,60,4.92,0,25247.16,1208.02,Mortgage,0,2.5,West,598.63,0.1569,0.7055,3,No,0,0
CUST-003699,46,Male,Married,Master,Salaried,125578.96,4059.1,657.0,20.6,2,0,13047.06,24,8.93,1,10747.64,11578.97,Mortgage,1,10.9,East,4682.54,0.3879,0.7112,2,No,0,0
CUST-003700,58,Female,Widowed,High School,Salaried,39373.89,766.46,698.0,37.3,3,1,10028.87,60,3.94,0,1937.51,179.46,Rent,2,30.1,West,1410.81,0.2336,0.5097,1,No,0,0
CUST-003701,46,Male,Single,High School,Salaried,179143.34,1934.84,690.0,24.0,3,0,14319.66,36,3.57,1,34192.91,-52.4,Mortgage,0,18.5,West,4517.56,0.1296,0.3455,0,No,0,1
CUST-003702,69,Male,Single,Master,Contract,63263.98,756.15,775.0,42.3,5,1,12780.14,60,5.74,2,5781.97,1627.81,Rent,0,26.6,East,2028.58,0.1434,0.3362,1,No,0,0
CUST-003703,56,Male,Married,Master,Self-employed,84677.52,1345.74,758.0,37.2,1,0,13523.03,24,5.79,1,1325.83,2549.57,Rent,3,14.7,East,2806.42,0.1907,0.5889,0,No,0,0
CUST-003704,41,Male,Divorced,Bachelor,Salaried,35103.97,1196.02,649.0,18.5,1,1,16882.44,60,4.1,2,3952.12,1372.66,Mortgage,0,4.5,Central,1997.55,0.4088,0.2131,1,No,0,0
CUST-003705,47,Male,Married,,Self-employed,49505.48,1598.48,714.0,28.5,3,0,37883.29,60,5.54,1,8561.04,1923.21,Rent,2,23.6,West,1449.93,0.3875,0.8375,1,No,0,0
CUST-003706,53,Female,Married,High School,Salaried,29689.68,965.17,649.0,30.3,4,1,27444.57,60,8.56,3,526.32,2990.18,Mortgage,1,12.7,West,1335.95,0.3901,,2,No,0,0
CUST-003707,30,Male,Single,Bachelor,Retired,36901.11,697.36,746.0,9.1,1,0,56625.37,36,6.03,0,5440.06,2401.66,Rent,3,7.6,North,2567.66,0.2268,0.4042,0,No,0,0
CUST-003708,42,Male,Married,Bachelor,Salaried,73302.51,3686.84,680.0,18.1,3,2,26615.7,48,3.51,1,19190.79,8977.71,Rent,0,0.7,West,1960.7,0.6036,0.5125,3,Yes,0,0
CUST-003709,43,Male,Married,Doctorate,Contract,105598.87,1586.51,745.0,23.8,4,0,15346.63,60,4.39,1,26721.36,1869.77,Rent,0,4.2,North,6624.79,0.1803,0.5974,3,Yes,0,0
CUST-003710,25,Male,Married,Associate,Self-employed,36421.19,208.67,730.0,6.3,0,0,14369.97,48,8.29,1,9396.76,-1330.35,Mortgage,2,2.1,West,1994.31,0.0688,0.742,1,Yes,0,0
CUST-003711,19,Female,Widowed,High School,Salaried,34883.52,989.42,719.0,0.0,4,1,10657.36,60,7.14,1,3381.42,1500.65,Mortgage,1,0.2,Central,1448.11,0.3404,0.4479,1,Yes,0,0
CUST-003712,41,Female,Single,High School,Contract,46529.39,598.88,731.0,20.7,3,0,54705.13,48,3.57,1,18673.28,3133.23,Mortgage,0,9.4,North,420.26,0.1545,0.6143,1,No,0,0
CUST-003713,49,Female,Single,High School,Salaried,46643.1,349.71,,25.5,7,0,50900.44,60,2.5,0,10047.05,8912.68,Rent,0,10.7,West,2856.36,0.09,0.1391,2,No,0,0
CUST-003714,18,Male,Single,Bachelor,Salaried,51485.33,1449.26,732.0,0.0,2,0,33810.44,12,3.73,3,2619.52,1006.62,Rent,1,0.0,North,3269.35,0.3378,0.4318,2,Yes,0,0
CUST-003715,57,Male,Married,High School,Salaried,74995.87,4699.29,731.0,35.6,2,0,11267.14,60,6.87,2,56902.93,-3500.0,Own,4,14.1,East,5566.41,0.7519,0.2004,0,No,0,1
CUST-003716,40,Female,Single,Bachelor,Self-employed,122315.45,1222.34,785.0,18.5,3,0,14278.41,48,3.34,0,5495.3,5354.62,Own,0,8.6,West,4761.85,0.1199,0.7797,2,No,0,0
CUST-003717,35,Female,Single,Associate,Salaried,32349.1,832.19,698.0,9.9,5,2,23763.74,60,2.54,0,1345.81,860.07,Mortgage,0,4.7,South,1122.92,0.3087,0.3864,1,No,0,0
CUST-003718,48,Male,Married,Bachelor,Salaried,30935.04,962.73,691.0,24.9,1,2,24660.56,84,5.59,2,14057.02,484.81,Own,0,9.3,South,665.39,0.3735,0.6545,2,No,0,0
CUST-003719,46,Male,Single,High School,Salaried,60194.14,647.82,626.0,23.2,4,0,14229.89,36,8.83,2,16234.87,5988.27,Other,0,11.0,West,2076.79,0.1291,0.5708,3,Yes,1,1
CUST-003720,52,Male,Divorced,High School,Self-employed,70802.41,1249.61,741.0,32.6,3,0,13149.92,36,5.65,2,10958.14,-1418.52,Mortgage,0,10.9,South,2423.04,0.2118,0.7179,1,No,0,0
CUST-003721,43,Female,Married,High School,Salaried,32775.33,1331.46,663.0,20.6,1,2,26134.52,48,4.31,3,,4640.79,Rent,1,7.9,West,1940.73,0.4875,0.5677,2,No,0,0
CUST-003722,60,Female,Married,Associate,Contract,,445.39,677.0,37.5,2,0,16826.21,24,7.15,1,4000.23,2054.89,Rent,3,23.1,South,1221.04,0.3207,0.4027,2,Yes,0,0
CUST-003723,60,Female,Single,High School,Contract,40251.75,1028.37,620.0,35.7,2,1,11960.67,60,12.64,1,3605.02,4817.02,Rent,2,19.8,South,871.46,0.3066,0.6028,1,No,0,0
CUST-003724,41,Female,Single,Bachelor,Salaried,83544.41,1589.99,702.0,16.9,3,1,8851.27,36,6.82,8,22546.67,3460.25,Own,0,10.9,South,2119.04,0.2284,0.3406,1,No,0,0
CUST-003725,56,Female,Single,Associate,Salaried,62551.87,831.34,850.0,35.6,2,0,17416.29,36,5.25,0,1970.81,620.46,Own,0,18.4,Central,2467.17,0.1595,0.4788,0,No,0,0
CUST-003726,43,Non-binary,Single,Master,Contract,49616.39,537.15,754.0,23.5,2,0,22261.39,12,4.3,1,1046.72,6324.83,Own,1,6.6,Central,2200.56,0.1299,0.4529,0,No,0,0
CUST-003727,37,Female,Married,Master,Unemployed,15336.34,519.63,582.0,10.2,1,1,6366.4,60,16.15,1,12314.76,1559.38,Rent,1,1.4,North,613.62,0.4066,0.4995,1,No,1,0
CUST-003728,20,Male,Single,Doctorate,Self-employed,118585.59,3896.81,689.0,0.0,0,0,11209.6,24,6.15,1,3102.93,6885.32,Mortgage,0,1.1,North,4821.27,0.3943,0.8046,1,No,0,0
CUST-003729,42,Female,Married,Bachelor,,45387.44,76.22,741.0,17.4,2,0,81286.63,24,6.61,0,8574.59,4050.23,Own,2,2.8,Central,2501.03,0.0202,0.1149,0,No,0,0
CUST-003730,39,Male,Single,Associate,Salaried,27064.16,932.49,716.0,17.8,4,3,29531.24,36,4.14,2,368.66,617.27,Rent,0,4.5,West,350.0,0.4135,0.7985,2,No,0,0
CUST-003731,26,Male,Single,Bachelor,Salaried,90687.01,3220.78,750.0,6.8,1,1,16733.4,60,7.79,3,6386.97,-3500.0,Mortgage,0,5.3,South,2652.96,0.4262,0.3823,3,Yes,0,0
CUST-003732,36,Male,Widowed,High School,Salaried,85323.77,8347.74,752.0,15.4,3,2,55748.59,24,5.91,0,12425.31,2681.35,Rent,0,13.2,Central,2544.69,0.2075,0.5715,0,No,0,0
CUST-003733,40,Male,Married,Bachelor,Retired,21288.91,158.88,577.0,20.0,4,4,27098.27,36,11.35,1,2582.15,233.16,,0,4.8,West,824.26,0.0896,0.3893,0,Yes,1,0
CUST-003734,44,Female,Married,Bachelor,Salaried,53565.93,3399.35,719.0,24.8,4,0,23304.13,36,6.38,1,6042.89,5641.39,Own,2,7.6,Central,3423.3,0.7615,0.4645,1,No,0,0
CUST-003735,40,Female,Single,Associate,Salaried,52978.83,3025.33,542.0,21.3,3,4,5485.62,36,11.37,1,10246.28,-28.13,Rent,0,5.2,South,2786.01,0.6853,0.8106,2,No,1,1
CUST-003736,48,Male,Married,Master,Salaried,73596.69,1581.18,675.0,24.7,3,2,28948.34,24,7.37,1,21302.49,4164.47,Mortgage,0,0.3,West,2367.61,0.2578,0.5303,1,No,0,0
CUST-003737,41,Male,Single,Bachelor,Self-employed,64143.7,1998.23,610.0,18.4,2,1,64770.32,24,12.44,1,1607.06,4484.77,Mortgage,0,6.7,North,2091.48,0.3738,0.6047,1,No,1,0
CUST-003738,41,Male,Married,Bachelor,Unemployed,10266.26,586.66,740.0,18.9,4,0,37203.3,12,3.2,1,268.99,262.77,Own,0,0.6,North,368.89,0.6857,0.2679,1,No,0,0
CUST-003739,52,Female,Single,Master,Contract,54635.8,1122.64,693.0,32.4,2,1,26203.2,60,2.8,0,4813.48,6182.87,Own,1,12.6,Central,2804.12,0.2466,0.1873,1,No,0,0
CUST-003740,38,Male,Single,Doctorate,Salaried,168160.83,3980.9,743.0,15.5,5,1,74012.48,60,3.91,1,91409.6,-3500.0,Rent,0,12.6,South,9917.98,0.2841,0.2824,0,Yes,0,0
CUST-003741,44,Female,Married,Associate,Self-employed,79389.5,1707.53,687.0,25.7,2,0,11316.28,48,7.15,2,12179.38,1776.37,Rent,5,4.3,West,4574.03,0.2581,0.2392,0,No,0,0
CUST-003742,48,Male,Single,High School,Salaried,86638.27,1903.22,707.0,27.2,3,1,6173.5,60,6.13,1,39689.86,2148.24,Rent,0,12.8,West,1967.88,0.2636,0.6181,0,No,0,0
CUST-003743,21,Male,Divorced,High School,Retired,37997.76,924.9,601.0,0.0,2,3,76770.26,60,11.76,3,1176.74,1205.41,Rent,0,0.2,West,1914.2,0.2921,0.7506,1,No,0,1
CUST-003744,36,Male,Single,Bachelor,Salaried,42006.24,645.05,688.0,17.7,3,2,16402.42,60,7.04,0,19941.0,519.71,Mortgage,2,2.3,North,2568.22,0.1843,0.4017,1,No,0,0
CUST-003745,44,Male,Widowed,High School,Retired,24693.52,1318.34,658.0,17.6,2,1,27231.76,36,7.73,1,2058.78,-43.03,Rent,0,9.0,North,1318.23,0.6407,0.5911,0,No,0,0
CUST-003746,42,Male,Single,Bachelor,Salaried,83320.56,1412.11,663.0,14.5,3,2,26482.49,60,8.1,1,15618.43,19144.35,Rent,3,16.4,West,2712.49,0.2034,0.7235,1,No,0,0
CUST-003747,40,Male,Married,Master,Contract,145617.86,1320.64,730.0,18.6,0,0,34039.77,36,8.07,2,10601.8,8276.02,Rent,2,4.2,East,5073.42,0.1088,0.6058,1,No,0,0
CUST-003748,44,Male,Married,High School,Contract,34940.85,817.02,696.0,24.5,2,1,22288.9,36,5.76,1,10661.47,1943.17,Rent,0,2.1,South,1095.09,0.2806,0.6328,1,Yes,0,0
CUST-003749,37,Female,Married,High School,Salaried,31933.35,820.07,663.0,16.5,0,1,64518.85,36,7.45,2,1211.14,4081.46,Own,1,3.8,South,742.16,0.3082,0.2656,2,No,0,0
CUST-003750,46,Male,Married,High School,Self-employed,20097.63,502.93,814.0,22.9,0,0,17427.58,36,2.5,1,2460.9,978.14,Mortgage,1,8.8,South,933.97,0.3003,0.7414,0,No,0,0
CUST-003751,25,Female,Single,Associate,,48704.75,952.41,675.0,6.1,2,0,13625.09,60,5.94,2,23898.99,1802.25,Rent,0,2.2,South,922.89,0.2347,0.3451,3,Yes,0,0
CUST-003752,18,Male,Married,Master,Salaried,158643.56,2720.92,706.0,0.0,5,2,34480.35,36,7.91,1,5720.44,13673.07,Rent,0,0.0,West,8208.48,0.2058,0.6608,0,No,0,0
CUST-003753,42,Female,Married,Associate,Salaried,42285.0,951.47,803.0,20.0,1,0,13319.5,60,2.5,0,1026.86,34.14,Rent,1,2.1,East,2210.53,0.27,0.6668,2,No,0,0
CUST-003754,53,Female,Married,High School,Self-employed,34913.32,2380.28,683.0,32.0,2,1,48767.98,36,5.68,3,6906.68,448.73,Own,2,13.6,North,1704.17,0.8181,0.3559,1,No,0,0
CUST-003755,42,Male,Married,,Salaried,52433.66,2282.62,727.0,21.8,3,1,51591.82,24,3.64,1,3620.25,288.29,Rent,0,10.7,North,1399.09,0.5224,0.6098,0,No,0,1
CUST-003756,23,Male,Single,Associate,Salaried,80884.2,1373.04,675.0,0.0,5,1,28203.15,36,8.27,1,3840.67,3137.75,Own,0,2.2,South,2090.53,0.2037,0.1794,0,No,0,0
CUST-003757,24,Female,Married,Associate,Salaried,,2265.84,735.0,3.3,6,0,8803.1,36,7.53,3,3078.88,3817.77,Mortgage,0,0.5,West,1568.75,0.8164,0.7608,1,No,0,0
CUST-003758,27,Male,Single,High School,Salaried,25919.62,1385.56,686.0,0.0,1,1,11292.26,24,9.84,3,1458.31,-488.37,Rent,0,5.0,South,1532.67,0.6415,0.8646,1,No,0,0
CUST-003759,46,Male,Single,Master,Self-employed,51229.29,987.64,753.0,26.8,4,1,83467.53,24,3.13,1,19442.97,1130.72,Rent,0,13.0,East,1577.27,0.2313,0.5836,1,Yes,0,0
CUST-003760,33,Male,Married,High School,Salaried,44135.65,1476.51,615.0,11.5,1,2,15491.73,36,9.42,2,3649.58,5130.28,Mortgage,1,3.7,West,1250.36,0.4014,0.4275,1,No,0,0
CUST-003761,42,Female,Married,Associate,Retired,28793.07,1196.27,550.0,21.4,1,5,16317.07,36,9.7,2,0.0,-269.77,Rent,0,4.5,South,1256.57,0.4986,0.6978,1,No,0,1
CUST-003762,45,Male,Married,Bachelor,Self-employed,100206.4,1372.66,770.0,25.2,5,0,34932.66,84,2.8,2,10230.74,-3500.0,Mortgage,3,8.9,East,4734.89,0.1644,0.5462,0,No,0,0
CUST-003763,51,Male,Divorced,Doctorate,Salaried,74311.48,1320.27,709.0,29.1,5,1,34821.28,24,7.31,1,15117.58,-1021.29,Own,0,17.1,Central,3346.91,0.2132,0.4241,1,No,0,0
CUST-003764,37,Male,Single,Associate,Contract,20273.71,939.08,712.0,15.6,1,1,37009.65,24,7.11,1,7119.07,716.11,,0,1.2,West,1203.38,0.5558,0.6401,2,No,0,0
CUST-003765,29,Female,Married,Associate,Self-employed,84966.46,2027.89,722.0,10.0,5,0,40355.18,36,3.23,5,21495.76,8002.71,Rent,2,4.3,Central,3884.04,0.2864,0.6312,2,No,0,0
CUST-003766,38,Female,Divorced,Associate,Salaried,99808.18,5543.48,651.0,19.0,2,1,36762.14,48,9.73,2,26226.3,2609.21,Mortgage,0,9.7,West,4790.16,0.6665,0.2015,3,Yes,1,0
CUST-003767,32,Female,Married,High School,Unemployed,19097.48,191.18,663.0,12.0,5,2,9002.82,60,9.75,0,0.0,-294.7,Mortgage,0,1.1,West,734.63,0.1201,0.3628,1,Yes,0,0
CUST-003768,40,Non-binary,Single,High School,Salaried,41764.05,1022.21,608.0,21.0,2,1,24168.21,36,13.7,0,6200.84,-1306.3,Rent,1,15.0,South,1815.4,0.2937,0.4277,1,No,0,0
CUST-003769,42,Non-binary,Single,High School,Salaried,34566.52,236.15,749.0,15.0,5,0,40117.58,36,2.5,0,4448.14,6041.84,Rent,1,15.7,Central,1438.42,0.082,0.4725,0,No,0,0
CUST-003770,39,Male,Married,Bachelor,Salaried,,2082.79,697.0,13.9,2,1,39893.07,36,7.04,1,2369.44,1898.13,Rent,2,8.7,Central,920.44,0.5334,0.4898,0,No,0,0
CUST-003771,41,Male,Single,Bachelor,Salaried,46007.95,528.5,736.0,10.2,3,1,8947.28,60,4.38,0,3831.81,586.7,Other,0,7.6,East,2084.74,0.1378,0.726,3,No,0,0
CUST-003772,35,Male,Single,High School,Contract,48369.19,975.35,745.0,15.5,4,0,36826.32,36,2.5,3,2288.41,1683.25,Mortgage,0,5.5,Central,1353.56,0.242,0.2975,0,No,0,0
CUST-003773,40,Male,Married,Bachelor,Unemployed,16444.77,819.88,579.0,20.2,5,3,126843.11,36,11.73,1,1981.83,1515.78,Rent,0,1.2,West,679.13,0.5983,0.3744,0,No,0,0
CUST-003774,28,Female,Married,Doctorate,Contract,57363.9,1521.69,737.0,5.9,1,2,22732.3,72,4.6,0,3336.2,3009.34,Own,1,4.6,Central,1340.53,0.3183,0.5423,3,No,0,0
CUST-003775,49,Male,Married,Master,Contract,87142.86,4059.61,696.0,30.4,2,0,14989.12,60,5.23,0,47683.95,4150.75,Mortgage,4,3.3,South,5088.68,0.559,0.4502,0,No,0,0
CUST-003776,43,Female,Married,Bachelor,Salaried,45050.0,2129.19,733.0,21.6,5,0,32036.49,84,4.79,2,9872.29,2117.14,Mortgage,2,13.4,South,1445.04,0.5672,0.5151,0,No,0,0
CUST-003777,45,Female,Married,Master,Contract,96815.02,2025.63,726.0,22.8,3,0,4303.14,36,7.0,2,6270.93,8068.19,Other,1,9.5,North,4613.92,0.2511,0.6359,1,No,0,0
CUST-003778,26,Male,Single,Bachelor,Salaried,104664.55,1192.01,748.0,6.5,4,0,40197.94,48,3.45,2,88957.94,5368.14,Own,1,5.3,Central,6014.82,0.1367,0.5903,1,No,0,0
CUST-003779,49,Male,Single,High School,Self-employed,81530.2,2886.49,717.0,30.0,4,0,17222.88,60,5.79,1,17623.35,2027.65,Own,1,9.9,South,2157.0,0.4248,0.2613,0,No,0,0
CUST-003780,47,Female,Married,Bachelor,Retired,49731.76,387.31,690.0,21.2,4,1,48249.58,36,8.83,1,1632.6,283.14,Rent,4,5.1,West,2318.49,0.0935,0.5642,2,No,0,0
CUST-003781,59,Female,Married,Bachelor,Contract,61335.44,2705.66,655.0,38.8,5,0,18439.1,48,9.33,2,3050.47,-3500.0,Rent,1,19.3,West,1647.81,0.5293,0.4022,2,Yes,0,0
CUST-003782,39,Male,Single,High School,Contract,69395.22,3113.66,684.0,14.3,3,1,14881.38,60,8.05,1,4539.89,3921.25,Own,2,12.9,North,2072.34,0.5384,0.7451,0,No,0,0
CUST-003783,34,Male,Married,Bachelor,Self-employed,37553.11,559.64,685.0,11.5,2,3,13685.87,60,7.95,1,3685.0,-2457.29,Rent,1,6.5,West,1892.13,0.1788,0.5275,1,No,0,0
CUST-003784,35,Male,Married,Master,Salaried,144827.27,6830.97,681.0,9.0,0,1,18019.7,24,6.92,1,,19578.55,Rent,0,6.6,North,6751.79,0.566,0.642,1,No,0,0
CUST-003785,42,Male,Single,Associate,Contract,32593.9,348.65,747.0,20.5,2,0,147330.24,36,2.5,2,1014.2,694.48,Mortgage,1,7.7,West,1517.47,0.1284,0.4372,1,No,0,0
CUST-003786,36,Female,Married,Bachelor,Self-employed,81268.47,2878.39,767.0,15.9,2,0,45723.23,36,2.5,2,4176.38,1795.44,Own,2,,Central,2468.96,0.425,0.0575,0,No,0,0
CUST-003787,24,Female,Single,Bachelor,Unemployed,16568.52,80.48,649.0,0.0,1,1,86531.75,24,9.75,2,434.5,379.26,Own,1,0.4,Central,908.19,0.0583,0.8612,2,Yes,0,0
CUST-003788,36,Non-binary,Single,Bachelor,Salaried,60979.4,1053.09,738.0,3.4,1,0,12549.87,60,3.08,1,2655.98,-985.67,Mortgage,2,8.9,Central,1531.77,0.2072,0.1631,1,No,0,0
CUST-003789,36,Male,Married,Bachelor,Unemployed,20770.0,802.71,731.0,15.5,1,0,28325.81,72,6.08,2,8749.97,884.54,Own,0,0.9,Central,556.79,0.4638,0.6498,0,No,0,0
CUST-003790,33,Female,Married,Master,Salaried,106648.32,578.77,693.0,11.3,2,3,25639.08,84,3.62,2,4889.04,3759.88,Rent,1,0.3,South,1768.98,0.0651,0.433,2,No,0,0
CUST-003791,41,Female,Married,Master,Salaried,71912.02,647.82,657.0,21.4,2,1,10262.38,84,7.88,1,1407.51,880.86,Mortgage,1,7.4,South,2199.41,0.1081,0.5988,0,No,0,0
CUST-003792,39,Female,Single,High School,Contract,40950.45,1585.55,657.0,19.7,6,2,11195.23,60,4.47,1,259.72,3060.77,Mortgage,0,1.4,Central,599.04,0.4646,0.2928,3,No,0,0
CUST-003793,44,Male,Single,Associate,Salaried,60878.67,1963.52,685.0,20.0,2,1,16430.44,12,9.74,2,1167.19,2141.03,Rent,0,7.9,East,913.12,0.387,0.1272,1,No,0,0
CUST-003794,28,Male,Married,Bachelor,,106073.06,2611.15,703.0,5.0,4,2,6327.29,60,7.31,1,8478.82,597.15,Mortgage,2,5.9,North,3291.44,0.2954,0.8445,0,No,0,0
CUST-003795,44,Female,Single,High School,Salaried,88007.99,1621.1,668.0,23.5,1,2,5315.21,60,5.93,0,7793.66,5621.11,Other,1,21.3,East,5959.09,0.221,0.7892,1,No,0,0
CUST-003796,39,Female,Married,Associate,Salaried,29312.03,904.88,686.0,15.9,5,0,9728.99,48,5.91,6,3332.85,2272.99,Other,3,7.4,North,1744.96,0.3704,0.4437,3,No,0,0
CUST-003797,36,Non-binary,Married,Bachelor,Salaried,60127.53,1315.65,715.0,7.0,6,0,14803.98,72,3.43,1,2592.14,7222.15,Rent,0,2.3,North,3780.76,0.2626,0.4936,0,No,0,1
CUST-003798,31,Female,Single,Bachelor,Salaried,27633.38,274.09,698.0,7.6,5,3,22340.34,36,6.65,1,743.64,-2081.7,Own,0,2.4,South,988.62,0.119,0.2959,0,No,0,0
CUST-003799,30,Female,Married,,Salaried,54378.59,1832.47,599.0,10.7,2,2,20299.34,60,8.77,2,20.21,1916.5,Mortgage,1,9.8,Central,686.77,0.4044,,0,Yes,0,0
CUST-003800,30,Female,Married,Master,Salaried,80075.53,2977.27,758.0,11.5,3,0,55735.55,60,4.57,3,15869.22,10333.16,Own,1,9.7,West,2757.93,0.4462,,3,No,0,0
CUST-003801,54,Female,Married,Bachelor,Salaried,65558.85,2511.54,760.0,31.1,6,1,13606.25,48,5.33,3,7327.59,8495.94,Mortgage,1,,South,3415.76,0.4597,0.1198,1,No,0,0
CUST-003802,69,Male,Single,High School,Retired,35072.16,756.74,596.0,48.0,3,0,48420.61,36,11.08,0,16404.18,2305.63,Mortgage,1,9.3,West,1314.15,0.2589,0.2161,1,No,1,1
CUST-003803,37,Female,Single,Bachelor,Contract,35403.79,795.89,,14.1,3,0,41775.81,48,5.92,2,1580.21,452.97,Rent,2,5.7,North,1459.72,0.2698,0.304,0,Yes,0,0
CUST-003804,42,Male,Married,High School,Salaried,47444.88,571.29,697.0,21.1,0,1,13516.9,36,9.18,1,1169.64,3320.28,Own,3,14.6,North,1584.49,0.1445,0.1718,1,Yes,0,0
CUST-003805,24,Non-binary,Divorced,Master,Unemployed,43005.9,1147.91,686.0,1.7,2,1,10274.38,24,9.73,1,3146.75,1346.04,Mortgage,3,0.2,West,2704.76,0.3203,0.6269,1,No,0,0
CUST-003806,40,Male,Married,Bachelor,Contract,70834.99,2255.55,614.0,16.1,3,1,25096.0,36,7.79,1,7119.57,5791.4,,0,3.2,Central,1257.78,0.3821,0.3584,2,No,0,0
CUST-003807,25,Female,Single,Associate,Contract,22527.41,971.56,768.0,4.0,5,0,63568.9,48,4.73,2,3123.76,432.3,Mortgage,0,2.7,South,350.0,0.5175,0.4079,4,No,0,0
CUST-003808,31,Female,Single,High School,Self-employed,25970.75,308.58,751.0,4.6,2,0,15652.38,24,3.64,1,2420.88,2662.66,Rent,0,2.3,North,1357.41,0.1426,0.6183,1,No,0,0
CUST-003809,40,Female,Married,Bachelor,Retired,36530.51,588.82,665.0,17.9,2,0,22362.3,60,7.93,0,3060.44,4.23,Mortgage,0,12.1,West,1238.3,0.1934,0.5913,3,No,0,0
CUST-003810,28,Female,Divorced,Associate,Self-employed,40791.69,1065.92,634.0,9.7,2,2,25625.46,36,8.86,1,627.13,872.47,,0,7.7,West,1141.83,0.3136,0.585,3,Yes,0,0
CUST-003811,42,Female,Married,High School,Unemployed,7000.0,251.95,723.0,22.9,2,2,18746.9,60,7.76,1,0.0,1067.96,Own,1,2.5,North,472.42,0.4319,0.4333,0,No,0,0
CUST-003812,47,Female,Married,Master,Salaried,134757.03,4028.2,691.0,21.5,6,0,15907.26,36,4.59,0,20995.25,7923.71,Rent,0,13.3,East,5099.2,0.3587,0.2502,1,No,0,0
CUST-003813,57,Female,Married,Associate,Salaried,39478.56,1678.26,717.0,33.0,6,0,4264.91,72,3.06,1,5367.56,3201.86,Mortgage,4,23.6,East,914.32,0.5101,0.5767,1,No,0,0
CUST-003814,39,Female,Married,Bachelor,Unemployed,17284.39,909.92,573.0,18.7,4,4,11540.03,60,12.66,1,0.0,1539.23,Rent,2,1.3,Central,916.89,0.6317,0.8236,1,Yes,1,1
CUST-003815,42,Non-binary,Married,Master,Salaried,106566.99,1398.48,751.0,18.7,4,0,17097.32,24,3.82,3,10882.12,1895.46,Mortgage,2,3.3,Central,6557.55,0.1575,0.1023,3,No,0,0
CUST-003816,50,Female,Single,Bachelor,Salaried,99383.26,3343.01,653.0,24.5,2,2,10865.5,36,10.56,2,1622.03,3015.34,Rent,0,6.9,Central,4796.56,0.4037,0.4404,0,Yes,0,0
CUST-003817,43,Male,Married,Master,Salaried,,1601.02,712.0,21.3,3,0,2654.88,60,10.06,2,1783.7,3108.97,Other,0,5.9,South,3641.64,0.2675,0.2035,0,No,0,0
CUST-003818,37,Male,Single,Master,Salaried,70884.13,562.39,729.0,15.1,4,1,10030.69,36,7.78,1,9596.51,6129.5,Rent,0,3.6,South,1706.07,0.0952,0.3054,0,Yes,0,0
CUST-003819,61,Female,Married,Master,Salaried,80990.36,1898.41,705.0,41.1,4,0,35430.47,48,7.63,1,3425.39,2174.13,Mortgage,0,23.1,West,3708.9,0.2813,0.6635,0,No,0,0
CUST-003820,36,Male,Single,Associate,Retired,36260.31,1913.69,728.0,12.8,3,0,18641.09,36,3.8,2,1654.79,3607.3,Other,0,3.6,South,1451.82,0.6333,0.6223,1,No,0,1
CUST-003821,44,Female,Single,Bachelor,Contract,90233.72,1181.68,827.0,24.6,1,0,11978.91,36,2.5,0,2052.88,2090.88,Rent,1,6.6,South,1651.38,0.1571,0.7953,0,No,0,0
CUST-003822,40,Female,Single,Bachelor,Salaried,64499.88,547.59,664.0,8.0,4,1,36483.93,60,11.24,1,6824.54,4471.37,Rent,0,9.5,Central,2171.56,0.1019,0.3125,1,No,1,1
CUST-003823,40,Female,Married,Bachelor,Contract,28134.86,1588.15,601.0,16.9,6,1,45172.81,84,8.29,1,6156.26,1813.76,Mortgage,1,18.3,West,1726.7,0.6774,0.7166,0,No,0,0
CUST-003824,29,Male,Single,Bachelor,Salaried,61769.2,576.96,768.0,6.8,1,0,12589.96,72,3.82,2,2606.81,-13.66,Mortgage,1,7.2,Central,2415.97,0.1121,0.3612,3,No,0,0
CUST-003825,36,Male,Married,Doctorate,Self-employed,308857.66,17243.76,726.0,14.0,0,0,12836.27,36,6.2,1,126040.7,8084.49,Rent,4,10.3,South,16778.42,0.67,0.2989,2,Yes,0,0
CUST-003826,46,Male,Married,Bachelor,Salaried,83064.17,2177.09,671.0,25.6,5,0,31093.6,24,8.29,0,9024.89,-3286.65,Rent,1,8.9,North,2887.18,0.3145,0.4511,0,No,0,1
CUST-003827,19,Male,Single,Bachelor,Retired,51404.94,1177.14,745.0,0.0,6,1,12883.48,36,5.4,4,1347.24,-413.28,Rent,1,0.5,North,900.42,0.2748,0.5957,1,Yes,0,0
CUST-003828,49,Male,Widowed,Associate,,42833.77,1211.54,734.0,26.7,5,0,6339.57,60,5.19,1,2357.04,,Mortgage,1,20.0,East,417.77,0.3394,0.3784,1,No,0,1
CUST-003829,46,Male,Single,High School,Salaried,41236.7,1391.41,624.0,26.0,2,4,15240.11,24,10.09,5,4823.78,6415.97,Mortgage,1,5.7,Central,2179.72,0.4049,0.7424,0,No,1,1
CUST-003830,67,Female,Married,Bachelor,Salaried,26587.42,908.09,737.0,47.1,5,0,11055.67,12,2.5,2,7678.03,149.92,Own,0,3.3,East,747.37,0.4099,0.419,0,No,0,0
CUST-003831,26,Male,Divorced,High School,Retired,18400.64,751.59,675.0,0.8,4,1,23720.4,12,7.57,2,1709.02,675.41,Rent,2,2.9,South,685.73,0.4902,0.5373,2,No,0,0
CUST-003832,29,Female,Married,Master,Salaried,52707.17,1007.24,707.0,9.7,5,0,35870.52,60,8.26,1,2189.15,1144.05,Rent,1,3.9,South,1010.57,0.2293,0.4795,0,No,0,0
CUST-003833,28,Female,Married,Associate,Self-employed,47900.63,248.28,597.0,8.9,2,4,39088.71,12,11.7,0,1473.65,5373.29,Mortgage,0,5.7,West,350.0,0.0622,0.7534,0,Yes,1,1
CUST-003834,41,Female,Single,,Salaried,69382.09,1193.24,730.0,22.0,9,0,18116.44,84,6.68,2,2943.26,-288.77,Mortgage,1,16.4,South,2115.88,0.2064,0.1396,2,Yes,0,0
CUST-003835,37,Male,Married,Bachelor,Salaried,58097.05,1076.08,625.0,14.6,4,2,19728.32,24,10.03,2,9753.62,2112.89,Rent,1,1.1,Central,2417.92,0.2223,0.4612,0,Yes,1,0
CUST-003836,53,Male,Married,Master,Salaried,95314.92,4726.43,745.0,32.5,7,0,56060.09,36,6.86,3,8205.15,11030.67,Mortgage,2,25.8,Central,2560.83,0.595,0.5496,3,No,0,0
CUST-003837,49,Male,Married,Bachelor,Unemployed,14935.46,535.13,641.0,29.5,2,0,13661.94,36,11.36,2,213.43,-51.53,Mortgage,2,0.5,South,1217.95,0.43,0.2056,2,No,0,0
CUST-003838,56,Male,Married,Bachelor,Salaried,36657.17,1409.15,650.0,33.0,0,0,9017.27,36,9.14,0,3683.71,-95.03,Rent,2,10.8,Central,611.95,0.4613,0.2624,0,No,0,0
CUST-003839,58,Male,Married,Associate,Self-employed,33300.21,1468.0,732.0,32.3,1,1,50716.37,60,2.85,1,3087.84,-626.59,Mortgage,0,4.4,Central,718.96,0.529,0.3231,0,No,0,0
CUST-003840,47,Male,Married,High School,Self-employed,57689.77,1319.1,703.0,27.8,3,1,36117.92,24,5.61,1,22313.27,909.37,Mortgage,2,7.3,South,2374.18,0.2744,0.536,0,No,0,0
CUST-003841,35,Male,Divorced,High School,Salaried,81685.02,4908.42,785.0,14.3,5,0,105933.72,84,3.53,3,23232.51,2567.98,Rent,0,10.3,South,4170.53,0.7211,0.4621,1,No,0,0
CUST-003842,28,Male,Married,Bachelor,Contract,64327.36,2643.49,691.0,4.9,2,1,14787.97,12,5.4,1,9425.21,173.12,Rent,2,5.0,West,2031.55,0.4931,0.6151,0,No,0,1
CUST-003843,35,Female,Married,Bachelor,Salaried,30152.72,1532.15,708.0,12.5,4,2,247289.26,36,7.84,2,5471.43,471.91,Mortgage,0,6.9,North,1560.28,0.6098,0.8369,2,No,0,1
CUST-003844,30,Female,Married,High School,Self-employed,38543.1,806.75,719.0,10.0,2,1,67748.15,12,5.51,5,3552.65,-2046.37,Own,1,4.0,South,1006.41,0.2512,0.3525,1,No,0,0
CUST-003845,67,Male,Married,Associate,Salaried,71344.48,609.88,764.0,42.4,3,0,13201.73,36,6.67,1,9438.65,-2808.25,Rent,0,17.4,South,3192.48,0.1026,0.3465,1,No,0,0
CUST-003846,18,Female,Married,High School,Salaried,22503.64,980.68,792.0,0.0,4,0,34331.5,60,2.5,2,1169.5,916.07,Rent,0,0.0,Central,514.2,0.5229,0.254,1,No,0,0
CUST-003847,35,Female,Married,Associate,Self-employed,25785.74,241.82,739.0,15.4,4,0,17184.27,36,4.89,2,2653.64,2065.93,Mortgage,0,5.0,South,869.15,0.1125,0.4414,1,No,0,0
CUST-003848,43,Male,Single,Bachelor,Self-employed,84388.62,1586.65,703.0,22.3,5,2,7208.58,12,5.69,1,31488.99,2770.72,Rent,2,9.5,South,4836.96,0.2256,0.2268,1,No,0,0
CUST-003849,56,Male,Married,Bachelor,Salaried,104141.32,4695.07,690.0,27.0,7,0,26204.31,60,4.21,1,9509.73,5346.48,Rent,1,6.5,West,2136.03,0.541,0.7463,3,No,1,0
CUST-003850,43,Female,Single,Bachelor,Salaried,41111.87,271.04,771.0,22.3,2,0,25631.38,24,4.51,2,804.84,2292.27,,0,10.8,East,2023.01,0.0791,0.4752,4,No,0,0
CUST-003851,33,Male,Widowed,Bachelor,Salaried,102085.79,3682.67,752.0,12.4,3,1,23157.72,36,2.96,2,15260.37,11770.9,Rent,1,6.9,Central,1348.54,0.4329,0.3855,3,Yes,0,0
CUST-003852,46,Male,Single,Master,Self-employed,139933.18,3051.43,680.0,26.6,3,2,30636.1,48,10.45,5,25136.42,11449.87,Own,0,13.2,South,8175.56,0.2617,0.7156,0,Yes,0,0
CUST-003853,28,Female,Married,Associate,Salaried,26160.01,707.58,686.0,8.4,2,0,23415.55,48,8.19,4,1114.82,2346.88,Other,0,0.3,South,880.29,0.3246,0.6659,2,No,0,0
CUST-003854,45,Non-binary,Married,Bachelor,Salaried,24965.09,796.54,721.0,14.0,1,0,123914.99,48,3.94,4,1973.16,428.01,Rent,3,12.6,Central,1881.27,0.3829,0.1768,0,No,0,0
CUST-003855,34,Male,Married,Bachelor,Salaried,84784.29,1836.82,785.0,12.8,1,0,10478.96,36,4.02,1,12005.18,-3500.0,Mortgage,0,13.1,North,3269.1,0.26,0.1609,0,No,0,0
CUST-003856,55,Male,Married,High School,Contract,8314.34,2562.63,771.0,29.9,2,1,39531.51,36,4.11,2,454.27,,Mortgage,2,5.6,South,769.89,0.6927,0.2261,1,No,0,0
CUST-003857,43,Male,Divorced,High School,Self-employed,26031.3,427.57,630.0,23.5,4,1,25455.73,36,9.92,1,865.68,-1228.48,Own,0,21.7,West,670.6,0.1971,0.3153,2,No,1,0
CUST-003858,56,Male,Married,Bachelor,Salaried,201452.91,6627.76,702.0,32.2,5,3,33209.7,36,5.92,2,62900.56,5802.44,Rent,3,29.6,East,11700.44,0.3948,0.7535,3,Yes,0,1
CUST-003859,30,Female,Single,Bachelor,Self-employed,53024.85,349.86,628.0,4.1,3,2,30996.03,48,7.63,1,19187.67,4483.35,Rent,0,1.0,South,1872.19,0.0792,0.5574,1,No,0,0
CUST-003860,68,Female,Single,Doctorate,Salaried,59983.9,1045.44,704.0,46.3,4,1,16308.69,12,8.34,2,15689.66,6044.26,Rent,0,14.8,South,932.88,0.2091,0.3533,1,No,0,1
CUST-003861,30,Female,Married,Master,Unemployed,7000.0,767.25,763.0,7.9,3,0,40200.58,72,3.39,5,2137.19,926.06,Mortgage,3,0.8,South,763.96,1.3153,0.7122,2,No,0,0
CUST-003862,40,Female,Single,High School,Contract,26132.46,759.45,737.0,19.2,5,0,39240.23,24,2.5,0,1356.16,4607.22,Own,0,5.4,North,1224.64,0.3487,0.5008,2,No,0,0
CUST-003863,50,Female,Single,Bachelor,Salaried,70400.5,1934.8,740.0,30.7,5,1,23283.99,84,6.27,1,,12068.24,Mortgage,0,9.2,East,1709.82,0.3298,0.2961,2,No,0,0
CUST-003864,43,Female,Single,Bachelor,Unemployed,14773.23,325.56,709.0,24.0,3,2,46554.17,24,4.15,1,259.51,-707.44,Rent,1,0.9,Central,682.44,0.2644,0.4522,0,No,0,0
CUST-003865,18,Male,Married,Master,Salaried,88638.19,2025.16,712.0,0.0,3,1,12867.42,36,4.93,0,9576.32,1725.91,Mortgage,2,0.0,Central,4376.37,0.2742,0.6466,2,No,0,0
CUST-003866,35,Male,Single,Associate,Salaried,41647.2,2467.77,683.0,13.4,1,0,21027.48,12,9.2,1,5532.13,881.27,Own,2,7.0,East,2500.83,0.7111,0.5444,1,Yes,0,0
CUST-003867,33,Male,Single,High School,Retired,30194.15,1758.28,678.0,9.1,4,0,31545.13,72,3.61,5,1757.4,901.47,Mortgage,0,8.6,North,1080.8,0.6988,0.1926,4,Yes,0,0
CUST-003868,26,Male,Single,Master,Retired,93027.64,1393.66,747.0,7.4,3,0,17540.94,60,5.61,1,8413.56,1158.07,Mortgage,1,2.9,North,2682.63,0.1798,0.4136,2,No,0,0
CUST-003869,35,Male,Divorced,Associate,Salaried,38457.28,1224.2,779.0,14.7,0,0,19051.02,36,6.4,0,2271.29,1304.19,Rent,1,10.3,North,1286.27,0.382,0.5529,0,Yes,0,0
CUST-003870,46,Male,Married,Bachelor,Salaried,47216.41,1730.65,727.0,26.4,3,1,14592.48,48,5.07,1,4276.6,3125.06,Rent,2,12.9,West,2419.81,0.4398,0.4146,2,No,0,0
CUST-003871,28,Female,Married,Associate,Unemployed,22259.77,745.68,672.0,3.7,3,2,8852.02,60,8.87,0,3221.23,647.63,Mortgage,3,1.0,North,1076.91,0.402,0.8119,0,Yes,0,0
CUST-003872,50,Female,Married,Master,Salaried,73320.99,3171.31,734.0,29.3,3,1,28790.71,48,7.76,3,12939.72,4077.59,Rent,1,23.9,Central,2700.51,0.519,1.0133,3,No,0,0
CUST-003873,53,Male,Divorced,Master,Contract,69973.49,1026.04,769.0,33.9,3,1,34266.82,60,3.6,0,2505.05,6051.43,Mortgage,0,18.5,Central,2027.48,0.176,0.4662,2,No,0,0
CUST-003874,48,Male,Single,Master,Salaried,161948.89,3098.32,737.0,27.8,6,1,28963.52,60,6.37,3,,12975.62,Mortgage,0,8.4,West,2407.86,0.2296,0.507,0,No,0,0
CUST-003875,27,Female,Widowed,Master,Salaried,59823.72,1500.9,724.0,2.5,5,0,11280.03,60,10.35,0,818.66,3107.12,Rent,0,7.3,West,1477.76,0.3011,0.5018,2,No,0,0
CUST-003876,45,Male,Single,Bachelor,Salaried,32884.98,1164.75,683.0,23.4,4,1,16241.5,36,6.81,1,4379.73,5109.95,Rent,0,11.3,West,910.73,0.425,0.2382,0,No,0,0
CUST-003877,56,Female,Married,High School,Retired,27028.22,1244.52,664.0,36.9,4,0,26021.04,36,2.53,1,18567.29,-2111.48,Mortgage,2,14.9,North,1547.3,0.5525,0.3032,0,No,0,0
CUST-003878,41,Female,Single,Bachelor,Contract,38271.89,535.19,742.0,17.5,1,0,15850.43,36,2.75,0,968.83,2328.8,Mortgage,0,5.9,North,368.67,0.1678,0.5405,1,No,0,0
CUST-003879,36,Female,Married,Bachelor,Salaried,40927.29,1021.06,690.0,16.1,3,0,19723.78,60,5.03,2,5668.88,-223.16,Rent,1,3.6,North,1995.6,0.2994,0.2896,1,Yes,0,0
CUST-003880,38,Male,Single,Master,Unemployed,11241.4,375.85,653.0,13.5,3,0,9364.79,36,4.71,1,2916.54,744.99,Mortgage,0,1.2,South,350.0,0.4012,0.5481,2,No,0,1
CUST-003881,51,Male,Married,Associate,Retired,38169.75,968.31,693.0,19.8,2,0,14439.43,84,2.5,2,1992.06,1803.26,Rent,1,20.7,West,1395.29,0.3044,0.5307,1,Yes,0,0
CUST-003882,31,Female,Single,Bachelor,Unemployed,7746.73,257.8,639.0,11.5,3,1,32292.44,36,8.39,0,1789.33,229.39,Rent,3,0.1,Central,529.99,0.3993,0.4426,0,No,0,0
CUST-003883,47,Male,Married,Associate,Salaried,24164.97,1052.3,670.0,24.3,3,2,7521.46,24,10.74,1,7853.13,761.21,Own,1,13.0,West,361.56,0.5226,0.5358,2,No,1,0
CUST-003884,42,Female,Single,Bachelor,Self-employed,59684.75,1025.45,618.0,21.2,4,0,72823.63,60,8.33,1,2838.1,3602.85,Own,0,1.6,Central,2506.88,0.2062,0.2067,1,No,0,0
CUST-003885,39,Male,Single,,Salaried,78770.52,1902.93,735.0,14.5,5,1,18578.61,72,2.99,2,6291.19,912.2,Rent,0,4.5,East,2407.09,0.2899,0.5114,0,No,0,0
CUST-003886,48,Female,Single,Master,Retired,,684.54,736.0,27.3,1,0,33802.44,60,5.1,1,4310.88,155.36,Mortgage,1,13.8,North,2024.95,0.2215,0.8513,0,No,0,0
CUST-003887,52,Male,Single,Associate,Contract,32259.79,1227.28,663.0,30.6,6,2,8109.55,24,6.83,0,771.49,-829.52,Rent,0,4.0,Central,1580.64,0.4565,0.6278,0,No,0,0
CUST-003888,39,Male,Married,High School,Contract,93786.29,1974.85,769.0,19.7,3,1,20014.9,36,2.5,2,32432.81,7191.42,Own,0,14.8,West,5318.17,0.2527,0.5452,0,No,0,0
CUST-003889,51,Female,Single,,Salaried,31633.1,832.63,639.0,28.9,2,1,33719.16,24,10.67,0,738.35,1162.71,Own,0,8.6,East,541.52,0.3159,0.1382,0,No,0,0
CUST-003890,45,Female,Married,Bachelor,Salaried,47166.95,669.56,734.0,21.8,3,0,14595.1,36,5.12,1,7587.92,1887.27,Rent,1,2.7,Central,1066.54,0.1703,0.6508,1,No,0,0
CUST-003891,45,Male,Married,High School,Salaried,32648.94,314.65,640.0,19.4,1,2,11107.73,60,7.76,0,11170.65,-1363.61,Rent,1,5.4,South,763.34,0.1156,0.5021,1,No,0,0
CUST-003892,18,Male,Single,Doctorate,Retired,43503.22,951.78,762.0,0.0,4,0,6933.5,60,5.82,0,3012.86,3778.81,Rent,1,0.0,East,2728.81,0.2625,0.3901,1,Yes,0,0
CUST-003893,47,Female,Single,Bachelor,Salaried,234467.49,8427.3,777.0,21.3,5,1,7190.97,48,4.49,4,14104.74,44351.9,Rent,0,4.6,North,5325.71,0.4313,0.9147,0,No,0,0
CUST-003894,44,Female,Single,Bachelor,Salaried,47212.56,1468.46,725.0,21.8,2,0,30870.87,24,5.08,3,12596.93,2425.31,Rent,1,6.9,East,1739.67,0.3732,0.561,0,No,0,1
CUST-003895,30,Male,Divorced,Bachelor,Salaried,69161.23,1209.01,623.0,10.7,0,2,28250.09,60,7.98,1,13261.1,4909.84,Rent,3,5.0,North,3386.59,0.2098,0.3553,1,Yes,1,0
CUST-003896,45,Female,Divorced,High School,Retired,34257.89,998.02,588.0,22.2,2,2,15938.23,48,8.76,1,1711.37,1225.42,Rent,2,12.6,East,557.94,0.3496,0.6182,3,No,0,1
CUST-003897,39,Male,Married,Bachelor,Salaried,87444.47,2960.56,751.0,17.8,3,0,84715.52,60,5.72,0,33822.91,6221.56,Own,1,9.8,South,3512.59,0.4063,0.7337,2,No,0,1
CUST-003898,52,Male,Married,Bachelor,Salaried,65104.43,2177.09,768.0,30.6,4,0,52636.61,36,3.36,3,23717.22,-3500.0,Rent,1,5.8,South,1351.03,0.4013,0.596,1,No,0,0
CUST-003899,32,Non-binary,Single,Bachelor,,47459.24,693.57,744.0,8.2,3,0,15105.56,60,5.44,1,26623.6,-448.73,Mortgage,0,0.7,South,2706.21,0.1754,0.1892,1,Yes,0,0
CUST-003900,32,Female,Single,Master,Retired,55286.31,1891.0,696.0,12.3,2,0,24568.35,84,5.8,2,39156.0,1106.7,Rent,0,5.4,South,2316.85,0.4104,0.1507,0,No,0,0
CUST-003901,38,Male,Married,High School,Retired,44528.4,1435.34,758.0,18.2,2,1,5827.45,24,3.01,0,27316.02,3465.42,Mortgage,5,3.8,South,1711.88,0.3868,0.1893,1,No,0,0
CUST-003902,18,Male,Married,High School,Self-employed,35167.29,236.42,,0.0,2,1,32531.98,60,8.37,1,5635.4,5046.86,Rent,2,0.0,Central,2063.75,0.0807,0.3163,1,No,0,0
CUST-003903,51,Female,Married,Master,Salaried,142079.5,4009.31,777.0,32.1,4,1,16542.68,60,4.18,3,21841.05,15818.89,Mortgage,1,10.6,North,3268.95,0.3386,0.3863,2,No,0,0
CUST-003904,39,Female,Married,Bachelor,Unemployed,8632.13,354.56,598.0,15.5,1,3,26977.95,36,9.62,2,0.0,-303.24,Mortgage,1,1.2,West,350.0,0.4929,0.3675,2,No,1,1
CUST-003905,45,Male,Single,Bachelor,Salaried,57758.29,2561.72,740.0,22.8,1,1,28133.0,60,7.4,4,494.33,2755.08,Rent,1,11.5,North,1111.41,0.5322,0.2507,3,No,0,0
CUST-003906,51,Male,Married,Bachelor,,41378.68,1660.28,571.0,28.9,3,3,2745.87,72,9.63,3,2068.72,2832.33,Rent,1,9.0,West,642.74,0.4815,0.431,1,No,0,1
CUST-003907,55,Female,Single,Bachelor,Contract,43318.31,1476.3,690.0,32.1,2,1,28513.42,48,7.69,0,9629.63,5556.53,Rent,1,13.2,South,1868.62,0.409,0.4122,3,No,0,0
CUST-003908,44,Male,Single,Bachelor,Salaried,228876.18,36329.69,771.0,23.8,2,1,26245.14,48,3.82,3,22808.43,1867.13,Rent,2,5.6,East,15576.9,0.3147,0.6047,2,No,0,0
CUST-003909,28,Male,Single,Master,Retired,104294.99,894.07,712.0,1.2,3,0,8371.69,84,4.58,2,17432.39,2787.71,Mortgage,0,2.3,North,2729.95,0.1029,0.274,1,Yes,0,0
CUST-003910,47,Male,Married,Bachelor,Salaried,95256.27,612.21,727.0,27.0,4,1,16697.29,36,4.5,1,1946.95,-812.79,,1,10.6,South,4010.83,0.0771,0.1158,0,No,0,0
CUST-003911,32,Male,Single,Bachelor,Contract,18773.94,927.71,608.0,11.4,1,2,17430.89,36,13.06,3,,,Mortgage,2,0.4,Central,1095.81,0.593,0.7754,2,No,1,0
CUST-003912,26,Male,Divorced,High School,Salaried,35353.91,794.74,730.0,6.6,3,0,18211.45,36,2.5,2,3071.08,1143.47,Mortgage,1,3.2,West,1576.72,0.2698,0.6561,0,No,0,0
CUST-003913,32,Female,Single,Master,Unemployed,31602.84,433.1,675.0,12.0,2,1,15801.34,84,4.47,1,11842.73,2403.91,Mortgage,0,1.8,West,1108.0,0.1645,0.607,1,No,0,1
CUST-003914,37,Male,Single,Associate,Salaried,41592.55,1973.84,704.0,17.7,5,0,27719.0,60,7.54,2,16975.16,4145.98,Rent,0,9.0,West,1565.74,0.5695,0.4538,2,No,0,0
CUST-003915,42,Male,Married,High School,Salaried,29332.19,714.56,676.0,19.1,4,1,15226.91,36,9.63,2,5767.0,2259.75,Rent,3,2.5,East,1580.52,0.2923,0.2174,1,No,0,0
CUST-003916,51,Male,Single,Doctorate,Salaried,98292.87,862.04,802.0,26.2,4,0,18077.17,60,2.5,4,3225.43,3323.54,Mortgage,0,9.1,North,1669.19,0.1052,0.3409,3,Yes,0,0
CUST-003917,36,Male,Married,Associate,Contract,26333.02,400.43,678.0,16.5,1,1,25707.69,72,4.64,0,15766.01,784.45,Rent,3,11.6,South,979.02,0.1825,0.3559,0,No,0,1
CUST-003918,60,Male,Married,Bachelor,Salaried,47803.34,2114.94,707.0,37.9,2,1,58100.84,36,7.34,3,4006.02,-611.43,Mortgage,1,23.5,South,3140.69,0.5309,0.909,1,No,0,0
CUST-003919,42,Male,Married,Bachelor,Self-employed,61445.9,1559.03,748.0,13.2,3,0,13075.99,36,7.94,2,7834.84,7566.86,Rent,2,16.5,East,1951.43,0.3045,0.4169,1,No,0,1
CUST-003920,58,Female,Married,High School,Self-employed,35865.94,1203.55,718.0,35.6,2,0,17647.05,60,8.7,1,4300.53,769.7,Mortgage,2,15.9,West,761.44,0.4027,0.0188,5,No,0,0
CUST-003921,50,Female,Single,Associate,Self-employed,91335.29,5704.71,798.0,30.5,5,0,7726.99,12,3.65,0,14425.39,-3500.0,Rent,1,,Central,3418.47,0.7495,0.6155,1,Yes,0,0
CUST-003922,40,Female,Married,Bachelor,Self-employed,81708.52,1029.28,746.0,17.6,3,0,37955.88,84,5.43,3,,422.95,Rent,0,9.3,East,2635.03,0.1512,0.7053,1,No,0,1
CUST-003923,56,Male,Divorced,Associate,Salaried,90140.92,3162.11,736.0,34.6,4,0,31841.13,60,6.76,3,44470.13,11269.79,Own,1,11.6,West,1530.11,0.421,0.7066,0,Yes,0,0
CUST-003924,26,Female,Single,High School,Self-employed,99408.29,1149.79,721.0,5.9,2,3,36024.36,36,3.49,1,9185.03,8793.89,Mortgage,0,0.5,East,4343.67,0.1388,0.5332,1,No,0,1
CUST-003925,45,Female,Divorced,Doctorate,Self-employed,95963.7,2194.84,717.0,18.4,3,1,67821.5,72,7.41,2,14606.51,15628.23,Mortgage,1,7.2,East,2897.53,0.2745,0.771,1,Yes,0,0
CUST-003926,30,Female,Single,Bachelor,Self-employed,42159.5,883.23,696.0,6.7,5,1,5254.23,36,8.65,1,8134.04,3130.76,Rent,0,8.1,North,1251.47,0.2514,0.6999,2,No,0,0
CUST-003927,39,Male,Single,Master,Salaried,,666.49,753.0,18.9,2,0,48683.92,48,2.63,1,23545.04,-3500.0,Own,1,11.9,East,6488.36,0.0509,0.6003,2,No,0,0
CUST-003928,37,Female,Single,Bachelor,Self-employed,40051.05,2684.29,672.0,17.5,6,0,34958.54,36,5.35,4,4620.7,2514.84,Rent,0,4.9,East,1758.4,0.8043,0.495,0,No,0,0
CUST-003929,27,Non-binary,Single,Master,Salaried,47064.92,2066.5,536.0,6.2,1,5,18656.18,60,17.2,1,9648.23,-576.78,Rent,0,2.2,North,2000.63,0.5269,0.7212,5,No,1,1
CUST-003930,44,Male,Married,Bachelor,Salaried,79791.41,1180.36,589.0,25.0,6,3,48692.79,48,8.36,1,9692.79,12177.94,Own,1,20.8,Central,3336.76,0.1775,0.7996,0,No,0,1
CUST-003931,35,Male,Single,Associate,Salaried,36202.38,460.85,731.0,15.3,3,1,16997.47,36,6.6,0,5997.21,3066.76,Mortgage,1,11.6,North,1241.44,0.1528,0.1471,0,No,0,0
CUST-003932,46,Female,Married,Bachelor,Salaried,29397.13,1368.45,629.0,25.2,3,0,26749.55,72,6.88,1,4762.76,495.75,Rent,0,1.7,South,719.62,0.5586,0.6341,2,No,0,0
CUST-003933,22,Female,Married,High School,Retired,63009.89,2102.67,621.0,0.2,1,0,25344.2,24,8.26,1,7216.33,4909.41,Own,0,1.7,South,1275.08,0.4004,0.1947,0,No,0,0
CUST-003934,51,Female,Single,Master,Contract,44910.75,492.93,764.0,28.2,3,0,5031.32,48,4.62,1,1562.9,4395.45,Rent,0,16.7,West,2443.66,0.1317,0.182,1,Yes,0,0
CUST-003935,42,Female,Single,High School,Contract,41421.91,1103.28,689.0,19.8,2,0,58247.63,36,7.95,4,2011.73,4200.44,Own,1,4.6,North,1618.8,0.3196,0.1949,3,No,0,0
CUST-003936,52,Female,Married,Master,Salaried,72103.4,2960.17,797.0,28.4,1,0,22654.82,60,2.5,1,2368.88,3434.6,Rent,0,13.1,North,4452.9,0.4927,0.2396,1,No,0,0
CUST-003937,41,Female,Married,Master,Salaried,66499.42,620.98,628.0,20.4,7,2,32697.18,60,11.03,1,6023.72,-2612.51,Mortgage,0,11.2,South,1154.14,0.1121,0.2662,1,Yes,0,0
CUST-003938,37,Female,Married,Master,Unemployed,21916.02,739.96,611.0,15.0,0,3,19333.49,60,12.66,3,1513.76,2353.55,Own,1,0.6,Central,811.93,0.4052,1.1008,2,No,1,1
CUST-003939,50,Male,Married,High School,Self-employed,,336.17,710.0,21.8,2,1,18357.17,48,7.57,2,5837.07,127.0,Mortgage,1,23.7,South,890.65,0.2623,0.6524,0,No,0,0
CUST-003940,40,Female,Married,Bachelor,Unemployed,7480.84,272.64,710.0,20.2,3,0,22876.36,60,7.46,0,601.34,262.24,Mortgage,5,2.3,North,1031.57,0.4373,0.1645,0,No,0,0
CUST-003941,18,Male,Single,Bachelor,Salaried,30015.48,1469.9,730.0,0.0,4,1,16758.4,12,5.82,2,1575.24,1321.76,Mortgage,0,0.0,Central,745.97,0.5877,0.9443,0,Yes,0,0
CUST-003942,62,Female,Married,High School,Unemployed,13131.92,415.94,696.0,41.4,5,3,10127.45,60,6.96,2,0.0,-114.76,Mortgage,2,1.4,South,738.11,0.3801,0.4282,0,Yes,0,0
CUST-003943,45,Male,Single,Bachelor,Salaried,116423.44,3122.61,728.0,19.8,5,1,51544.28,72,4.14,1,16779.7,-3500.0,Rent,0,16.0,West,5703.13,0.3219,0.2808,1,No,0,0
CUST-003944,51,Male,Single,High School,Contract,29930.31,1028.42,763.0,24.3,3,0,6008.67,36,4.36,4,7141.06,1901.43,Mortgage,1,5.1,East,930.84,0.4123,0.3514,0,No,0,0
CUST-003945,39,Female,Married,Associate,Contract,39849.64,1747.98,670.0,19.6,5,1,7215.01,24,8.47,2,65076.93,-1498.6,Rent,1,4.6,East,1411.79,0.5264,0.4413,4,No,0,0
CUST-003946,29,Female,Single,Master,Salaried,69950.77,2331.99,698.0,10.0,8,0,112453.22,36,6.61,2,21562.8,4535.43,Other,0,3.8,West,4829.58,0.4001,0.3294,2,Yes,0,0
CUST-003947,35,Male,Single,Master,Salaried,112404.31,889.75,753.0,15.8,5,0,22691.71,24,3.52,2,19661.73,,Mortgage,0,8.1,East,7265.35,0.095,0.8148,2,No,0,0
CUST-003948,48,Female,Married,Bachelor,Unemployed,34391.4,1289.36,677.0,25.5,1,3,19658.69,60,5.37,4,1569.26,3101.18,Own,1,2.4,West,949.16,0.4499,0.3088,0,No,0,1
CUST-003949,42,Male,Single,Associate,Salaried,31723.54,1299.99,693.0,21.3,1,0,8781.59,84,6.68,1,2785.01,3552.77,Own,0,6.8,West,1092.57,0.4917,0.4023,0,No,0,0
CUST-003950,30,Male,Married,High School,Salaried,67385.46,1617.76,715.0,10.8,4,0,36471.21,24,8.9,8,,3614.45,Mortgage,2,5.1,Central,1067.31,0.2881,0.1292,2,No,0,0
CUST-003951,39,Female,Single,High School,Salaried,75401.87,1117.8,733.0,19.5,1,1,12430.43,36,4.26,1,14909.47,-28.63,Own,0,0.4,Central,4308.92,0.1779,0.6741,0,Yes,0,0
CUST-003952,53,Male,Married,Bachelor,Contract,32582.85,996.7,760.0,33.8,1,0,136229.99,84,3.9,3,1512.56,3459.02,Mortgage,1,14.5,South,899.72,0.3671,0.3997,0,No,0,0
CUST-003953,44,Male,Married,Master,Self-employed,85063.14,2496.3,760.0,21.7,1,0,23782.31,12,2.5,1,10131.46,8519.45,Rent,2,6.8,South,3825.08,0.3522,0.2722,1,Yes,0,0
CUST-003954,34,Female,Single,Doctorate,Contract,58578.54,1717.69,659.0,11.9,2,2,37148.07,36,9.22,3,4383.53,3646.84,Rent,1,4.3,East,2439.01,0.3519,0.7448,2,No,0,0
CUST-003955,52,Female,Single,High School,Retired,,1555.73,692.0,31.9,2,2,12386.28,36,3.94,4,10240.37,4515.0,Rent,2,17.2,South,1782.41,0.3618,0.7618,2,Yes,0,0
CUST-003956,41,Male,Divorced,High School,Self-employed,41252.56,341.51,685.0,18.2,1,0,22864.69,72,5.1,0,8380.65,6052.35,Own,0,7.2,West,1075.92,0.0993,0.3503,1,No,0,0
CUST-003957,55,Male,Single,High School,Salaried,55600.38,1400.11,712.0,31.8,4,2,11137.47,36,7.92,4,3554.38,1865.9,Mortgage,3,15.0,South,2682.36,0.3022,0.4895,1,No,0,0
CUST-003958,43,Male,Divorced,Associate,Unemployed,8395.48,1.36,669.0,21.0,2,1,40253.58,24,6.13,0,1295.54,116.32,Own,0,1.9,West,350.0,0.0019,0.5256,2,No,0,1
CUST-003959,40,Female,Single,Bachelor,Salaried,30423.06,930.05,753.0,20.6,4,0,32866.79,60,2.5,0,483.56,170.48,Rent,1,7.3,Central,873.93,0.3668,0.4941,0,No,0,0
CUST-003960,28,Female,Married,Master,Salaried,107521.5,2858.08,749.0,7.1,2,0,2693.73,36,2.5,0,5270.65,5573.81,Own,1,3.7,West,3215.12,0.319,0.1536,2,No,0,0
CUST-003961,35,Male,Divorced,Associate,Self-employed,53402.08,1145.51,730.0,13.7,6,0,20800.89,36,5.72,0,1306.94,-2647.08,Mortgage,0,2.6,West,1270.12,0.2574,0.7305,6,No,0,1
CUST-003962,23,Female,Married,Master,Contract,110901.5,2559.42,675.0,0.0,2,0,14434.08,60,6.62,1,14042.89,12620.35,Mortgage,2,2.0,South,6297.85,0.2769,0.7257,0,No,0,0
CUST-003963,75,Male,Single,Bachelor,Contract,40089.55,1776.19,,49.8,1,1,6650.26,48,8.44,3,3425.37,2667.24,Rent,1,34.2,South,741.84,0.5317,0.4074,2,No,0,0
CUST-003964,44,Male,Married,Bachelor,Contract,77061.29,2966.67,737.0,19.3,5,1,22067.57,36,2.5,3,21366.18,6787.9,Mortgage,2,9.1,East,3907.81,0.462,0.7329,0,No,0,0
CUST-003965,41,Female,Married,Bachelor,Retired,90511.52,3458.64,712.0,21.2,6,0,43059.05,48,5.41,2,,-3500.0,Rent,2,12.0,West,3050.35,0.4585,0.2825,3,No,0,0
CUST-003966,66,Male,Single,Bachelor,Salaried,33123.68,1197.9,734.0,43.3,5,1,24697.44,24,5.15,2,5125.35,2203.58,Rent,0,4.4,North,494.33,0.434,0.859,1,No,0,0
CUST-003967,47,Male,Married,High School,Unemployed,8297.19,405.62,711.0,25.8,4,0,25268.58,36,3.4,2,2159.32,869.11,Mortgage,2,1.7,West,504.86,0.5866,0.2854,2,No,0,0
CUST-003968,50,Female,Married,High School,Unemployed,13351.5,406.07,631.0,31.4,6,2,28507.52,48,3.89,1,0.0,-110.08,Own,2,0.9,South,1079.74,0.365,0.4056,1,No,0,0
CUST-003969,52,Female,Married,High School,Salaried,42783.0,404.27,699.0,32.9,5,1,19178.56,60,6.31,0,3245.75,943.18,Rent,1,9.8,West,1783.61,0.1134,0.1155,2,Yes,0,0
CUST-003970,54,Female,Single,Associate,Self-employed,21213.2,673.23,660.0,26.4,2,0,20777.02,36,8.38,2,5913.01,-576.7,Rent,0,13.6,East,1124.0,0.3808,0.4452,2,No,0,0
CUST-003971,59,Female,Married,High School,Contract,49956.97,635.15,,39.7,3,0,9747.36,60,7.1,2,11608.17,-2557.68,Mortgage,0,9.7,East,1210.08,0.1526,0.7856,0,No,0,0
CUST-003972,32,Male,Single,Bachelor,Contract,46287.0,1194.56,731.0,13.5,4,1,10514.08,48,3.7,1,1460.12,-2601.82,Other,1,4.9,East,2194.54,0.3097,0.6584,0,No,0,0
CUST-003973,61,Female,Married,High School,Contract,12397.31,515.33,703.0,42.2,0,1,31166.18,60,4.1,2,2423.16,430.63,Own,1,9.2,West,814.22,0.4988,0.4728,2,No,0,0
CUST-003974,30,Female,Married,Master,Self-employed,48510.09,1659.19,658.0,9.1,4,0,21222.57,36,5.58,3,18655.73,981.8,Mortgage,1,0.6,Central,2155.0,0.4104,0.4994,1,No,0,0
CUST-003975,24,Male,Married,Bachelor,Salaried,,2200.9,700.0,0.8,1,0,54761.84,60,4.29,2,5801.1,-2652.52,Own,1,1.2,East,4041.06,0.3751,0.4096,0,No,0,0
CUST-003976,54,Male,Married,Bachelor,Salaried,65605.67,1035.32,665.0,32.9,3,1,7947.54,36,9.02,1,7483.37,13755.79,Rent,5,,North,3862.1,0.1894,0.3299,0,Yes,0,0
CUST-003977,37,Male,Single,Master,Retired,111542.8,2350.44,683.0,14.5,3,1,20907.86,36,5.29,3,6691.12,12621.09,Rent,1,2.5,South,5609.63,0.2529,0.3308,0,No,0,0
CUST-003978,57,Female,Divorced,Master,Salaried,45977.47,2255.59,748.0,34.6,3,0,16534.68,60,7.18,2,10291.74,1699.67,Mortgage,2,26.7,North,1851.88,0.5887,0.3662,0,No,0,0
CUST-003979,38,Female,Widowed,Doctorate,Self-employed,91682.26,621.15,700.0,17.9,2,1,12559.38,36,2.5,1,1752.8,6540.31,Mortgage,1,10.4,West,1941.22,0.0813,0.2889,0,No,0,0
CUST-003980,41,Male,Single,Bachelor,Contract,33665.66,209.44,772.0,21.0,2,0,10378.37,48,2.5,0,11142.81,2096.24,Own,1,8.8,South,1344.93,0.0747,0.7444,0,Yes,0,0
CUST-003981,52,Female,Married,Bachelor,Salaried,54357.42,1736.53,714.0,32.5,1,0,13366.5,36,4.66,1,3059.49,-703.12,Rent,3,20.4,South,1517.01,0.3834,0.8081,0,No,0,0
CUST-003982,30,Female,Married,Bachelor,Contract,80597.38,2012.28,722.0,8.6,4,1,7830.57,36,5.88,0,8227.12,4804.3,Mortgage,2,2.2,East,4861.76,0.2996,0.635,1,No,0,0
CUST-003983,57,Male,Married,Associate,Salaried,47192.01,31.26,731.0,36.4,3,0,5050.69,36,3.23,0,4930.58,435.95,Mortgage,0,17.4,Central,2057.83,0.0079,0.4197,2,No,0,0
CUST-003984,31,Male,Married,Associate,Unemployed,50348.98,1084.44,724.0,12.4,5,1,57283.95,60,8.79,2,20561.71,4151.93,Mortgage,1,0.8,North,1375.59,0.2585,0.3602,0,No,0,0
CUST-003985,48,Male,Married,Master,Self-employed,59851.6,2976.55,696.0,26.0,3,1,19224.13,60,5.14,0,6342.77,4307.37,Rent,0,19.0,North,867.74,0.5968,0.7403,1,No,0,0
CUST-003986,43,Female,Married,High School,Salaried,13194.08,29.8,661.0,14.5,3,0,15222.23,84,11.03,0,118.88,1104.76,Rent,1,5.2,North,698.81,0.0271,0.1426,1,Yes,0,0
CUST-003987,39,Female,Widowed,High School,Self-employed,76907.28,1471.58,751.0,10.1,2,0,234040.41,36,2.86,4,2974.03,3614.25,Mortgage,1,4.6,North,1656.71,0.2296,0.0988,1,No,0,0
CUST-003988,48,Male,Married,Bachelor,Self-employed,104103.82,3549.56,702.0,17.3,5,0,18646.89,48,5.75,0,9085.86,8451.08,Mortgage,3,8.3,South,5138.17,0.4092,0.5121,0,No,0,0
CUST-003989,46,Male,Married,Bachelor,Salaried,32560.11,3971.65,695.0,26.8,7,2,16456.71,60,6.12,2,0.0,966.95,Mortgage,1,14.5,Central,1096.63,0.1883,0.6115,3,No,1,1
CUST-003990,40,Female,Married,Master,Contract,92115.53,1084.82,810.0,18.3,3,0,7833.54,60,2.5,1,14344.25,10339.32,Rent,1,8.5,South,3075.46,0.1413,0.5153,1,Yes,0,0
CUST-003991,43,Male,Widowed,High School,Salaried,63246.14,2624.61,780.0,22.7,5,1,62525.86,60,3.22,3,6110.19,9019.2,Mortgage,3,4.5,South,2562.69,0.498,0.1084,0,Yes,0,0
CUST-003992,59,Female,Single,Bachelor,Salaried,34371.63,1582.42,664.0,39.8,1,3,19429.79,60,5.03,0,2436.92,1568.64,Own,3,24.5,North,1098.85,0.5525,0.3374,1,No,0,0
CUST-003993,21,Female,Single,Bachelor,Salaried,48248.25,1966.53,692.0,0.3,1,0,87044.92,60,5.06,2,16270.86,6581.76,Own,1,0.5,West,1073.59,0.4891,0.5106,2,No,0,0
CUST-003994,35,Female,Single,Master,Salaried,53340.86,2253.32,797.0,4.2,2,0,14555.27,24,6.12,2,5840.55,1434.26,Mortgage,2,9.2,South,1046.72,0.5069,0.4038,2,No,0,0
CUST-003995,42,Male,Married,Master,Salaried,142952.01,2450.36,659.0,22.5,2,2,6011.79,12,6.97,1,23767.46,5704.93,Mortgage,2,9.5,Central,8589.46,0.2057,0.6293,0,Yes,0,0
CUST-003996,49,Male,Single,Master,Salaried,77863.65,1479.37,775.0,28.0,4,0,11076.98,60,2.5,3,6829.7,-3500.0,Rent,0,9.9,West,3919.55,0.228,0.283,1,No,0,0
CUST-003997,58,Female,Married,Master,Contract,27132.76,296.32,765.0,38.4,3,0,8648.56,48,2.59,0,5259.67,657.51,Rent,0,29.4,Central,1272.89,0.1311,0.2482,0,Yes,0,1
CUST-003998,27,Female,Married,Bachelor,Salaried,56398.49,1602.96,701.0,7.9,3,0,92602.97,36,3.9,0,86038.08,-2204.02,Rent,0,1.0,East,2528.21,0.3411,0.1624,1,No,0,0
CUST-003999,41,Female,Married,High School,Salaried,46735.06,1530.76,710.0,22.0,1,0,27383.85,60,2.59,0,4036.86,4512.1,Rent,2,6.4,South,2450.53,0.393,0.058,1,No,0,0
CUST-004000,72,Male,Single,High School,Self-employed,62637.0,1634.79,714.0,49.7,1,0,14343.64,24,4.61,2,2501.33,6576.67,Rent,1,15.8,West,1957.39,0.3132,0.5494,2,No,0,0
CUST-004001,64,Female,Married,Bachelor,Salaried,31875.3,345.64,726.0,45.0,5,0,7750.64,60,7.49,1,5144.14,2456.55,Mortgage,1,3.2,South,2007.65,0.1301,0.4702,2,No,0,0
CUST-004002,38,Male,Single,Master,Salaried,18629.88,604.61,757.0,18.3,7,1,37277.79,60,2.5,2,1091.13,-114.88,Mortgage,0,9.0,Central,1339.15,0.3894,0.4293,0,No,0,0
CUST-004003,48,Male,Married,Master,Salaried,75260.65,904.49,698.0,29.2,5,0,14764.78,12,2.5,1,4874.88,7424.75,Own,0,8.0,South,3479.37,0.1442,0.1171,0,Yes,0,0
CUST-004004,47,Male,Single,Associate,Salaried,31842.01,9.36,690.0,25.4,3,1,15697.04,48,3.37,0,1851.57,2002.33,Mortgage,0,3.7,East,1334.3,0.0035,0.6477,2,No,0,0
CUST-004005,56,Male,Single,Doctorate,Contract,83633.51,3735.29,712.0,33.5,2,0,47228.91,72,6.25,3,11381.66,3217.11,Mortgage,0,19.6,North,4324.91,0.536,0.3982,1,No,0,0
CUST-004006,43,Female,Widowed,Master,Retired,19500.67,244.55,668.0,20.4,0,0,27210.78,84,7.65,0,4199.12,1971.65,Mortgage,0,7.0,North,1158.15,0.1505,0.8219,0,Yes,0,0
CUST-004007,32,Female,Single,Bachelor,Salaried,35257.27,1330.77,751.0,11.2,1,0,6669.13,60,3.07,0,2178.0,3848.82,Rent,1,9.8,South,1646.06,0.4529,0.4979,1,No,0,0
CUST-004008,49,Male,Divorced,Associate,Retired,61075.56,1204.71,624.0,28.9,4,1,61925.51,60,6.3,2,7709.11,4177.58,Own,1,17.7,South,3233.5,0.2367,0.1082,0,Yes,0,0
CUST-004009,37,Female,Married,Associate,Salaried,69241.66,1339.72,722.0,17.6,2,0,9042.77,36,5.54,2,35300.62,446.57,Own,2,8.2,North,2324.54,0.2322,0.1049,1,Yes,0,0
CUST-004010,40,Female,Divorced,High School,Salaried,30698.47,1448.65,729.0,18.8,2,0,14857.4,60,5.16,3,5520.49,-256.43,Rent,0,6.0,South,1524.48,0.5663,0.3254,2,No,0,0
CUST-004011,37,Female,Married,Associate,Salaried,105875.49,2429.77,679.0,16.8,3,0,23184.68,12,6.14,1,9771.43,-3500.0,Rent,1,11.6,South,2698.74,0.2754,0.2264,0,No,0,0
CUST-004012,49,Male,Widowed,High School,Salaried,107158.87,1867.29,702.0,30.0,6,0,24800.14,36,5.09,4,4811.48,6823.25,Rent,0,2.4,North,2033.93,0.2091,0.7347,0,Yes,0,0
CUST-004013,40,Male,Single,Bachelor,Retired,45632.88,1793.3,761.0,21.0,4,1,13024.69,36,4.53,2,3206.66,4537.84,Other,0,8.9,East,1569.9,0.4716,0.4004,0,No,0,0
CUST-004014,39,Female,Divorced,Bachelor,Salaried,44648.7,1557.18,654.0,19.4,4,1,12306.14,24,8.94,0,16988.06,4439.9,Mortgage,0,13.3,Central,2645.76,0.4185,0.7152,3,No,0,0
CUST-004015,50,Female,Married,High School,Salaried,25890.69,177.26,651.0,29.5,2,2,11028.45,12,4.63,1,0.0,646.91,Rent,1,12.1,South,1197.54,0.0822,0.7811,2,No,0,0
CUST-004016,29,Male,Married,Bachelor,Salaried,30233.12,309.58,659.0,6.0,4,1,29696.82,60,6.52,0,2894.19,2235.89,Mortgage,0,5.9,North,1131.24,0.1229,0.9138,1,No,0,0
CUST-004017,42,Female,Single,Associate,Salaried,105370.52,1411.16,745.0,11.1,3,1,12078.78,48,3.66,0,3597.34,1255.31,Rent,1,9.7,Central,3096.85,0.1607,0.8884,1,No,0,1
CUST-004018,53,Female,Married,High School,Salaried,81881.72,1557.93,539.0,32.3,2,4,27839.09,36,12.46,2,302.9,7909.0,Mortgage,2,7.9,South,4778.94,0.2283,0.7528,3,No,1,1
CUST-004019,48,Male,Married,High School,Salaried,43881.42,1643.22,769.0,29.0,2,0,11538.93,36,6.44,1,8584.27,-2373.23,Rent,2,23.0,West,1874.46,0.4494,0.383,2,Yes,0,0
CUST-004020,28,Female,Married,High School,Salaried,22757.05,288.67,700.0,6.9,3,0,16082.28,36,5.91,1,1850.34,1463.18,Mortgage,3,4.7,North,665.23,0.1522,0.3661,0,No,0,0
CUST-004021,18,Male,Divorced,Bachelor,,47876.99,899.33,611.0,0.0,7,3,27361.74,60,11.83,1,6570.46,2117.91,Own,1,0.0,Central,1052.08,0.2254,0.6159,1,No,1,1
CUST-004022,20,Female,Married,Master,Salaried,60261.39,3491.76,744.0,0.0,2,0,22558.27,60,4.01,1,6868.32,4059.04,Mortgage,1,0.6,South,1675.51,0.6953,0.4603,0,No,0,0
CUST-004023,43,Female,Married,Master,Salaried,132185.14,1754.14,670.0,22.2,4,0,40009.61,24,5.77,4,17522.91,8373.51,Mortgage,1,9.4,North,5537.96,0.1592,0.3401,2,No,0,0
CUST-004024,34,Male,Married,High School,Self-employed,54652.68,1959.87,731.0,14.2,5,0,10255.38,60,4.06,2,11060.69,685.25,Mortgage,2,7.6,West,2368.27,0.4303,0.5077,3,Yes,0,0
CUST-004025,61,Female,Divorced,High School,Contract,66488.93,385.84,701.0,40.8,2,0,8872.38,36,2.84,4,5949.92,2678.73,Mortgage,0,6.7,Central,1000.89,0.0696,0.0742,4,No,0,0
CUST-004026,64,Male,Married,Doctorate,Self-employed,107373.37,3302.51,763.0,44.0,7,0,13938.14,48,2.5,4,4174.53,13515.71,Own,0,9.2,South,2928.01,0.3691,0.3118,2,No,0,0
CUST-004027,29,Female,Married,Master,Salaried,165010.16,3343.56,725.0,6.4,0,0,21487.56,36,2.65,0,135998.77,23579.91,Mortgage,1,3.9,West,9879.43,0.2432,0.0769,0,No,0,0
CUST-004028,48,Female,Single,Bachelor,Retired,82716.47,3524.19,686.0,28.8,0,1,64824.81,24,7.84,2,7634.54,-1037.7,Mortgage,1,8.2,West,2680.2,0.5113,0.5602,1,Yes,0,0
CUST-004029,33,Male,Married,Bachelor,Salaried,61489.79,693.29,689.0,2.7,2,0,11232.05,60,4.94,1,8362.09,7049.51,Rent,1,8.2,Central,1260.24,0.1353,0.3949,1,No,0,0
CUST-004030,35,Female,Single,Associate,Unemployed,9496.56,380.53,597.0,13.0,4,5,40220.78,36,8.02,1,0.0,1858.81,Mortgage,0,0.8,West,382.7,0.4808,0.7762,1,No,0,0
CUST-004031,33,Male,Married,High School,Salaried,35601.16,1782.66,706.0,5.6,4,0,8087.12,12,7.9,0,1797.88,5829.64,Rent,1,4.9,South,1608.13,0.6009,0.1884,0,No,0,0
CUST-004032,21,Male,Single,Bachelor,Self-employed,60812.1,1233.14,746.0,0.0,3,1,28239.72,60,5.09,2,8987.33,3905.56,Own,0,1.6,North,3094.2,0.2433,0.7057,2,No,0,0
CUST-004033,28,Female,Single,High School,Salaried,64792.96,1595.49,701.0,2.9,3,3,59666.41,48,6.61,3,788.78,10361.77,Own,0,2.0,West,3087.07,0.2955,0.7139,2,No,0,0
CUST-004034,56,Non-binary,Divorced,Master,Salaried,55554.25,2023.3,714.0,33.2,0,0,23402.64,36,7.35,2,1110.06,-88.93,Rent,0,1.3,Central,766.35,0.437,0.2254,1,No,0,0
CUST-004035,37,Female,Married,Bachelor,Salaried,44683.13,228.87,641.0,14.8,2,2,14542.02,36,9.25,1,1826.54,3558.54,Rent,2,2.9,North,1508.32,0.0615,0.2131,0,No,0,0
CUST-004036,50,Female,Single,High School,Contract,62523.92,1750.3,731.0,29.5,3,0,20028.17,48,4.81,0,3920.31,-390.53,Rent,0,7.7,South,1673.86,0.3359,0.2131,1,No,0,0
CUST-004037,40,Female,Single,Bachelor,Salaried,81417.35,3417.84,655.0,15.6,0,1,19189.92,36,5.83,1,8950.96,5523.55,Rent,0,12.0,South,3655.73,0.5038,0.1577,2,No,0,0
CUST-004038,49,Male,Married,Master,Salaried,79293.93,2748.09,551.0,31.0,5,4,24701.15,48,9.97,6,17955.12,6311.25,Rent,0,,West,2044.7,0.4159,0.8065,1,No,1,1
CUST-004039,45,Non-binary,Single,Bachelor,Retired,39909.43,500.53,660.0,20.2,1,2,59961.14,48,6.82,2,32472.66,6119.01,Own,2,15.4,North,2238.43,0.1505,0.642,0,Yes,0,0
CUST-004040,48,Male,Divorced,Doctorate,Salaried,91381.21,877.77,690.0,28.7,2,1,40708.47,72,5.94,1,,8207.57,Mortgage,0,1.3,North,4280.7,0.1153,0.3109,1,No,0,0
CUST-004041,39,Female,Divorced,High School,Salaried,46088.32,1124.59,701.0,15.9,1,2,13510.74,60,3.7,1,529.15,-1192.01,Rent,1,7.9,South,2463.46,0.2928,0.7809,1,Yes,0,0
CUST-004042,52,Male,Married,Bachelor,,34240.31,1402.34,614.0,29.6,5,3,30129.28,36,8.06,2,5171.15,2047.0,Own,5,0.8,North,1199.84,0.4915,0.4006,1,No,0,0
CUST-004043,41,Male,Married,Master,Salaried,107139.94,5857.82,762.0,18.9,5,0,11675.61,48,4.62,2,4410.67,-3500.0,Rent,2,10.9,South,4557.17,0.6561,0.4085,1,No,0,0
CUST-004044,30,Female,Married,Bachelor,Unemployed,14096.62,164.95,660.0,1.9,0,2,35350.13,72,6.52,0,0.0,1667.54,Own,0,1.6,East,687.24,0.1404,0.8434,1,No,0,1
CUST-004045,51,Female,Single,Bachelor,Unemployed,24596.85,476.33,701.0,30.0,3,0,7185.3,24,4.58,3,513.55,2232.85,Own,1,2.1,West,968.16,0.2324,0.1787,1,No,0,0
CUST-004046,40,Male,Married,Associate,Salaried,64808.11,697.14,700.0,20.3,3,0,17031.36,84,11.37,0,2096.88,1788.51,Mortgage,2,13.4,South,3602.28,0.1291,0.508,1,No,0,0
CUST-004047,42,Male,Married,High School,Self-employed,34525.15,980.93,750.0,17.3,2,1,15879.14,48,3.54,2,8955.69,2750.41,Own,1,1.8,Central,870.41,0.3409,0.3867,1,No,0,0
CUST-004048,48,Female,Married,High School,Contract,28911.42,1143.07,796.0,25.1,4,1,11740.99,60,2.5,0,3517.43,2595.29,Own,1,21.3,South,1290.0,0.4744,0.3757,1,No,0,0
CUST-004049,45,Male,Single,Bachelor,Unemployed,25273.25,792.77,,22.9,2,3,10410.67,48,6.71,1,2194.16,570.04,Mortgage,1,1.7,South,1280.27,0.3764,0.6813,2,No,0,1
CUST-004050,21,Female,Married,Associate,Self-employed,60866.52,1126.98,625.0,0.0,1,2,41376.65,60,6.59,1,10538.17,8291.97,Own,0,1.2,East,2784.3,0.2222,0.4882,2,No,0,0
CUST-004051,26,Male,Single,High School,Contract,36249.64,911.15,801.0,5.1,7,1,16740.78,60,6.5,2,2387.83,1282.1,Mortgage,1,2.5,North,1434.83,0.3016,0.5587,2,No,0,0
CUST-004052,41,Female,Married,High School,Salaried,23530.56,835.25,751.0,8.0,5,1,8820.91,24,2.5,3,0.0,-1039.3,Rent,3,7.4,Central,1403.74,0.426,0.586,0,No,0,1
CUST-004053,27,Female,Divorced,Associate,Unemployed,25425.53,633.39,655.0,5.9,1,2,21537.54,60,10.53,1,3103.22,-93.74,Own,0,0.5,West,548.27,0.2989,0.2794,1,No,0,0
CUST-004054,59,Male,Married,,Salaried,46409.98,1454.47,697.0,37.3,6,1,8448.09,60,6.3,1,4143.01,-3500.0,Own,4,22.0,East,2104.98,0.3761,0.2614,0,No,0,0
CUST-004055,41,Female,Divorced,High School,Salaried,33847.79,648.52,566.0,19.6,0,3,80109.11,36,12.35,1,732.83,-96.96,Mortgage,2,8.1,West,1861.75,0.2299,0.4155,1,No,1,0
CUST-004056,49,Male,Married,Bachelor,Contract,50432.04,212.36,803.0,27.7,4,0,7001.8,60,4.01,0,2770.44,1066.96,Rent,1,7.3,Central,2312.67,0.0505,0.6633,2,No,0,0
CUST-004057,31,Female,Married,Associate,Contract,27130.61,405.22,718.0,9.7,3,2,8928.92,48,3.83,0,2087.78,505.98,Mortgage,2,2.6,West,729.55,0.1792,0.2743,1,No,0,0
CUST-004058,30,Male,Married,Bachelor,,25874.3,335.3,728.0,3.7,4,0,112019.66,72,5.45,2,8097.77,1291.52,Rent,1,1.8,South,731.72,0.1555,0.4187,0,No,0,0
CUST-004059,36,Male,Married,Master,Retired,65634.67,1989.66,702.0,16.3,1,1,16915.15,48,3.16,0,21372.56,847.68,Rent,1,10.1,Central,697.89,0.3638,0.4014,2,Yes,0,1
CUST-004060,41,Male,Married,Bachelor,Contract,86545.66,1048.59,718.0,16.1,1,1,3995.87,60,3.76,0,87498.05,10634.35,Own,0,6.7,West,3923.99,0.1454,0.4212,0,No,0,0
CUST-004061,57,Male,Divorced,High School,Self-employed,87600.99,3438.77,760.0,36.5,1,0,12603.75,24,6.42,0,5390.09,3943.47,Rent,0,15.4,North,2089.82,0.4711,0.2835,2,No,0,0
CUST-004062,28,Male,Married,Master,Retired,157132.49,1054.52,642.0,9.8,0,3,30877.86,60,12.76,1,52438.32,10907.42,Rent,0,7.4,Central,7590.97,0.0805,0.468,3,No,1,1
CUST-004063,54,Female,Married,Bachelor,Salaried,85384.39,1664.65,625.0,25.1,1,2,15833.82,36,7.13,3,10379.4,6149.48,Rent,1,19.6,Central,4031.19,0.234,0.2682,2,No,0,0
CUST-004064,41,Male,Single,High School,Self-employed,44289.32,2343.47,729.0,17.6,4,1,19057.32,60,2.99,1,7686.42,-1900.98,Mortgage,0,8.2,Central,860.06,0.635,0.6531,1,No,0,0
CUST-004065,41,Male,Married,High School,Contract,33233.31,1528.02,779.0,20.7,2,0,12273.96,24,2.71,0,5013.41,,Own,1,9.8,South,865.81,0.5517,0.5149,2,Yes,0,0
CUST-004066,57,Male,Married,High School,Salaried,30967.82,521.61,651.0,33.0,1,2,36501.38,60,8.26,1,5293.63,3853.03,Rent,0,19.8,South,1243.77,0.2021,0.5026,0,No,1,0
CUST-004067,42,Male,Married,High School,Self-employed,73121.51,1554.82,689.0,22.1,1,0,11808.26,24,6.49,0,9692.91,6869.32,,2,14.8,Central,5386.29,0.2552,0.2225,2,No,0,0
CUST-004068,52,Male,Single,Associate,Salaried,136492.67,2695.51,660.0,29.6,0,0,10526.51,60,7.55,0,9147.12,-2026.67,Mortgage,1,8.1,North,6633.28,0.237,0.4256,0,No,0,1
CUST-004069,40,Female,Married,Bachelor,Salaried,95072.35,1651.75,723.0,18.8,2,0,20885.6,36,4.02,0,34003.67,525.22,Own,0,9.0,South,3454.34,0.2085,0.6906,1,No,0,0
CUST-004070,21,Male,Married,Master,Salaried,83930.77,1105.31,686.0,0.0,4,1,27896.09,60,2.5,1,16298.1,3312.12,Mortgage,1,1.6,East,1981.32,0.158,0.4684,1,No,0,0
CUST-004071,27,Female,Married,High School,Retired,85894.98,1133.53,714.0,6.3,3,1,12108.91,48,10.37,1,4603.85,160.45,Rent,1,4.5,North,2389.0,0.1584,0.6521,0,No,0,0
CUST-004072,62,Male,Married,High School,Salaried,39050.97,915.57,696.0,38.7,4,1,48102.57,48,8.68,1,4015.95,7173.16,,4,22.4,Central,1694.64,0.2813,0.4879,1,Yes,0,0
CUST-004073,45,Female,Married,Master,Contract,25996.22,527.15,683.0,24.3,1,1,16269.32,60,8.74,3,968.75,-2040.86,Rent,1,19.1,East,1095.84,0.2433,0.4825,4,No,0,1
CUST-004074,37,Male,Married,Bachelor,Salaried,78576.06,971.25,728.0,8.1,2,2,13336.94,60,7.5,0,1257.89,7983.72,Rent,0,3.8,East,3760.78,0.1483,0.7544,0,No,0,0
CUST-004075,28,Female,Single,Master,Salaried,36721.8,1037.27,687.0,4.4,3,2,12540.91,48,4.51,1,1346.66,622.47,Mortgage,0,3.9,West,1602.62,0.339,0.6656,0,Yes,0,0
CUST-004076,33,Female,Married,Bachelor,Self-employed,55652.56,830.81,691.0,9.6,2,1,35421.47,36,5.31,1,2691.06,1072.8,Mortgage,1,4.3,North,2609.26,0.1791,,2,No,0,0
CUST-004077,37,Female,Married,Associate,Salaried,64182.91,1627.0,793.0,12.6,3,0,30364.53,84,4.14,2,23005.89,234.5,Mortgage,1,6.6,Central,2989.62,0.3042,0.7089,1,Yes,0,0
CUST-004078,38,Male,Single,Bachelor,Salaried,80260.0,366.8,740.0,18.2,1,0,7954.87,36,4.87,1,26194.22,1113.73,Mortgage,0,3.6,West,1877.14,0.0548,0.3749,1,No,0,1
CUST-004079,55,Male,Married,Bachelor,Self-employed,70255.13,345.56,672.0,34.5,5,1,7834.08,36,6.29,1,19014.79,3769.03,Rent,2,26.9,South,4246.04,0.059,0.2874,0,No,0,0
CUST-004080,55,Male,Widowed,Master,Salaried,56111.3,1018.89,704.0,34.8,5,1,32800.27,48,5.8,1,3194.36,3548.48,Rent,1,19.5,East,1821.23,0.2179,0.7087,1,No,0,0
CUST-004081,49,Male,Married,High School,Salaried,36527.54,1356.7,736.0,29.7,3,2,18042.59,60,5.87,2,4378.23,2717.47,Rent,0,12.5,North,1138.06,0.4457,0.546,0,No,0,0
CUST-004082,34,Female,Divorced,Associate,Salaried,51391.81,487.91,743.0,13.3,3,1,14243.73,36,2.5,0,16574.38,841.06,Own,1,12.0,East,631.04,0.1139,0.6322,2,No,0,0
CUST-004083,42,Male,Married,High School,Salaried,51079.21,1165.22,741.0,20.8,1,0,6714.14,36,4.05,3,10972.66,4683.28,Mortgage,1,6.6,North,2206.91,0.2737,0.5574,1,Yes,0,0
CUST-004084,28,Male,Single,Master,Self-employed,65487.74,2063.79,702.0,8.3,4,2,43264.58,36,5.64,1,21928.35,26.7,Mortgage,1,3.7,East,2223.89,0.3782,0.3443,2,No,0,0
CUST-004085,48,Female,Divorced,Associate,Salaried,37964.57,1845.08,786.0,28.1,6,0,18992.69,60,2.5,2,1007.37,-1447.14,Rent,1,13.3,West,1131.98,0.5832,0.6057,3,Yes,0,0
CUST-004086,39,Male,Single,Bachelor,Salaried,68766.43,1587.89,676.0,17.3,3,1,10700.28,24,3.37,0,12951.46,8258.92,Mortgage,0,8.1,North,4621.12,0.2771,0.8539,1,No,0,0
CUST-004087,42,Female,Married,Bachelor,Retired,27386.82,754.66,571.0,16.1,0,2,21267.79,36,14.85,1,,-449.01,Own,2,20.2,East,1468.62,0.3307,0.3475,1,No,1,1
CUST-004088,36,Male,Married,Bachelor,Contract,66719.14,1121.47,672.0,15.8,3,2,18165.72,72,7.11,2,1003.44,2826.7,Mortgage,2,5.2,South,1674.48,0.2017,0.6205,0,Yes,0,0
CUST-004089,46,Male,Married,High School,Unemployed,19344.15,794.94,676.0,26.7,2,1,99442.37,60,9.07,2,7298.77,2933.31,Rent,1,0.8,North,991.94,0.4931,0.7745,3,Yes,0,1
CUST-004090,44,Female,Married,High School,Unemployed,,483.57,708.0,15.8,0,1,21621.76,24,10.19,3,0.0,-541.06,Mortgage,1,2.7,East,634.4,0.7218,0.4329,1,No,0,0
CUST-004091,39,Non-binary,Single,Bachelor,Salaried,65631.91,752.62,,16.6,2,2,19828.32,24,5.48,1,13541.37,1886.32,Mortgage,0,9.5,North,3830.8,0.1376,0.7611,0,No,0,1
CUST-004092,43,Male,Married,Associate,Salaried,36340.81,937.39,720.0,17.7,4,0,16180.33,48,5.27,1,1356.36,-2444.69,Mortgage,0,16.4,South,985.76,0.3095,0.2612,2,No,0,0
CUST-004093,18,Female,Married,Bachelor,Salaried,60893.42,2179.83,733.0,0.0,1,0,8413.99,48,5.76,3,12809.32,4520.37,Rent,0,0.0,West,3125.71,0.4296,0.1733,0,No,0,1
CUST-004094,42,Male,Married,Bachelor,Contract,114128.39,2283.29,718.0,19.3,4,1,14107.9,60,6.28,2,29755.28,5841.03,Own,0,10.5,Central,5619.85,0.2401,0.227,1,No,0,0
CUST-004095,36,Male,Married,Bachelor,Salaried,49858.61,1093.5,739.0,14.8,2,0,7165.72,60,2.94,4,3102.93,-1526.46,Own,1,10.0,East,1753.13,0.2632,0.2434,4,No,0,0
CUST-004096,52,Male,Married,Bachelor,Salaried,54877.84,2085.98,689.0,30.5,4,0,12850.66,36,3.04,2,9279.32,11860.35,Mortgage,1,13.1,West,2208.41,0.4561,0.106,2,No,0,1
CUST-004097,46,Non-binary,Divorced,High School,Self-employed,56475.63,1333.86,715.0,24.9,2,1,22452.22,60,6.49,3,13374.62,3314.5,Mortgage,0,9.1,Central,1499.94,0.2834,0.4053,1,No,0,0
CUST-004098,35,Male,Single,High School,Salaried,28148.98,411.52,747.0,15.5,5,1,17953.65,36,6.23,0,1726.13,-126.59,Other,0,3.5,South,823.08,0.1754,0.5694,1,No,0,0
CUST-004099,41,Female,Single,High School,Salaried,26081.75,1010.87,777.0,18.6,5,1,18500.11,36,2.5,0,362.82,2019.44,Own,1,8.9,South,1047.47,0.4651,0.1827,0,Yes,0,0
CUST-004100,41,Female,Married,High School,Salaried,74044.04,4060.6,687.0,18.4,3,0,7996.02,24,6.95,0,1862.73,-2825.51,Rent,0,17.4,Central,2799.78,0.6581,0.3502,0,No,0,1
CUST-004101,24,Female,Married,Bachelor,Unemployed,17934.27,400.33,735.0,5.2,2,1,13611.78,24,3.43,1,120.23,-278.13,Rent,1,0.7,Central,701.54,0.2679,0.3391,1,Yes,0,1
CUST-004102,24,Male,Single,High School,Unemployed,9345.39,970.31,716.0,0.7,0,0,28196.41,12,4.22,3,1063.93,586.46,Mortgage,1,0.4,East,350.0,1.2459,0.4231,0,No,0,0
CUST-004103,31,Female,Married,Bachelor,Salaried,62952.05,2293.09,690.0,10.5,3,1,17510.31,60,7.71,2,17782.2,4382.7,Mortgage,1,3.5,East,3423.21,0.4371,0.3453,1,No,0,1
CUST-004104,49,Male,Married,High School,Contract,51385.04,1052.0,571.0,24.3,4,4,24931.55,36,10.13,1,21604.96,3072.29,Rent,1,10.8,South,3175.6,0.2457,0.6128,0,Yes,1,1
CUST-004105,41,Female,Single,High School,Contract,54167.18,781.88,679.0,16.6,3,1,46112.67,36,4.8,1,6133.71,1441.27,Mortgage,1,10.2,West,1928.72,0.1732,0.5495,0,No,0,0
CUST-004106,37,Male,Divorced,Bachelor,Self-employed,48396.76,1024.67,669.0,17.1,4,0,42038.78,60,9.28,2,221.31,1912.72,Rent,0,9.8,South,2598.35,0.2541,0.4375,0,Yes,0,1
CUST-004107,63,Male,Single,Bachelor,Salaried,80466.96,3220.82,731.0,37.9,5,1,83584.01,84,3.36,3,10223.31,9012.03,Rent,0,13.7,East,1333.62,0.4803,0.1709,0,Yes,0,1
CUST-004108,41,Female,Single,Bachelor,Self-employed,45319.7,2787.89,724.0,20.9,3,3,21057.58,48,6.73,3,6282.9,2240.27,Rent,0,8.7,East,1549.87,0.7382,0.3499,2,No,0,0
CUST-004109,34,Non-binary,Married,Master,Unemployed,33222.43,327.7,719.0,14.9,3,2,20549.99,36,5.46,0,14055.01,297.86,Mortgage,1,1.1,South,1241.04,0.1184,0.2922,0,Yes,0,0
CUST-004110,41,Female,Divorced,Master,Salaried,43301.4,1146.13,795.0,21.8,3,0,6589.82,60,2.53,2,26504.37,,Rent,1,8.8,North,2164.01,0.3176,0.6079,1,No,0,0
CUST-004111,39,Male,Single,Doctorate,Salaried,40164.54,1579.78,746.0,18.9,2,0,19450.87,60,7.12,2,2549.76,499.12,Mortgage,1,11.1,West,2855.81,0.472,0.3969,2,No,0,0
CUST-004112,40,Female,Divorced,High School,Salaried,43417.42,1271.47,779.0,17.6,4,0,48037.4,36,4.64,1,2807.9,406.93,Own,0,18.6,North,1167.44,0.3514,0.3553,0,No,0,0
CUST-004113,49,Male,Single,Doctorate,Salaried,81170.5,1777.49,723.0,26.3,6,0,27728.47,60,5.29,3,3145.85,4543.23,Rent,3,22.4,East,2902.07,0.2628,0.5566,0,No,0,0
CUST-004114,46,Female,Married,Master,Self-employed,69986.85,1550.52,710.0,26.3,7,0,12229.27,60,6.63,1,6099.96,6062.83,Mortgage,1,3.7,East,2095.39,0.2659,0.6697,1,No,0,0
CUST-004115,43,Female,Divorced,Bachelor,Salaried,57429.51,1408.75,781.0,22.3,3,0,25686.58,60,3.55,1,3100.24,3477.59,Mortgage,1,6.7,East,2632.47,0.2944,0.5121,2,No,0,0
CUST-004116,51,Male,Married,Master,Salaried,32856.66,949.12,,29.5,2,0,21881.4,36,4.69,1,9643.68,2876.97,Own,3,6.0,Central,1467.41,0.3466,0.3104,2,No,0,0
CUST-004117,29,Male,Single,Associate,Salaried,117773.26,5664.88,719.0,6.2,7,1,25914.18,36,3.3,1,20437.27,4764.0,Rent,2,2.5,East,5033.94,0.5772,0.9539,2,Yes,0,0
CUST-004118,27,Male,Single,High School,Salaried,38790.88,1641.58,678.0,7.9,8,1,50117.6,60,8.41,3,1012.01,1538.8,Rent,0,3.0,Central,1996.53,0.5078,0.1626,1,No,0,0
CUST-004119,29,Female,Single,High School,Self-employed,84837.61,4142.98,767.0,7.8,7,0,19895.71,12,5.79,1,2071.59,6526.4,Own,1,5.4,North,3694.89,0.586,0.7919,1,No,0,0
CUST-004120,49,Female,Single,Bachelor,Self-employed,34664.27,861.03,677.0,30.3,3,0,12255.18,84,5.69,3,6580.22,201.55,Mortgage,1,5.3,West,1277.12,0.2981,0.5692,2,No,0,0
CUST-004121,52,Male,Single,Bachelor,Salaried,21372.87,722.86,730.0,31.3,4,0,44018.06,48,5.6,0,719.73,1177.68,Rent,0,10.2,Central,1266.54,0.4059,0.4715,0,Yes,0,0
CUST-004122,44,Female,Married,Master,Salaried,29785.86,476.24,567.0,24.0,4,3,8317.84,48,11.83,1,0.0,-1418.02,Rent,1,12.7,South,880.98,0.1919,1.0432,2,No,1,0
CUST-004123,52,Female,Single,Bachelor,Self-employed,30396.74,1699.36,673.0,33.6,1,0,26290.47,36,3.37,1,3181.33,-472.68,Mortgage,0,17.0,North,1829.5,0.6709,0.2098,1,Yes,0,0
CUST-004124,43,Female,Divorced,Associate,Salaried,21872.68,263.47,580.0,19.3,5,2,11680.09,36,12.21,1,0.0,842.83,Mortgage,0,17.9,North,1125.05,0.1445,0.7343,0,No,0,1
CUST-004125,26,Female,Married,Bachelor,Salaried,24892.36,431.37,644.0,3.3,2,2,10778.23,12,6.21,0,0.0,-1694.58,Other,1,4.6,Central,1602.93,0.208,0.487,0,No,0,1
CUST-004126,52,Female,Married,Master,Retired,58411.43,839.42,680.0,32.0,3,1,35529.17,24,10.47,1,13933.32,9426.74,Rent,1,15.5,South,1303.49,0.1725,0.3364,0,No,0,0
CUST-004127,31,Female,Married,Master,Salaried,28666.85,478.41,686.0,3.8,5,1,24390.16,84,5.66,1,5679.13,2844.89,Mortgage,1,8.7,Central,1590.25,0.2003,0.1815,1,No,0,0
CUST-004128,39,Female,Married,Bachelor,Unemployed,16199.24,235.34,670.0,14.4,3,2,11735.17,84,6.92,1,1386.71,-302.68,Rent,1,1.7,Central,533.6,0.1743,0.6277,0,Yes,0,0
CUST-004129,48,Female,Single,High School,Salaried,85328.02,2477.79,714.0,17.5,3,0,56656.28,12,4.99,3,38293.77,1783.19,Mortgage,1,19.4,Central,4588.17,0.3485,0.6851,1,No,0,0
CUST-004130,53,Female,Married,Master,Salaried,85939.47,1261.59,713.0,31.8,3,2,60621.67,24,5.23,3,100684.53,4711.3,Rent,2,2.2,North,3886.3,0.1762,0.9926,2,Yes,0,1
CUST-004131,45,Male,Married,High School,Salaried,55696.99,1908.3,689.0,22.3,4,1,14122.76,60,4.47,0,4889.35,6705.97,Other,3,10.1,West,1746.16,0.4111,0.487,1,No,0,0
CUST-004132,38,Male,Married,High School,Salaried,30703.98,733.9,711.0,18.1,5,0,12042.19,12,4.39,2,1047.77,1001.35,Mortgage,2,2.5,North,747.63,0.2868,0.227,1,No,0,0
CUST-004133,42,Female,Married,High School,Salaried,28542.5,907.61,737.0,20.1,8,0,19775.12,36,4.0,3,8754.17,1547.1,Mortgage,1,4.5,Central,926.59,0.3816,0.2749,2,Yes,0,0
CUST-004134,39,Male,Divorced,High School,Salaried,61898.56,607.7,679.0,15.6,4,1,11054.42,84,4.0,2,4836.84,10064.8,Rent,1,9.5,South,2765.87,0.1178,0.631,0,No,0,1
CUST-004135,34,Male,Single,Master,Retired,38574.93,720.73,704.0,11.6,1,1,9954.88,60,4.71,2,1872.1,-1174.32,Mortgage,0,7.8,Central,1072.94,0.2242,0.7814,3,No,0,1
CUST-004136,43,Male,Single,Doctorate,Salaried,74799.03,1200.67,787.0,22.9,2,1,13967.71,36,6.02,1,4135.9,-920.86,Rent,1,4.0,North,2905.11,0.1926,0.1684,0,No,0,0
CUST-004137,36,Male,Single,Bachelor,Unemployed,10039.9,427.55,684.0,17.2,3,1,22350.89,12,4.09,0,226.01,896.63,Rent,0,1.5,North,417.82,0.511,0.1882,0,Yes,0,1
CUST-004138,31,Female,Married,Bachelor,Salaried,128135.65,2656.41,659.0,11.6,7,1,13093.72,24,9.92,3,15424.16,-1813.77,Mortgage,4,4.1,North,7531.4,0.2488,0.2096,3,No,0,0
CUST-004139,75,Male,Divorced,High School,Salaried,46616.14,1154.31,719.0,50.0,2,0,12052.02,60,4.11,1,4347.66,6759.47,Rent,1,7.4,Central,2525.71,0.2971,0.4914,0,Yes,0,0
CUST-004140,41,Female,Married,High School,Unemployed,7000.0,94.08,607.0,21.3,3,5,48610.87,72,8.97,0,0.0,-73.42,Rent,1,3.2,North,473.23,0.1613,0.8365,0,No,1,1
CUST-004141,52,Male,Married,High School,Unemployed,15448.66,788.22,517.0,29.7,0,5,15330.5,24,13.67,3,455.33,-168.62,Mortgage,1,1.5,East,1141.77,0.6123,0.8218,1,No,1,1
CUST-004142,27,Female,Single,Associate,Retired,51034.36,3065.93,643.0,5.0,2,1,11935.52,72,7.14,5,6939.76,1225.67,Rent,1,0.8,West,2910.74,0.7209,0.5498,1,No,0,0
CUST-004143,49,Male,Single,High School,Salaried,68321.41,323.02,706.0,30.4,5,1,8659.74,72,2.83,1,6654.55,-823.01,Rent,0,5.3,North,4074.64,0.0567,0.0981,0,No,0,0
CUST-004144,44,Female,Married,Master,Salaried,53731.2,593.03,665.0,22.7,3,1,8075.98,36,5.39,1,2403.17,8546.06,Other,0,10.7,Central,2461.22,0.1324,0.2441,1,No,0,1
CUST-004145,24,Male,Widowed,High School,Salaried,65553.99,2498.4,501.0,0.0,0,4,25415.48,48,10.29,0,5402.03,-135.86,Mortgage,0,1.7,South,3045.63,0.4573,0.424,1,Yes,1,0
CUST-004146,29,Male,Single,Associate,Salaried,66854.49,1102.05,742.0,4.8,2,0,11589.28,60,4.68,3,2565.95,3070.25,Own,1,8.5,East,2732.58,0.1978,0.514,1,No,0,0
CUST-004147,27,Male,Single,Bachelor,Self-employed,49486.34,718.18,760.0,5.9,4,0,8135.84,48,4.93,2,7859.17,1347.67,Mortgage,2,5.0,South,1249.46,0.1742,0.513,0,Yes,0,0
CUST-004148,52,Female,Single,Master,Salaried,80770.11,662.61,644.0,32.2,2,2,10863.52,12,11.79,0,3524.51,8119.81,Rent,0,21.6,North,2657.56,0.0984,0.7602,3,No,1,0
CUST-004149,34,Male,Married,High School,Unemployed,11010.17,414.55,676.0,15.4,3,1,15798.06,48,8.52,2,1424.86,308.3,Rent,1,0.7,Central,522.96,0.4518,0.5119,1,Yes,0,1
CUST-004150,20,Female,Single,Master,Salaried,32519.63,186.26,716.0,0.0,1,0,18813.78,36,7.54,0,6331.05,1540.78,Rent,1,0.2,North,1116.21,0.0687,0.3005,0,No,0,0
CUST-004151,54,Male,Married,Bachelor,Salaried,39813.46,170.43,678.0,31.3,2,2,10875.11,60,6.37,1,7906.67,2206.54,,0,12.6,East,1857.41,0.0514,0.4639,0,No,0,0
CUST-004152,67,Female,Single,High School,Salaried,40396.87,1934.26,711.0,46.4,3,1,20683.36,12,4.47,2,370.27,6464.27,Mortgage,2,23.2,West,2656.42,0.5746,0.6249,2,No,0,0
CUST-004153,49,Male,Divorced,Associate,Contract,76407.82,2092.21,674.0,27.8,1,1,22595.45,60,4.3,0,3591.62,6713.62,Own,0,11.6,South,2328.87,0.3286,0.815,0,No,0,0
CUST-004154,24,Female,Single,High School,Salaried,27931.9,1502.73,726.0,0.0,2,0,36884.85,60,4.85,0,9041.97,2722.7,Own,1,4.0,West,2009.68,0.6456,0.8029,1,No,0,0
CUST-004155,29,Female,Married,Master,Self-employed,124030.63,2649.89,661.0,5.5,1,1,2283.19,36,4.92,3,5847.05,-3500.0,Own,0,4.6,West,2370.08,0.2564,0.6363,2,Yes,0,0
CUST-004156,35,Female,Married,Bachelor,Salaried,,1984.77,662.0,15.4,4,2,9424.63,84,9.18,2,1191.33,5560.4,Rent,0,11.4,North,2041.2,0.5303,0.7334,1,Yes,0,0
CUST-004157,21,Male,Single,High School,Unemployed,17306.3,403.67,677.0,0.6,0,0,10719.11,60,3.46,1,2313.09,233.84,Own,2,0.1,West,1110.64,0.2799,0.8812,2,No,0,1
CUST-004158,36,Male,Married,High School,Salaried,78755.58,2462.51,645.0,6.0,3,2,42455.24,48,4.3,3,1907.12,7511.78,Mortgage,0,,South,4181.11,0.3752,,2,No,0,0
CUST-004159,39,Female,Married,Associate,Self-employed,55756.71,689.33,733.0,20.1,2,0,44831.71,36,3.61,0,4171.23,6101.8,Rent,0,6.2,South,2904.65,0.1484,0.1,1,No,0,0
CUST-004160,27,Male,Single,Master,Salaried,94040.07,1733.0,728.0,2.1,4,0,19047.18,24,5.5,0,5566.87,190.77,Own,0,4.9,East,2420.4,0.2211,0.5123,2,No,0,0
CUST-004161,28,Male,Single,Doctorate,Salaried,94213.1,5234.77,725.0,9.4,5,2,106875.57,60,3.33,4,5949.9,7138.68,Mortgage,0,3.1,North,5586.75,0.6668,0.4185,1,Yes,0,1
CUST-004162,56,Male,Single,Master,Self-employed,102781.92,1083.25,687.0,36.2,5,2,17349.4,36,8.0,0,25771.59,-1663.05,Mortgage,0,24.1,West,5591.77,0.1265,0.2824,1,No,1,0
CUST-004163,18,Male,Married,Master,Salaried,96423.56,3863.37,507.0,0.0,3,5,54915.16,72,14.7,0,32346.93,10701.65,Mortgage,1,0.0,East,1770.55,0.4808,0.8044,1,No,1,1
CUST-004164,42,Male,Divorced,Bachelor,Contract,26555.14,1202.35,641.0,17.0,4,0,11250.23,36,9.76,1,5039.96,-78.24,Rent,0,12.3,South,350.0,0.5433,0.6702,2,No,0,0
CUST-004165,42,Male,Single,High School,Contract,20294.04,1092.42,777.0,22.8,5,0,35075.69,48,4.04,5,1661.12,-1465.39,Rent,0,2.0,North,1189.85,0.646,0.4189,0,No,0,1
CUST-004166,56,Male,Single,Doctorate,Retired,72701.86,1811.32,698.0,33.6,4,0,12025.19,36,5.82,0,4066.51,1010.45,Rent,0,11.3,West,1488.3,0.299,0.5071,0,Yes,0,0
CUST-004167,46,Female,Married,Bachelor,Salaried,49744.4,1255.59,724.0,25.8,5,2,29409.55,36,7.04,1,60295.54,1393.07,Mortgage,0,9.0,South,1106.84,0.3029,0.5621,3,No,0,0
CUST-004168,57,Male,Single,High School,Salaried,110385.8,1756.74,653.0,29.0,5,0,32951.17,36,8.82,4,6623.72,4758.83,Own,1,13.9,West,5667.66,0.191,0.6401,5,No,1,0
CUST-004169,43,Female,Single,Associate,Salaried,47826.33,2320.0,711.0,22.2,3,2,25045.46,60,2.5,1,,911.72,Rent,2,19.0,Central,2324.63,0.5821,0.6566,0,Yes,0,0
CUST-004170,34,Female,Married,High School,Unemployed,30504.49,896.53,541.0,12.0,1,6,13852.53,84,16.07,0,4741.02,-913.51,Rent,0,1.4,East,1642.72,0.3527,0.4956,1,No,1,1
CUST-004171,18,Male,Single,High School,Salaried,39118.2,1045.74,727.0,0.0,2,0,4612.49,36,8.66,2,4034.4,-250.3,Mortgage,0,0.0,South,1202.75,0.3208,0.6041,0,Yes,0,0
CUST-004172,20,Female,Single,Bachelor,Self-employed,41658.28,1093.84,700.0,0.0,3,1,23986.38,60,8.02,1,2090.5,6550.74,Mortgage,0,0.7,West,1331.12,0.3151,0.5534,1,No,0,0
CUST-004173,46,Non-binary,Divorced,Associate,Salaried,51251.96,1683.54,669.0,24.5,5,2,13993.75,48,5.44,2,3237.82,-414.14,Mortgage,0,6.1,West,2823.44,0.3942,0.5577,1,No,0,0
CUST-004174,46,Male,Single,Master,Salaried,58048.8,844.87,710.0,26.2,2,1,17524.93,60,4.62,0,1887.77,-1605.87,Mortgage,0,21.6,Central,2024.09,0.1747,0.3988,0,No,0,0
CUST-004175,34,Male,Single,Associate,Self-employed,69026.02,2342.2,684.0,13.2,0,0,45192.17,72,7.07,0,4836.82,4933.44,Rent,0,,East,1679.32,0.4072,0.5634,1,Yes,0,0
CUST-004176,41,Female,Divorced,Bachelor,Salaried,55017.14,1787.29,778.0,21.7,4,0,23932.45,60,4.22,3,4099.83,8911.89,Rent,2,3.9,West,2335.62,0.3898,0.5739,1,No,0,0
CUST-004177,32,Female,Single,Master,Salaried,74406.52,723.29,,0.2,1,0,13947.01,36,5.12,1,18544.14,7510.86,Rent,0,2.4,East,2994.5,0.1166,0.2268,0,No,0,1
CUST-004178,50,Female,Single,Bachelor,Salaried,86323.37,2941.64,736.0,29.7,1,1,9319.81,60,2.5,2,17855.48,-1324.44,Other,0,12.3,West,1220.81,0.4089,0.7732,1,No,0,0
CUST-004179,18,Female,Single,High School,Unemployed,14983.35,81.71,613.0,0.0,3,3,3294.24,60,9.01,1,,2062.41,Own,0,0.0,Central,721.32,0.0654,0.4224,2,No,0,0
CUST-004180,36,Male,Divorced,High School,Retired,28882.36,896.14,704.0,16.0,2,0,109052.01,84,8.08,0,2397.6,-562.61,Mortgage,0,7.4,North,611.16,0.3723,0.1766,1,No,0,0
CUST-004181,36,Male,Divorced,Associate,Contract,16721.2,604.2,602.0,17.1,5,3,19433.52,12,4.94,1,0.0,-428.17,Mortgage,1,8.1,West,854.28,0.4336,0.3375,0,No,0,0
CUST-004182,27,Female,Single,Bachelor,Self-employed,57233.64,526.34,707.0,8.8,1,0,7783.79,84,5.8,0,3914.13,,Other,0,3.0,West,3515.28,0.1104,0.7237,1,No,0,0
CUST-004183,39,Male,Married,High School,Self-employed,43854.14,1313.0,774.0,15.2,4,0,18044.91,48,4.96,3,1774.11,1945.45,Own,2,11.9,West,2823.24,0.3593,0.3979,3,No,0,0
CUST-004184,39,Male,Single,High School,Salaried,49099.9,1155.03,686.0,17.3,2,0,64352.68,48,6.54,2,16343.99,1279.75,Mortgage,2,10.2,South,2749.33,0.2823,0.3482,0,Yes,0,0
CUST-004185,46,Male,Married,Associate,Salaried,32475.16,880.47,706.0,24.6,1,2,13090.84,60,7.96,2,1807.95,1969.95,Own,1,2.9,West,2562.15,0.3253,0.1441,0,No,0,0
CUST-004186,44,Female,Single,Bachelor,Salaried,52259.14,421.02,714.0,18.5,2,0,16211.98,48,7.97,2,2664.58,6519.31,Mortgage,1,7.5,South,1288.19,0.0967,0.2541,0,No,0,0
CUST-004187,41,Non-binary,Single,Master,Salaried,120846.36,4348.44,702.0,19.9,6,1,24868.33,36,6.57,1,26336.34,13178.07,Mortgage,0,2.7,West,6084.96,0.4318,0.5947,0,No,0,0
CUST-004188,36,Male,Widowed,High School,Contract,26890.85,1316.81,726.0,16.8,3,0,8014.47,60,4.83,0,624.82,-333.09,Rent,1,4.2,Central,1227.7,0.5876,0.3382,2,Yes,0,1
CUST-004189,53,Female,Single,Bachelor,Salaried,60973.51,550.45,709.0,29.4,1,0,15213.9,36,4.7,2,9119.34,127.91,Mortgage,0,14.1,South,2089.47,0.1083,0.5581,3,No,0,0
CUST-004190,30,Female,Married,Bachelor,Salaried,59009.44,1860.87,729.0,4.7,2,1,45029.01,72,6.37,5,4332.39,-2523.44,Mortgage,1,2.6,East,2873.54,0.3784,0.4569,6,No,0,0
CUST-004191,23,Female,Married,Master,Salaried,128249.02,3444.4,680.0,2.2,4,0,43393.05,12,4.18,3,1664.56,7276.17,Rent,0,1.7,North,3866.77,0.3223,0.4684,0,No,0,0
CUST-004192,51,Female,Married,Associate,Salaried,52184.48,627.33,691.0,31.9,1,0,22036.33,36,6.85,2,52394.18,7109.72,Mortgage,1,15.9,Central,2640.1,0.1443,0.446,2,No,0,0
CUST-004193,36,Female,Divorced,High School,Salaried,25686.13,1046.81,642.0,17.5,1,2,21213.22,48,6.19,2,366.24,1639.51,Mortgage,0,5.7,East,1172.34,0.489,0.7696,3,No,0,1
CUST-004194,45,Female,Single,Bachelor,Salaried,45758.31,1142.62,728.0,20.8,1,1,25293.71,48,3.47,0,1382.97,3704.27,Other,0,6.1,West,3193.56,0.2996,0.1158,1,No,0,0
CUST-004195,49,Female,Married,Master,Salaried,46282.14,874.87,727.0,30.5,3,2,62379.0,60,5.19,1,691.16,3580.3,Mortgage,3,10.5,North,2640.15,0.2268,0.3212,1,No,0,0
CUST-004196,42,Male,Widowed,Bachelor,Salaried,77104.26,724.81,678.0,19.9,2,2,91229.42,60,5.77,2,0.0,5874.48,Own,0,5.8,South,5304.37,0.1128,0.3777,0,No,0,0
CUST-004197,36,Female,Divorced,Bachelor,Salaried,66271.74,1909.15,705.0,17.0,7,2,10962.44,36,6.92,3,22846.22,1431.18,Rent,0,7.7,East,1561.18,0.3457,0.3603,0,No,0,0
CUST-004198,53,Female,Single,High School,Salaried,,1061.29,692.0,31.3,4,0,19076.27,36,2.5,2,6571.09,4855.71,Mortgage,0,14.3,East,1800.91,0.3018,0.5339,1,Yes,0,0
CUST-004199,31,Female,Single,Bachelor,Salaried,164587.2,2742.67,743.0,10.7,4,0,3697.71,60,4.16,0,58156.51,4881.32,Rent,0,5.2,South,5517.85,0.2,0.5894,2,No,0,0
CUST-004200,50,Female,Divorced,High School,Self-employed,89706.52,2314.03,647.0,23.1,4,2,18712.58,36,10.56,2,2269.22,7052.73,Rent,0,19.0,East,1900.05,0.3095,0.6729,2,Yes,0,1
CUST-004201,44,Male,Single,Master,Salaried,99640.86,2085.88,746.0,21.1,1,0,10457.12,24,5.11,0,26549.41,-3500.0,Rent,0,3.4,East,3538.88,0.2512,0.7579,1,No,0,0
CUST-004202,62,Female,Married,High School,,99456.23,3116.13,741.0,41.4,2,0,11453.86,36,2.5,1,45463.2,7851.83,Mortgage,0,28.2,Central,4894.69,0.376,0.2609,0,No,0,0
CUST-004203,44,Male,Divorced,Associate,Salaried,58198.99,1321.54,582.0,21.6,1,2,3219.99,36,10.83,1,3199.86,6400.76,Mortgage,1,1.5,North,3054.99,0.2725,0.5239,0,No,0,0
CUST-004204,34,Female,Married,Associate,Contract,28729.9,592.36,740.0,6.4,4,0,58392.64,60,4.88,2,6611.69,3095.29,Rent,4,5.0,North,1021.88,0.2474,0.1546,0,No,0,0
CUST-004205,26,Female,Married,Master,Salaried,27237.67,449.96,723.0,4.9,5,1,20773.67,24,7.64,3,2622.68,2643.49,Mortgage,3,2.9,South,1851.96,0.1982,0.3507,1,No,0,0
CUST-004206,59,Male,Single,Master,Self-employed,79082.54,3820.02,691.0,37.0,6,0,16619.67,48,4.89,1,28778.78,-3500.0,Mortgage,0,10.1,Central,2772.49,0.5797,0.2878,1,No,0,0
CUST-004207,40,Male,Married,High School,Salaried,32244.92,964.07,739.0,20.1,3,0,8072.63,60,5.87,1,2650.46,-1180.79,Mortgage,1,9.0,Central,782.42,0.3588,0.6535,1,No,0,0
CUST-004208,47,Female,Single,Bachelor,Unemployed,30074.86,1301.63,698.0,27.8,3,2,24323.38,24,4.95,1,205.35,566.83,Rent,4,3.4,Central,2250.08,0.5194,0.2923,1,No,0,0
CUST-004209,56,Male,Married,High School,Unemployed,33558.58,1505.39,624.0,34.6,5,3,32499.61,60,10.2,4,1073.85,3076.95,Own,1,2.6,East,1335.38,0.5383,0.7218,3,No,0,1
CUST-004210,46,Female,Married,High School,Salaried,64304.61,774.49,717.0,24.6,2,0,48401.54,60,5.22,1,4935.72,-252.43,Mortgage,0,11.1,Central,2255.78,0.1445,0.7519,1,No,0,0
CUST-004211,26,Female,Married,Bachelor,Salaried,54674.51,520.31,652.0,2.3,1,2,78665.89,48,5.31,0,6033.6,3993.53,Rent,1,2.5,North,3300.33,0.1142,0.6995,1,No,0,0
CUST-004212,50,Male,Single,High School,Salaried,67892.5,1069.68,644.0,31.9,0,4,74667.68,60,8.45,3,2161.43,4795.86,Mortgage,1,8.8,South,1898.18,0.1891,0.6446,3,No,1,0
CUST-004213,45,Male,Married,Associate,Self-employed,87515.52,745.07,682.0,23.9,3,0,13054.76,24,5.9,2,4243.57,8460.04,Rent,1,5.2,North,2922.76,0.1022,0.2363,2,No,0,0
CUST-004214,18,Female,Married,Bachelor,Self-employed,51749.91,1138.36,721.0,0.0,1,0,53015.75,60,3.54,2,18826.4,7768.09,Own,0,0.0,South,1877.91,0.264,0.4306,0,No,0,0
CUST-004215,44,Male,Married,Associate,Self-employed,41830.72,491.46,687.0,24.7,6,1,21785.11,60,7.67,2,3557.54,-166.72,Rent,3,12.7,North,1292.56,0.141,0.5814,1,Yes,0,0
CUST-004216,26,Male,Widowed,Bachelor,Salaried,90216.06,3268.9,697.0,3.4,2,1,23504.84,60,9.08,2,7958.31,-3098.64,Mortgage,2,0.7,Central,4899.87,0.4348,0.4109,2,No,0,0
CUST-004217,40,Female,Divorced,High School,Salaried,56950.65,2153.06,671.0,17.7,0,1,13179.29,24,8.1,1,3308.73,-3500.0,Rent,0,9.3,North,2160.5,0.4537,,1,No,0,0
CUST-004218,52,Male,Single,Master,Salaried,61859.65,2247.76,706.0,33.4,1,0,24564.84,60,7.83,2,8516.55,1588.11,Rent,0,7.8,West,1015.18,0.436,0.3519,1,No,0,0
CUST-004219,38,Male,Single,Bachelor,Salaried,108084.91,1601.21,695.0,15.7,2,0,15516.81,60,4.41,1,2538.86,1162.37,Mortgage,1,3.1,West,5674.85,0.1778,0.5111,1,No,0,0
CUST-004220,55,Female,Single,High School,Salaried,10838.84,481.34,652.0,34.8,2,1,6105.39,24,6.9,3,0.0,-118.76,Other,0,22.7,West,491.48,0.5329,0.7128,4,No,0,1
CUST-004221,27,Male,Single,Bachelor,Salaried,47250.49,950.8,719.0,8.4,3,0,19093.52,72,7.6,2,32138.31,1286.09,Rent,1,1.5,East,1323.51,0.2415,0.2088,3,No,0,0
CUST-004222,25,Female,Married,Bachelor,Salaried,82280.7,1993.49,716.0,5.3,4,1,27003.77,36,4.67,1,32333.43,3556.89,Own,1,6.2,East,3618.29,0.2907,0.1993,2,No,0,0
CUST-004223,39,Male,Single,High School,Salaried,52591.27,1362.27,724.0,19.2,6,1,14940.24,36,5.58,1,8510.91,460.31,Own,0,5.6,North,1213.91,0.3108,0.3386,0,No,0,0
CUST-004224,50,Female,Married,,Salaried,14412.67,202.2,604.0,28.5,1,0,38634.34,12,12.83,0,20383.03,1158.07,Rent,2,19.9,West,1176.17,0.1684,0.9196,2,No,1,0
CUST-004225,55,Male,Married,Master,Salaried,43405.92,1598.51,712.0,35.6,1,0,11418.04,24,2.5,2,11143.29,3803.78,Own,5,14.2,Central,2020.86,0.4419,0.294,2,No,0,0
CUST-004226,45,Female,Married,Bachelor,Salaried,58841.53,1722.72,693.0,25.9,3,1,50943.99,60,8.11,2,79872.34,13202.71,Mortgage,1,15.8,West,1583.27,0.3513,0.7846,0,No,0,0
CUST-004227,21,Male,Divorced,Bachelor,Salaried,37664.87,427.98,710.0,0.0,1,1,11627.03,48,8.63,0,775.11,2905.04,Rent,0,2.1,South,1726.54,0.1364,0.6227,0,Yes,0,0
CUST-004228,33,Female,Single,High School,Salaried,65852.0,771.72,644.0,12.4,4,2,26935.58,36,7.89,2,13317.43,-2609.61,Mortgage,0,5.0,West,1290.5,0.1406,0.8135,4,No,0,0
CUST-004229,44,Male,Single,High School,Salaried,37358.23,1722.7,762.0,25.5,0,0,19272.23,48,3.2,0,3549.85,2429.67,Mortgage,1,9.5,South,1189.76,0.5534,0.4424,1,No,0,0
CUST-004230,36,Female,Single,Bachelor,Self-employed,41764.58,1630.32,759.0,15.0,2,0,44480.94,36,4.09,2,463.85,6932.65,Rent,1,1.1,Central,400.27,0.4684,0.6159,1,No,0,0
CUST-004231,42,Female,Married,High School,Salaried,37933.1,1010.47,671.0,16.7,4,0,15172.8,24,6.53,2,1558.63,2971.09,Rent,3,8.0,North,2437.0,0.3197,0.5941,5,No,0,0
CUST-004232,55,Male,Divorced,Bachelor,Self-employed,155994.03,2125.66,685.0,31.0,4,2,32983.55,12,6.85,1,35820.92,7690.82,Rent,0,12.3,South,7648.75,0.1635,0.7639,1,No,0,0
CUST-004233,31,Male,Married,Doctorate,Salaried,47212.38,938.45,757.0,4.6,2,0,13220.66,60,8.56,0,1081.71,4986.26,Own,2,9.8,South,1164.21,0.2385,0.3102,0,Yes,0,0
CUST-004234,42,Male,Married,High School,Salaried,41332.63,300.6,755.0,22.7,2,0,28885.23,12,2.5,2,2068.29,1535.44,Rent,1,8.3,South,1183.61,0.0873,0.3802,3,No,0,0
CUST-004235,38,Non-binary,Single,Associate,Contract,45218.33,423.5,651.0,17.8,2,1,36421.02,60,11.1,0,2277.39,3837.55,Own,1,1.8,South,2426.41,0.1124,,0,No,1,1
CUST-004236,44,Male,Married,High School,Salaried,51678.29,943.78,746.0,25.1,3,0,84333.26,24,4.12,0,5507.41,2551.9,Mortgage,2,13.0,North,2992.44,0.2192,0.3268,1,No,0,0
CUST-004237,59,Male,Married,Associate,Unemployed,9165.92,395.09,616.0,37.5,2,1,10949.35,48,8.04,2,431.12,454.4,Mortgage,1,4.6,Central,644.79,0.5173,0.5471,2,Yes,0,0
CUST-004238,32,Non-binary,Married,Master,Contract,64031.08,1520.13,567.0,11.1,2,2,13336.72,60,6.67,3,2154.92,-3500.0,Own,1,4.7,East,2769.48,0.2849,0.5416,4,No,0,0
CUST-004239,69,Male,Single,Bachelor,Salaried,71485.08,1930.7,678.0,47.6,2,0,7361.73,60,7.09,2,7873.27,2240.95,Rent,1,6.2,Central,1068.58,0.3241,0.3234,0,No,0,0
CUST-004240,42,Female,Married,Bachelor,Salaried,35353.02,364.45,776.0,21.5,3,0,13322.86,72,3.18,2,9608.3,7026.61,Rent,4,7.2,Central,1866.68,0.1237,0.392,1,No,0,0
CUST-004241,18,Male,Married,Associate,Salaried,79526.77,3402.48,672.0,0.0,4,2,27376.44,60,7.94,3,535.58,1598.82,Rent,0,0.0,Central,2824.35,0.5134,0.5466,1,No,0,0
CUST-004242,69,Male,Married,High School,Salaried,38119.78,1241.71,746.0,45.5,4,0,31197.34,24,6.24,4,6233.4,851.74,Own,3,16.6,West,2697.29,0.3909,0.4685,2,No,0,0
CUST-004243,34,Female,Single,,Self-employed,66576.2,1015.05,726.0,5.7,3,1,8514.58,12,9.66,0,5517.04,7185.01,Own,1,11.8,East,1756.11,0.183,0.9669,2,No,0,0
CUST-004244,58,Male,Single,High School,Salaried,35550.12,1497.92,660.0,34.3,3,1,14594.26,60,7.92,4,20353.25,2965.19,Rent,3,20.7,Central,1501.14,0.5056,0.5036,2,No,0,0
CUST-004245,46,Male,Single,High School,Contract,47761.62,2533.99,757.0,26.0,5,0,72982.54,36,4.3,4,7710.0,2144.19,Rent,1,17.1,West,2664.98,0.6367,0.5197,5,No,0,0
CUST-004246,45,Male,Married,Bachelor,Salaried,174759.64,11185.24,774.0,20.9,0,0,53277.76,36,4.92,2,9085.15,-113.49,Mortgage,1,6.4,West,5593.45,0.768,0.3525,4,No,0,0
CUST-004247,33,Female,Single,Master,Self-employed,61307.94,2132.73,766.0,11.1,3,0,12832.08,48,2.5,1,4900.4,3122.8,Rent,1,4.8,West,2210.62,0.4174,0.4011,1,No,0,0
CUST-004248,41,Male,Married,Master,Self-employed,172781.58,4357.56,740.0,21.1,3,0,22974.48,12,7.58,0,5123.71,,Mortgage,1,13.7,West,7117.74,0.3026,0.1255,1,No,0,0
CUST-004249,38,Female,Married,Associate,Self-employed,30945.06,126.32,748.0,15.2,1,0,7304.32,36,3.49,0,5860.11,3819.1,Own,2,6.8,East,667.63,0.049,0.1873,0,No,0,0
CUST-004250,40,Male,Single,High School,Salaried,34075.66,760.88,666.0,21.3,3,2,18513.42,48,9.02,0,131.16,1412.69,Own,0,5.0,North,1605.36,0.2679,0.5648,1,Yes,0,1
CUST-004251,45,Female,Married,Bachelor,Self-employed,60688.07,1181.62,615.0,22.3,0,1,43653.02,24,5.76,0,,9304.43,Rent,0,14.5,North,2144.07,0.2336,0.3168,2,No,0,0
CUST-004252,41,Female,Divorced,Bachelor,Unemployed,13790.47,255.56,,18.4,6,1,45030.03,72,4.59,2,4318.85,590.51,Mortgage,0,1.8,East,350.0,0.2224,0.666,0,No,0,0
CUST-004253,24,Female,Divorced,High School,Unemployed,13718.01,184.14,641.0,0.0,1,2,29079.85,48,11.33,1,0.0,352.8,Mortgage,1,0.2,West,581.96,0.1611,0.5864,0,No,1,1
CUST-004254,24,Male,Married,High School,Salaried,45227.22,567.6,674.0,0.0,1,0,50309.06,60,7.41,0,1258.07,2872.02,Own,2,5.0,South,1470.11,0.1506,0.012,0,No,0,0
CUST-004255,31,Male,Married,Associate,Salaried,41789.66,259.7,692.0,12.7,2,0,85269.8,36,4.07,1,1512.99,621.65,Mortgage,2,3.6,Central,2269.88,0.0746,0.3191,1,No,0,0
CUST-004256,48,Male,Single,High School,Contract,17372.73,522.4,762.0,2.6,1,0,33652.65,60,9.52,2,4980.03,2446.52,Rent,1,5.5,West,927.78,0.3608,0.2427,1,No,0,0
CUST-004257,29,Male,Single,Master,Salaried,29233.76,950.42,666.0,7.7,4,0,5123.29,72,5.62,1,4800.88,619.13,Mortgage,0,5.4,West,846.76,0.3901,0.334,5,No,0,0
CUST-004258,34,Female,Single,,Salaried,97024.66,470.28,704.0,14.4,4,2,12652.23,36,3.31,1,6858.11,4780.45,Rent,0,7.0,South,6517.65,0.0582,0.1919,0,No,0,0
CUST-004259,47,Male,Married,High School,Salaried,30058.24,1057.23,714.0,28.2,2,1,33744.88,60,8.34,2,46.02,1177.52,Mortgage,5,10.4,West,1979.44,0.4221,0.4704,3,No,0,0
CUST-004260,46,Female,Single,Associate,Salaried,27629.33,422.65,774.0,26.2,7,2,26841.42,72,6.16,2,3181.02,359.58,Mortgage,1,11.9,Central,1037.52,0.1836,0.4944,1,No,0,0
CUST-004261,48,Male,Single,Bachelor,Salaried,56247.81,1372.24,643.0,22.3,2,1,6516.55,36,8.22,3,1545.83,7073.43,Own,1,19.9,Central,1834.63,0.2928,0.5521,2,No,0,0
CUST-004262,65,Male,Married,Bachelor,Salaried,56220.99,1324.23,745.0,43.6,4,0,7941.79,60,4.22,2,3287.24,4490.62,Mortgage,0,12.4,South,1152.99,0.2826,0.8312,1,No,0,0
CUST-004263,54,Female,Married,Bachelor,Salaried,52002.03,1169.92,699.0,29.1,0,0,33790.34,84,9.62,0,14914.11,5311.54,Own,1,12.1,West,1612.12,0.27,0.9384,2,No,0,0
CUST-004264,37,Female,Single,Bachelor,Salaried,54508.08,2546.86,687.0,9.0,0,0,7526.18,60,4.24,0,895.53,11039.75,Mortgage,1,2.3,East,2778.48,0.5607,0.1389,0,No,0,0
CUST-004265,52,Male,Married,High School,Self-employed,35243.99,658.93,746.0,33.3,6,0,13610.32,72,4.73,1,2762.05,3431.54,Mortgage,0,9.6,East,662.63,0.2244,0.3823,1,No,0,0
CUST-004266,52,Male,Single,High School,Salaried,33952.58,334.13,734.0,26.7,2,0,9495.73,60,6.03,0,5836.98,2802.67,Rent,0,15.3,West,1114.01,0.1181,0.3308,0,No,0,0
CUST-004267,42,Male,Divorced,High School,Salaried,25872.35,850.14,665.0,20.1,0,1,14323.09,12,6.57,3,844.13,-245.79,Own,0,5.5,South,992.05,0.3943,0.4469,1,No,0,0
CUST-004268,39,Male,Married,High School,Salaried,16070.17,971.47,670.0,19.8,2,1,24521.8,36,9.79,1,56.12,-105.77,Mortgage,2,5.6,South,1019.36,0.7254,0.3023,1,No,0,0
CUST-004269,18,Female,Divorced,High School,Salaried,43157.45,1708.41,680.0,0.0,4,1,23773.56,24,5.15,3,8975.81,-1513.9,Mortgage,2,0.0,Central,746.94,0.475,0.402,2,No,0,0
CUST-004270,28,Female,Divorced,High School,Salaried,58672.87,1153.33,715.0,6.1,1,2,38143.58,36,4.71,1,7453.51,192.29,Rent,3,8.0,East,2295.78,0.2359,0.6463,0,No,0,0
CUST-004271,41,Male,Married,Bachelor,Unemployed,12432.73,178.11,730.0,21.5,2,1,10867.1,60,4.67,0,290.58,798.73,Own,3,1.2,South,831.66,0.1719,0.2279,0,Yes,0,0
CUST-004272,57,Female,Married,High School,Self-employed,49982.66,2214.9,760.0,36.9,1,0,11596.32,24,4.85,1,4239.31,,Mortgage,0,11.4,North,669.77,0.5318,0.2311,6,No,0,0
CUST-004273,53,Female,Single,Master,Contract,46923.53,2366.15,764.0,32.8,4,0,45174.18,24,6.71,3,2010.62,4307.08,Own,1,3.7,Central,1691.37,0.6051,0.5582,0,No,0,0
CUST-004274,26,Female,Married,Bachelor,Retired,28126.6,797.66,650.0,4.7,1,0,4945.26,48,9.2,2,2407.99,1512.57,Rent,0,6.4,South,1515.16,0.3403,0.3425,2,No,0,0
CUST-004275,30,Male,Married,Associate,Salaried,32480.74,407.2,628.0,11.1,8,2,91618.63,60,12.17,2,16767.48,4109.8,Own,3,2.7,West,1228.68,0.1504,0.8491,2,Yes,1,0
CUST-004276,65,Male,Single,High School,Salaried,35600.6,531.24,761.0,42.2,5,0,12738.7,48,6.31,2,640.77,4330.68,Own,1,15.8,West,1133.9,0.1791,0.3515,0,No,0,0
CUST-004277,37,Female,Single,Bachelor,Salaried,,237.78,701.0,14.7,5,0,36789.44,12,6.8,0,9325.75,1386.05,Mortgage,1,2.9,East,1295.39,0.1189,0.5909,1,No,0,0
CUST-004278,39,Female,Married,Associate,Contract,29965.23,424.43,671.0,14.5,2,2,54369.52,72,6.63,0,12926.04,2762.06,Mortgage,2,9.9,Central,1623.32,0.17,0.5216,1,No,0,0
CUST-004279,42,Female,Married,Bachelor,Contract,56686.75,1637.42,681.0,19.5,2,1,1816.29,60,5.9,1,23681.94,2912.69,Own,1,15.1,North,1257.65,0.3466,0.7821,2,No,0,0
CUST-004280,47,Male,Married,Bachelor,Salaried,50551.7,1401.88,703.0,26.6,6,0,9414.27,60,7.19,1,10808.32,5500.15,Mortgage,0,9.7,West,1010.6,0.3328,0.4533,2,Yes,0,0
CUST-004281,28,Female,Single,Associate,Salaried,95136.56,6101.85,722.0,5.7,3,1,13341.92,36,5.39,3,23983.4,374.93,Other,0,1.8,North,3896.19,0.7697,0.9894,0,No,0,0
CUST-004282,27,Male,Divorced,Bachelor,Salaried,96352.14,1457.86,722.0,7.1,1,0,39250.56,60,7.61,1,20353.07,3080.44,Mortgage,0,4.5,South,4225.65,0.1816,0.7696,0,No,0,0
CUST-004283,43,Female,Married,High School,Self-employed,30840.85,600.58,689.0,16.7,5,1,32737.27,36,6.51,3,0.0,1096.12,Own,0,22.0,East,1707.91,0.2337,0.5628,3,No,0,0
CUST-004284,49,Male,Married,Bachelor,Self-employed,42257.21,506.7,706.0,22.1,6,0,18137.34,60,9.27,2,2922.28,7375.62,Rent,4,14.7,North,1859.29,0.1439,0.4358,1,No,0,0
CUST-004285,40,Male,Widowed,Master,Salaried,165538.78,2216.06,714.0,18.7,6,0,18399.05,48,7.41,1,5071.38,1512.47,Rent,0,4.5,Central,9824.4,0.1606,0.3987,0,No,0,0
CUST-004286,43,Male,Single,Bachelor,Unemployed,19736.77,1013.81,676.0,24.5,4,0,34605.34,60,7.14,4,1402.62,486.1,Own,0,0.9,South,634.24,0.6164,0.3196,0,Yes,0,0
CUST-004287,53,Female,Married,High School,Unemployed,22985.18,357.32,674.0,21.8,5,1,14627.98,72,10.21,1,937.0,510.66,Rent,2,3.2,West,1345.92,0.1865,0.6116,1,No,0,0
CUST-004288,29,Male,Married,Bachelor,Contract,25171.07,1354.77,708.0,6.2,2,0,31162.92,36,7.41,1,2820.5,1797.3,Rent,0,3.4,North,658.71,0.6459,0.6016,0,No,0,0
CUST-004289,32,Male,Divorced,Associate,Self-employed,74464.26,3241.97,654.0,3.4,2,1,45989.65,60,6.65,2,5788.44,7468.26,Rent,0,7.4,South,2400.13,0.5224,0.6838,1,No,0,0
CUST-004290,45,Male,Divorced,Associate,Salaried,57871.53,572.4,763.0,25.1,2,0,17899.68,24,7.04,0,28333.67,7598.97,Own,0,18.3,West,1815.03,0.1187,0.4322,2,No,0,0
CUST-004291,41,Male,Married,Bachelor,Unemployed,21319.66,416.73,628.0,20.4,2,3,10530.66,36,8.3,1,1512.55,1985.65,Mortgage,1,0.4,West,1541.2,0.2346,0.8216,0,Yes,0,0
CUST-004292,31,Male,Married,Bachelor,Unemployed,19746.02,1133.93,803.0,6.2,6,0,81209.59,48,2.5,2,6700.19,-853.38,Own,1,0.3,West,1190.73,0.6891,0.371,2,No,0,0
CUST-004293,35,Female,Married,High School,Self-employed,27841.97,262.7,681.0,11.5,2,1,10391.74,36,6.99,2,6098.08,1559.54,Mortgage,0,10.9,West,1258.09,0.1132,0.5472,2,No,0,0
CUST-004294,51,Male,Divorced,Master,Self-employed,69899.89,1053.89,753.0,22.9,4,1,21193.59,84,4.29,1,10534.21,5383.13,Rent,0,14.6,South,4226.15,0.1809,0.2952,1,Yes,0,0
CUST-004295,43,Male,Married,High School,Unemployed,19813.6,149.08,705.0,23.7,4,2,4325.78,36,9.13,1,563.9,226.31,Own,1,0.3,South,588.8,0.0903,0.88,0,No,0,0
CUST-004296,43,Female,Widowed,Bachelor,Salaried,72975.87,776.73,708.0,23.9,0,0,20000.32,24,7.77,0,3547.96,5897.17,Mortgage,0,12.2,South,1371.54,0.1277,0.2044,0,No,0,0
CUST-004297,40,Male,Married,Bachelor,Salaried,30504.23,1884.11,723.0,15.7,7,0,44256.87,24,6.89,4,435.66,-58.17,Rent,0,12.9,Central,1124.0,0.7412,0.858,3,No,0,1
CUST-004298,39,Female,Single,Bachelor,Contract,61228.6,1263.37,649.0,17.4,4,1,62248.19,24,10.31,5,3140.75,1733.19,Rent,0,6.2,West,2779.95,0.2476,0.7906,1,Yes,0,1
CUST-004299,51,Male,Married,High School,Contract,22170.73,531.2,755.0,29.6,2,0,10732.24,60,4.41,0,2317.56,2178.36,Rent,2,15.5,North,1570.93,0.2875,0.7738,0,No,0,0
CUST-004300,45,Female,Married,Associate,Self-employed,72494.84,1048.27,780.0,23.8,1,0,7746.99,60,3.2,0,1539.08,,Other,1,8.9,South,3183.27,0.1735,0.5236,1,No,0,0
CUST-004301,44,Female,Married,Master,Self-employed,241314.29,1237.55,701.0,19.0,2,0,21152.44,12,2.5,1,14575.23,14715.71,Own,1,16.0,South,6619.4,0.0615,0.5773,0,No,0,0
CUST-004302,44,Male,Single,Associate,Salaried,26331.02,889.13,729.0,25.1,2,0,4762.74,36,6.81,0,11001.43,1779.53,Mortgage,0,6.8,West,1191.96,0.4052,0.3367,1,No,0,0
CUST-004303,66,Male,Single,Master,Salaried,103045.39,626.67,675.0,45.8,2,1,33635.77,48,5.19,3,1273.39,9875.62,Rent,0,16.5,South,6202.0,0.073,0.5088,2,No,0,0
CUST-004304,43,Female,Married,High School,Unemployed,15890.67,267.17,698.0,24.0,3,1,17577.98,84,2.5,0,64.81,-1250.59,Rent,2,2.3,Central,1237.86,0.2018,0.5353,1,Yes,0,0
CUST-004305,52,Male,Married,Bachelor,Salaried,40310.56,2128.31,750.0,28.7,3,0,21336.4,12,5.13,0,2446.51,2752.56,Mortgage,1,18.1,South,1090.93,0.6336,0.2669,0,No,0,0
CUST-004306,44,Female,Married,Bachelor,Salaried,227169.14,4013.54,732.0,23.8,3,0,5115.63,60,6.23,2,26974.13,-2087.76,Mortgage,2,11.8,West,10314.68,0.212,0.615,1,No,0,1
CUST-004307,32,Female,Married,Doctorate,Salaried,50471.42,1810.04,739.0,5.7,3,0,13005.57,36,3.88,3,4223.74,1950.4,Own,0,6.4,East,2583.17,0.4304,0.7425,1,No,0,0
CUST-004308,31,Female,Divorced,High School,Salaried,38510.4,751.12,,9.1,2,1,9050.89,72,4.24,0,28878.63,2667.55,Mortgage,1,6.6,North,1527.49,0.2341,0.8758,0,No,0,0
CUST-004309,43,Female,Married,Bachelor,Salaried,83969.03,2336.6,696.0,22.2,7,0,48952.17,36,6.99,1,4540.52,3362.42,Own,1,14.1,South,3951.26,0.3339,0.5105,1,No,0,0
CUST-004310,51,Female,Single,Bachelor,Salaried,35236.19,594.77,655.0,31.1,1,1,91815.97,24,5.65,0,12983.9,395.22,Rent,0,6.9,Central,2137.95,0.2026,0.1758,1,No,0,0
CUST-004311,56,Female,Widowed,Master,Retired,65017.02,662.22,549.0,35.6,5,4,32817.5,60,13.88,1,4262.11,730.68,Rent,0,18.9,East,2583.88,0.1222,0.54,0,Yes,1,1
CUST-004312,62,Male,Married,Bachelor,Unemployed,7000.0,618.67,601.0,40.6,3,4,6771.6,60,10.11,2,0.0,696.92,Rent,1,4.6,West,374.82,1.0606,0.3469,1,Yes,0,1
CUST-004313,35,Female,Married,Associate,Contract,44986.61,1092.88,684.0,14.5,5,2,54103.26,60,6.45,2,5023.92,2246.14,Mortgage,2,11.4,West,1778.45,0.2915,0.2862,3,No,0,0
CUST-004314,54,Male,Married,Bachelor,Unemployed,24886.07,390.77,697.0,33.9,4,2,8829.67,36,5.39,0,0.0,957.52,Mortgage,0,3.6,East,350.0,0.1884,0.605,3,No,0,0
CUST-004315,19,Male,Married,Bachelor,Salaried,95259.31,2638.43,557.0,0.0,1,3,19501.52,48,12.33,5,3478.99,6976.66,Rent,2,0.3,West,1878.01,0.3324,0.521,3,No,1,0
CUST-004316,48,Female,Single,Bachelor,Unemployed,26986.84,533.43,676.0,29.1,3,1,10412.74,12,5.6,0,,876.49,Mortgage,1,2.8,West,938.27,0.2372,0.5142,0,No,0,0
CUST-004317,58,Male,Single,Master,Self-employed,175864.54,4336.56,715.0,37.5,3,0,59497.01,48,6.18,5,8873.1,1690.14,Mortgage,1,,South,7834.99,0.2959,0.3485,3,No,0,0
CUST-004318,23,Male,Married,Bachelor,Salaried,126900.47,5690.4,662.0,0.0,2,0,17937.61,48,6.19,1,5040.31,15492.2,Own,0,1.6,South,3369.62,0.5381,0.543,1,Yes,0,0
CUST-004319,18,Female,Divorced,Associate,Retired,35354.06,1587.11,733.0,0.0,2,1,17236.49,84,3.11,2,5860.8,181.79,Own,0,0.0,West,518.67,0.5387,0.845,2,No,0,0
CUST-004320,40,Male,Single,High School,Unemployed,11864.26,301.25,611.0,17.2,1,2,13531.99,84,7.5,2,635.08,685.36,Own,2,0.9,North,825.91,0.3047,0.5757,3,No,0,0
CUST-004321,53,Female,Married,Master,Unemployed,17207.4,179.29,561.0,27.8,2,4,34615.94,60,12.98,1,4625.0,523.07,Mortgage,3,3.0,South,938.73,0.125,0.8902,1,No,1,1
CUST-004322,35,Male,Divorced,Bachelor,Salaried,46777.44,1423.89,744.0,10.3,1,0,19737.85,36,5.99,0,5093.19,229.1,Rent,1,0.6,West,1891.29,0.3653,0.1603,0,No,0,1
CUST-004323,33,Male,Married,Associate,Self-employed,50906.65,433.95,712.0,12.6,0,0,10134.91,48,8.78,1,1822.24,-2085.94,Mortgage,3,5.9,South,3041.65,0.1023,0.7869,0,Yes,0,0
CUST-004324,56,Male,Widowed,Bachelor,Salaried,45412.35,1321.64,662.0,34.8,7,0,24724.11,84,11.39,1,4237.09,-604.6,Mortgage,0,15.7,South,680.87,0.3492,0.5506,0,Yes,0,0
CUST-004325,38,Male,Single,Bachelor,Self-employed,103574.25,2047.14,787.0,18.8,0,0,22433.36,36,4.97,1,58954.01,-3500.0,Mortgage,1,12.7,Central,3967.81,0.2372,0.7863,0,Yes,0,0
CUST-004326,57,Male,Married,Bachelor,Salaried,32953.22,1439.09,745.0,35.9,3,1,7912.24,12,2.62,0,8831.23,2446.54,Mortgage,1,13.1,North,1364.9,0.524,0.4119,1,No,0,0
CUST-004327,61,Female,Married,High School,Self-employed,76430.76,2183.76,705.0,40.0,2,1,5418.71,60,6.7,0,1932.93,1688.86,Mortgage,1,14.4,East,2555.09,0.3429,0.3044,0,No,0,0
CUST-004328,30,Male,Married,Bachelor,Salaried,61971.53,2906.17,679.0,9.0,2,1,8353.95,60,6.06,1,1891.75,2919.79,Mortgage,2,3.8,North,2625.97,0.5627,0.4569,1,No,0,1
CUST-004329,52,Female,Single,Bachelor,Salaried,163841.23,6293.18,684.0,30.8,1,2,30309.09,84,10.41,0,30957.82,5939.15,Mortgage,0,5.7,South,5090.68,0.4609,0.4978,1,No,0,0
CUST-004330,54,Female,Married,High School,Self-employed,59309.2,2351.45,670.0,33.7,4,1,9636.73,36,7.99,0,8037.24,2802.98,Mortgage,1,14.9,South,2984.5,0.4758,0.6778,0,No,0,0
CUST-004331,36,Male,Married,Bachelor,Salaried,62614.53,1786.34,708.0,14.8,4,0,44726.31,72,8.39,1,4312.77,4339.08,Mortgage,2,5.7,West,2253.72,0.3423,0.728,1,No,0,0
CUST-004332,35,Female,Married,Master,Self-employed,130767.39,2456.03,770.0,15.0,6,0,5143.21,60,3.48,1,8367.36,10484.65,Own,0,6.6,West,2321.4,0.2254,0.4036,1,No,0,0
CUST-004333,47,Female,Single,Bachelor,Salaried,49167.18,2599.01,684.0,28.5,3,1,33104.71,36,3.53,1,2251.89,5915.64,Mortgage,0,14.5,East,1967.05,0.6343,0.5138,1,No,0,1
CUST-004334,39,Female,Single,Doctorate,Salaried,98206.27,4897.39,730.0,18.7,6,2,21086.06,12,3.68,0,15847.37,9875.04,Mortgage,0,6.9,South,4122.76,0.5984,0.6165,0,Yes,0,0
CUST-004335,61,Female,Widowed,Bachelor,Salaried,71543.06,1435.84,701.0,39.9,6,0,31677.12,48,8.29,1,2428.76,7504.91,Rent,0,11.7,West,2213.85,0.2408,0.1373,2,No,0,0
CUST-004336,34,Male,Married,,Unemployed,7000.0,183.08,522.0,15.7,4,6,29670.07,36,18.15,2,0.0,1201.12,Mortgage,2,1.1,South,438.4,0.3139,0.5142,1,No,1,0
CUST-004337,53,Female,Married,High School,Self-employed,71792.85,2080.28,706.0,31.9,3,1,15249.88,60,9.44,0,24946.36,2862.04,Rent,0,16.5,East,2167.29,0.3477,0.6703,2,Yes,0,0
CUST-004338,54,Female,Single,Bachelor,Salaried,71386.92,1918.63,703.0,32.8,3,0,7816.99,60,6.36,1,17703.14,8335.95,Rent,0,12.1,West,3275.58,0.3225,0.3368,2,No,0,1
CUST-004339,41,Male,Married,High School,Unemployed,7081.63,139.36,690.0,18.4,5,1,16101.38,36,3.84,4,521.18,498.89,Rent,2,1.7,East,676.5,0.2361,,3,Yes,0,0
CUST-004340,49,Male,Single,Bachelor,Salaried,46659.62,343.34,692.0,25.9,1,0,140449.09,48,3.19,3,10331.51,1057.02,Own,0,2.5,Central,3314.44,0.0883,0.4771,3,No,0,1
CUST-004341,29,Male,Widowed,Bachelor,Salaried,36445.54,1141.53,766.0,7.9,2,0,24031.1,12,5.64,1,2871.27,4955.53,Own,0,4.9,Central,462.8,0.3759,0.1553,0,No,0,0
CUST-004342,58,Female,Married,Associate,,16451.66,685.64,695.0,32.7,3,0,66809.26,48,9.13,5,777.83,511.26,Own,2,14.0,West,740.38,0.5001,0.5698,2,No,0,0
CUST-004343,41,Male,Single,Bachelor,Salaried,61336.82,3192.75,717.0,9.3,4,1,58785.26,36,4.13,2,8487.57,3498.53,Rent,0,4.6,South,2087.33,0.6246,0.3329,1,No,0,1
CUST-004344,36,Male,Married,Master,Self-employed,116528.12,2023.12,690.0,13.4,3,2,18164.55,60,4.78,4,171909.95,5216.92,Mortgage,0,9.1,Central,3545.81,0.2083,0.253,2,No,0,0
CUST-004345,49,Female,Married,High School,Salaried,23527.07,721.49,716.0,30.7,1,1,18094.56,60,7.94,2,2262.15,2057.87,Rent,1,10.5,South,1363.75,0.368,0.2383,0,No,0,1
CUST-004346,47,Female,Married,Associate,Contract,32588.98,1369.12,715.0,20.9,6,0,9767.23,36,4.94,2,2121.64,453.68,Mortgage,2,7.1,West,2032.11,0.5041,0.2882,3,No,0,1
CUST-004347,44,Male,Divorced,Associate,Salaried,40507.18,1101.79,741.0,25.5,2,1,13907.52,60,2.5,0,5736.3,2295.52,Mortgage,0,17.6,West,1864.4,0.3264,0.4418,0,No,0,0
CUST-004348,47,Female,Married,Bachelor,Retired,15794.35,342.64,696.0,24.4,2,1,50631.29,36,12.34,0,355.49,322.34,Rent,2,20.1,North,1030.21,0.2603,0.4888,0,Yes,1,0
CUST-004349,43,Male,Divorced,Master,Salaried,37010.48,1210.68,698.0,21.1,0,1,18773.63,60,8.46,1,10673.03,-3500.0,Own,1,12.1,North,614.56,0.3925,0.6137,1,No,0,0
CUST-004350,38,Female,Divorced,Bachelor,Salaried,50343.61,1846.74,777.0,10.3,2,0,22878.12,12,2.5,2,19021.71,387.39,Mortgage,1,8.3,North,2746.65,0.4402,0.1526,1,No,0,0
CUST-004351,33,Female,Widowed,High School,Unemployed,7000.0,205.84,696.0,11.2,3,1,12698.31,60,4.01,0,3664.31,-144.07,Own,2,0.6,South,381.39,0.3529,0.5421,0,Yes,0,0
CUST-004352,45,Male,Divorced,Bachelor,Self-employed,43682.21,809.96,686.0,21.1,2,1,14468.4,84,4.39,3,1553.44,4296.4,Rent,1,2.9,North,849.63,0.2225,0.1878,0,No,0,0
CUST-004353,55,Female,Single,Bachelor,Self-employed,86871.78,2888.34,753.0,33.0,5,1,11301.45,36,5.85,1,2888.07,3428.46,Mortgage,1,26.4,South,3694.36,0.399,0.634,1,No,0,0
CUST-004354,32,Male,Divorced,Bachelor,Self-employed,128480.28,2352.36,727.0,7.6,3,0,25012.61,60,8.45,1,9905.93,7218.23,Rent,1,7.0,Central,3054.12,0.2197,0.4245,3,No,0,0
CUST-004355,42,Male,Widowed,Master,Salaried,66242.69,929.0,682.0,12.0,2,0,4742.26,60,8.6,0,23537.91,2302.93,Own,1,6.5,North,2951.36,0.1683,0.3342,2,No,0,0
CUST-004356,43,Female,Widowed,High School,Unemployed,7000.0,628.29,723.0,24.2,5,0,44790.67,48,7.27,3,614.32,-198.79,Own,0,1.4,North,358.66,1.0771,0.7483,1,No,0,0
CUST-004357,51,Male,Single,Master,Salaried,37503.48,175.69,702.0,30.1,1,0,77061.0,60,3.44,0,4158.25,4685.38,Own,0,13.9,South,935.94,0.0562,0.5573,1,No,0,1
CUST-004358,37,Male,Single,Master,Salaried,61402.47,2191.21,672.0,16.3,2,3,24855.56,36,7.92,2,2510.4,5279.22,Mortgage,0,8.1,East,2328.09,0.4282,0.5177,0,No,0,0
CUST-004359,47,Male,Single,Associate,Retired,51116.27,541.77,736.0,26.9,2,0,13526.4,36,4.97,0,2613.44,-937.56,Other,2,12.5,West,3258.22,0.1272,0.1858,1,Yes,0,0
CUST-004360,56,Female,Married,Bachelor,,64057.06,1776.14,645.0,29.1,3,2,24325.77,72,11.73,3,4060.18,4492.2,Rent,2,13.9,North,2047.93,0.3327,1.0511,2,No,1,0
CUST-004361,49,Male,Married,High School,Retired,17874.44,231.12,734.0,27.8,1,1,33468.97,36,4.18,1,1111.56,2821.2,Rent,0,17.1,South,994.54,0.1552,0.5949,0,No,0,0
CUST-004362,26,Male,Single,High School,Salaried,32888.05,1468.85,726.0,3.8,4,0,12507.1,60,7.99,2,9905.63,725.17,Mortgage,1,1.7,Central,2632.79,0.5359,0.5044,1,No,0,1
CUST-004363,40,Female,Married,Bachelor,Salaried,81053.8,878.34,723.0,17.3,4,0,34048.49,36,6.46,1,4174.18,1164.16,Mortgage,1,2.4,Central,4200.6,0.13,0.2051,1,No,0,0
CUST-004364,40,Male,Divorced,Associate,Unemployed,24906.94,846.6,630.0,18.1,2,4,18241.3,48,8.88,3,3829.73,2736.21,Own,2,0.5,South,554.74,0.4079,0.4129,2,No,0,0
CUST-004365,48,Male,Divorced,Bachelor,Self-employed,59254.83,1159.19,683.0,24.1,3,0,15777.08,60,5.71,0,2867.91,4246.18,Mortgage,1,14.5,East,2753.43,0.2348,0.2004,2,No,0,0
CUST-004366,36,Male,Single,Master,Salaried,61344.11,1824.03,708.0,12.2,5,1,10188.62,36,6.45,1,2581.63,9970.53,Own,0,15.5,Central,4000.35,0.3568,0.1686,1,No,0,0
CUST-004367,39,Female,Married,Bachelor,Salaried,89666.69,1225.81,624.0,19.8,3,3,20704.46,36,9.11,2,8683.77,-3500.0,Rent,0,6.5,South,5375.47,0.164,0.547,2,No,0,1
CUST-004368,38,Male,Married,Associate,Salaried,39891.66,1398.37,770.0,14.1,4,1,12683.8,36,4.8,2,3477.92,-511.12,Rent,0,9.9,North,1057.57,0.4207,0.612,0,No,0,1
CUST-004369,24,Male,Married,Bachelor,Salaried,283536.18,15375.97,723.0,5.2,3,1,15013.03,60,6.69,1,5774.72,-471.95,Rent,2,2.9,West,14081.32,0.6508,0.7316,2,No,0,0
CUST-004370,25,Female,Single,Bachelor,Contract,57302.14,1695.94,707.0,3.9,2,0,22653.66,36,5.69,1,3555.76,4783.1,Mortgage,0,5.1,South,2419.59,0.3552,0.2791,1,No,0,0
CUST-004371,28,Male,Divorced,High School,Salaried,79605.69,1454.82,717.0,5.2,3,1,22053.31,36,5.1,2,6334.22,5252.09,Rent,2,5.9,West,2825.24,0.2193,0.459,2,No,0,0
CUST-004372,18,Female,Widowed,Associate,Salaried,24978.98,649.79,771.0,0.0,5,0,16741.42,72,5.53,1,1402.14,1428.54,,0,0.0,North,978.06,0.3122,0.7032,0,No,0,1
CUST-004373,37,Female,Married,High School,Salaried,12403.98,234.26,725.0,15.5,5,2,5637.87,24,3.24,0,,1566.41,Rent,1,14.5,South,913.32,0.2266,0.5441,1,No,0,0
CUST-004374,45,Male,Married,Bachelor,Retired,43941.25,1315.66,589.0,24.6,2,3,11467.93,72,14.99,1,4354.46,2883.15,Rent,3,3.5,East,1205.22,0.3593,0.4122,2,No,1,0
CUST-004375,50,Male,Married,High School,Contract,42210.95,150.21,,30.6,5,0,15347.86,36,4.51,2,6723.6,-1454.79,Rent,1,16.1,South,1339.25,0.0427,0.2416,2,No,0,0
CUST-004376,33,Male,Married,Associate,Salaried,22211.87,546.97,736.0,9.8,3,0,26631.03,36,3.07,2,2966.89,3271.33,Rent,1,4.3,North,1011.86,0.2955,0.3046,0,No,0,0
CUST-004377,41,Female,Married,High School,Salaried,83413.0,3445.35,727.0,18.6,3,1,1718.63,60,6.2,3,12754.08,5842.33,Mortgage,2,2.3,East,4479.96,0.4957,0.3859,1,No,0,0
CUST-004378,47,Female,Single,Doctorate,Salaried,51128.42,1346.3,740.0,23.3,1,0,30134.22,36,3.86,1,6786.32,4078.29,Rent,0,18.3,North,2445.36,0.316,0.1789,3,No,0,0
CUST-004379,56,Male,Divorced,Associate,Retired,34080.5,820.7,752.0,36.0,1,1,20311.31,60,5.98,3,661.01,3819.39,Mortgage,0,11.2,North,1152.79,0.289,0.0855,3,No,0,0
CUST-004380,47,Male,Single,Master,Salaried,165883.37,6338.42,761.0,27.7,4,0,17544.83,60,6.91,3,5321.02,609.04,Rent,0,11.0,South,3695.85,0.4585,0.5252,0,Yes,0,0
CUST-004381,56,Male,Divorced,Bachelor,Retired,79279.86,1011.99,779.0,34.8,3,0,27187.98,12,3.47,2,3720.79,-2504.35,Mortgage,0,7.7,West,5041.24,0.1532,0.3138,3,No,0,0
CUST-004382,36,Male,Married,Associate,Salaried,20246.53,377.13,572.0,14.7,1,3,22402.09,60,12.08,1,0.0,3147.78,Own,2,7.9,North,965.71,0.2235,0.4117,1,No,0,1
CUST-004383,22,Male,Divorced,Bachelor,Retired,37578.25,685.85,744.0,0.0,4,1,40729.67,48,4.09,4,22191.3,3249.43,Own,0,0.7,East,1837.09,0.219,0.3304,2,Yes,0,0
CUST-004384,45,Male,Single,Bachelor,Salaried,247344.72,1129.81,622.0,24.9,3,1,18595.77,60,9.58,1,577.17,-1900.52,Mortgage,0,16.6,East,2678.64,0.227,0.3432,0,Yes,0,0
CUST-004385,37,Female,Divorced,Associate,Salaried,31660.75,746.6,706.0,17.6,2,1,13862.62,60,5.68,0,2382.41,87.83,Own,0,8.4,North,1344.42,0.283,0.5051,0,No,0,0
CUST-004386,50,Male,Divorced,Bachelor,Unemployed,14215.01,375.65,657.0,24.8,7,1,9963.79,36,11.97,3,2562.74,1032.14,Own,0,2.6,Central,505.33,0.3171,0.63,3,No,1,1
CUST-004387,34,Female,Single,High School,Self-employed,45358.72,811.38,708.0,11.5,2,0,6110.93,36,8.91,1,2543.7,-1014.03,Rent,0,6.1,South,1057.11,0.2147,0.108,2,Yes,0,1
CUST-004388,30,Male,Divorced,High School,Unemployed,11357.27,317.65,596.0,3.4,2,2,65099.32,60,12.91,2,0.0,-120.33,Mortgage,2,0.4,West,552.13,0.3356,0.7914,2,No,1,1
CUST-004389,69,Male,Married,Bachelor,Self-employed,49271.09,2366.37,784.0,48.7,4,0,21960.73,36,6.29,2,10187.18,-444.9,Mortgage,0,42.0,East,1806.16,0.5763,0.5966,2,No,0,0
CUST-004390,29,Female,Married,Associate,Retired,71139.07,2013.09,720.0,10.8,6,1,9379.33,60,3.55,0,21640.64,9950.61,Rent,0,2.6,North,3588.52,0.3396,0.3225,1,No,0,0
CUST-004391,49,Male,Single,Associate,Salaried,66341.65,1744.09,691.0,28.8,2,3,18169.6,36,5.19,0,4208.01,8495.55,Mortgage,2,2.8,West,1207.54,0.3155,0.1929,2,Yes,0,0
CUST-004392,52,Female,Single,Master,Self-employed,116643.79,1469.2,750.0,32.3,3,1,5675.21,24,2.5,0,39478.72,4458.71,Rent,0,15.7,South,3365.39,0.1511,0.6004,1,No,0,1
CUST-004393,42,Male,Married,Master,Salaried,38148.98,1986.59,702.0,16.2,7,1,11471.51,36,4.68,2,6095.49,3239.48,Other,6,12.1,Central,3072.6,0.6249,0.121,2,No,0,1
CUST-004394,50,Female,Single,Bachelor,Retired,62171.97,3342.65,720.0,25.5,4,0,6762.95,48,5.45,2,9122.36,-1866.85,Mortgage,0,15.7,South,1673.34,0.6452,0.1669,0,No,0,0
CUST-004395,34,Female,Single,Master,Unemployed,14108.1,868.06,757.0,15.3,5,2,17043.45,36,3.15,5,2014.85,74.11,Rent,1,1.4,North,461.25,0.7384,0.7087,0,No,0,1
CUST-004396,55,Male,Single,Associate,Salaried,25755.07,1270.56,587.0,35.1,3,2,107223.73,60,8.3,1,1705.67,4261.39,Mortgage,0,18.8,South,1371.64,0.592,0.6198,3,No,1,0
CUST-004397,31,Female,Widowed,Bachelor,Contract,60936.77,1740.59,631.0,9.8,1,2,6633.41,36,6.69,1,40906.23,10951.38,Mortgage,0,6.0,North,2415.16,0.3428,0.6473,2,No,0,0
CUST-004398,44,Male,Married,,Salaried,24880.05,978.4,706.0,14.5,3,2,6745.67,48,5.21,1,0.0,1177.63,Mortgage,1,4.5,South,1352.73,0.4719,0.7572,0,No,0,0
CUST-004399,46,Male,Divorced,Associate,Salaried,55221.74,1640.94,686.0,24.7,4,1,3523.09,60,4.69,0,1031.02,3290.1,Rent,0,16.8,North,2134.01,0.3566,0.3003,0,No,0,0
CUST-004400,32,Male,Married,Master,Salaried,115924.78,604.61,676.0,11.3,2,1,40456.43,48,5.72,1,3151.15,2384.79,Rent,2,5.4,South,3268.16,0.0626,0.3922,1,No,0,0
CUST-004401,42,Male,Divorced,Associate,Self-employed,63126.87,2773.08,734.0,23.3,3,0,19327.22,60,4.07,0,2500.76,512.09,Rent,0,14.0,South,2393.97,0.5271,0.5108,0,No,0,1
CUST-004402,23,Female,Single,Associate,Contract,86682.0,1998.34,731.0,0.6,3,1,11085.13,60,6.1,1,3342.12,4085.05,Mortgage,1,2.1,East,4823.1,0.2766,0.393,0,No,0,0
CUST-004403,49,Male,Married,Master,Self-employed,44976.08,234.68,768.0,28.1,2,0,13512.92,84,2.5,0,24649.82,3323.67,Mortgage,0,23.7,Central,2295.33,0.0626,0.1699,1,No,0,0
CUST-004404,33,Female,Single,Bachelor,Unemployed,11558.81,279.26,607.0,14.8,3,3,24603.7,36,9.75,2,0.0,393.7,Mortgage,0,0.7,West,439.16,0.2899,0.3716,3,No,1,0
CUST-004405,28,Female,Single,Associate,Self-employed,25644.06,923.15,679.0,5.0,1,1,53040.52,24,3.53,1,1699.67,898.58,Mortgage,1,4.2,Central,725.2,0.432,0.6135,1,No,0,0
CUST-004406,30,Female,Married,,Salaried,49195.44,1812.89,670.0,8.8,2,1,36854.72,60,6.85,1,2980.12,3752.01,Own,2,6.3,North,2251.19,0.4422,0.6592,0,No,0,0
CUST-004407,35,Male,Widowed,Bachelor,Contract,65759.48,678.7,692.0,16.0,4,0,9590.47,36,4.39,0,17774.22,5300.0,Mortgage,0,0.8,South,3315.78,0.1239,0.4668,0,No,0,0
CUST-004408,42,Male,Divorced,Bachelor,Salaried,41753.13,870.33,684.0,17.4,3,1,11312.43,60,5.33,0,2862.85,930.57,Mortgage,1,4.2,North,1337.79,0.2501,0.1334,1,No,0,0
CUST-004409,30,Male,Single,High School,Contract,70160.04,87.98,768.0,6.9,0,0,8633.12,60,3.65,0,3706.08,-1599.2,Own,0,,West,3842.23,0.015,0.4643,1,No,0,0
CUST-004410,18,Male,Single,Master,Salaried,132324.81,300.68,657.0,0.0,1,1,30523.66,36,8.22,1,12176.6,9581.06,Rent,1,0.0,South,5834.71,0.0273,0.3586,4,No,0,0
CUST-004411,65,Female,Divorced,Master,Salaried,40464.25,308.03,686.0,44.8,4,1,17902.66,36,7.78,0,11429.86,-791.65,Own,3,17.6,South,2684.69,0.0913,0.5456,0,Yes,0,0
CUST-004412,47,Male,Married,Bachelor,Salaried,101122.81,1810.9,685.0,26.7,1,1,27757.52,72,4.91,0,6234.93,5834.83,Other,2,2.9,North,2296.38,0.2149,0.6427,2,Yes,0,0
CUST-004413,30,Male,Single,Bachelor,Self-employed,84289.03,5283.63,648.0,7.5,3,2,6823.58,24,9.67,0,147.93,3166.85,Rent,0,3.7,Central,2374.63,0.7522,0.6386,1,No,1,1
CUST-004414,30,Male,Married,High School,Salaried,34954.87,375.3,649.0,5.9,1,2,17567.09,60,6.53,0,1190.39,5085.84,Mortgage,1,3.5,West,723.89,0.1288,0.6895,2,No,0,0
CUST-004415,27,Female,Single,,Self-employed,41765.15,288.06,781.0,6.7,6,1,14490.43,36,4.0,4,530.18,-1362.77,Own,1,2.4,East,1305.66,0.0828,0.7134,2,Yes,0,0
CUST-004416,46,Male,Married,Doctorate,Salaried,35067.38,570.71,715.0,25.8,5,1,32298.79,60,5.29,0,6408.11,3204.17,Rent,1,14.8,West,1306.4,0.1953,0.4801,1,Yes,0,0
CUST-004417,49,Male,Single,High School,Unemployed,25288.55,1251.43,671.0,25.5,1,1,15203.83,84,4.96,3,547.8,2914.36,Mortgage,0,1.5,Central,554.15,0.5938,0.3293,0,No,0,0
CUST-004418,66,Male,Married,Bachelor,Contract,15714.06,464.24,700.0,46.4,2,1,11882.75,60,2.5,1,290.54,692.33,Rent,1,20.4,North,570.82,0.3545,0.2026,0,No,0,0
CUST-004419,68,Female,Married,Doctorate,Salaried,48572.93,1808.99,683.0,48.5,3,2,58978.03,36,8.09,3,2813.32,-610.77,Rent,0,3.2,West,2139.82,0.4469,0.4945,2,No,1,1
CUST-004420,47,Female,Married,High School,Self-employed,36367.45,883.26,640.0,24.8,2,0,11882.3,60,9.21,1,4303.07,,Mortgage,1,15.0,North,837.48,0.2914,0.5612,0,No,0,0
CUST-004421,53,Male,Married,Bachelor,Contract,127322.55,2395.8,710.0,32.5,4,0,7853.91,72,6.55,1,6271.65,7368.94,Other,0,12.2,North,6797.87,0.2258,0.2763,1,No,0,0
CUST-004422,40,Male,Married,Doctorate,Self-employed,61867.8,832.93,718.0,10.6,5,0,24765.53,24,4.72,3,4903.8,3655.1,Own,1,10.4,North,2846.37,0.1616,0.1272,5,No,0,0
CUST-004423,48,Female,Married,Associate,Unemployed,17940.1,676.11,683.0,20.1,4,1,14956.09,60,6.68,1,61.9,1811.72,Rent,0,1.7,West,568.61,0.4522,0.4668,0,No,0,0
CUST-004424,41,Non-binary,Single,Bachelor,Contract,45279.92,986.84,713.0,19.4,8,1,4884.27,60,6.12,4,8720.76,4035.96,Rent,0,20.1,South,2157.4,0.2615,0.492,2,No,0,0
CUST-004425,53,Female,Married,Bachelor,Salaried,96529.35,2010.18,696.0,32.4,3,0,85118.74,36,5.16,2,9647.76,7430.75,Own,2,14.3,East,1543.79,0.2499,0.2265,1,No,0,0
CUST-004426,35,Male,Divorced,High School,Self-employed,73493.99,1459.52,749.0,15.4,5,1,22962.11,12,6.47,2,16186.79,4479.89,Mortgage,1,1.7,Central,3975.33,0.2383,0.268,0,No,0,0
CUST-004427,49,Female,Divorced,High School,Salaried,53182.35,3279.11,719.0,23.9,5,0,24742.52,24,5.79,2,6247.74,3318.34,Mortgage,1,,West,2571.88,0.7399,0.5505,3,No,0,0
CUST-004428,30,Male,Single,Bachelor,Salaried,54907.34,360.29,757.0,10.7,7,1,62451.57,36,3.89,1,2745.21,6324.77,Own,1,4.5,South,1750.98,0.0787,0.9266,2,No,0,0
CUST-004429,50,Male,Single,High School,Salaried,43520.99,1134.94,683.0,29.0,4,1,42003.83,84,8.2,2,7871.54,350.86,Mortgage,1,17.8,East,2689.57,0.3129,0.5806,2,No,0,0
CUST-004430,29,Male,Married,High School,Self-employed,36470.73,463.3,686.0,8.9,4,1,93401.27,36,7.08,0,,,Rent,2,3.3,South,1028.96,0.1524,0.4196,1,No,0,0
CUST-004431,36,Male,Single,Associate,Self-employed,66034.45,321.1,707.0,16.9,3,0,12833.81,60,4.5,1,25900.09,-505.48,Mortgage,0,4.9,Central,4344.0,0.0584,0.0775,1,No,0,0
CUST-004432,36,Female,Married,High School,Salaried,41179.21,1794.18,708.0,12.9,1,1,25061.04,48,5.05,2,0.0,6250.89,Rent,0,,Central,1198.27,0.5228,0.758,1,No,0,0
CUST-004433,40,Male,Widowed,Bachelor,Salaried,41731.68,1378.56,691.0,19.6,2,1,68641.13,60,5.95,2,4262.18,-702.36,Own,1,11.9,West,1396.58,0.3964,0.3084,3,No,0,0
CUST-004434,43,Female,Married,Associate,Salaried,50860.06,415.39,736.0,22.5,5,1,4391.13,24,2.99,0,9230.41,-2153.87,Mortgage,1,10.5,North,2708.77,0.098,0.6932,1,No,0,0
CUST-004435,35,Female,Married,High School,Salaried,81509.29,2236.74,719.0,15.8,4,1,2454.45,36,4.34,3,3990.55,393.49,Mortgage,1,2.4,West,2306.36,0.3293,0.4563,0,No,0,0
CUST-004436,47,Female,Single,Bachelor,Self-employed,91324.46,8060.51,678.0,19.1,3,0,45973.77,36,6.62,1,8397.15,-3500.0,Mortgage,0,5.2,North,3020.64,0.2312,0.3798,2,No,0,0
CUST-004437,18,Female,Married,Bachelor,Self-employed,73801.07,1867.92,816.0,0.0,4,0,41096.16,36,2.5,4,2105.28,4994.77,Rent,2,0.0,West,4450.89,0.3037,0.4718,0,Yes,0,0
CUST-004438,32,Female,Married,High School,Self-employed,12006.37,338.74,722.0,11.4,2,1,13162.81,60,7.51,1,249.65,268.85,Mortgage,2,6.0,South,1044.94,0.3386,0.392,0,No,0,0
CUST-004439,49,Male,Single,Associate,Salaried,63229.42,1342.39,786.0,29.4,4,0,28691.82,12,3.24,0,16340.76,,Rent,1,14.0,Central,755.04,0.2548,0.5057,1,No,0,0
CUST-004440,40,Male,Married,Doctorate,Retired,82568.95,5236.92,691.0,21.3,3,2,19051.64,36,9.89,0,7880.52,,Mortgage,3,7.4,West,3526.69,0.7611,0.8791,1,No,0,1
CUST-004441,30,Male,Married,High School,Salaried,36493.29,1495.94,719.0,9.3,3,0,23117.29,60,7.98,2,1977.41,4548.63,Rent,1,4.7,East,2254.02,0.4919,0.4398,2,No,0,0
CUST-004442,18,Male,Married,High School,Contract,22586.07,1196.11,718.0,0.0,2,1,13942.57,36,5.16,1,3632.52,-958.33,Rent,0,0.0,Central,1141.66,0.6355,0.4108,1,No,0,0
CUST-004443,44,Female,Married,High School,Self-employed,75091.72,1149.84,723.0,22.9,1,0,23699.11,12,5.11,0,5590.38,,Mortgage,1,17.6,West,4229.84,0.1837,0.531,1,No,0,0
CUST-004444,30,Female,Married,Doctorate,Salaried,91114.61,2219.71,732.0,5.6,6,1,21877.5,36,10.08,1,6020.64,-3484.99,Rent,1,3.2,South,4356.32,0.2923,0.0588,0,No,0,1
CUST-004445,29,Female,Married,Bachelor,Unemployed,29747.13,1120.88,643.0,9.1,1,2,15202.56,24,6.79,1,1946.09,1112.65,Rent,0,0.5,Central,1878.53,0.4522,0.461,1,Yes,0,0
CUST-004446,32,Male,Married,Bachelor,Salaried,126722.65,3668.72,703.0,11.3,4,0,22304.32,60,4.92,3,813.93,,Own,1,5.9,East,3406.32,0.3474,0.5209,2,No,0,0
CUST-004447,52,Female,Married,Bachelor,Salaried,37185.09,897.45,754.0,27.5,2,1,6963.41,60,4.11,2,6830.31,,Other,1,10.6,East,1990.79,0.2896,0.2147,2,No,0,0
CUST-004448,32,Male,Married,Master,Self-employed,64689.53,948.58,784.0,7.6,4,0,29402.26,60,2.5,3,67831.14,-3500.0,Mortgage,2,5.1,East,3901.35,0.176,0.3135,0,No,0,0
CUST-004449,57,Female,Married,Master,Contract,72215.7,2297.85,730.0,35.3,4,0,6901.03,36,4.47,2,13193.27,-3462.3,Rent,2,7.2,West,2065.18,0.3818,0.1997,2,No,0,0
CUST-004450,43,Male,Single,Master,Salaried,69267.02,879.54,686.0,22.3,1,1,9109.7,36,8.87,0,6229.98,6074.57,Rent,1,10.4,West,2397.7,0.1524,0.4063,2,No,0,0
CUST-004451,30,Female,Married,Bachelor,Contract,196895.79,7871.3,627.0,6.9,4,2,59224.69,48,8.44,2,28235.04,-3500.0,Rent,1,3.4,West,4774.84,0.4797,0.6248,2,No,0,1
CUST-004452,55,Female,Married,Master,Salaried,60140.48,2425.54,682.0,33.6,2,3,24174.49,60,2.5,0,3672.36,5555.01,Rent,2,11.1,North,1878.45,0.484,0.8118,2,No,0,1
CUST-004453,35,Male,Single,Master,Retired,56849.97,2278.82,730.0,14.4,6,1,12409.68,60,2.89,0,,4414.56,Rent,0,,Central,2802.56,0.481,0.8504,2,Yes,0,0
CUST-004454,39,Female,Single,High School,Salaried,28350.25,319.0,749.0,17.3,3,0,57175.05,60,3.69,1,14375.08,1548.74,Mortgage,0,17.7,North,1066.16,0.135,0.402,2,No,0,0
CUST-004455,41,Male,Married,Bachelor,Contract,34415.0,688.16,688.0,21.3,5,1,12729.13,48,4.55,0,1462.44,1241.0,Rent,2,6.4,Central,1436.28,0.24,0.4661,0,No,0,0
CUST-004456,57,Female,Married,Associate,Self-employed,59077.72,2062.07,773.0,32.4,6,0,9363.19,48,8.21,1,7985.94,1539.61,Mortgage,2,18.5,South,891.88,0.4189,0.1505,1,Yes,0,0
CUST-004457,36,Male,Single,Associate,Salaried,54084.44,1258.36,661.0,17.5,2,3,19633.84,36,7.78,1,3244.66,1874.8,Own,0,5.5,West,929.17,0.2792,0.4166,2,No,1,0
CUST-004458,34,Female,Single,Associate,Unemployed,33272.47,485.73,719.0,15.4,2,0,20178.45,48,6.45,2,2275.58,-351.22,Own,0,0.6,South,1050.76,0.1752,0.2765,0,No,0,0
CUST-004459,26,Male,Married,Master,Retired,109672.27,3927.72,658.0,2.6,1,1,60127.22,36,8.44,3,12630.36,10516.72,Own,3,0.4,West,2414.56,0.4298,0.6432,0,No,0,0
CUST-004460,44,Male,Married,High School,Salaried,,947.38,660.0,25.2,1,1,13138.33,60,7.69,0,20572.99,-3500.0,Rent,2,13.4,Central,872.12,0.2266,0.6284,1,Yes,0,1
CUST-004461,33,Male,Divorced,Bachelor,Salaried,90072.09,1336.98,731.0,14.0,4,0,21092.45,60,2.83,2,44732.41,4927.13,Own,2,8.6,West,1883.34,0.1781,0.4214,0,No,0,0
CUST-004462,52,Female,Married,Bachelor,Salaried,47264.16,1817.98,699.0,24.8,3,0,24096.43,48,2.5,0,1052.41,3258.62,Rent,1,5.4,South,2325.32,0.4616,0.5046,1,No,0,0
CUST-004463,30,Female,Married,Bachelor,Retired,52377.86,3182.56,608.0,1.5,5,2,14978.5,60,7.31,2,1335.53,4360.37,Own,1,5.8,Central,3524.17,0.7291,0.6698,5,No,0,0
CUST-004464,47,Male,Single,High School,Self-employed,35046.56,1585.25,728.0,26.7,2,0,75539.85,48,5.44,3,7545.71,1677.54,Mortgage,1,7.9,East,1349.48,0.5428,0.6949,0,Yes,0,0
CUST-004465,39,Female,Divorced,Associate,Contract,46683.18,1572.43,611.0,15.5,0,1,17703.91,84,11.72,1,8257.75,2931.04,Mortgage,2,7.7,North,2196.38,0.4042,0.4564,1,No,1,0
CUST-004466,34,Male,Married,Master,Salaried,34174.21,1193.23,699.0,12.3,0,1,18297.48,72,8.79,1,1723.28,609.71,Rent,3,2.1,East,2325.12,0.419,0.4769,0,No,0,0
CUST-004467,42,Male,Married,High School,Salaried,56545.83,1256.66,663.0,19.8,2,2,11537.14,60,10.12,0,16284.72,2741.26,Own,0,17.8,Central,2238.68,0.2667,0.5157,2,No,1,1
CUST-004468,46,Female,Single,Bachelor,Salaried,19047.41,683.6,754.0,21.1,1,2,49804.76,60,4.74,2,0.0,269.41,Mortgage,0,7.2,North,674.59,0.4307,0.5881,0,No,0,0
CUST-004469,27,Female,Married,High School,Salaried,24839.17,770.77,692.0,6.9,4,2,13872.44,60,6.03,2,0.0,4577.19,Rent,0,4.6,South,1145.87,0.3724,0.4212,1,No,0,0
CUST-004470,33,Male,Single,Associate,Salaried,58297.5,603.0,659.0,9.3,3,1,35965.26,36,8.31,1,2316.61,-768.89,Rent,1,2.7,West,2188.36,0.1241,0.4996,2,No,0,0
CUST-004471,30,Male,Married,Bachelor,Salaried,75012.41,2654.47,735.0,11.4,4,0,13321.27,60,4.57,3,3771.53,3666.25,Own,0,3.5,East,2843.82,0.4246,0.5937,1,No,0,0
CUST-004472,58,Male,Married,Bachelor,Contract,50306.52,992.03,758.0,35.1,4,1,17072.06,36,2.5,1,1572.51,6070.59,Rent,1,9.0,North,2085.55,0.2366,0.3017,1,No,0,0
CUST-004473,39,Male,Married,Bachelor,Self-employed,83918.63,2199.4,728.0,18.2,5,0,31901.98,84,6.89,1,8200.36,7440.51,Rent,0,5.5,South,3444.19,0.3145,0.4656,1,Yes,0,0
CUST-004474,27,Female,Married,Master,Contract,58508.95,875.87,765.0,8.4,0,1,10282.6,84,6.14,0,1952.79,304.85,Rent,2,2.3,East,3947.88,0.1796,0.2064,1,Yes,0,0
CUST-004475,39,Male,Widowed,Master,Salaried,83259.73,4964.73,798.0,20.2,4,0,71178.2,36,4.85,2,2556.68,5216.99,Mortgage,3,1.7,South,3200.07,0.7156,0.3653,1,No,0,0
CUST-004476,48,Male,Widowed,Bachelor,Self-employed,60824.71,210.52,697.0,27.6,2,0,31680.75,60,6.72,0,2897.61,4216.3,Mortgage,0,26.1,West,3123.35,0.0415,0.6937,1,Yes,0,0
CUST-004477,45,Female,Single,Bachelor,Salaried,121976.44,3472.55,732.0,25.7,4,1,6465.42,36,2.8,1,68310.36,11852.39,Own,3,14.2,South,6634.09,0.3416,0.4293,1,No,0,1
CUST-004478,42,Female,Divorced,Bachelor,Unemployed,13277.01,640.76,649.0,21.4,4,1,5385.25,36,8.73,3,3190.22,1316.12,Mortgage,1,0.8,North,677.32,0.5791,0.1698,1,Yes,0,0
CUST-004479,31,Female,Single,Associate,Retired,25609.26,711.32,697.0,11.0,4,0,47464.83,36,6.12,3,359.45,-554.79,Rent,0,6.4,East,1431.75,0.3333,0.1795,5,No,0,0
CUST-004480,50,Female,Married,Bachelor,Self-employed,99096.64,1075.4,703.0,27.9,0,0,21003.14,36,7.06,3,25298.84,2427.21,Mortgage,1,19.2,North,2768.81,0.1302,0.3366,1,No,0,0
CUST-004481,49,Male,Single,High School,Salaried,47285.3,1932.65,739.0,26.4,2,0,29996.01,48,6.31,2,4439.23,6627.41,Own,0,13.1,Central,1770.51,0.4905,0.3334,3,No,0,0
CUST-004482,33,Female,Married,Doctorate,Self-employed,48323.08,905.65,765.0,5.9,3,0,24606.71,12,5.81,3,17291.54,3807.44,Own,2,1.5,East,1002.43,0.2249,0.2719,0,No,0,0
CUST-004483,39,Female,Single,Master,Self-employed,78937.67,4146.1,589.0,18.5,3,2,14066.8,24,10.74,3,5022.18,11854.98,Own,0,,South,4767.37,0.6303,0.7834,1,No,1,1
CUST-004484,22,Male,Married,High School,Salaried,22447.15,364.7,704.0,0.0,3,1,9786.65,36,7.24,2,4878.69,-157.59,Rent,1,1.7,North,1794.01,0.195,0.5732,2,No,0,0
CUST-004485,23,Female,Single,High School,Salaried,69781.47,1923.91,795.0,4.0,3,0,30935.16,24,2.5,1,3552.28,1232.27,Mortgage,1,1.2,Central,1036.68,0.3308,0.2335,1,No,0,0
CUST-004486,32,Male,Married,High School,Salaried,,1839.02,755.0,12.8,4,0,16128.95,24,2.5,4,3573.12,-3259.91,Mortgage,2,10.4,West,1707.56,0.4031,0.4964,0,No,0,0
CUST-004487,40,Non-binary,Divorced,Bachelor,Self-employed,91754.4,2119.87,668.0,19.2,3,0,18825.77,60,4.13,2,,3755.19,Rent,0,10.6,South,3725.08,0.2772,0.6886,0,No,0,1
CUST-004488,43,Female,Single,High School,Salaried,25323.38,305.48,729.0,21.7,4,0,4458.64,48,4.54,2,996.04,1799.06,Mortgage,0,15.0,East,1083.93,0.1448,0.6798,1,Yes,0,0
CUST-004489,40,Female,Married,Bachelor,Salaried,98568.58,1714.99,658.0,18.7,2,0,15305.98,36,6.21,2,9049.71,4347.71,Rent,2,4.2,South,810.66,0.2088,0.0482,2,No,0,0
CUST-004490,47,Male,Married,High School,Salaried,78993.71,2478.23,695.0,28.5,5,2,32963.53,60,5.23,2,1383.07,1588.14,Mortgage,2,8.5,South,3414.18,0.3765,0.5862,0,No,0,0
CUST-004491,50,Female,Single,Doctorate,Salaried,183829.21,7179.88,768.0,20.2,5,0,5911.06,48,4.07,2,12008.48,23099.32,Mortgage,1,19.5,Central,7074.04,0.4687,0.5399,2,No,0,0
CUST-004492,37,Female,Single,Associate,Contract,26886.43,1452.03,696.0,13.7,2,0,15560.16,12,5.26,1,1566.47,2973.53,Rent,0,5.5,West,773.74,0.6481,0.2039,1,No,0,1
CUST-004493,31,Female,Married,High School,Salaried,47935.12,415.45,709.0,10.5,4,0,10011.87,24,8.11,0,13859.82,-2584.98,Own,0,3.8,North,1915.51,0.104,0.4899,0,No,0,0
CUST-004494,50,Male,Married,Doctorate,Salaried,90823.22,2738.8,772.0,24.8,5,1,29191.23,36,3.18,3,7498.32,8392.64,Mortgage,3,15.4,East,2106.8,0.3619,0.7946,0,No,0,0
CUST-004495,49,Male,Single,High School,Self-employed,78340.98,1889.68,,29.6,4,2,6877.97,24,4.32,2,9475.69,8590.14,Rent,1,22.8,North,2851.84,0.2895,0.7037,1,No,0,0
CUST-004496,37,Female,Single,Bachelor,Contract,83578.52,217.7,755.0,10.9,2,0,4962.6,24,7.89,1,9935.44,3415.24,Mortgage,1,3.0,South,4182.97,0.0313,0.3958,0,No,0,0
CUST-004497,43,Female,Married,Doctorate,Salaried,84522.63,2916.34,721.0,20.6,1,1,9291.83,60,5.03,0,3187.37,1248.43,Mortgage,1,11.9,North,3659.11,0.414,0.3688,1,No,0,0
CUST-004498,46,Female,Married,Master,Self-employed,88689.75,2663.74,742.0,23.4,1,1,30039.67,12,5.87,2,28066.69,6194.13,Rent,0,23.5,East,4387.59,0.3604,0.3517,2,No,0,0
CUST-004499,23,Male,Married,Associate,Salaried,36905.81,1194.59,749.0,0.0,2,1,10497.1,60,2.5,2,1117.1,960.04,Own,1,1.0,Central,2004.11,0.3884,0.9149,0,No,0,0
CUST-004500,35,Male,Married,Associate,Salaried,60990.62,449.42,774.0,11.1,3,1,6554.4,60,3.94,0,2416.9,875.19,Rent,1,2.4,North,2861.43,0.0884,0.1462,1,Yes,0,0
CUST-004501,29,Female,Single,Master,Unemployed,9443.5,401.06,704.0,9.7,3,1,12878.3,36,4.68,4,1419.66,603.15,Rent,0,1.0,West,350.0,0.5096,0.3042,2,No,0,0
CUST-004502,45,Male,Single,Associate,Salaried,58810.05,1553.47,679.0,22.8,6,0,26832.45,60,5.95,1,2302.51,3107.87,Rent,1,9.5,South,3042.76,0.317,0.4635,3,No,0,0
CUST-004503,49,Female,Single,Bachelor,Unemployed,14810.34,322.31,663.0,28.8,3,0,15825.19,48,7.85,1,949.3,857.3,Rent,0,2.9,East,692.71,0.2611,0.5138,2,No,1,1
CUST-004504,43,Female,Divorced,Bachelor,Contract,45928.0,919.83,703.0,21.1,4,1,47212.93,60,7.12,0,2453.5,-1083.9,Rent,1,5.1,North,2290.0,0.2403,0.6783,2,No,0,0
CUST-004505,40,Male,Married,Master,Salaried,59660.29,656.16,679.0,17.7,5,0,22328.99,36,7.04,2,14122.93,5934.58,Rent,2,5.5,North,3556.13,0.132,0.1736,0,No,0,0
CUST-004506,39,Male,Married,Master,Salaried,107298.59,3719.58,694.0,18.5,1,0,19229.18,60,4.07,2,12342.73,746.78,Rent,0,9.7,North,3694.25,0.416,0.7831,2,Yes,0,0
CUST-004507,25,Male,Married,Bachelor,Salaried,44072.33,486.7,697.0,4.0,4,0,9650.1,36,6.47,4,5670.06,2030.97,Rent,2,5.3,West,2382.13,0.1325,0.5368,2,Yes,0,0
CUST-004508,50,Male,Single,Bachelor,Salaried,105470.31,1215.44,683.0,21.8,2,2,9066.44,48,3.94,3,4801.29,7296.13,Mortgage,1,1.5,West,5163.43,0.1383,,1,No,0,0
CUST-004509,48,Female,Single,Bachelor,Salaried,49367.54,736.03,689.0,24.5,3,1,19174.51,60,6.61,1,2929.53,4519.38,Rent,0,18.9,South,1476.84,0.1789,0.3112,0,No,0,0
CUST-004510,35,Male,Divorced,Master,Retired,53014.52,1192.56,622.0,13.1,5,3,32271.87,36,11.18,2,1020.76,2814.15,Mortgage,0,1.0,West,1615.88,0.2699,0.806,2,No,0,0
CUST-004511,45,Male,Single,High School,Contract,40865.61,2113.24,748.0,25.2,3,0,7942.14,24,3.21,3,4233.5,2174.3,Own,3,16.2,West,2393.61,0.6205,0.4534,1,Yes,0,0
CUST-004512,69,Female,Married,High School,Self-employed,54592.95,1396.73,719.0,49.5,4,1,15537.15,72,5.44,1,3136.43,-1134.76,Own,2,7.7,West,3378.51,0.307,0.2642,0,No,0,0
CUST-004513,61,Female,Married,Bachelor,Salaried,28352.93,1055.62,721.0,40.2,1,1,45199.16,12,4.7,3,7113.36,2313.85,Rent,2,23.0,East,937.09,0.4468,0.7076,1,No,0,1
CUST-004514,42,Male,Married,High School,Salaried,51508.21,1440.08,712.0,19.9,3,0,13440.5,24,4.58,2,4452.01,3508.34,Mortgage,2,11.3,West,2435.97,0.3355,0.0664,1,No,0,0
CUST-004515,46,Male,Divorced,Master,Salaried,80017.93,3107.98,706.0,25.8,6,1,111024.25,72,4.06,4,585.48,-2581.31,Rent,2,0.9,Central,3521.98,0.4661,0.5542,2,Yes,0,0
CUST-004516,36,Female,Single,High School,Self-employed,94026.42,2999.2,,14.7,5,1,41788.97,36,3.2,3,11722.12,,Rent,2,2.0,Central,6211.25,0.3828,0.9259,1,No,0,0
CUST-004517,62,Female,Married,Bachelor,Salaried,45394.49,1619.23,716.0,41.1,5,0,22731.66,36,7.52,2,13559.84,-75.37,Rent,0,11.8,East,1924.07,0.428,0.5268,0,No,0,1
CUST-004518,22,Male,Married,Bachelor,Unemployed,46759.75,1193.73,738.0,0.0,5,0,12722.85,36,3.53,3,8683.14,8859.17,Own,2,0.2,Central,2082.75,0.3063,0.7083,1,No,0,0
CUST-004519,58,Male,Widowed,Bachelor,Salaried,46238.42,1562.81,693.0,38.2,4,0,12770.36,48,6.71,2,8707.57,1646.33,Rent,0,13.6,North,1690.25,0.4056,0.1512,2,No,0,0
CUST-004520,37,Male,Married,Associate,Salaried,114220.93,5223.16,750.0,15.7,3,0,25190.44,48,7.59,1,23324.9,10236.55,Rent,3,6.8,East,3668.27,0.5487,0.5296,1,No,0,0
CUST-004521,73,Female,Married,Master,Self-employed,55253.5,2366.41,678.0,50.0,2,1,49236.75,24,7.03,3,51062.79,9834.9,Mortgage,0,28.0,West,2452.13,0.5139,0.4069,2,No,0,0
CUST-004522,53,Male,Single,Master,,71462.65,1226.97,779.0,31.2,2,0,10408.56,72,4.43,0,5669.94,3895.69,Rent,0,13.5,East,2677.4,0.206,0.7296,0,No,0,0
CUST-004523,46,Female,Married,Bachelor,Salaried,51835.16,761.9,698.0,25.7,3,2,19093.55,48,3.1,2,12013.19,3398.12,Rent,1,8.7,East,1935.48,0.1764,0.6391,0,No,0,0
CUST-004524,23,Male,Divorced,Associate,Self-employed,30316.45,318.33,594.0,1.6,0,3,13601.41,60,13.33,0,160.56,-1678.22,Rent,0,1.5,South,892.6,0.126,0.411,1,No,1,1
CUST-004525,41,Male,Single,Bachelor,Salaried,65350.77,1814.63,741.0,18.9,4,0,9950.18,24,3.25,1,5436.06,8539.49,Mortgage,0,10.0,Central,2498.85,0.3332,0.1462,2,No,0,0
CUST-004526,32,Male,Married,Associate,Salaried,85359.64,2659.81,677.0,11.4,1,4,20014.16,24,7.62,1,18524.3,4545.31,Rent,1,6.2,South,4883.24,0.3739,0.5509,0,No,0,0
CUST-004527,43,Female,Married,Associate,Salaried,69235.33,1255.75,705.0,22.7,3,2,8327.74,48,5.75,4,9732.01,1062.32,Rent,2,18.8,Central,5416.34,0.2176,0.7302,4,No,0,0
CUST-004528,29,Male,Single,Master,Salaried,120594.18,6183.93,738.0,6.8,3,0,22044.0,24,6.22,1,19127.7,1381.6,Mortgage,0,3.1,West,1388.77,0.6153,0.6879,1,No,0,0
CUST-004529,38,Female,Married,Master,Contract,57099.2,2335.19,757.0,16.1,3,1,47516.63,24,7.36,1,8871.14,-1888.73,Rent,3,10.3,South,4493.04,0.4908,0.6148,0,No,0,0
CUST-004530,28,Male,Single,High School,Contract,50091.07,853.63,752.0,5.6,6,1,50962.78,60,6.72,3,7689.42,2384.76,Mortgage,0,4.0,East,1466.82,0.2045,0.5454,1,No,0,0
CUST-004531,55,Female,Single,Doctorate,Self-employed,55825.91,1541.84,689.0,36.5,2,0,40533.71,24,8.44,5,15540.21,1172.25,Rent,1,14.4,South,2086.63,0.3314,0.2162,1,No,0,0
CUST-004532,37,Female,Married,Bachelor,Self-employed,37492.59,906.74,680.0,14.5,3,0,13833.85,36,7.73,1,3412.99,872.91,Other,0,11.7,North,1761.96,0.2902,0.3847,0,No,0,1
CUST-004533,52,Female,Married,Bachelor,Self-employed,74077.49,1898.16,728.0,30.2,1,0,26125.6,24,9.34,2,11024.25,9630.87,Rent,2,18.6,Central,3578.96,0.3075,0.4515,1,No,0,0
CUST-004534,21,Female,Divorced,Bachelor,Salaried,72322.96,353.8,750.0,0.5,3,1,11790.15,36,2.5,0,3532.5,3194.18,Own,0,1.5,North,1495.26,0.0587,0.1571,1,No,0,0
CUST-004535,50,Female,Divorced,High School,Salaried,33742.81,748.42,667.0,28.5,4,1,13844.18,24,6.21,0,1283.33,4409.61,Rent,0,10.8,South,1509.94,0.2662,0.7064,1,No,0,0
CUST-004536,51,Male,Single,Master,Contract,64037.61,736.18,653.0,22.2,4,1,36038.93,72,5.77,1,3039.03,-2522.42,Rent,0,10.1,West,4394.9,0.138,0.289,2,No,0,1
CUST-004537,18,Male,Divorced,High School,Salaried,63005.12,3271.88,751.0,0.0,4,0,22898.4,36,2.5,5,3602.41,-222.63,Rent,0,0.0,North,2514.42,0.6232,0.6276,1,Yes,0,0
CUST-004538,47,Male,Single,High School,Salaried,29132.08,832.41,670.0,27.8,2,0,7837.25,36,6.59,1,3465.67,2472.57,Rent,1,10.2,East,1246.96,0.3429,0.1195,2,No,0,0
CUST-004539,30,Female,Married,High School,Self-employed,74062.6,1658.35,722.0,6.8,3,1,34283.58,36,5.94,0,42602.71,10200.2,Mortgage,0,,North,1607.33,0.2687,0.4203,1,No,0,0
CUST-004540,39,Male,Married,High School,Retired,11679.09,741.14,747.0,18.0,5,0,30162.16,36,8.04,3,1306.65,-33.8,Rent,2,15.5,South,783.47,0.7615,0.4549,0,No,0,0
CUST-004541,45,Male,Single,High School,Salaried,57092.67,640.41,716.0,15.2,5,1,36194.58,48,6.2,0,3835.07,3933.59,Own,1,8.0,East,2800.47,0.1346,0.8094,2,No,0,0
CUST-004542,33,Female,Single,Bachelor,Salaried,63354.65,1988.51,619.0,9.7,1,3,37506.9,84,11.07,2,13683.96,,Rent,1,5.4,West,1245.34,0.3766,0.6722,2,Yes,1,1
CUST-004543,45,Female,Divorced,High School,Salaried,88839.44,1070.0,741.0,25.0,3,0,33029.33,48,2.5,2,3465.2,6329.5,Mortgage,0,,East,1620.0,0.1445,0.6733,0,No,0,1
CUST-004544,18,Female,Single,Bachelor,Salaried,95145.22,461.79,850.0,0.0,3,0,7546.9,36,2.5,1,42788.61,11830.65,Mortgage,0,0.0,West,2724.43,0.0582,0.6244,0,No,0,0
CUST-004545,27,Female,Single,Associate,Self-employed,116735.33,135.12,743.0,8.9,5,1,18020.17,24,6.33,0,41719.24,,Rent,0,3.1,West,4403.25,0.0139,0.6606,2,No,0,0
CUST-004546,48,Male,Single,Bachelor,Salaried,25060.29,191.39,727.0,25.1,4,1,8452.5,36,3.79,0,776.32,2144.57,Rent,0,9.0,West,962.8,0.0916,0.5099,1,No,0,0
CUST-004547,22,Male,Single,High School,Salaried,25888.26,742.76,711.0,1.8,6,0,10018.59,48,6.69,0,3621.71,1950.59,Own,1,0.6,South,1249.82,0.3443,0.6482,4,No,0,0
CUST-004548,43,Male,Single,Master,Salaried,78716.69,1858.17,686.0,21.7,3,2,43746.89,36,6.94,1,3939.08,5923.33,Rent,1,12.1,South,2810.53,0.2833,0.4204,0,No,0,0
CUST-004549,53,Male,Married,High School,Salaried,32722.66,576.99,701.0,33.6,1,1,18900.35,84,12.79,1,4940.0,725.7,Mortgage,0,17.0,North,1454.58,0.2116,0.1808,1,Yes,0,0
CUST-004550,27,Male,Married,Bachelor,Salaried,87566.03,3067.66,757.0,4.4,5,2,18967.81,60,3.37,1,5725.16,2342.17,,2,4.3,South,4923.46,0.4204,0.6433,1,No,0,1
CUST-004551,45,Female,Single,Bachelor,Salaried,37641.03,948.91,685.0,24.5,0,1,24511.12,60,5.27,2,1979.6,2495.93,Own,1,9.3,East,1875.8,0.3025,0.506,1,No,0,0
CUST-004552,39,Female,Single,Bachelor,Salaried,57747.61,843.1,681.0,16.5,1,1,39662.63,60,7.02,1,7172.63,1158.14,Rent,1,3.4,East,1098.31,0.1752,0.4735,0,No,0,0
CUST-004553,52,Female,Married,Associate,Self-employed,39467.97,902.69,714.0,30.7,3,0,43774.2,36,4.73,3,2761.83,4292.71,Mortgage,2,7.1,South,1304.07,0.2745,0.3956,0,Yes,0,0
CUST-004554,43,Female,Single,Associate,Self-employed,40975.69,1732.56,765.0,24.4,3,0,4447.37,36,4.14,1,13199.0,5600.84,Rent,0,11.7,South,1347.13,0.5074,0.4967,1,No,0,0
CUST-004555,34,Female,Married,Bachelor,Contract,29056.35,823.2,714.0,11.0,3,0,9549.03,36,5.99,2,3793.94,695.83,Mortgage,3,7.6,West,1079.23,0.34,0.1978,0,No,0,0
CUST-004556,24,Male,Single,Associate,Self-employed,64399.19,2009.57,739.0,3.4,3,1,25293.23,36,3.23,2,18220.46,4314.24,Rent,0,1.7,North,4428.51,0.3745,0.6274,1,No,0,0
CUST-004557,41,Male,Married,Bachelor,Unemployed,23445.54,469.67,695.0,21.9,5,3,7096.48,60,8.57,1,524.46,489.22,Mortgage,0,1.2,Central,507.04,0.2404,0.5355,1,Yes,0,0
CUST-004558,26,Male,Married,High School,Retired,47304.14,1400.42,772.0,4.7,5,1,42534.72,48,3.51,0,3990.3,-317.04,Mortgage,0,3.0,Central,1137.02,0.3553,0.5658,0,No,0,0
CUST-004559,45,Male,Married,High School,Self-employed,35631.42,1451.76,727.0,21.4,3,0,25304.39,60,3.49,5,2923.71,-324.5,Rent,0,1.2,Central,1696.02,0.4889,0.2531,1,No,0,0
CUST-004560,38,Female,Married,Master,Salaried,73594.37,411.15,765.0,17.6,0,0,69864.29,60,5.4,0,6776.99,4235.97,Own,0,0.3,North,2424.04,0.067,0.3049,3,No,0,0
CUST-004561,49,Non-binary,Widowed,High School,Salaried,72126.67,2688.92,678.0,25.3,3,2,18102.74,60,8.85,1,3275.49,4874.95,Rent,0,8.5,North,4594.39,0.4474,0.9732,1,No,0,1
CUST-004562,25,Male,Widowed,Master,Salaried,88361.86,1964.0,741.0,2.6,4,0,64323.26,48,4.32,3,23576.85,-3500.0,Own,0,4.8,East,2685.5,0.2667,0.3022,1,No,0,1
CUST-004563,36,Female,Single,Associate,Salaried,30835.14,707.52,736.0,16.1,7,1,9148.91,60,3.73,3,10243.35,-907.16,Own,1,1.7,Central,1403.81,0.2753,0.6687,2,No,0,0
CUST-004564,47,Male,Married,Master,Unemployed,35012.47,1414.08,717.0,26.3,4,0,18344.3,12,2.5,2,17033.47,1312.35,Mortgage,3,2.7,South,1095.4,0.4847,0.6346,0,No,0,0
CUST-004565,26,Female,Married,Bachelor,Unemployed,33264.35,1455.57,677.0,7.6,1,0,11976.64,24,5.84,0,3113.84,4223.01,Own,2,0.5,West,1735.87,0.5251,0.3887,0,No,0,0
CUST-004566,30,Female,Married,High School,Retired,25311.02,582.85,682.0,4.4,2,0,6705.2,36,5.9,1,9475.03,1883.62,Rent,1,2.6,Central,1896.26,0.2763,0.3108,1,No,0,0
CUST-004567,40,Male,Married,Bachelor,Salaried,36898.76,1785.23,762.0,20.2,5,0,8681.2,60,5.77,0,4092.48,-337.99,Mortgage,0,8.5,West,1675.02,0.5806,0.1998,0,No,0,0
CUST-004568,42,Male,Married,High School,Salaried,49707.54,1808.98,767.0,14.4,3,0,8971.45,48,8.69,1,2567.09,-447.57,Mortgage,5,14.0,East,1456.25,0.4367,0.4959,1,No,0,0
CUST-004569,56,Female,Single,Bachelor,Salaried,64656.19,1353.24,716.0,33.1,5,0,22153.83,60,5.9,3,8950.36,3273.48,Rent,0,20.9,North,3649.43,0.2512,0.4663,0,No,0,0
CUST-004570,50,Female,Single,Master,Salaried,92651.02,1927.0,666.0,28.3,2,3,11948.22,60,12.18,1,20775.57,13507.45,Mortgage,1,21.0,South,1553.06,0.2496,0.7356,2,No,1,0
CUST-004571,28,Male,Married,Associate,Salaried,32832.33,1248.85,724.0,9.2,3,0,5462.36,36,7.47,2,1895.3,2988.04,Own,1,4.0,South,2279.53,0.4564,0.5428,0,No,0,0
CUST-004572,35,Female,Married,Bachelor,Salaried,64693.35,896.29,700.0,11.6,3,0,27362.58,60,6.56,3,8636.61,7482.55,Rent,1,9.9,South,2515.02,0.1663,0.47,1,No,0,0
CUST-004573,33,Female,Divorced,Associate,Salaried,58366.9,501.7,,12.1,1,1,16039.25,36,4.22,2,8970.86,3168.17,Mortgage,0,9.5,West,1732.36,0.1031,0.7928,1,No,0,0
CUST-004574,50,Male,Single,High School,Salaried,82065.61,2286.19,800.0,26.5,2,0,27138.83,60,4.56,1,8547.29,3113.01,Mortgage,2,8.8,Central,4360.39,0.3343,0.597,3,No,0,0
CUST-004575,32,Male,Married,Bachelor,,41134.89,1427.79,719.0,8.8,3,0,22358.41,60,5.39,3,738.06,1535.28,Mortgage,0,5.7,West,1238.43,0.4165,0.4563,2,No,0,0
CUST-004576,61,Female,Married,Master,Salaried,107196.05,1734.56,675.0,41.0,3,0,52707.23,36,9.56,0,8580.55,9596.34,Mortgage,2,19.8,East,6682.28,0.1942,0.5967,2,No,0,0
CUST-004577,34,Non-binary,Married,Bachelor,Salaried,23956.5,376.2,589.0,14.1,2,4,39419.92,60,12.0,1,0.0,4253.88,Rent,3,1.6,West,1513.26,0.1884,0.6388,3,No,1,0
CUST-004578,37,Male,Divorced,Master,Contract,,3288.22,604.0,13.7,0,2,15114.51,48,12.77,2,20946.74,3478.57,Rent,0,6.4,West,5823.6,0.3648,0.8331,4,No,0,1
CUST-004579,48,Female,Divorced,Master,Contract,57357.44,3020.78,749.0,29.4,4,0,24220.04,36,2.5,3,12114.89,,Mortgage,1,8.4,South,1469.01,0.632,0.5389,0,No,0,0
CUST-004580,44,Male,Married,Master,Salaried,93611.75,3933.27,773.0,23.3,1,1,25593.02,36,2.5,0,70038.54,14965.36,Rent,3,3.9,East,3223.5,0.5042,0.5342,1,No,0,0
CUST-004581,34,Male,Single,Master,Self-employed,133327.58,2461.91,699.0,9.5,2,2,58422.58,60,6.18,4,22314.29,-3500.0,Rent,0,9.2,Central,3431.31,0.2216,0.3969,3,No,0,0
CUST-004582,55,Female,Divorced,Bachelor,Self-employed,56325.21,219.69,643.0,33.2,3,2,7837.79,60,9.48,0,14437.66,9060.2,Rent,1,22.6,Central,3514.08,0.0468,0.2306,1,No,1,0
CUST-004583,44,Female,Single,Bachelor,Contract,30123.82,333.99,683.0,21.8,6,1,5590.14,36,3.93,2,11897.77,2147.25,,0,18.6,South,1652.98,0.133,0.1338,2,No,0,0
CUST-004584,49,Female,Married,Master,Self-employed,161853.39,1663.39,675.0,30.1,5,1,17713.09,60,6.06,0,9985.89,,Mortgage,1,25.1,East,7855.99,0.1233,0.1881,0,Yes,0,0
CUST-004585,43,Female,Married,Bachelor,Self-employed,85587.77,3285.92,678.0,23.6,3,0,6298.45,48,3.8,1,9350.13,2885.78,Rent,2,6.5,North,4500.93,0.4607,0.2399,2,No,0,0
CUST-004586,31,Male,Single,High School,Salaried,113925.14,2624.92,648.0,7.2,0,0,25922.15,60,2.5,0,16567.91,-2359.83,Mortgage,0,4.1,West,3048.89,0.2765,0.5054,1,No,0,0
CUST-004587,41,Female,Married,Master,Retired,36830.25,1494.41,661.0,18.1,5,3,134093.88,36,6.61,2,3449.8,1922.31,Mortgage,1,15.2,Central,1896.1,0.4869,0.372,2,No,0,1
CUST-004588,43,Female,Divorced,High School,Salaried,31874.04,506.85,742.0,21.5,3,0,31993.98,36,3.11,0,461.16,1951.8,Mortgage,0,2.8,East,1953.75,0.1908,0.6034,0,Yes,0,0
CUST-004589,42,Male,Single,Associate,Salaried,16739.1,273.4,693.0,17.6,3,0,30109.53,36,8.29,0,1685.02,454.79,Mortgage,0,12.2,South,666.59,0.196,0.2929,1,No,0,0
CUST-004590,36,Female,Married,Bachelor,Salaried,70185.03,989.0,695.0,12.7,5,0,21821.9,60,5.52,1,10151.58,6061.76,Rent,2,8.3,Central,3116.2,0.1691,0.649,0,Yes,0,0
CUST-004591,39,Female,Married,Bachelor,Salaried,107865.16,2936.37,663.0,17.9,1,1,6875.35,36,8.3,2,10560.05,5441.43,Rent,1,17.3,East,5831.38,0.3267,0.6641,2,No,0,0
CUST-004592,56,Male,Single,High School,Salaried,26778.02,1115.95,713.0,35.4,1,1,11161.79,60,8.36,4,,308.23,,0,16.7,West,770.05,0.5001,0.8523,1,No,0,0
CUST-004593,29,Male,Married,Bachelor,Unemployed,,236.74,713.0,1.1,5,1,27519.03,24,8.0,1,326.79,477.43,Rent,1,0.3,West,882.4,0.1695,0.2962,1,No,0,0
CUST-004594,42,Non-binary,Married,Bachelor,Salaried,61777.88,2076.31,699.0,15.0,2,1,25542.6,60,2.5,1,21010.31,5059.13,Rent,1,10.5,East,3297.8,0.4033,0.2478,2,No,0,0
CUST-004595,48,Male,Married,Associate,Salaried,62804.61,544.02,733.0,19.9,3,0,162165.57,24,4.33,2,11351.11,7206.32,Mortgage,1,15.0,South,3452.58,0.1039,0.7042,3,No,0,0
CUST-004596,54,Male,Divorced,Bachelor,Salaried,145605.99,3643.75,737.0,31.3,5,1,11883.51,36,3.94,3,6490.17,1811.84,Mortgage,0,4.5,West,7292.29,0.3003,0.6067,1,Yes,0,0
CUST-004597,51,Male,Married,High School,Unemployed,7000.0,132.05,762.0,28.0,5,1,22988.42,36,5.99,0,0.0,450.5,Mortgage,3,2.3,West,615.18,0.2264,0.646,2,No,0,0
CUST-004598,40,Male,Divorced,Associate,Salaried,31354.79,1182.97,735.0,18.7,3,0,33214.24,60,4.6,0,10221.79,1226.01,Mortgage,1,7.8,South,1573.88,0.4527,0.2635,2,No,0,0
CUST-004599,42,Female,Divorced,Doctorate,Salaried,143012.85,1625.51,733.0,17.7,4,0,37985.04,60,3.36,2,22486.94,14973.78,Rent,1,13.7,South,3937.84,0.1364,0.407,2,No,0,0
CUST-004600,21,Male,Single,Doctorate,Unemployed,25853.38,325.12,714.0,1.3,2,1,14760.26,48,5.41,1,5027.31,1199.25,Mortgage,1,0.3,East,1557.75,0.1509,0.5655,2,No,0,0
CUST-004601,32,Male,Single,Associate,Retired,83526.28,1339.17,691.0,9.9,1,0,10292.3,72,6.18,1,10119.46,5817.62,Mortgage,0,6.2,South,1928.49,0.1924,0.4662,0,Yes,0,0
CUST-004602,61,Male,Married,High School,Salaried,50086.68,2663.31,675.0,37.9,2,0,67253.94,12,9.46,3,8229.2,4458.59,Rent,1,6.5,South,1783.27,0.6381,0.6105,2,Yes,0,0
CUST-004603,52,Male,Married,Bachelor,Retired,51899.91,851.43,665.0,30.9,0,2,15711.94,36,9.5,1,11953.79,620.48,Rent,2,9.9,North,2574.19,0.1969,0.617,1,No,1,0
CUST-004604,42,Male,Married,Associate,Self-employed,42302.92,606.83,700.0,19.8,2,2,6563.89,60,9.57,2,0.0,4587.58,Mortgage,1,4.5,South,1576.26,0.1721,0.7923,3,No,0,1
CUST-004605,31,Male,Married,High School,Salaried,25625.07,1002.93,663.0,8.0,2,1,11258.12,60,9.35,0,8240.61,221.05,Rent,0,2.5,West,610.79,0.4697,0.9141,1,No,0,1
CUST-004606,48,Female,Divorced,Master,Self-employed,76558.41,3166.08,651.0,25.1,3,2,32521.45,36,11.2,2,6068.8,4366.52,Mortgage,0,13.1,East,3005.62,0.4963,0.7425,0,No,0,0
CUST-004607,32,Male,Single,Associate,Contract,72525.91,1498.79,669.0,10.9,5,2,7912.97,12,2.5,2,8827.16,-1889.23,Rent,0,10.9,South,4797.83,0.248,0.5576,0,No,0,0
CUST-004608,43,Female,Married,Bachelor,Unemployed,7000.0,103.78,606.0,20.6,1,3,10228.19,36,10.14,0,0.0,952.6,Own,1,0.5,South,363.86,0.1779,0.7955,0,No,0,1
CUST-004609,25,Male,Married,Doctorate,Salaried,92168.99,1290.57,693.0,0.3,5,0,59347.31,24,8.83,1,43288.86,6331.39,Rent,1,5.2,Central,5748.39,0.168,0.5834,0,No,0,0
CUST-004610,48,Female,Married,High School,Salaried,57184.15,496.96,728.0,22.3,6,1,42241.13,60,5.84,0,32162.22,2993.56,Mortgage,0,12.4,West,2264.68,0.1043,0.8257,0,No,0,0
CUST-004611,43,Male,Divorced,Master,Salaried,19959.8,622.44,696.0,21.8,6,1,31621.86,84,11.49,3,936.57,-1065.59,Rent,0,2.3,East,545.78,0.3742,0.5722,0,No,0,1
CUST-004612,55,Female,Married,Bachelor,Retired,68352.81,1068.21,723.0,25.5,1,0,38588.16,24,7.18,0,1269.8,7792.82,Mortgage,2,8.4,South,3799.04,0.1875,0.6902,0,Yes,0,0
CUST-004613,63,Female,Married,Bachelor,Contract,39747.83,274.9,616.0,43.2,1,2,29156.71,24,7.07,1,6384.24,-1132.07,Rent,1,25.2,South,1340.05,0.083,0.197,1,Yes,0,1
CUST-004614,29,Male,Single,Master,Retired,35281.66,1087.79,788.0,8.7,3,1,15748.67,24,8.36,2,8063.79,1397.63,Rent,1,4.4,East,605.64,0.37,0.5643,3,No,0,1
CUST-004615,35,Male,Married,Bachelor,Unemployed,14703.89,406.62,706.0,15.9,5,2,6094.46,48,3.33,0,1806.59,1173.82,Mortgage,1,0.7,South,997.77,0.3318,0.7144,2,No,0,0
CUST-004616,31,Male,Married,Bachelor,Self-employed,107836.11,2175.01,743.0,10.5,3,1,36612.84,60,6.49,2,26267.2,9361.24,Mortgage,2,1.8,Central,2497.5,0.242,0.5629,4,No,0,0
CUST-004617,63,Female,Married,Master,Salaried,38573.13,2020.06,639.0,38.3,1,2,5001.3,36,8.4,2,5035.14,1805.58,Rent,2,5.3,West,828.03,0.6284,0.2848,0,No,0,0
CUST-004618,54,Non-binary,Married,Bachelor,Contract,131367.82,2590.94,744.0,34.4,1,0,15006.65,60,3.4,1,16346.72,3142.88,Rent,0,12.4,East,4821.7,0.2367,0.4385,0,No,0,0
CUST-004619,72,Female,Single,High School,Contract,35668.13,212.86,720.0,50.0,1,2,18265.64,60,5.41,1,1570.0,-1034.49,Rent,0,41.9,South,774.21,0.0716,0.3164,1,Yes,0,0
CUST-004620,45,Female,Married,Bachelor,Self-employed,67048.62,2791.24,667.0,21.9,4,0,8156.71,36,8.34,0,10813.75,8818.81,Rent,1,23.6,West,1637.87,0.4996,0.5765,0,No,0,1
CUST-004621,41,Male,Married,High School,Salaried,39784.78,1626.48,663.0,21.7,1,1,39991.04,84,8.02,0,1874.81,5619.8,Rent,0,10.0,Central,1356.92,0.4906,0.907,0,No,0,0
CUST-004622,45,Male,Single,Master,Salaried,57146.1,2158.8,714.0,21.9,2,1,52470.25,24,5.25,4,7525.49,2797.56,Own,1,23.1,North,1874.39,0.4533,0.6302,1,No,0,0
CUST-004623,21,Male,Single,High School,Salaried,51522.4,2076.27,752.0,0.0,2,2,42652.21,48,6.84,5,16354.77,6900.6,Own,1,0.4,North,1053.04,0.4836,0.3544,0,No,0,1
CUST-004624,60,Female,Married,Bachelor,Unemployed,47164.64,1920.82,648.0,34.7,6,2,12900.58,36,12.56,1,624.84,732.5,Rent,1,1.4,East,1890.74,0.4887,0.6059,0,No,1,0
CUST-004625,47,Male,Widowed,Bachelor,Retired,91830.59,1444.65,737.0,23.9,1,0,11822.29,36,3.33,1,3879.2,8276.01,Mortgage,1,6.0,Central,4969.78,0.1888,0.4438,1,Yes,0,0
CUST-004626,18,Female,Married,Bachelor,Salaried,53233.27,1140.88,615.0,0.0,1,0,22756.88,60,10.97,0,618.67,-1231.07,Rent,1,0.0,East,3281.56,0.2572,0.1418,1,No,0,0
CUST-004627,18,Non-binary,Married,Master,Salaried,108232.93,2262.61,707.0,0.0,4,1,6533.28,48,5.86,1,2598.02,-3500.0,Mortgage,0,0.0,South,3225.42,0.2509,0.5058,2,No,0,0
CUST-004628,71,Female,Married,Bachelor,Salaried,105245.58,1502.43,735.0,47.1,1,1,18583.86,36,2.5,2,8884.78,2737.84,Mortgage,1,18.5,West,6026.21,0.1713,0.6559,0,No,0,0
CUST-004629,30,Male,Single,Bachelor,Contract,25250.37,435.2,668.0,11.4,1,2,32803.16,48,8.81,1,281.37,1648.05,Rent,1,4.4,South,1498.44,0.2068,0.0999,2,Yes,0,0
CUST-004630,54,Male,Married,High School,Self-employed,83769.9,709.06,689.0,31.3,4,0,25691.15,36,4.28,1,32519.1,-3500.0,Rent,0,8.6,North,4406.24,0.1016,0.3671,0,No,0,0
CUST-004631,26,Male,Single,Bachelor,Salaried,269110.0,4910.64,740.0,5.3,2,0,10828.59,36,5.35,1,80860.33,38853.39,Own,0,4.2,North,12715.37,0.219,0.3957,0,Yes,0,0
CUST-004632,53,Female,Divorced,High School,Salaried,56341.32,1374.68,601.0,33.4,3,2,13686.62,24,16.01,2,543.86,1568.39,Rent,2,8.8,Central,1654.77,0.2928,0.2291,1,No,1,1
CUST-004633,48,Male,Divorced,Bachelor,Salaried,41505.01,714.61,683.0,28.0,1,0,30911.98,72,5.35,1,974.33,7385.9,Mortgage,0,8.9,South,712.27,0.2066,0.3166,1,No,0,0
CUST-004634,29,Female,Single,Bachelor,Contract,54259.98,1175.77,696.0,9.3,2,2,31996.04,24,7.38,2,7296.53,2906.12,Rent,0,4.1,North,3659.61,0.26,0.7358,2,Yes,0,0
CUST-004635,30,Male,Divorced,Bachelor,Salaried,77046.93,3278.87,686.0,4.1,3,0,4701.25,60,7.05,1,15704.85,9244.35,Rent,2,2.5,North,4814.17,0.5107,0.1446,0,No,0,0
CUST-004636,30,Male,Married,Associate,Self-employed,30210.18,758.94,689.0,9.9,4,1,28783.82,12,3.55,1,2041.36,2862.75,Rent,2,6.7,North,1106.04,0.3015,0.551,3,No,0,0
CUST-004637,30,Male,Married,Bachelor,,66735.33,1589.43,780.0,5.5,3,1,3284.16,48,6.86,1,10498.95,-2255.97,Mortgage,0,5.5,North,2273.48,0.2858,0.4256,1,Yes,0,0
CUST-004638,49,Female,Single,Associate,Salaried,57206.97,1629.97,639.0,28.5,3,1,8941.96,60,8.95,1,747.94,-3188.49,Mortgage,0,26.8,East,2671.3,0.3419,0.198,0,No,0,0
CUST-004639,47,Female,Married,Bachelor,Retired,24588.28,1296.26,664.0,28.0,5,0,37669.18,36,5.64,3,3467.85,928.54,Own,1,14.9,East,789.37,0.6326,0.5136,0,No,0,0
CUST-004640,54,Female,Married,Bachelor,Salaried,35019.18,1315.64,807.0,35.0,1,0,14645.21,24,4.38,6,18333.52,-581.25,Rent,1,5.3,East,815.05,0.4508,0.231,0,No,0,0
CUST-004641,26,Female,Single,Associate,Self-employed,64426.57,604.59,751.0,0.0,1,0,9253.32,48,2.5,1,7556.12,6227.03,Own,0,2.4,East,3968.53,0.1126,0.2223,1,No,0,0
CUST-004642,46,Male,Widowed,Master,Salaried,124012.41,3665.34,685.0,21.6,1,0,42704.23,36,4.49,3,7986.16,14794.13,Own,0,13.3,Central,6002.9,0.3547,,4,No,0,0
CUST-004643,44,Female,Married,Bachelor,Retired,61888.07,1622.72,676.0,15.8,0,1,9331.57,12,5.37,2,7979.16,-1806.22,Rent,2,22.6,East,2092.8,0.3146,0.2319,2,No,0,1
CUST-004644,52,Female,Single,Bachelor,Self-employed,45273.79,635.21,743.0,32.8,2,1,11222.42,84,5.19,0,4543.6,3690.35,Rent,0,6.5,North,1814.82,0.1684,0.3363,2,Yes,0,0
CUST-004645,57,Male,Married,High School,Salaried,28565.51,266.63,673.0,34.0,5,2,12912.82,60,8.03,1,405.74,2848.98,Rent,2,15.3,East,894.04,0.112,0.7056,3,No,1,0
CUST-004646,38,Male,Married,Bachelor,Salaried,49128.15,1086.53,701.0,15.4,1,2,28420.92,60,7.78,4,9279.03,2073.19,Rent,0,15.5,Central,2308.63,0.2654,0.4518,3,No,0,0
CUST-004647,50,Female,Single,High School,Salaried,56339.17,1425.12,744.0,28.4,3,0,15345.54,48,6.43,0,3759.28,-3470.38,Mortgage,0,14.1,South,2208.1,0.3035,0.5253,1,No,0,0
CUST-004648,40,Male,Single,Bachelor,Salaried,90453.68,1244.86,778.0,15.8,3,0,29215.62,24,6.0,3,4690.69,172.65,Own,0,13.4,South,3370.82,0.1651,0.2409,1,No,0,0
CUST-004649,48,Female,Single,Bachelor,Salaried,46980.57,878.42,733.0,27.7,3,1,20230.98,36,2.5,4,35914.19,2314.45,Rent,0,9.1,South,1302.46,0.2244,0.5412,4,No,0,0
CUST-004650,59,Male,Married,High School,Salaried,18715.4,764.0,738.0,34.2,2,0,33568.13,60,5.16,1,1057.49,-675.08,Mortgage,0,25.7,South,652.93,0.4899,0.3929,1,No,0,0
CUST-004651,21,Female,Single,Associate,Salaried,63225.68,908.61,673.0,0.0,3,2,14580.88,60,11.3,1,9210.35,221.83,Own,1,1.6,North,4334.08,0.1725,0.3203,0,No,0,1
CUST-004652,18,Male,Single,Associate,Self-employed,68160.04,810.1,708.0,0.0,5,0,10215.5,60,5.01,2,1206.95,6794.56,Rent,0,0.0,West,3521.6,0.1426,0.0863,1,No,0,0
CUST-004653,28,Male,Single,Master,Salaried,48848.44,858.48,716.0,8.7,0,0,30512.51,60,6.37,0,2152.0,1449.58,Mortgage,1,2.7,Central,1301.35,0.2109,0.2755,2,No,0,0
CUST-004654,46,Female,Married,High School,Unemployed,13966.91,605.7,655.0,24.9,6,1,28743.58,36,8.41,1,163.11,225.5,Own,0,2.8,North,562.23,0.5204,0.3113,0,No,0,1
CUST-004655,42,Female,Divorced,High School,Retired,30099.74,1550.17,724.0,21.8,5,1,29233.26,48,2.5,1,13531.25,2819.18,Rent,3,1.6,South,2155.43,0.618,0.4933,1,No,0,1
CUST-004656,33,Female,Single,High School,Self-employed,66546.11,1534.69,661.0,12.3,0,1,26407.88,48,4.91,2,3415.65,2665.46,Other,1,8.1,South,2774.27,0.2767,0.6048,0,Yes,0,0
CUST-004657,52,Male,Married,Associate,Salaried,,465.01,624.0,33.2,3,2,13105.51,60,9.63,0,5062.65,534.02,Rent,0,14.0,West,562.97,0.3085,0.5207,0,No,0,1
CUST-004658,35,Female,Married,High School,Salaried,151491.92,4902.03,735.0,9.4,2,0,30100.12,36,5.88,0,9110.48,-1316.98,Rent,3,9.9,West,8169.25,0.3883,0.3702,1,Yes,0,0
CUST-004659,19,Male,Married,Associate,Salaried,34033.81,827.32,699.0,0.0,3,1,19077.63,36,9.92,3,15796.89,1478.27,Mortgage,4,0.3,Central,1257.38,0.2917,0.1257,0,No,0,0
CUST-004660,44,Female,Married,Bachelor,Self-employed,41244.14,2041.08,724.0,21.9,0,0,15118.58,36,2.5,0,11929.79,-484.76,Rent,1,16.6,Central,953.61,0.5939,0.2273,2,No,0,0
CUST-004661,38,Female,Married,Master,Self-employed,64630.66,2994.51,672.0,18.2,6,1,12007.46,36,8.06,3,6599.97,4924.87,Own,2,5.4,North,2125.46,0.556,0.0805,0,Yes,0,0
CUST-004662,44,Female,Married,Master,Contract,30543.8,285.1,676.0,18.3,1,0,65020.06,24,9.82,0,2124.17,5736.29,Rent,0,4.7,Central,688.56,0.112,0.6844,0,No,0,0
CUST-004663,18,Female,Married,Bachelor,Salaried,38809.87,1677.68,719.0,0.0,5,1,17419.35,36,5.64,3,4778.33,1226.18,Mortgage,0,0.0,West,839.09,0.5187,0.9711,0,No,0,0
CUST-004664,38,Female,Married,Bachelor,Salaried,56818.03,1318.57,636.0,12.0,5,1,12982.05,24,12.39,1,22611.06,2664.71,Own,0,11.8,East,2202.88,0.2785,0.4094,3,No,1,0
CUST-004665,60,Male,Married,High School,Retired,57391.61,1120.08,733.0,36.5,5,1,16953.8,36,7.09,2,13081.0,1.27,Mortgage,0,18.5,North,2856.48,0.2342,0.6506,0,Yes,0,0
CUST-004666,39,Male,Single,Bachelor,Self-employed,135978.56,448.51,732.0,14.2,1,0,2706.92,84,5.61,1,4772.38,16599.14,Rent,0,5.3,North,4733.39,0.0396,0.5016,2,No,0,0
CUST-004667,41,Female,Married,Bachelor,Salaried,101392.94,1429.62,736.0,13.8,4,1,2193.42,12,3.81,1,8341.86,9968.63,Rent,2,5.9,Central,4762.73,0.1692,0.106,1,No,0,0
CUST-004668,56,Male,Married,Bachelor,Self-employed,45440.22,1032.52,738.0,35.5,5,0,105568.62,36,4.02,1,2843.59,-38.99,Mortgage,1,21.0,West,858.52,0.2727,0.4355,3,Yes,0,0
CUST-004669,31,Male,Married,Bachelor,Salaried,108938.96,5657.04,689.0,7.3,3,2,18165.35,36,6.22,1,13745.19,6748.3,Mortgage,1,11.1,South,3783.73,0.6231,0.2451,1,No,0,0
CUST-004670,40,Female,Married,Bachelor,Salaried,67705.93,788.03,740.0,19.6,4,1,14022.9,60,3.01,2,6482.34,-2438.7,Rent,1,5.0,Central,3347.69,0.1397,0.3922,0,No,0,0
CUST-004671,44,Male,Married,Associate,Contract,30167.42,774.13,728.0,25.1,3,0,27748.54,60,3.27,2,2679.51,1082.52,Own,2,9.3,West,1025.54,0.3079,0.5289,1,Yes,0,0
CUST-004672,51,Male,Single,Bachelor,Salaried,40589.0,440.32,709.0,28.7,4,2,13801.14,36,6.94,2,2440.06,2640.41,Own,0,0.4,South,2147.83,0.1302,0.6363,1,No,0,1
CUST-004673,37,Male,Married,Bachelor,Unemployed,29535.16,1193.75,642.0,17.3,2,2,17532.86,60,7.64,2,0.0,3405.68,Rent,1,1.3,East,1072.41,0.485,0.1814,2,No,0,0
CUST-004674,37,Female,Single,High School,Salaried,54325.6,1272.82,763.0,11.4,1,0,6764.99,60,5.54,0,5071.3,3821.77,Rent,0,9.5,East,3437.6,0.2812,0.5262,0,No,0,0
CUST-004675,50,Female,Single,Associate,Retired,15424.3,1373.78,647.0,30.7,3,1,16967.85,36,4.64,6,2071.42,537.29,Mortgage,0,27.2,West,350.0,1.0688,0.6551,4,No,1,1
CUST-004676,44,Male,Widowed,Bachelor,Retired,84613.59,1216.67,743.0,20.0,4,0,7363.19,36,3.24,2,,4742.4,Mortgage,0,6.4,West,3984.89,0.1726,0.3065,0,No,0,0
CUST-004677,55,Female,Widowed,Bachelor,Retired,20407.39,627.84,732.0,35.1,2,0,15705.83,36,4.59,1,1519.04,1074.38,Mortgage,3,21.5,West,1306.96,0.3692,0.4129,2,No,0,0
CUST-004678,43,Female,Divorced,High School,Retired,58005.29,1728.41,766.0,23.7,3,0,51265.77,60,2.66,1,6385.89,3095.86,Rent,1,2.1,East,3160.73,0.3576,0.4107,0,No,0,0
CUST-004679,44,Female,Married,Bachelor,Contract,53452.68,1061.66,760.0,19.3,6,1,16519.07,36,4.11,2,19761.87,10007.49,Mortgage,1,12.5,North,2598.33,0.2383,0.1644,1,No,0,0
CUST-004680,32,Female,Widowed,Associate,Salaried,37655.93,1713.69,688.0,6.6,1,1,24312.11,60,5.27,2,76854.03,-1326.04,Mortgage,0,2.6,East,2242.16,0.5461,0.3296,0,No,0,0
CUST-004681,45,Female,Married,High School,Contract,48290.04,506.39,729.0,26.8,3,1,48047.59,36,4.04,1,1725.44,2276.77,Rent,3,6.9,North,2689.55,0.1258,0.545,1,No,0,0
CUST-004682,61,Male,Married,Associate,Salaried,81604.6,392.39,763.0,34.9,4,1,41437.38,60,7.15,1,16325.48,612.05,Own,0,20.7,South,4126.91,0.0577,0.4734,3,Yes,0,0
CUST-004683,62,Female,Married,Doctorate,Retired,35553.18,800.33,712.0,37.9,2,0,9703.29,36,4.9,1,5956.64,27.63,Own,1,12.8,South,2050.5,0.2701,0.3143,1,No,0,0
CUST-004684,28,Male,Divorced,Bachelor,Contract,46970.56,1385.74,617.0,5.9,2,2,29077.04,72,9.43,2,1383.56,1884.04,Rent,1,8.7,South,2209.66,0.354,0.7129,2,No,1,1
CUST-004685,24,Female,Married,Bachelor,Salaried,35452.14,1290.0,606.0,0.0,2,1,39257.0,60,9.93,2,3788.92,-921.46,Mortgage,1,0.7,East,1452.13,0.4366,0.1973,0,Yes,0,1
CUST-004686,43,Female,Single,Associate,Contract,55688.9,735.75,779.0,23.0,4,0,24172.47,48,4.12,1,11721.48,1116.47,Rent,2,6.0,East,1494.52,0.1585,0.3164,2,No,0,0
CUST-004687,64,Male,Married,Bachelor,Salaried,56713.58,1108.9,732.0,44.8,2,0,15302.57,60,4.32,4,35520.65,40.61,Rent,3,13.7,West,2131.97,0.2346,0.6427,2,No,0,0
CUST-004688,58,Male,Single,Bachelor,Salaried,104341.07,5800.24,706.0,34.7,2,2,30798.5,36,6.34,0,4886.41,-3500.0,Rent,0,32.6,East,5332.65,0.6671,0.6307,0,No,0,0
CUST-004689,32,Male,Divorced,High School,Salaried,58976.54,362.98,771.0,12.6,2,0,15034.84,60,5.64,4,40015.89,5199.57,Mortgage,0,1.3,West,2481.06,0.0739,0.4842,1,No,0,0
CUST-004690,38,Non-binary,Married,High School,Self-employed,80525.43,4163.08,777.0,15.8,2,1,8175.65,48,5.81,2,33045.93,-3500.0,Mortgage,3,5.7,North,1998.48,0.6204,0.579,0,No,0,0
CUST-004691,27,Non-binary,Married,Master,,37124.57,151.84,725.0,5.3,4,1,11593.96,60,7.7,0,4613.63,1269.06,Mortgage,2,4.8,South,1950.52,0.0491,0.265,2,No,0,0
CUST-004692,42,Male,Married,Associate,Unemployed,16567.58,397.93,627.0,23.3,5,5,25356.36,60,9.2,1,0.0,1472.55,Mortgage,1,0.4,Central,555.03,0.2882,0.8472,1,No,1,1
CUST-004693,35,Female,Single,Associate,Contract,34288.04,384.52,648.0,14.9,3,1,3418.67,36,6.94,0,,-535.56,Mortgage,0,6.5,North,627.13,0.1346,0.2321,2,No,0,0
CUST-004694,45,Female,Married,Bachelor,Salaried,74037.74,2203.21,707.0,24.9,2,2,26409.45,84,4.89,0,10280.24,2450.35,Other,0,8.4,North,3448.49,0.3571,0.2634,0,Yes,0,0
CUST-004695,18,Female,Married,Master,Contract,56257.8,1725.78,787.0,0.0,4,0,14418.48,60,5.37,1,8354.62,5237.46,Mortgage,3,0.0,Central,3629.11,0.3681,0.2341,1,No,0,1
CUST-004696,34,Male,Married,Master,Salaried,80303.8,2444.81,738.0,11.9,5,0,40849.4,60,4.35,1,9120.53,-1011.91,Mortgage,0,6.9,East,3025.46,0.3653,0.1106,0,No,0,0
CUST-004697,24,Female,Widowed,Bachelor,Self-employed,43811.76,797.58,654.0,2.7,5,2,19326.64,84,7.92,2,7366.21,4919.11,Rent,1,3.1,East,1948.75,0.2185,0.4444,1,No,0,0
CUST-004698,39,Male,Married,Bachelor,Self-employed,46525.27,1082.58,747.0,15.6,3,0,23152.88,60,2.5,0,11802.1,-1547.86,Mortgage,1,8.7,South,1493.34,0.2792,0.5398,1,No,0,0
CUST-004699,41,Male,Married,Master,Contract,115493.87,2942.75,735.0,16.5,1,1,16516.54,48,5.52,1,15607.02,8458.53,Own,1,8.1,South,5078.41,0.3058,0.1721,0,No,0,0
CUST-004700,33,Female,Married,High School,Salaried,47698.36,1380.69,705.0,11.4,3,1,31067.71,60,2.5,0,10936.01,8740.94,Own,0,5.4,West,3052.37,0.3474,0.6014,2,No,0,0
CUST-004701,41,Male,Single,Bachelor,Salaried,72971.54,3433.27,776.0,18.0,2,0,60310.09,84,3.75,3,20923.06,840.31,Mortgage,0,8.5,North,1425.7,0.5646,0.6728,3,No,0,0
CUST-004702,18,Female,Married,High School,Self-employed,63065.35,1162.28,694.0,0.0,3,1,25998.12,24,10.48,1,6759.2,3597.3,Rent,1,0.0,South,3531.37,0.2212,0.1164,0,No,0,0
CUST-004703,41,Female,Single,High School,Retired,39000.87,1162.59,754.0,21.8,3,0,21258.92,60,5.06,1,458.91,3490.72,Mortgage,1,13.2,South,1372.05,0.3577,0.5926,0,No,0,0
CUST-004704,47,Male,Married,Bachelor,Contract,38868.75,778.93,690.0,27.9,4,1,22907.87,36,4.62,1,8071.57,2117.38,Rent,0,4.2,South,982.13,0.2405,0.8613,2,Yes,0,0
CUST-004705,51,Male,Single,Bachelor,Self-employed,68176.96,2742.03,733.0,27.0,4,0,23298.44,60,4.72,1,4066.02,11963.97,Rent,1,18.8,West,3195.85,0.4826,0.1177,0,No,0,0
CUST-004706,40,Female,Single,Master,Unemployed,57651.02,1383.12,499.0,20.4,1,5,60730.45,60,17.19,2,0.0,5392.58,Rent,0,2.2,South,2811.78,0.2879,0.6041,1,Yes,1,1
CUST-004707,36,Female,Married,High School,Salaried,31523.77,1165.54,564.0,15.9,3,2,7419.22,36,12.55,0,2961.83,-81.1,Mortgage,2,12.8,East,2022.87,0.4437,0.5697,0,Yes,1,1
CUST-004708,34,Male,Single,High School,Salaried,101601.98,680.99,791.0,14.6,4,0,23164.25,36,5.1,1,7294.14,-233.84,Own,1,5.3,North,4129.53,0.0804,0.1349,2,No,0,0
CUST-004709,51,Male,Married,High School,Self-employed,110753.27,3528.29,652.0,30.3,4,0,7639.76,36,4.75,0,18212.95,-1825.53,Mortgage,1,12.1,South,6369.52,0.3823,0.5443,1,No,0,0
CUST-004710,48,Male,Married,Doctorate,Self-employed,86912.43,3634.2,614.0,23.3,2,1,36548.54,60,11.33,3,12711.33,-3500.0,Rent,0,10.6,Central,2621.87,0.5018,0.2027,2,No,0,0
CUST-004711,31,Female,Married,Bachelor,Unemployed,17963.9,606.89,681.0,12.3,2,2,43584.13,48,11.78,2,311.36,510.67,Mortgage,1,1.1,East,852.93,0.4054,0.2702,2,No,0,1
CUST-004712,29,Female,Married,High School,Retired,44264.08,2047.19,697.0,8.8,5,1,42548.39,36,10.74,2,8885.09,-3460.31,Rent,1,7.5,East,633.4,0.555,0.6784,2,No,0,0
CUST-004713,45,Female,Married,,Retired,53398.38,2525.78,691.0,25.2,2,0,98818.6,72,6.65,2,2947.13,5359.09,Mortgage,3,2.9,South,2232.69,0.5676,0.6406,0,No,0,1
CUST-004714,22,Male,Married,Bachelor,Salaried,32196.87,444.88,598.0,0.0,2,1,21406.07,36,11.69,2,1979.67,1996.54,Rent,1,1.3,West,792.48,0.1658,0.4613,1,No,1,0
CUST-004715,48,Female,Married,High School,Salaried,21563.06,597.49,649.0,27.1,1,2,33645.63,36,8.88,1,10076.7,2508.44,Mortgage,1,11.7,East,938.21,0.3325,0.2391,2,No,0,0
CUST-004716,37,Male,Married,Master,Self-employed,76735.07,504.71,657.0,17.8,3,0,21574.15,60,4.77,1,8690.71,1841.96,Own,1,6.0,West,2876.39,0.0789,0.3337,0,No,0,0
CUST-004717,38,Female,Married,High School,Salaried,37070.27,1298.36,736.0,11.0,1,1,24052.89,48,5.89,1,3533.09,-2237.27,Rent,1,9.2,Central,766.04,0.4203,0.24,0,No,0,0
CUST-004718,48,Male,Married,High School,Salaried,118570.92,2225.5,679.0,24.7,2,2,6411.65,60,7.76,2,8898.66,5560.11,Mortgage,2,15.0,Central,7668.37,0.2252,0.4441,0,No,0,0
CUST-004719,52,Male,Married,High School,Salaried,74471.82,2558.1,786.0,31.3,4,0,47679.54,72,2.99,1,320.59,-650.19,Mortgage,2,19.0,South,3381.21,0.4122,0.5011,1,No,0,0
CUST-004720,43,Female,Single,Bachelor,Contract,34609.55,520.01,733.0,19.2,2,1,7900.05,60,3.71,0,338.14,3251.14,Own,1,9.8,North,1577.47,0.1803,0.516,1,No,0,0
CUST-004721,29,Male,Single,Bachelor,Self-employed,100237.88,1556.39,699.0,8.7,4,1,9421.54,60,6.95,2,19167.91,,Rent,0,2.5,North,2309.76,0.1863,0.5316,2,No,0,0
CUST-004722,34,Female,Divorced,Master,Unemployed,42459.1,876.0,658.0,14.4,4,2,12047.37,24,9.63,1,,2343.89,Rent,0,1.5,North,1223.01,0.2476,0.2881,3,Yes,0,0
CUST-004723,55,Female,Single,High School,Retired,47238.92,672.65,684.0,35.0,3,1,43360.07,72,6.44,2,,1805.07,Rent,0,9.4,West,2093.94,0.1709,0.5309,1,No,0,0
CUST-004724,50,Non-binary,Single,Associate,Salaried,146069.33,8358.66,785.0,25.7,1,0,31431.52,48,3.04,1,15974.15,13277.58,Rent,1,22.1,West,5577.14,0.6867,0.3567,2,No,0,0
CUST-004725,42,Male,Single,Bachelor,Contract,31367.16,1159.4,821.0,22.5,2,0,5957.82,48,2.5,0,3926.54,-832.08,Own,0,12.3,North,350.0,0.4435,0.2612,1,No,0,0
CUST-004726,31,Male,Single,High School,Contract,32109.07,350.82,696.0,9.7,3,1,25665.24,72,8.54,1,4897.37,2601.94,Mortgage,0,8.9,Central,1025.85,0.1311,0.5005,1,Yes,0,0
CUST-004727,37,Male,Single,Master,Unemployed,11660.07,281.6,566.0,17.0,2,4,8780.12,36,7.16,3,,326.27,Mortgage,1,0.5,Central,809.63,0.2898,1.0288,1,No,1,1
CUST-004728,52,Female,Married,Master,Salaried,155199.55,5399.4,771.0,32.4,3,0,49462.42,36,2.5,1,14115.23,17452.83,Mortgage,2,18.5,South,6278.16,0.4175,0.7883,0,Yes,0,0
CUST-004729,57,Non-binary,Married,High School,Retired,34597.91,2277.78,759.0,35.0,4,0,25288.37,84,6.9,4,2182.06,810.61,Mortgage,0,14.0,West,740.54,0.79,0.8977,0,No,0,0
CUST-004730,42,Male,Single,Bachelor,Salaried,42920.77,526.18,,18.1,0,1,7305.23,60,4.04,2,1149.5,4863.37,Rent,0,20.7,East,1944.69,0.1471,0.2357,4,No,0,0
CUST-004731,48,Male,Single,Bachelor,Self-employed,95321.06,638.82,671.0,21.6,4,2,35020.36,48,5.27,1,26976.49,3506.99,Mortgage,0,23.2,South,5188.28,0.0804,0.3755,2,Yes,0,0
CUST-004732,36,Female,Married,High School,,100204.5,2155.53,709.0,17.3,1,0,9050.44,36,5.24,0,,4800.32,Mortgage,1,6.3,North,3100.84,0.2581,0.8163,0,No,0,1
CUST-004733,29,Female,Married,High School,Salaried,46807.61,1012.71,650.0,7.2,1,2,16799.9,60,5.95,1,11890.91,5838.45,Rent,0,4.0,South,2740.03,0.2596,0.4142,1,No,0,0
CUST-004734,39,Male,Single,High School,Retired,20782.54,892.71,689.0,16.3,2,0,13490.4,60,5.05,0,611.87,1116.1,Own,2,9.3,South,1380.75,0.5155,0.543,1,Yes,0,0
CUST-004735,50,Female,Single,,Salaried,100498.44,2683.97,684.0,22.1,4,1,25903.34,36,7.78,3,13967.12,11247.08,Own,1,15.0,West,3501.39,0.3205,0.7533,2,Yes,0,0
CUST-004736,41,Male,Single,High School,Contract,15108.83,549.23,605.0,15.8,3,0,18385.22,60,9.04,1,666.12,97.38,Rent,1,13.3,East,981.64,0.4362,0.1337,0,No,0,0
CUST-004737,35,Male,Married,Associate,Self-employed,25218.21,1173.89,673.0,16.7,1,2,13398.97,60,9.02,1,1456.54,322.03,Mortgage,5,11.5,West,1680.27,0.5586,0.4822,1,No,0,0
CUST-004738,44,Male,Single,Bachelor,Contract,83440.96,460.67,683.0,22.0,1,1,56088.44,36,6.06,1,24580.06,9802.79,Rent,0,17.2,East,4134.7,0.0663,0.553,0,No,0,0
CUST-004739,19,Male,Married,Doctorate,Salaried,,5800.38,623.0,0.0,6,4,52823.97,60,8.13,2,15285.01,24214.37,Mortgage,1,0.3,North,3234.77,0.3577,0.6562,1,No,1,0
CUST-004740,24,Female,Single,Associate,Contract,78979.24,1624.92,705.0,5.5,2,1,6818.47,48,5.54,1,64807.57,4597.49,Rent,0,0.5,South,3288.4,0.2469,0.4073,0,No,0,0
CUST-004741,40,Female,Divorced,High School,Self-employed,26227.69,1079.68,701.0,20.9,2,1,30471.09,72,7.7,1,14840.45,1752.46,Mortgage,0,10.4,South,1183.78,0.494,0.4347,0,No,0,0
CUST-004742,57,Female,Married,Associate,Salaried,30388.87,564.66,623.0,35.7,3,1,8124.28,60,8.63,0,14184.11,1801.08,Mortgage,1,9.4,East,900.92,0.223,0.3623,0,No,0,0
CUST-004743,25,Female,Married,Bachelor,Contract,84294.26,2764.49,666.0,2.0,2,2,17090.09,36,7.83,1,1432.45,,Rent,1,1.6,Central,4061.35,0.3935,0.5686,0,No,0,1
CUST-004744,30,Male,Married,Associate,Salaried,21657.35,356.41,718.0,7.3,2,0,4405.52,60,8.32,1,3329.28,1121.45,Rent,2,4.6,South,1198.51,0.1975,0.7038,0,No,0,0
CUST-004745,41,Female,Single,,Salaried,36374.24,439.62,660.0,20.0,5,1,19969.59,36,9.65,3,1595.12,232.57,Rent,0,4.5,North,968.04,0.145,0.2798,0,No,0,0
CUST-004746,18,Male,Married,High School,Salaried,78205.59,1040.96,736.0,0.0,4,0,9031.21,36,5.33,0,6291.88,6726.15,Own,4,0.0,North,1908.69,0.1597,0.713,2,No,0,0
CUST-004747,45,Male,Single,Bachelor,Salaried,30469.35,1278.51,606.0,25.9,5,2,7052.9,48,12.71,2,7052.18,1704.43,Rent,0,4.2,West,1516.29,0.5035,0.672,0,No,1,1
CUST-004748,34,Male,Married,Master,Salaried,159936.23,2028.35,694.0,13.1,4,1,12136.34,48,2.67,2,76413.19,-2362.94,Rent,1,10.7,Central,4634.25,0.1522,0.4471,3,Yes,0,0
CUST-004749,47,Female,Single,High School,Salaried,42664.14,676.96,746.0,24.9,3,2,20193.96,60,2.5,1,3879.28,427.25,Mortgage,0,17.5,North,2085.78,0.1904,0.2282,0,Yes,0,0
CUST-004750,50,Male,Married,Bachelor,Salaried,88820.57,1197.61,689.0,25.5,0,1,45545.06,24,11.87,2,19895.37,4350.05,Own,1,2.1,West,4537.63,0.1618,0.3388,0,No,1,0
CUST-004751,40,Male,Married,Bachelor,Salaried,96219.0,1880.02,762.0,17.4,3,0,34747.42,60,4.28,1,6589.99,10121.4,Mortgage,2,5.8,Central,2782.43,0.2345,0.4726,0,No,0,0
CUST-004752,45,Female,Single,High School,Salaried,27772.95,837.21,703.0,25.9,0,0,27119.67,24,3.53,2,9906.6,1335.58,Own,0,23.5,West,619.32,0.3617,0.4515,2,No,0,0
CUST-004753,49,Male,Married,Associate,Salaried,31327.88,725.39,618.0,29.9,2,2,23689.14,24,6.98,1,3931.59,1458.38,Mortgage,1,9.4,South,997.56,0.2779,0.4603,0,Yes,0,1
CUST-004754,18,Female,Widowed,Doctorate,Salaried,73346.35,1598.56,666.0,0.0,2,0,13936.57,60,6.25,0,2470.46,-3500.0,Own,0,0.0,South,4514.35,0.2615,0.3731,2,Yes,0,0
CUST-004755,28,Male,Single,Bachelor,,65776.79,1464.09,748.0,5.7,0,0,6007.35,36,2.5,0,5719.44,5264.92,Mortgage,0,5.2,South,2445.91,0.2671,0.476,0,No,0,0
CUST-004756,46,Male,Married,High School,Retired,13758.75,326.28,684.0,25.6,2,2,13833.21,60,4.63,1,3696.62,-531.02,Mortgage,4,,West,847.77,0.2846,0.7651,0,Yes,0,0
CUST-004757,26,Female,Married,Doctorate,Salaried,90695.92,1704.48,740.0,0.0,4,0,18771.78,60,6.1,1,3887.82,3486.67,Rent,3,,Central,4160.69,0.2255,0.6354,1,No,0,0
CUST-004758,40,Male,Divorced,Master,Contract,49796.09,1266.03,754.0,20.8,3,0,14980.69,36,6.96,1,27292.07,3855.44,Own,1,12.9,Central,2244.29,0.3051,0.4553,0,No,0,0
CUST-004759,42,Female,Married,Associate,Unemployed,15191.63,680.06,723.0,13.6,5,2,38541.91,24,3.21,1,0.0,383.97,Own,1,1.2,North,604.26,0.5372,0.5859,1,No,0,1
CUST-004760,42,Male,Divorced,Master,Self-employed,181408.38,831.98,660.0,20.5,5,2,17756.58,36,9.96,1,380545.97,-504.77,Rent,1,13.5,South,4156.11,0.055,0.686,2,No,1,1
CUST-004761,42,Female,Married,Master,Self-employed,114399.43,2724.74,724.0,18.2,3,1,21278.69,36,3.37,0,2589.05,2624.58,Rent,4,1.1,South,5258.93,0.2858,0.2718,0,No,0,0
CUST-004762,51,Male,Divorced,Bachelor,Contract,34025.31,990.52,718.0,29.5,1,1,7532.95,60,5.13,0,176.42,542.38,Rent,0,11.0,South,1485.11,0.3493,0.5425,0,No,0,0
CUST-004763,35,Male,Single,Bachelor,Self-employed,38752.36,994.6,660.0,10.9,5,1,31456.8,48,2.58,3,936.15,1388.61,Own,1,4.3,North,2340.18,0.308,0.4948,1,No,0,0
CUST-004764,38,Male,Married,High School,Salaried,18475.15,406.3,726.0,18.9,1,0,44155.62,36,3.99,0,2994.75,799.55,Rent,4,4.0,West,1492.64,0.2639,0.404,0,No,0,0
CUST-004765,45,Female,Single,Bachelor,Salaried,72892.45,1121.56,789.0,19.9,1,0,10812.36,36,2.5,1,31431.76,1028.35,Rent,2,7.7,Central,3827.42,0.1846,0.5794,0,No,0,0
CUST-004766,54,Male,Married,Bachelor,Salaried,29595.28,1064.99,779.0,33.3,2,0,16318.92,60,2.97,1,2409.57,788.8,Own,2,10.8,North,1672.02,0.4318,0.0652,1,No,0,0
CUST-004767,24,Male,Single,Bachelor,Salaried,58309.52,1392.05,661.0,4.5,1,2,5826.47,48,6.8,0,28221.81,2593.85,Mortgage,0,1.8,Central,1107.53,0.2865,0.3195,1,Yes,0,1
CUST-004768,40,Male,Married,Bachelor,Salaried,25566.55,216.69,702.0,17.6,0,0,45777.32,12,6.01,0,3579.65,1071.69,Rent,0,10.8,South,667.77,0.1017,0.6893,1,Yes,0,0
CUST-004769,36,Female,Married,Bachelor,,75891.2,602.72,762.0,14.4,1,1,10809.65,60,3.95,2,6194.64,8741.38,Rent,3,14.3,South,2259.77,0.0953,0.7035,1,Yes,0,0
CUST-004770,36,Female,Single,Bachelor,Salaried,69370.39,2010.93,723.0,17.2,0,1,5313.14,60,5.32,2,8855.01,-3500.0,Rent,0,4.5,North,3032.44,0.3479,0.5878,1,No,0,1
CUST-004771,46,Female,Married,Bachelor,Salaried,69528.11,2067.01,637.0,26.1,1,1,47776.44,12,8.28,0,10466.51,10200.14,Mortgage,1,17.9,North,3300.13,0.3568,0.6681,3,No,0,0
CUST-004772,64,Female,Single,Bachelor,Self-employed,60281.17,2123.72,716.0,37.6,2,1,6699.32,24,5.61,2,19265.22,4638.9,Mortgage,1,17.4,Central,1571.45,0.4228,0.8648,1,Yes,0,0
CUST-004773,49,Female,Divorced,Bachelor,Unemployed,11124.43,244.01,727.0,27.4,3,0,23964.88,60,4.35,2,3331.0,-1086.42,Mortgage,0,0.6,East,350.0,0.2632,0.5263,0,No,0,0
CUST-004774,30,Male,Married,Bachelor,Unemployed,7261.89,549.97,720.0,9.6,3,0,119518.53,36,2.5,4,853.76,668.05,Rent,1,0.6,West,493.42,0.9088,0.3692,2,No,0,0
CUST-004775,46,Female,Married,Doctorate,Self-employed,110967.32,2742.7,724.0,24.5,5,0,23375.04,60,8.88,2,20531.1,7633.06,Rent,1,6.5,Central,3920.22,0.2966,0.762,0,No,0,0
CUST-004776,32,Male,Married,Bachelor,Salaried,49989.54,1786.31,722.0,5.2,1,1,39950.01,24,2.5,5,10581.62,5702.4,Rent,0,10.4,West,2783.62,0.4288,0.5797,2,No,0,0
CUST-004777,43,Female,Married,Master,Self-employed,91877.89,2337.13,697.0,23.2,5,0,5507.85,24,5.92,2,2907.88,701.91,Rent,1,5.6,West,2416.25,0.3052,0.3266,2,No,0,0
CUST-004778,40,Female,Divorced,Bachelor,Retired,49073.72,1740.15,721.0,17.2,1,1,22407.82,60,4.23,3,11415.38,4559.76,Own,1,13.2,East,2508.42,0.4255,0.3513,4,No,0,0
CUST-004779,53,Male,Single,Bachelor,Salaried,50377.36,977.21,711.0,31.3,1,2,10968.55,60,5.68,1,4708.19,752.29,Own,1,7.8,South,1700.87,0.2328,0.3948,2,No,0,0
CUST-004780,27,Female,Widowed,Master,Self-employed,36826.15,1519.42,746.0,4.0,5,0,14398.72,84,6.82,3,2981.62,594.27,Rent,1,4.3,East,1331.3,0.4951,0.1689,0,No,0,0
CUST-004781,57,Male,Married,High School,Contract,47638.86,1269.97,731.0,31.2,2,0,18529.68,36,6.4,2,21840.26,2273.47,Mortgage,0,20.9,East,2010.63,0.3199,0.5355,6,No,0,0
CUST-004782,57,Male,Married,Associate,Retired,21713.86,668.09,680.0,35.8,3,0,33917.28,36,7.41,2,4284.59,1442.88,Rent,0,,South,1027.02,0.3692,0.2426,2,No,0,0
CUST-004783,38,Male,Married,Bachelor,Unemployed,16943.14,696.98,575.0,19.2,2,2,22535.64,12,8.06,2,166.74,509.63,Mortgage,1,2.3,East,1193.93,0.4936,0.4825,2,No,0,1
CUST-004784,44,Female,Married,High School,Salaried,70274.24,1219.01,722.0,22.3,4,0,23700.3,60,8.94,1,4825.93,2085.79,Other,1,1.4,West,3389.41,0.2082,0.3961,1,No,0,1
CUST-004785,47,Male,Single,Bachelor,Self-employed,43810.28,805.14,605.0,24.0,1,2,20730.15,48,12.04,1,7883.61,-780.31,Mortgage,1,14.7,West,892.11,0.2205,0.2912,1,No,1,0
CUST-004786,30,Female,Widowed,High School,Retired,51948.33,1577.37,736.0,5.8,2,1,87037.37,36,5.0,0,1202.89,,Mortgage,1,2.5,Central,3043.88,0.3644,0.6843,3,Yes,0,0
CUST-004787,32,Male,Single,Bachelor,Salaried,108022.43,1156.53,732.0,9.0,3,2,49808.49,60,2.5,3,1304.09,1451.57,Own,2,3.9,South,6277.57,0.1285,0.3305,1,No,0,0
CUST-004788,50,Male,Married,High School,Self-employed,73680.3,1044.52,688.0,24.5,5,1,20050.98,24,7.7,1,6538.57,2485.02,Rent,0,11.1,West,2473.97,0.1701,0.5573,1,No,0,0
CUST-004789,69,Female,Single,Bachelor,Salaried,60436.46,3250.86,707.0,47.5,7,1,13486.11,12,6.7,4,12862.73,2659.27,Mortgage,0,28.9,North,2775.91,0.6455,0.3576,1,No,0,0
CUST-004790,39,Female,Married,Bachelor,Self-employed,57846.47,690.16,678.0,19.4,4,1,42452.8,60,7.79,0,25547.23,-951.91,Mortgage,0,,West,1918.08,0.1432,0.8516,1,Yes,0,1
CUST-004791,21,Female,Married,Bachelor,Salaried,86285.78,891.4,737.0,0.0,3,0,13913.46,60,7.05,0,4722.32,8908.61,Rent,0,0.8,North,4237.25,0.124,0.8561,0,No,0,0
CUST-004792,34,Female,Single,Bachelor,Contract,45432.59,2137.57,749.0,8.9,7,0,36907.89,60,7.1,1,1816.52,1372.87,Mortgage,2,8.5,North,1931.12,0.5646,0.4513,0,No,0,0
CUST-004793,50,Male,Single,Associate,Salaried,30377.69,152.67,655.0,27.0,1,2,9925.75,36,8.36,0,1423.29,3376.33,Rent,1,6.7,West,1074.39,0.0603,0.7009,2,No,0,0
CUST-004794,38,Male,Single,Associate,Salaried,55461.57,1593.18,800.0,15.2,4,0,11833.04,48,3.29,1,1647.91,-431.52,Mortgage,0,11.1,East,1614.73,0.3447,0.3932,0,No,0,0
CUST-004795,40,Male,Single,Bachelor,Salaried,114028.16,6066.38,735.0,20.3,1,0,56265.38,60,5.89,4,,11204.58,Rent,1,3.0,West,3059.21,0.6384,0.4971,2,No,0,0
CUST-004796,24,Male,Married,High School,Contract,30862.3,595.39,774.0,5.5,4,0,21160.47,36,2.5,0,2285.16,1966.85,Rent,1,1.9,West,2202.49,0.2315,0.7867,1,No,0,0
CUST-004797,47,Female,Married,Bachelor,Salaried,32372.57,287.85,787.0,23.9,5,1,7171.24,48,4.45,0,1863.39,1731.93,Rent,1,10.6,North,360.85,0.1067,0.4661,1,No,0,0
CUST-004798,54,Male,Married,Master,Salaried,80245.8,1649.16,699.0,31.8,4,1,23648.49,60,4.47,1,13815.63,9344.35,Mortgage,0,19.5,Central,4831.33,0.2466,0.6488,0,No,0,0
CUST-004799,39,Male,Single,Bachelor,Retired,26782.56,290.18,662.0,8.4,3,2,19151.5,60,6.09,0,123.59,-432.85,Own,2,17.2,West,1477.47,0.13,0.3715,0,Yes,0,1
CUST-004800,69,Male,Married,High School,Salaried,34976.1,990.64,743.0,47.8,2,0,20052.07,36,3.69,1,1615.21,1784.88,Mortgage,1,7.2,North,1929.62,0.3399,0.546,2,No,0,0
CUST-004801,44,Male,Married,Master,Salaried,58329.63,2140.37,765.0,23.8,4,0,58847.79,36,4.39,3,1687.65,3098.16,Own,1,2.0,East,2185.11,0.4403,0.5115,1,No,0,1
CUST-004802,44,Male,Married,Bachelor,Salaried,67655.3,1669.23,728.0,24.8,4,1,33301.21,48,3.95,2,22381.42,9101.54,Own,1,5.0,West,1093.23,0.2961,0.7563,0,Yes,0,0
CUST-004803,29,Male,Widowed,Master,Salaried,43831.8,1476.41,630.0,0.0,5,0,18960.97,36,6.69,0,8603.8,2587.77,Mortgage,0,5.7,East,2267.9,0.4042,0.5332,2,No,0,1
CUST-004804,26,Female,Single,Bachelor,Salaried,46427.77,663.32,691.0,6.0,2,0,36369.45,36,6.57,0,2935.05,-423.53,Own,0,4.8,South,1716.54,0.1714,0.2683,2,No,0,0
CUST-004805,60,Male,Single,Master,Salaried,32615.5,989.53,594.0,41.0,4,3,13537.07,24,9.43,1,2085.58,496.77,Rent,0,16.8,East,1701.92,0.3641,0.6367,3,No,1,0
CUST-004806,48,Male,Married,,Salaried,79102.54,4530.66,684.0,28.0,0,0,17301.32,60,4.72,3,12466.5,-3500.0,Own,1,9.8,West,3629.14,0.6873,0.6036,0,No,0,0
CUST-004807,48,Female,Married,Associate,Unemployed,14487.43,261.74,702.0,29.5,2,1,62170.28,60,5.44,1,3185.7,491.49,Own,0,1.7,North,563.94,0.2168,0.6497,4,No,0,0
CUST-004808,37,Female,Single,Bachelor,Salaried,37018.33,69.42,723.0,12.8,4,1,4441.15,48,4.47,0,1818.82,7192.7,Own,1,2.2,South,1593.99,0.0225,0.6631,1,No,0,0
CUST-004809,47,Female,Divorced,High School,Salaried,45824.02,828.09,699.0,27.2,6,3,7625.07,60,10.52,1,0.0,540.18,Mortgage,0,8.9,North,3308.07,0.2169,0.297,1,No,0,0
CUST-004810,35,Female,Married,,Retired,38503.23,485.49,683.0,10.3,1,1,29711.0,36,8.87,2,1706.82,-294.32,Mortgage,0,5.3,West,2851.91,0.1513,0.8056,3,No,0,1
CUST-004811,33,Female,Single,Master,Contract,91038.43,2472.09,712.0,13.2,3,1,17943.17,12,4.93,2,4843.97,-3500.0,Other,1,6.8,East,1268.86,0.3259,0.4325,2,No,0,1
CUST-004812,32,Female,Married,Master,Self-employed,89827.79,3275.31,736.0,10.2,2,1,20739.51,60,7.56,1,6997.57,7863.35,Own,1,3.6,North,4762.85,0.4375,0.4948,1,No,0,0
CUST-004813,41,Male,Married,High School,Contract,45806.78,784.33,685.0,20.6,2,1,23252.06,36,11.0,2,8861.87,-1309.27,Mortgage,2,2.5,Central,2782.92,0.2055,0.3403,2,No,0,0
CUST-004814,36,Female,Married,Bachelor,Salaried,75905.98,1238.17,710.0,4.4,1,2,14118.87,36,5.52,1,16550.15,3392.81,Mortgage,0,6.3,East,2714.17,0.1957,0.2512,0,Yes,0,1
CUST-004815,34,Female,Single,High School,Retired,49849.67,982.52,747.0,11.3,0,0,10716.72,36,4.18,2,11436.11,3365.46,Mortgage,0,4.1,West,1836.97,0.2365,0.6581,1,Yes,0,0
CUST-004816,44,Male,Married,High School,Salaried,22807.28,697.36,650.0,21.3,2,1,40173.6,36,7.53,1,1555.4,-1793.65,Mortgage,1,14.5,West,543.29,0.3669,0.6117,0,No,0,0
CUST-004817,34,Male,Divorced,Doctorate,Self-employed,37558.78,1602.36,673.0,9.8,2,1,10643.63,60,9.01,1,1474.27,2795.75,Own,0,5.9,North,1707.0,0.512,0.5589,3,No,0,0
CUST-004818,52,Male,Married,High School,Salaried,59469.13,514.66,704.0,30.5,2,1,16012.99,48,4.5,1,6990.65,5948.01,Rent,0,18.3,West,2992.17,0.1039,,1,No,0,0
CUST-004819,33,Male,Single,High School,Salaried,30103.39,401.33,744.0,12.7,5,0,25752.78,24,2.5,1,7984.85,704.49,Mortgage,0,4.2,Central,2031.64,0.16,0.3634,0,No,0,0
CUST-004820,32,Female,Married,Associate,Unemployed,9937.47,147.54,726.0,2.9,3,0,22993.46,60,2.88,0,,610.25,Rent,2,0.2,South,787.86,0.1782,0.2257,0,No,0,1
CUST-004821,61,Female,Married,Associate,Self-employed,88572.91,2386.32,712.0,40.6,2,0,21754.13,36,7.74,1,4501.57,3396.23,Rent,2,14.2,Central,1561.08,0.3233,0.3142,3,No,0,1
CUST-004822,25,Male,Married,Master,Unemployed,27026.01,932.71,630.0,3.5,4,2,22095.88,12,7.27,0,7102.53,685.39,Rent,0,0.2,Central,1761.66,0.4141,0.3941,0,Yes,0,0
CUST-004823,18,Male,Single,Master,Unemployed,24937.38,702.03,736.0,0.0,3,2,56648.71,36,2.5,1,14812.3,2393.77,Mortgage,1,0.0,East,1005.97,0.3378,0.4303,0,No,0,0
CUST-004824,50,Female,Single,Bachelor,Salaried,23553.79,574.87,726.0,28.8,2,1,28638.38,36,4.76,3,926.39,1947.23,Mortgage,0,11.3,Central,350.0,0.2929,0.4192,2,No,0,0
CUST-004825,37,Female,Single,Bachelor,Retired,26723.24,1012.95,714.0,15.4,3,0,103858.89,60,5.62,2,241.3,1989.34,Rent,1,7.4,South,483.22,0.4549,0.385,1,No,0,0
CUST-004826,48,Female,Single,Bachelor,Contract,124991.26,5969.05,759.0,27.8,2,1,15264.92,24,2.5,1,4062.17,5206.72,Mortgage,0,14.0,North,7769.85,0.5731,0.7483,0,Yes,0,0
CUST-004827,40,Female,Single,Bachelor,Salaried,49963.46,522.52,712.0,16.5,3,0,8650.06,60,4.24,0,1223.58,1647.79,Rent,0,12.2,East,2115.34,0.1255,0.6026,0,No,0,0
CUST-004828,60,Female,Widowed,High School,Salaried,86928.62,428.29,713.0,35.4,2,0,36842.97,24,6.93,1,3499.94,5144.96,Other,3,11.1,East,4109.98,0.0591,0.2211,0,No,0,0
CUST-004829,32,Male,Married,Associate,Salaried,41105.35,971.79,,8.3,2,0,43364.96,60,8.77,1,21600.48,4536.25,Own,0,1.8,Central,1833.04,0.2837,0.6399,0,No,0,0
CUST-004830,27,Male,Single,Master,Contract,65216.18,543.12,722.0,1.6,2,0,9749.23,24,4.07,0,1640.81,2174.03,Rent,0,5.1,Central,4306.73,0.0999,0.3816,1,Yes,0,0
CUST-004831,34,Male,Divorced,High School,Contract,18742.26,408.48,709.0,12.6,3,0,13183.87,24,4.16,0,3032.41,-449.72,Own,0,3.1,South,955.78,0.2615,0.4555,0,No,0,0
CUST-004832,31,Male,Married,Bachelor,Self-employed,86754.52,4522.61,688.0,10.8,1,1,50472.05,84,2.84,0,35339.96,-2527.52,Own,1,6.4,East,3197.31,0.6256,0.7041,2,No,0,1
CUST-004833,27,Male,Married,Bachelor,Self-employed,79134.52,4404.64,706.0,1.8,2,0,20512.61,24,9.06,1,1523.36,-414.39,Mortgage,1,3.9,South,3385.35,0.6679,0.4918,1,No,0,0
CUST-004834,55,Male,Divorced,Master,Retired,120756.78,2692.09,739.0,22.6,0,0,18589.49,36,4.95,2,50085.75,-2295.4,Rent,0,5.7,North,2944.36,0.2675,0.2867,4,Yes,0,0
CUST-004835,39,Male,Married,Associate,Contract,33523.13,740.53,831.0,15.1,1,1,10002.5,36,3.24,2,,3556.87,Mortgage,0,6.8,North,1622.64,0.2651,0.1916,1,No,0,0
CUST-004836,55,Female,Married,Doctorate,Salaried,68097.58,254.86,717.0,34.2,6,0,29842.63,84,6.28,0,9279.42,2095.81,Own,0,7.8,East,1399.01,0.0449,0.385,3,Yes,0,0
CUST-004837,50,Female,Married,Master,Unemployed,17040.5,316.95,687.0,26.9,4,0,9230.01,24,5.14,1,2219.91,-907.43,Rent,0,2.1,East,469.08,0.2232,0.4875,0,No,0,0
CUST-004838,33,Female,Widowed,Bachelor,Salaried,101787.46,752.8,764.0,11.0,6,0,6553.53,60,2.5,0,5301.51,7615.83,Mortgage,1,3.0,South,3493.49,0.0888,0.1655,0,No,0,0
CUST-004839,60,Male,Married,Associate,Salaried,43391.82,1230.36,787.0,39.9,4,1,42841.49,60,4.25,1,5196.26,1608.47,Mortgage,1,20.5,East,900.56,0.3403,0.6599,0,No,0,0
CUST-004840,41,Male,Single,Associate,Salaried,63305.71,1099.63,648.0,20.1,2,0,6637.3,60,9.23,1,2055.58,7281.33,Mortgage,0,6.6,North,1116.96,0.2084,0.1702,2,No,0,0
CUST-004841,33,Male,Divorced,High School,Salaried,26547.46,711.55,658.0,9.9,1,1,7631.01,60,7.58,0,467.44,-941.57,Rent,0,1.5,South,1275.13,0.3216,0.766,1,Yes,0,1
CUST-004842,54,Female,Widowed,High School,Unemployed,13651.71,421.51,730.0,33.0,1,0,6958.49,36,2.5,1,12487.02,354.0,Rent,0,0.7,North,438.41,0.3705,0.726,0,No,0,0
CUST-004843,40,Female,Married,High School,Unemployed,7000.0,285.88,759.0,19.7,6,0,12819.21,24,7.14,0,687.43,446.41,Own,0,0.3,Central,404.44,0.4901,0.5519,1,No,0,0
CUST-004844,27,Female,Divorced,High School,Salaried,21424.95,930.33,776.0,8.1,8,0,19589.36,60,3.04,6,2789.36,2570.16,Rent,0,3.5,South,750.82,0.5211,0.4168,1,No,0,0
CUST-004845,50,Female,Married,Associate,Self-employed,65118.21,919.39,748.0,27.9,4,0,27042.49,84,7.06,3,14288.12,2749.8,Mortgage,2,8.4,Central,1629.23,0.1694,0.2765,2,No,0,0
CUST-004846,66,Female,Married,Bachelor,Salaried,374398.5,2581.82,722.0,45.3,5,0,11639.88,60,6.74,3,1590.41,9757.34,Rent,0,13.4,West,4034.59,0.4234,0.395,2,No,0,0
CUST-004847,42,Female,Single,High School,Self-employed,146933.25,3333.14,725.0,18.4,2,1,12717.38,60,5.7,3,11759.45,1446.16,Rent,0,8.7,West,8718.92,0.2722,0.2339,1,No,0,0
CUST-004848,51,Female,Married,High School,Salaried,81117.89,1207.57,749.0,28.1,3,0,11949.02,60,2.71,0,10371.32,9735.68,Mortgage,2,3.7,West,3979.72,0.1786,0.2672,0,No,0,0
CUST-004849,46,Male,Married,Associate,Contract,36379.02,1444.69,719.0,24.1,3,0,22752.48,48,8.14,3,1605.85,3562.12,Mortgage,1,19.5,South,2284.18,0.4765,0.3501,0,No,0,0
CUST-004850,49,Female,Divorced,Bachelor,Salaried,53001.55,874.33,708.0,26.8,1,0,39118.13,36,9.2,1,4889.0,496.72,Rent,0,12.0,West,3659.34,0.198,0.4646,2,No,0,0
CUST-004851,28,Female,Married,Bachelor,Contract,76428.86,891.66,729.0,7.8,3,0,53656.21,84,4.86,2,3801.94,6166.18,Own,2,2.9,North,1764.17,0.14,0.5532,1,No,0,0
CUST-004852,38,Male,Married,Bachelor,Salaried,99753.67,4014.58,548.0,17.9,2,6,21801.94,48,8.48,2,15204.55,889.77,Mortgage,2,9.2,North,5024.56,0.4829,0.6938,1,No,1,1
CUST-004853,37,Female,Single,Associate,Salaried,40129.24,494.37,651.0,15.6,5,1,19281.76,36,8.14,3,1686.59,3708.07,Rent,1,6.4,North,997.37,0.1478,0.3823,0,No,0,0
CUST-004854,35,Female,Married,High School,Unemployed,9636.87,519.75,704.0,15.4,4,1,11963.57,36,6.53,1,0.0,217.84,Rent,3,1.5,East,882.05,0.6472,0.9476,3,Yes,1,1
CUST-004855,25,Female,Widowed,High School,Unemployed,20482.32,1003.63,489.0,2.7,1,4,68061.09,48,15.5,1,13165.01,380.48,Rent,1,0.4,East,703.07,0.588,0.6913,0,Yes,1,0
CUST-004856,31,Male,Married,Associate,Contract,116564.14,1528.32,668.0,8.0,4,1,16882.13,60,5.48,2,30381.78,10551.5,Mortgage,1,3.2,West,5977.51,0.1573,0.3817,2,No,0,0
CUST-004857,53,Male,Single,Associate,Salaried,47271.61,1314.53,652.0,26.1,4,1,53763.26,36,5.44,2,2151.47,515.63,Mortgage,0,14.5,South,1573.28,0.3337,0.6884,3,No,0,0
CUST-004858,45,Male,Married,Associate,Self-employed,31739.7,321.64,740.0,20.9,4,0,16736.35,36,2.5,1,3466.79,-1339.01,Rent,0,1.1,West,991.31,0.1216,0.6381,2,No,0,0
CUST-004859,39,Female,Married,,Self-employed,59434.47,1045.01,701.0,18.5,3,1,22722.43,72,7.45,2,760.95,3358.23,Rent,0,12.2,North,922.85,0.211,,1,No,0,0
CUST-004860,41,Female,Married,Bachelor,Retired,50034.65,1227.38,720.0,21.6,4,3,19423.87,36,5.72,1,2236.2,54.27,Own,0,10.9,West,1697.47,0.2944,,0,No,0,0
CUST-004861,49,Male,Single,Associate,Salaried,31991.03,907.37,684.0,26.6,2,1,22564.32,36,9.44,0,327.53,3240.44,Rent,0,6.7,North,1882.19,0.3404,0.302,1,No,0,0
CUST-004862,60,Male,Married,Associate,Self-employed,72090.06,3084.46,695.0,38.6,4,0,23148.06,36,6.1,1,17211.89,4983.38,Rent,3,21.2,West,3066.48,0.5134,0.3279,0,No,0,0
CUST-004863,33,Female,Widowed,High School,Salaried,25965.69,1111.49,694.0,12.2,10,1,28003.69,36,7.01,4,420.98,2794.6,Rent,2,2.9,Central,1205.07,0.5137,0.3684,0,No,0,0
CUST-004864,33,Male,Married,Associate,Self-employed,96374.07,2646.5,710.0,10.4,4,0,13089.26,60,6.16,1,7655.79,7328.02,Mortgage,2,10.4,Central,2434.79,0.3295,0.3504,2,No,0,0
CUST-004865,43,Male,Single,Master,Salaried,38348.1,681.96,700.0,23.6,1,1,7074.99,12,8.76,0,4818.06,1329.94,Own,0,4.9,Central,2190.63,0.2134,0.9496,3,No,0,1
CUST-004866,55,Male,Single,Bachelor,Unemployed,39911.44,791.15,716.0,30.3,2,2,12003.36,24,8.58,0,3369.06,3090.51,Mortgage,0,4.2,West,1067.56,0.2379,0.4564,1,No,0,0
CUST-004867,56,Female,Married,,Contract,40682.48,1668.89,714.0,32.2,0,0,22456.0,24,6.89,1,,4974.19,Mortgage,1,14.1,Central,1504.79,0.4923,0.5402,1,Yes,0,0
CUST-004868,19,Male,Widowed,High School,Salaried,72968.22,876.5,771.0,0.0,4,0,14655.76,36,2.5,2,8112.66,10026.29,Own,0,0.3,Central,2374.99,0.1441,0.5139,0,No,0,0
CUST-004869,21,Male,Married,Bachelor,Contract,42928.19,2444.98,733.0,0.0,7,0,19136.5,24,3.05,4,1036.72,6033.06,Rent,3,,South,1610.33,0.6835,0.0109,1,No,0,1
CUST-004870,18,Male,Married,Bachelor,Self-employed,73212.83,4532.73,710.0,0.0,7,1,23992.82,84,4.3,3,5869.79,-3500.0,Own,3,0.0,East,1573.61,0.7429,0.4938,3,No,0,0
CUST-004871,54,Female,Single,Bachelor,Retired,69903.31,1156.3,608.0,34.8,1,1,17805.43,12,9.97,0,1916.32,2087.78,Mortgage,1,5.1,Central,2183.35,0.1985,0.6882,2,No,0,0
CUST-004872,42,Male,Married,Bachelor,Salaried,53631.74,791.3,717.0,22.9,1,1,6577.27,24,7.77,1,1108.3,5084.33,Rent,2,9.1,North,1630.3,0.1771,0.3603,3,No,0,0
CUST-004873,41,Male,Single,High School,Retired,68123.66,1824.26,778.0,19.7,1,1,21265.8,48,2.5,1,4986.49,-3500.0,Rent,0,14.7,Central,2240.22,0.3213,0.3671,0,No,0,0
CUST-004874,46,Male,Single,Master,Contract,62224.86,2171.09,700.0,23.7,2,0,14116.92,48,6.91,0,16573.39,5831.97,Rent,1,,North,2090.34,0.4187,0.3284,0,No,0,0
CUST-004875,34,Female,Married,Master,Self-employed,,6681.26,744.0,14.1,7,1,7720.04,12,6.65,4,78426.58,11404.3,Rent,0,9.4,North,2182.88,0.5601,0.2636,5,Yes,0,0
CUST-004876,33,Female,Married,Associate,,25528.67,1674.8,759.0,13.7,3,0,21275.56,84,5.67,4,2117.13,439.82,Rent,0,0.6,South,1240.98,0.7873,0.6064,2,No,0,0
CUST-004877,40,Female,Married,Bachelor,Contract,87518.84,788.44,638.0,18.6,1,0,27064.73,12,6.66,1,15000.98,5749.16,Mortgage,1,10.1,Central,802.47,0.1081,0.2979,2,No,0,1
CUST-004878,46,Male,Married,Master,Self-employed,77944.03,1927.42,569.0,27.7,3,2,7690.49,36,11.73,3,,1434.99,Rent,3,4.8,South,4112.64,0.2967,0.3973,3,No,1,0
CUST-004879,50,Female,Married,Master,Salaried,40916.3,1155.95,651.0,30.6,5,0,38206.91,24,9.07,1,3756.25,1620.26,Rent,1,15.3,South,2542.37,0.339,0.5484,2,No,0,0
CUST-004880,58,Male,Married,High School,Salaried,52428.98,924.65,717.0,35.0,1,0,15471.1,36,5.49,1,8100.29,,Mortgage,1,22.2,South,1089.6,0.2116,0.2193,2,Yes,0,0
CUST-004881,35,Non-binary,Widowed,Master,Contract,87062.5,2956.73,688.0,12.9,3,0,23751.02,36,7.66,2,12220.8,-3029.31,Rent,0,8.6,South,1779.45,0.4075,0.3844,0,Yes,0,0
CUST-004882,50,Female,Married,Bachelor,Salaried,39158.14,1605.39,694.0,25.5,3,0,8056.7,12,6.73,3,1264.26,-1721.89,Rent,0,14.0,South,1267.2,0.492,0.1106,3,No,0,1
CUST-004883,63,Male,Married,Master,Self-employed,83838.11,1225.25,748.0,43.9,1,0,11920.84,48,3.99,3,21092.52,3692.47,Own,1,20.1,East,3301.46,0.1754,0.7613,1,No,0,0
CUST-004884,52,Male,Single,Bachelor,Contract,65527.31,2279.65,744.0,29.2,4,0,3061.21,84,4.27,1,3121.5,1733.77,Mortgage,0,5.0,South,1705.1,0.4175,0.0797,0,No,0,0
CUST-004885,41,Female,Single,Bachelor,Contract,121952.29,540.46,674.0,19.9,6,1,68072.5,60,4.13,0,23592.38,,Rent,1,3.9,North,6427.97,0.0532,0.6124,2,No,0,0
CUST-004886,40,Male,Single,High School,Salaried,54300.48,803.41,705.0,19.7,3,2,3248.97,60,9.73,1,909.66,4092.97,Mortgage,2,14.9,East,2700.76,0.1775,0.33,1,No,0,0
CUST-004887,56,Female,Married,Bachelor,Self-employed,38103.59,1120.97,716.0,33.1,6,1,26595.62,36,4.26,0,11350.01,-1623.82,Rent,2,25.2,Central,1355.98,0.353,0.4779,0,No,0,0
CUST-004888,33,Male,Single,Bachelor,Unemployed,35454.64,1710.78,646.0,7.6,1,2,22979.37,12,8.46,1,3670.83,-1012.77,Mortgage,1,1.6,Central,563.22,0.579,0.5191,3,No,1,1
CUST-004889,45,Male,Single,Associate,Unemployed,14586.54,265.12,667.0,24.7,3,1,16297.49,24,5.71,1,2401.39,1079.26,Rent,2,2.4,West,724.71,0.2181,0.8121,1,No,0,0
CUST-004890,60,Male,Married,Bachelor,Salaried,53405.11,939.6,687.0,34.7,2,2,11163.41,60,7.68,0,6451.67,,Rent,3,29.7,North,1787.99,0.2111,0.4159,1,No,0,0
CUST-004891,54,Female,Single,High School,Salaried,34582.75,600.03,641.0,33.0,1,2,10491.39,60,6.03,0,6553.96,2663.93,Rent,1,14.3,East,2002.47,0.2082,0.6336,1,No,0,0
CUST-004892,60,Female,Married,High School,Salaried,63296.14,418.87,568.0,39.0,2,4,36221.04,36,13.59,1,4818.91,5523.07,Own,1,6.2,East,1246.62,0.0794,0.8081,2,No,1,1
CUST-004893,49,Male,Married,Associate,Contract,23304.89,896.24,619.0,28.2,0,3,15139.39,12,7.09,3,1765.03,2847.71,Mortgage,2,14.6,South,1398.57,0.4615,0.4622,4,No,0,1
CUST-004894,37,Male,Single,Bachelor,Contract,57422.21,581.14,736.0,17.5,3,1,14708.12,48,6.42,1,6647.8,493.76,Own,1,7.5,South,1679.69,0.1214,0.8042,1,No,0,0
CUST-004895,49,Male,Married,Bachelor,Contract,48653.92,1207.84,727.0,29.0,5,0,25345.83,60,8.18,3,2568.34,2812.92,Other,3,9.2,North,3306.07,0.2979,0.0822,3,No,0,0
CUST-004896,19,Male,Single,High School,Salaried,40612.87,1056.54,719.0,0.0,3,0,10140.3,24,4.9,1,1235.43,2715.92,Own,1,0.1,North,967.36,0.3122,0.7277,2,No,0,0
CUST-004897,52,Male,Single,High School,Retired,19158.39,418.03,681.0,29.4,4,2,35736.0,60,6.13,1,16615.38,26.04,Mortgage,2,14.1,West,1197.8,0.2618,,1,No,0,0
CUST-004898,30,Female,Single,High School,Unemployed,91171.89,754.91,649.0,8.6,2,3,11614.62,84,9.95,3,,-1412.3,Rent,0,1.0,North,541.75,0.5581,0.7049,0,No,0,0
CUST-004899,44,Female,Single,Bachelor,Salaried,71776.16,2288.21,731.0,25.0,3,1,29851.54,60,5.97,2,8202.18,2044.2,Mortgage,0,4.3,South,3133.01,0.3826,0.6668,1,No,0,0
CUST-004900,63,Male,Single,High School,Contract,44298.34,1212.55,779.0,40.9,2,1,49112.35,84,5.69,2,10094.44,8678.96,Rent,1,19.9,East,1100.37,0.3285,0.7921,1,No,0,1
CUST-004901,48,Male,Divorced,Master,Salaried,96732.17,2489.65,713.0,27.7,3,0,6700.44,36,4.94,3,,2827.5,Rent,0,18.7,Central,4771.77,0.3089,0.4696,3,No,0,0
CUST-004902,45,Male,Divorced,Doctorate,Contract,77482.68,2403.99,701.0,22.0,3,1,14602.75,36,4.26,1,11388.33,4490.15,Mortgage,1,11.9,East,3715.52,0.3723,0.585,3,No,0,0
CUST-004903,38,Male,Single,Bachelor,Self-employed,64288.03,1239.97,737.0,19.6,3,2,14639.27,24,6.55,2,5524.08,3709.1,Rent,2,7.6,South,3091.71,0.2315,0.5665,1,No,0,0
CUST-004904,30,Male,Married,Master,Salaried,91236.54,1495.04,717.0,9.5,5,1,16469.14,60,4.6,1,10217.93,6482.24,Rent,0,6.4,Central,3945.85,0.1966,0.3265,2,No,0,0
CUST-004905,44,Male,Married,Master,Salaried,187257.16,1145.71,751.0,25.0,3,1,24150.15,60,6.0,1,14319.07,21838.95,Mortgage,1,12.9,Central,4769.07,0.0734,0.8512,1,No,0,0
CUST-004906,28,Male,Married,High School,Salaried,25530.86,583.61,739.0,7.3,6,0,33022.31,48,5.8,0,2569.58,884.81,Rent,2,1.8,South,1193.34,0.2743,0.8201,1,No,0,0
CUST-004907,48,Male,Single,Bachelor,Contract,86748.72,2806.34,724.0,26.7,3,0,5921.36,36,2.97,1,5650.92,-3500.0,Rent,1,13.2,Central,3536.32,0.3882,0.4349,1,No,0,1
CUST-004908,51,Female,Single,Bachelor,Salaried,57430.27,849.52,709.0,31.4,5,0,45281.21,60,6.01,4,4353.58,2504.99,Rent,0,20.0,Central,3938.94,0.1775,0.6463,2,No,0,0
CUST-004909,35,Male,Single,High School,Salaried,30466.14,1355.31,674.0,14.1,2,1,36232.56,60,8.77,1,5285.19,-1565.47,Mortgage,0,8.4,South,1492.01,0.5338,0.4145,1,No,0,1
CUST-004910,38,Male,Single,Master,Salaried,73552.06,3175.69,694.0,17.4,1,1,12595.15,60,10.97,1,12409.69,-3152.13,Rent,0,4.0,East,3667.83,0.5181,0.4611,1,No,0,1
CUST-004911,50,Male,Married,High School,Self-employed,54862.6,2042.4,766.0,30.9,2,0,5856.89,60,6.33,1,3297.49,5079.82,Mortgage,1,,North,1158.62,0.4467,0.5904,3,No,0,0
CUST-004912,28,Non-binary,Single,Associate,Contract,61468.85,1193.34,663.0,8.9,1,1,11283.35,12,5.78,0,33485.48,4223.47,Own,0,3.3,South,912.91,0.233,0.1525,2,No,0,0
CUST-004913,65,Non-binary,Divorced,Associate,Self-employed,77726.86,671.02,612.0,40.6,3,3,5261.19,36,10.92,1,2468.43,7923.1,Rent,0,6.1,Central,3347.0,0.1036,0.9926,1,No,1,1
CUST-004914,34,Female,Married,High School,Contract,69568.01,2093.5,730.0,8.9,2,0,20283.61,24,4.64,2,2210.98,-2403.94,Own,2,4.2,East,1483.93,0.3611,0.0659,2,No,0,0
CUST-004915,51,Female,Married,Master,Unemployed,30124.57,1679.63,735.0,31.2,4,1,4399.41,24,6.78,1,4834.73,-1628.86,Mortgage,0,3.1,North,685.89,0.6691,0.3208,0,No,0,1
CUST-004916,41,Male,Single,Bachelor,Salaried,64719.3,2474.93,599.0,19.8,3,1,18824.94,48,10.47,2,4696.41,5870.14,Other,2,3.8,South,3010.41,0.4589,0.2168,1,No,0,0
CUST-004917,40,Male,Divorced,Associate,Self-employed,67499.25,876.8,773.0,18.1,2,1,4503.57,36,3.44,2,13573.08,8035.17,Own,1,9.2,South,667.74,0.1559,0.402,0,No,0,0
CUST-004918,27,Male,Single,Associate,Salaried,46124.62,1081.76,688.0,7.7,6,0,33939.49,84,6.92,1,8151.84,3213.14,Rent,0,5.9,East,1978.34,0.2814,0.5361,1,No,0,1
CUST-004919,38,Female,Single,Bachelor,Self-employed,70676.92,1060.74,652.0,15.2,5,1,19618.5,36,6.95,2,4491.87,-3430.72,Mortgage,0,9.1,South,3023.51,0.1801,0.5969,2,Yes,0,0
CUST-004920,53,Female,Married,Master,Retired,68250.63,2486.75,810.0,31.9,3,0,14295.39,60,2.5,1,12568.7,69.72,Rent,1,7.5,West,2760.29,0.4372,0.8997,2,No,0,0
CUST-004921,25,Female,Single,Master,Unemployed,13444.09,372.84,574.0,3.5,2,4,73167.55,60,10.13,2,6306.41,-536.09,Mortgage,2,0.7,East,350.0,0.3328,0.3848,4,No,1,1
CUST-004922,33,Male,Widowed,Bachelor,Unemployed,13595.67,311.97,683.0,14.2,5,0,11778.1,60,5.49,0,995.04,94.08,Mortgage,2,0.7,West,672.79,0.2754,0.8592,2,No,0,0
CUST-004923,52,Female,Married,Bachelor,Self-employed,118979.05,1991.37,706.0,31.4,4,0,15485.7,36,6.0,2,77864.16,,Own,2,,West,2855.17,0.2008,0.3283,1,No,0,0
CUST-004924,46,Female,Single,Associate,Salaried,42942.36,1163.59,583.0,24.9,0,3,18024.69,36,12.95,1,0.0,-648.77,Own,0,7.8,Central,1592.5,0.3252,0.8074,0,No,1,1
CUST-004925,43,Female,Single,High School,Self-employed,34434.2,1279.03,635.0,13.8,1,0,55336.8,12,6.82,2,2306.72,2240.59,Mortgage,1,7.2,North,1819.11,0.4457,0.6114,1,No,0,0
CUST-004926,28,Female,Single,Master,Self-employed,151137.39,3275.69,715.0,5.7,3,0,7620.66,36,5.16,3,37459.06,-3311.61,Rent,1,7.0,North,3163.48,0.2601,0.1363,1,No,0,0
CUST-004927,45,Female,Single,Bachelor,Salaried,34668.36,502.78,540.0,21.8,2,1,25343.22,60,15.11,1,4159.49,-1161.62,Mortgage,1,10.0,South,995.32,0.174,0.7718,0,No,1,1
CUST-004928,52,Male,Single,Doctorate,Salaried,88045.81,1720.79,717.0,26.7,3,0,22277.34,60,5.3,2,11548.34,8806.99,Mortgage,0,5.0,North,2861.75,0.2345,0.5618,0,No,0,0
CUST-004929,66,Male,Married,High School,Self-employed,66181.41,1401.45,687.0,46.3,3,1,20780.38,36,3.96,1,11439.61,3984.45,Own,4,6.4,East,3345.67,0.2541,0.4809,0,No,0,0
CUST-004930,45,Female,Divorced,Master,Salaried,54426.38,1775.45,658.0,25.9,2,1,41721.71,60,6.12,3,3771.92,7544.9,Mortgage,0,6.2,North,1990.89,0.3915,0.9145,3,No,0,0
CUST-004931,27,Male,Married,Doctorate,Contract,30825.77,299.01,802.0,7.9,1,1,34321.17,60,2.5,1,4324.95,-867.5,Rent,0,3.8,West,1309.28,0.1164,0.7709,0,No,0,0
CUST-004932,57,Male,Married,High School,Contract,50145.58,2285.13,725.0,32.0,2,0,4203.17,60,9.52,0,7411.98,-841.53,Mortgage,0,24.0,Central,1860.11,0.5468,0.2182,1,No,0,0
CUST-004933,48,Female,Single,Associate,Unemployed,19414.87,750.57,674.0,23.9,1,2,44563.11,36,7.21,3,616.01,1601.62,Rent,1,1.8,West,1263.33,0.4639,0.4853,1,No,0,0
CUST-004934,49,Male,Widowed,Bachelor,Salaried,124573.32,4022.82,715.0,29.6,3,0,62001.66,24,3.42,0,3445.09,6752.04,Mortgage,2,21.7,West,5507.18,0.3875,0.3549,2,No,0,0
CUST-004935,31,Male,Divorced,Bachelor,Contract,63668.3,853.56,687.0,12.6,6,1,99813.83,36,6.39,1,3962.16,2939.65,Mortgage,0,1.1,West,2927.98,0.1609,0.2831,1,No,0,0
CUST-004936,35,Male,Single,High School,Salaried,39786.49,1203.8,674.0,9.7,6,1,21798.44,24,8.24,3,14786.27,-1606.57,Mortgage,0,12.6,Central,767.77,0.3631,0.4309,1,Yes,0,0
CUST-004937,31,Male,Married,High School,Self-employed,70834.23,830.18,654.0,10.4,5,2,10558.83,60,7.76,1,3289.21,5436.06,Mortgage,0,2.2,East,4024.56,0.1406,0.6737,0,No,0,0
CUST-004938,46,Male,Divorced,Bachelor,Retired,36396.85,1035.8,738.0,27.6,4,1,21351.37,12,2.5,0,2137.28,4849.42,Mortgage,1,11.2,North,823.71,0.3415,0.3212,3,No,0,0
CUST-004939,49,Male,Divorced,High School,Salaried,25916.42,454.1,688.0,23.6,3,0,57300.69,60,10.96,1,362.51,-294.77,Mortgage,1,14.6,West,1129.58,0.2103,0.2023,0,No,1,0
CUST-004940,35,Female,Married,Master,Salaried,49645.98,589.13,707.0,13.6,2,0,8850.62,36,2.86,3,2442.87,-745.55,Rent,4,13.4,South,1725.31,0.1424,0.2727,0,No,0,0
CUST-004941,35,Male,Single,High School,,33283.99,1396.83,585.0,11.9,0,0,12914.33,36,10.86,1,1580.31,3135.45,Other,0,8.0,East,1743.65,0.5036,0.6156,1,No,1,0
CUST-004942,35,Female,Single,High School,Unemployed,17221.71,481.05,705.0,8.5,3,1,23664.17,12,7.11,2,9023.15,2135.42,Mortgage,1,1.1,North,989.13,0.3352,0.6683,4,No,0,1
CUST-004943,38,Female,Single,High School,Retired,47072.09,219.06,734.0,13.6,3,1,5578.72,36,2.62,3,4212.01,2619.76,Mortgage,1,3.5,West,1269.54,0.0558,0.5676,1,No,0,0
CUST-004944,38,Male,Married,Bachelor,Salaried,50590.17,366.56,759.0,18.4,2,0,12520.74,36,3.02,1,1795.44,-3500.0,Own,0,6.4,North,1890.93,0.0869,0.6893,1,No,0,1
CUST-004945,61,Female,Married,Bachelor,Contract,30426.69,919.03,735.0,42.1,2,1,11826.98,60,3.27,2,7084.01,1085.15,Mortgage,1,8.0,East,1511.15,0.3625,0.3233,0,No,0,0
CUST-004946,37,Female,Single,Associate,Contract,21711.06,355.79,706.0,12.4,1,1,10337.94,36,4.95,2,,2678.48,Mortgage,1,13.2,East,1451.53,0.1966,0.4661,1,No,0,0
CUST-004947,34,Male,Married,Bachelor,Salaried,69216.13,1246.01,690.0,15.4,3,1,16672.21,36,5.54,3,4757.38,5986.24,Mortgage,3,3.0,East,1277.7,0.216,0.1895,1,Yes,0,0
CUST-004948,52,Male,Divorced,Master,Contract,38413.62,841.63,722.0,25.9,5,3,21109.86,36,3.36,0,2327.03,1130.06,Rent,0,20.0,North,350.0,0.2629,0.5626,1,No,0,0
CUST-004949,57,Female,Married,Master,Salaried,137393.89,6193.48,691.0,37.6,3,1,12959.28,60,6.82,1,7165.78,6682.49,Mortgage,0,25.1,East,3210.61,0.5409,0.8831,1,No,0,0
CUST-004950,54,Female,Married,Bachelor,Salaried,96951.32,1239.92,675.0,31.1,3,0,39808.86,72,12.06,1,7607.54,-2170.26,Mortgage,3,11.8,Central,4515.77,0.1535,0.8958,1,No,0,0
CUST-004951,63,Female,Single,Master,Salaried,35976.89,1332.93,737.0,36.0,4,0,53445.35,36,6.3,2,2756.53,326.77,Own,0,15.4,East,562.74,0.4446,0.4567,0,No,0,0
CUST-004952,37,Male,Married,Bachelor,Salaried,56164.21,1515.53,849.0,15.6,4,0,69868.47,60,2.5,2,2433.81,5828.09,Rent,3,13.4,Central,3442.87,0.3238,0.2424,1,Yes,0,0
CUST-004953,39,Male,Married,High School,Salaried,18718.71,863.89,700.0,18.4,2,1,7820.37,60,4.54,2,1230.76,1493.29,Rent,3,8.5,West,861.03,0.5538,0.7289,0,No,0,0
CUST-004954,48,Female,Single,Doctorate,Salaried,102201.13,765.82,771.0,28.5,6,0,10448.56,36,2.95,2,24141.23,9311.35,Mortgage,0,6.7,East,3356.37,0.0899,0.5047,0,Yes,0,0
CUST-004955,41,Female,Single,Master,Contract,97804.7,1655.38,665.0,18.9,3,2,27212.58,60,6.54,0,18610.99,5537.64,Own,0,8.5,North,4526.38,0.2031,0.8709,0,No,0,0
CUST-004956,37,Male,Single,Master,,55199.73,1032.96,657.0,14.1,4,2,37685.33,60,4.76,3,2216.41,6347.55,Mortgage,0,12.9,South,1444.42,0.2246,0.4483,1,No,0,0
CUST-004957,34,Male,Divorced,High School,Contract,16761.96,350.94,758.0,12.5,7,0,21065.19,36,2.5,2,1649.77,858.75,Mortgage,0,10.6,Central,350.0,0.2512,0.4698,0,Yes,0,0
CUST-004958,34,Female,Married,High School,Salaried,41503.68,2879.03,572.0,14.1,3,2,8835.29,36,12.75,2,3032.31,-1005.69,Mortgage,2,4.4,East,2158.78,0.8324,0.9219,0,No,0,1
CUST-004959,39,Female,Married,Master,Salaried,81779.92,2103.51,721.0,16.9,3,1,22924.15,72,7.34,0,,6857.02,Rent,3,8.0,East,4270.39,0.3087,0.6583,1,No,0,0
CUST-004960,41,Male,Married,Associate,Salaried,131035.12,5482.42,589.0,17.1,2,5,31622.6,36,12.13,2,17089.03,17961.08,Rent,1,8.0,East,8807.03,0.5021,0.4292,2,No,1,1
CUST-004961,21,Male,Married,Associate,Salaried,25149.82,532.92,719.0,2.2,5,0,17625.28,72,8.66,2,3848.06,-3358.96,Mortgage,2,0.8,West,1765.08,0.2543,0.1518,1,Yes,0,0
CUST-004962,33,Female,Married,High School,Retired,27252.96,326.75,685.0,12.0,1,0,14463.9,84,5.25,0,363.72,1006.35,Mortgage,0,3.9,Central,354.31,0.1439,0.4709,0,No,0,0
CUST-004963,40,Female,Married,Bachelor,Salaried,37256.53,2369.11,682.0,17.3,4,1,51342.74,36,5.85,2,1929.03,,Mortgage,1,9.5,South,1391.64,0.7631,0.4522,0,No,0,0
CUST-004964,44,Male,Single,,Retired,52627.56,1650.01,745.0,23.0,0,0,12052.99,60,2.5,0,16624.46,3377.09,Mortgage,1,11.9,Central,1306.31,0.3762,0.8608,1,No,0,1
CUST-004965,49,Female,Divorced,Master,Contract,33597.65,1139.01,757.0,28.0,6,0,31562.67,12,4.58,2,6435.79,1715.83,Rent,1,16.0,East,907.58,0.4068,0.5095,1,No,0,0
CUST-004966,53,Male,Single,Bachelor,Contract,44927.7,480.59,662.0,30.2,3,0,32701.87,24,6.69,3,792.04,4645.4,Mortgage,0,7.7,South,1563.51,0.1284,0.6321,1,Yes,0,0
CUST-004967,36,Female,Married,Bachelor,Salaried,44956.89,1473.98,755.0,16.6,1,0,33178.19,84,4.18,3,5526.52,-3286.54,Rent,0,7.0,East,2924.6,0.3934,0.3945,0,No,0,0
CUST-004968,53,Male,Divorced,Associate,Retired,69806.23,2901.75,754.0,33.5,4,1,10331.38,24,5.23,3,4585.12,4045.29,Mortgage,0,10.4,West,3070.96,0.4988,0.7592,3,Yes,0,1
CUST-004969,56,Female,Single,Bachelor,Self-employed,110247.91,6209.41,663.0,32.5,3,0,17764.92,60,7.51,3,5857.67,1442.09,Mortgage,0,19.8,South,5329.92,0.6759,0.2213,4,No,0,0
CUST-004970,62,Male,Single,High School,Self-employed,48339.81,962.65,715.0,38.6,2,0,36734.63,36,7.79,1,8811.6,-1970.88,Rent,1,30.6,East,2712.88,0.239,0.3818,2,Yes,0,0
CUST-004971,36,Non-binary,Married,Master,Salaried,137684.5,5806.28,689.0,14.6,5,1,13551.8,36,3.98,0,20840.75,8037.29,Mortgage,0,4.0,South,8063.18,0.5061,0.4749,2,No,0,0
CUST-004972,39,Male,Single,Master,Self-employed,45551.65,555.91,748.0,19.4,1,0,16673.97,48,2.5,0,4021.03,2918.88,Mortgage,0,5.0,East,1927.89,0.1464,0.7984,1,Yes,0,0
CUST-004973,54,Female,Married,,Self-employed,65142.66,1392.65,786.0,30.2,3,1,39873.33,36,5.94,3,5261.56,-468.39,Mortgage,2,17.0,West,1331.75,0.2565,0.4338,2,No,0,0
CUST-004974,37,Female,Married,High School,Salaried,27917.08,877.24,751.0,15.2,1,0,44652.97,60,4.45,3,590.82,2539.05,Own,0,15.9,North,745.0,0.3771,0.1885,2,No,0,0
CUST-004975,26,Male,Married,High School,Salaried,48671.75,2638.04,735.0,6.8,3,1,10309.35,60,2.5,3,5615.28,1396.08,Rent,1,5.6,North,1429.28,0.6504,0.6179,1,No,0,1
CUST-004976,23,Female,Single,High School,Salaried,31721.69,1422.62,754.0,2.3,3,1,14773.94,12,5.77,2,3452.73,2731.94,Rent,2,1.4,North,1126.25,0.5382,0.9213,3,Yes,0,0
CUST-004977,28,Male,Single,High School,Self-employed,46886.88,1738.45,711.0,6.0,2,0,11531.34,36,10.31,0,5420.63,5428.59,Rent,1,2.3,North,1501.88,0.4449,0.3222,1,No,0,0
CUST-004978,42,Female,Single,Associate,Self-employed,72674.34,2612.99,774.0,23.5,6,0,4455.79,36,5.34,5,15451.53,-742.71,Mortgage,1,13.6,East,1138.72,0.4315,0.3908,2,No,0,1
CUST-004979,47,Female,Single,High School,Salaried,55491.8,1272.01,710.0,24.3,4,0,8153.27,60,7.14,1,16467.44,2846.07,Rent,0,4.9,North,2644.53,0.2751,0.264,1,No,0,0
CUST-004980,35,Female,Married,High School,Self-employed,51455.45,469.54,,12.3,3,1,21673.75,12,4.66,1,4016.9,-1963.31,Mortgage,0,12.4,Central,1299.58,0.1095,0.5249,1,Yes,0,0
CUST-004981,48,Female,Single,Bachelor,Salaried,103994.88,2874.54,672.0,23.0,3,2,17066.17,60,5.53,3,1026.36,19381.49,Rent,1,18.6,South,3251.27,0.3317,0.6126,2,Yes,0,0
CUST-004982,63,Female,Single,High School,Self-employed,36233.37,1074.15,702.0,31.8,1,1,17529.55,36,3.64,0,1971.05,-1954.91,Own,0,25.8,South,1104.41,0.3557,0.3838,1,No,0,0
CUST-004983,37,Female,Married,High School,Salaried,69873.91,1848.98,682.0,14.3,3,0,41457.87,36,5.5,2,41469.58,10428.5,Mortgage,1,6.5,West,2148.88,0.3175,0.4842,3,Yes,0,0
CUST-004984,33,Male,Single,High School,Self-employed,86046.73,5392.29,727.0,9.0,3,1,136536.31,60,5.07,2,41359.73,-3378.12,Mortgage,1,2.8,South,4422.06,0.752,0.5282,0,No,0,0
CUST-004985,40,Female,Married,Associate,Salaried,49893.71,1221.67,735.0,19.3,4,0,10093.46,36,4.39,5,5027.87,5787.51,Rent,0,7.7,Central,2482.61,0.2938,0.4982,3,No,0,0
CUST-004986,33,Male,Single,Bachelor,Retired,32393.58,462.91,796.0,14.5,4,0,12540.7,48,2.5,1,4304.34,-128.61,Rent,0,0.6,North,522.48,0.1715,0.5033,1,No,0,0
CUST-004987,54,Female,Single,High School,Self-employed,70662.91,1514.92,632.0,26.2,5,1,9964.42,60,6.59,1,18312.9,5243.45,Own,1,18.8,North,2235.75,0.2573,0.4702,1,Yes,0,0
CUST-004988,47,Female,Married,High School,Salaried,107233.35,3445.08,732.0,28.0,4,1,29086.31,36,5.36,3,12603.29,303.61,Own,1,,West,3792.54,0.3855,0.4025,3,No,0,0
CUST-004989,75,Female,Single,Bachelor,Unemployed,17660.11,855.43,707.0,50.0,4,2,45730.95,60,6.77,3,5066.98,-529.23,Mortgage,0,0.4,West,1118.03,0.5813,0.8401,4,Yes,0,1
CUST-004990,69,Male,Single,High School,Unemployed,11880.1,595.08,668.0,47.0,4,2,18369.57,60,6.68,2,206.61,-1012.93,Own,0,1.8,North,726.28,0.6011,,0,Yes,0,0
CUST-004991,46,Male,Divorced,Associate,Contract,40580.24,1344.08,718.0,25.7,2,1,7059.04,36,8.56,2,2146.29,308.73,Own,0,8.4,East,2160.4,0.3975,0.6281,0,No,0,0
CUST-004992,43,Male,Single,Doctorate,Salaried,100502.52,2881.46,587.0,24.5,2,2,42725.4,48,9.17,1,3264.45,3326.06,Own,2,1.3,South,4135.35,0.344,0.5012,0,Yes,0,0
CUST-004993,38,Female,Divorced,Associate,Salaried,39490.1,1677.34,692.0,15.6,1,0,14042.16,24,8.77,2,932.28,-1792.65,Mortgage,0,4.6,West,1611.2,0.5097,0.273,1,No,0,0
CUST-004994,48,Male,Married,Bachelor,Salaried,58089.89,1613.98,772.0,29.1,2,0,12578.94,60,2.83,2,4899.76,8847.14,Rent,4,,East,1728.62,0.3334,0.5796,1,No,0,0
CUST-004995,44,Male,Single,Bachelor,Contract,30454.71,251.17,531.0,21.2,3,4,38959.36,36,13.63,0,0.0,-37.89,Own,0,15.3,West,1223.21,0.099,0.4789,2,No,1,1
CUST-004996,35,Female,Divorced,High School,Retired,53590.34,1001.53,638.0,15.3,3,1,37957.97,24,7.15,1,8835.82,5225.87,Rent,0,11.4,South,2324.06,0.2243,0.4504,0,No,0,1
CUST-004997,52,Male,Single,Master,Self-employed,111725.7,3800.74,722.0,30.2,3,1,4743.72,60,8.71,0,8415.49,9042.98,Own,0,12.9,North,6239.02,0.4082,0.6875,0,No,0,0
CUST-004998,38,Male,Married,High School,Retired,29381.86,1032.85,755.0,18.5,5,1,49842.39,60,2.78,3,755.13,-703.04,Rent,2,8.0,North,1855.28,0.4218,0.4372,2,No,0,0
CUST-004999,25,Male,Married,Doctorate,Self-employed,78535.8,2940.4,645.0,6.2,5,2,32226.6,60,10.3,0,17547.64,7001.87,Mortgage,2,5.5,North,3596.94,0.4493,0.4419,1,No,0,0
CUST-005000,45,Male,Divorced,Bachelor,Unemployed,,1231.96,777.0,26.6,6,1,18399.41,36,3.54,4,870.8,-1663.42,Mortgage,1,0.9,Central,1552.58,0.5657,0.5809,0,Yes,0,1
