customer_id,age,annual_income,debt_to_income,credit_score,employment_years,loan_amount,loan_term_months,late_payments_24m,credit_utilization,region,employment_type,education_level,home_ownership,loan_purpose,device_type,application_hour,default_risk
CUST-00001,30,88055,0.348,684,0.7,38701,36,0,0.000,Marmara,Maasli,Yuksek Lisans,,Is Kurma,Android,14,0
CUST-00002,18,70131,0.400,688,1.5,13894,48,1,0.154,Dogu Anadolu,Maasli,Lisans,Ev Sahibi,Ihtiyac,Android,5,0
CUST-00003,28,49552,0.625,,0.0,14345,48,7,0.753,Ic Anadolu,Issiz,Onlisans,Ipotekli,Ihtiyac,Android,15,1
CUST-00004,50,42547,0.193,647,20.3,14969,60,0,0.282,Marmara,Serbest,Lisans,Kiraci,Tasit,Android,22,0
CUST-00005,39,65171,0.296,653,10.8,73373,60,2,0.490,Ege,Serbest,Lisans,Kiraci,Konut,iOS,22,0
CUST-00006,20,39107,0.510,624,1.8,7528,12,4,0.863,Karadeniz,Sozlesmeli,Onlisans,Kiraci,Borc Birlestirme,iOS,18,0
CUST-00007,45,44900,0.068,699,4.5,14153,120,2,0.517,Karadeniz,Maasli,Lise,Kiraci,Borc Birlestirme,Android,0,0
CUST-00008,45,180269,0.351,659,0.0,25816,84,5,0.280,Marmara,Issiz,Lisans,Kiraci,Ihtiyac,Android,1,1
CUST-00009,58,37572,0.187,709,1.5,17615,48,2,0.335,Ic Anadolu,Maasli,Onlisans,Kiraci,Ihtiyac,Android,16,0
CUST-00010,51,48019,0.361,630,3.7,9473,36,1,0.387,Marmara,Maasli,Lisans,Kiraci,Saglik,,20,0
CUST-00011,33,54665,0.073,639,7.4,22528,36,1,0.567,Ic Anadolu,Maasli,Lise,Ev Sahibi,Borc Birlestirme,Web,8,0
CUST-00012,63,53826,0.245,661,16.0,11887,60,0,0.602,Ic Anadolu,Maasli,Onlisans,Kiraci,Tasit,iOS,15,0
CUST-00013,41,66883,0.299,674,15.0,12073,36,1,0.491,Marmara,Maasli,Lisans,Kiraci,Ihtiyac,Android,7,0
CUST-00014,41,36060,0.272,612,5.1,44107,36,0,0.385,Karadeniz,Maasli,Lisans,Kiraci,Konut,Android,20,0
CUST-00015,41,21088,,664,0.8,5000,48,3,0.302,Marmara,Maasli,Lise,Ev Sahibi,Is Kurma,Web,6,0
CUST-00016,63,57149,0.270,681,17.6,14247,60,0,0.057,Marmara,Serbest,,Aile Yaninda,Egitim,Android,23,0
CUST-00017,40,62749,0.220,653,14.6,36055,84,2,0.770,Ege,Emekli,Lisans,Ev Sahibi,Ihtiyac,Android,13,0
CUST-00018,38,16134,0.066,667,12.6,9591,36,3,0.265,Ic Anadolu,Emekli,Lise,Aile Yaninda,Ihtiyac,Android,18,0
CUST-00019,18,,0.229,660,0.5,5000,60,3,0.469,Ic Anadolu,Maasli,Doktora,Kiraci,Egitim,Android,9,0
CUST-00020,50,43499,0.208,624,11.8,15434,48,0,0.533,Ege,Serbest,Onlisans,Ev Sahibi,Ihtiyac,Web,12,0
CUST-00021,55,84426,0.667,659,32.2,22635,24,3,0.795,Karadeniz,Serbest,Lisans,Ipotekli,Tasit,Android,8,1
CUST-00022,18,32896,0.200,684,1.4,11369,36,0,0.472,Marmara,Maasli,Yuksek Lisans,Ev Sahibi,Tasit,Android,13,0
CUST-00023,18,54634,0.304,648,1.3,32992,60,3,0.392,Dogu Anadolu,Serbest,Lisans,Kiraci,Ihtiyac,Android,11,1
CUST-00024,54,96388,0.167,628,22.5,20894,60,2,0.000,Marmara,Maasli,Yuksek Lisans,Ev Sahibi,Ihtiyac,Android,9,0
CUST-00025,39,42672,0.627,598,0.0,21952,24,2,0.299,Ege,Issiz,Onlisans,Kiraci,Borc Birlestirme,Android,8,0
CUST-00026,49,26465,0.220,645,10.1,11460,48,1,0.459,Ic Anadolu,Maasli,Onlisans,Ipotekli,Borc Birlestirme,Android,10,0
CUST-00027,28,40768,0.239,661,5.3,15301,24,0,0.350,Karadeniz,Serbest,Lisans,Kiraci,Ihtiyac,Android,20,0
CUST-00028,38,69433,0.262,725,17.5,32359,48,4,0.569,Marmara,Maasli,Lise,Ipotekli,Tasit,Android,11,0
CUST-00029,18,62226,,642,0.0,16011,12,1,0.374,Marmara,Maasli,Lisans,Kiraci,Is Kurma,Android,9,0
CUST-00030,35,38613,0.245,660,4.6,9610,60,0,0.717,Ege,Maasli,Lise,Ev Sahibi,Is Kurma,Web,20,0
CUST-00031,23,45368,0.472,590,0.0,26381,24,6,0.000,Marmara,Issiz,Lisans,Ev Sahibi,Ihtiyac,iOS,7,1
CUST-00032,48,192224,0.095,699,19.9,228447,60,0,0.332,Marmara,Maasli,Lisans,Kiraci,Konut,iOS,3,0
CUST-00033,33,93225,0.330,644,8.5,43907,36,1,0.553,Marmara,Maasli,Onlisans,Ipotekli,Borc Birlestirme,Web,8,1
CUST-00034,22,30015,0.233,616,2.1,13048,36,1,0.288,Ege,Maasli,Lisans,Kiraci,Tasit,Android,19,0
CUST-00035,19,38636,0.364,704,0.9,12407,120,0,0.684,Ege,Maasli,Onlisans,Ipotekli,Tasit,iOS,1,0
CUST-00036,43,72674,0.484,638,6.3,26001,36,1,0.525,Akdeniz,,Lisans,Aile Yaninda,Borc Birlestirme,Android,22,0
CUST-00037,33,34301,0.040,643,8.1,12046,48,0,0.360,Dogu Anadolu,Maasli,Lise,Ev Sahibi,Tasit,Android,19,0
CUST-00038,34,41760,0.323,650,0.0,12695,36,4,0.562,Dogu Anadolu,Issiz,Onlisans,Kiraci,Ihtiyac,Android,5,0
CUST-00039,37,62430,0.527,661,19.0,11027,48,2,0.674,Ic Anadolu,Maasli,Lise,Ipotekli,Borc Birlestirme,Android,4,0
CUST-00040,40,161715,0.046,660,8.6,56003,36,0,0.346,Guneydogu Anadolu,Maasli,Doktora,Ipotekli,Egitim,Android,16,0
CUST-00041,46,38251,0.221,654,13.1,17289,12,1,0.404,Akdeniz,Maasli,Onlisans,Ev Sahibi,Ihtiyac,Android,8,0
CUST-00042,42,117000,0.207,666,18.4,58096,12,1,0.257,Guneydogu Anadolu,Serbest,Yuksek Lisans,Ev Sahibi,Borc Birlestirme,iOS,19,0
CUST-00043,38,947540,0.462,744,6.7,117027,12,1,0.341,Guneydogu Anadolu,,Lise,Kiraci,Konut,Web,0,0
CUST-00044,36,110895,0.125,628,2.6,14627,60,2,0.488,Ic Anadolu,Maasli,Yuksek Lisans,Ev Sahibi,Ihtiyac,Android,11,0
CUST-00045,48,46221,0.159,651,0.1,25644,60,1,0.397,Karadeniz,Sozlesmeli,Doktora,Ipotekli,Tasit,Web,7,0
CUST-00046,31,69201,0.128,699,7.1,30647,24,1,0.448,Marmara,Maasli,Lisans,Kiraci,Konut,Android,23,0
CUST-00047,18,28637,0.186,625,0.0,8727,36,2,0.126,Marmara,,Lise,Ipotekli,Tasit,iOS,12,0
CUST-00048,21,37586,0.090,608,1.0,13572,36,3,0.433,Karadeniz,Maasli,Onlisans,Ev Sahibi,Ihtiyac,Android,6,0
CUST-00049,43,52814,0.169,600,0.0,19140,60,5,0.612,Karadeniz,Issiz,Yuksek Lisans,Ev Sahibi,Tasit,Android,12,0
CUST-00050,50,40059,0.314,652,12.6,18026,12,1,0.075,Ege,Maasli,Lisans,Ev Sahibi,Ihtiyac,iOS,3,1
CUST-00051,55,35071,0.636,743,32.3,7373,24,2,0.000,Marmara,Maasli,Onlisans,Kiraci,Is Kurma,Android,6,0
CUST-00052,44,77046,0.432,655,22.2,15192,24,0,0.071,Dogu Anadolu,Maasli,Lisans,Ipotekli,Saglik,Web,11,0
CUST-00053,32,92930,,582,0.0,51169,36,6,0.451,Karadeniz,Issiz,Lisans,Aile Yaninda,Tasit,Android,12,1
CUST-00054,61,74510,0.020,633,23.4,37880,24,4,0.225,Marmara,Serbest,Lisans,Kiraci,Ihtiyac,Android,8,0
CUST-00055,51,56643,0.270,693,0.0,19363,36,3,0.296,Marmara,Maasli,Lise,Ev Sahibi,Ihtiyac,Android,19,0
CUST-00056,42,100903,0.593,656,7.6,40982,12,0,0.514,Akdeniz,Maasli,Doktora,Ev Sahibi,Borc Birlestirme,Android,6,0
CUST-00057,32,65401,0.274,605,12.4,30075,36,0,0.281,Guneydogu Anadolu,Maasli,Lisans,Kiraci,Saglik,Android,15,0
CUST-00058,50,81179,0.385,622,10.8,16738,48,3,0.393,Marmara,Serbest,Lisans,Aile Yaninda,Borc Birlestirme,iOS,5,0
CUST-00059,47,97739,0.184,640,8.2,12398,60,3,0.313,Ege,Maasli,Lise,Ev Sahibi,Saglik,Android,20,0
CUST-00060,31,43501,0.328,733,4.2,22986,24,0,0.466,Ege,Maasli,Lise,Kiraci,Ihtiyac,Android,20,0
CUST-00061,42,79962,0.130,654,21.4,28870,24,0,0.391,Ege,Maasli,Lisans,Kiraci,Ihtiyac,iOS,2,0
CUST-00062,32,70376,0.485,609,4.3,34487,24,2,0.206,Ic Anadolu,Emekli,Onlisans,Ev Sahibi,Is Kurma,Android,9,1
CUST-00063,38,40628,0.234,720,14.7,44635,36,1,0.439,Marmara,Maasli,Lise,Ipotekli,Konut,Web,11,0
CUST-00064,34,48649,0.068,613,15.1,22781,84,1,0.695,Marmara,Emekli,Lisans,Kiraci,Borc Birlestirme,iOS,14,0
CUST-00065,33,,0.568,596,0.0,25651,48,1,0.619,Akdeniz,Emekli,Doktora,Ipotekli,Ihtiyac,Android,14,0
CUST-00066,38,56781,0.435,589,3.7,10370,60,1,0.484,Marmara,Maasli,Lise,Ev Sahibi,Saglik,Android,12,0
CUST-00067,47,72311,0.356,636,,20799,12,4,0.465,Marmara,Issiz,Lise,Ipotekli,Tasit,Android,22,0
CUST-00068,41,40827,0.556,601,0.0,23873,120,2,0.732,Karadeniz,Issiz,Lise,Ipotekli,Saglik,iOS,21,1
CUST-00069,41,26080,0.147,684,18.7,14042,24,0,0.623,Marmara,Maasli,Lisans,Ipotekli,Egitim,Android,18,0
CUST-00070,18,30760,0.189,711,0.0,14014,120,4,0.476,Dogu Anadolu,Maasli,Lise,Ipotekli,Tasit,iOS,14,0
CUST-00071,18,41648,0.346,677,0.0,17876,36,2,0.491,Dogu Anadolu,Emekli,Onlisans,Ev Sahibi,Ihtiyac,Android,8,0
CUST-00072,50,55204,0.143,672,24.7,91830,36,2,0.465,Ege,Maasli,Lisans,Ev Sahibi,Egitim,Android,10,0
CUST-00073,61,100245,0.252,666,4.3,37012,48,,0.300,Ege,Sozlesmeli,Yuksek Lisans,Ipotekli,Tasit,,10,1
CUST-00074,46,28768,0.347,628,1.6,17659,36,2,0.000,Karadeniz,Maasli,Lisans,Kiraci,Ihtiyac,Android,4,0
CUST-00075,21,117221,0.273,658,2.9,68908,84,1,0.486,Marmara,Sozlesmeli,Onlisans,Kiraci,Ihtiyac,Web,13,0
CUST-00076,44,86744,0.197,630,6.9,36931,12,2,0.184,Dogu Anadolu,Maasli,Lisans,Ipotekli,Borc Birlestirme,Android,14,0
CUST-00077,32,75116,0.020,634,4.9,38665,36,1,,Ege,Maasli,Lisans,Kiraci,Egitim,iOS,10,0
CUST-00078,63,75586,0.517,693,24.8,9569,36,0,0.271,Marmara,Emekli,,,Ihtiyac,Android,15,0
CUST-00079,38,60996,0.388,700,17.0,14775,60,0,0.000,Marmara,Maasli,Onlisans,Ipotekli,Borc Birlestirme,Web,3,0
CUST-00080,68,41716,0.379,566,0.0,6592,60,5,0.537,Dogu Anadolu,Issiz,Onlisans,Ipotekli,Ihtiyac,iOS,23,1
CUST-00081,34,55000,0.225,689,,10854,36,0,0.014,Akdeniz,Serbest,Lisans,Ipotekli,Ihtiyac,iOS,0,0
CUST-00082,32,110585,0.259,724,11.5,62901,60,0,0.257,Ic Anadolu,Emekli,Lise,Aile Yaninda,Borc Birlestirme,Android,20,0
CUST-00083,25,77692,0.020,625,7.3,40954,84,1,0.349,Marmara,Maasli,Lise,Ev Sahibi,Egitim,iOS,15,0
CUST-00084,41,60851,0.380,701,14.3,22997,36,2,0.423,Marmara,Sozlesmeli,Lisans,Kiraci,Egitim,Android,6,0
CUST-00085,22,22208,0.380,620,2.2,5000,36,2,0.127,Marmara,Maasli,Lisans,Ipotekli,Is Kurma,iOS,5,0
CUST-00086,30,74564,0.527,663,11.2,20542,36,4,0.516,Ic Anadolu,Maasli,Lisans,Ipotekli,Ihtiyac,Android,19,0
CUST-00087,46,79287,0.300,667,9.1,95904,24,2,0.671,Marmara,Sozlesmeli,Doktora,Ipotekli,Konut,Android,18,0
CUST-00088,22,63502,0.486,647,0.0,27856,60,25,1.818,Ic Anadolu,Issiz,Yuksek Lisans,Ipotekli,Ihtiyac,Android,14,1
CUST-00089,62,22870,0.021,682,26.3,8433,48,1,0.287,Akdeniz,Maasli,Onlisans,Kiraci,Tasit,iOS,3,0
CUST-00090,35,77615,0.331,670,17.3,18025,36,0,0.378,Guneydogu Anadolu,Sozlesmeli,,Ipotekli,Saglik,Web,16,0
CUST-00091,25,172404,0.255,674,3.5,106376,12,3,0.763,Marmara,Emekli,Lisans,Kiraci,Ihtiyac,Android,12,0
CUST-00092,27,58717,0.612,673,8.2,30854,36,1,0.690,Ic Anadolu,Maasli,Yuksek Lisans,Kiraci,Saglik,iOS,12,0
CUST-00093,35,52557,,705,13.0,29480,60,2,0.298,Karadeniz,Maasli,Lise,Ipotekli,Borc Birlestirme,Web,14,0
CUST-00094,30,44819,0.403,695,0.0,19641,36,1,0.173,Karadeniz,Maasli,Lisans,Ev Sahibi,Ihtiyac,Android,2,0
CUST-00095,35,73299,0.197,658,15.8,12254,60,1,0.663,Dogu Anadolu,Maasli,Doktora,Ipotekli,Ihtiyac,Android,21,1
CUST-00096,33,34110,0.333,689,8.4,7778,48,0,0.476,Guneydogu Anadolu,Maasli,Lisans,Ev Sahibi,Ihtiyac,Web,21,0
CUST-00097,24,34503,0.248,649,3.7,7580,60,1,0.339,Ic Anadolu,Serbest,Onlisans,Kiraci,Ihtiyac,iOS,10,0
CUST-00098,34,71334,0.239,597,0.0,10558,60,2,0.598,Akdeniz,Issiz,Yuksek Lisans,Kiraci,Egitim,Web,5,0
CUST-00099,18,43855,0.433,625,1.2,12158,12,1,0.182,Ege,Maasli,Lise,Ipotekli,Ihtiyac,iOS,12,0
CUST-00100,32,74235,0.324,667,8.0,25806,84,2,0.532,Dogu Anadolu,Sozlesmeli,Lise,Kiraci,Tasit,iOS,19,1
CUST-00101,50,49144,0.348,674,17.3,27593,120,2,0.232,Karadeniz,Maasli,Onlisans,Ipotekli,Borc Birlestirme,iOS,17,0
CUST-00102,38,84306,0.309,664,20.0,50507,60,2,0.306,Ic Anadolu,Maasli,Lisans,Ev Sahibi,Is Kurma,iOS,7,0
CUST-00103,36,35384,0.147,709,6.0,15016,84,2,0.356,Ege,Maasli,Onlisans,Kiraci,Borc Birlestirme,,0,1
CUST-00104,64,66793,0.317,676,4.8,31570,60,2,0.306,Marmara,Maasli,Yuksek Lisans,Ev Sahibi,Ihtiyac,iOS,15,0
CUST-00105,28,102932,0.532,640,7.7,18628,36,0,0.510,Ic Anadolu,Maasli,Lisans,Kiraci,Ihtiyac,Android,20,0
CUST-00106,58,62059,,657,7.3,36064,36,,0.566,Ege,Emekli,Lise,Ipotekli,Ihtiyac,Android,15,0
CUST-00107,37,63967,0.401,628,14.5,35501,12,0,0.492,Ege,Maasli,Lisans,Kiraci,Ihtiyac,Android,13,0
CUST-00108,18,46985,0.151,690,0.0,28154,60,2,0.511,Marmara,Serbest,Lisans,Kiraci,Konut,iOS,21,0
CUST-00109,30,35538,0.247,633,3.3,13202,120,1,0.091,Ic Anadolu,Sozlesmeli,Lise,Kiraci,Is Kurma,Web,9,0
CUST-00110,43,46720,0.258,665,3.8,24377,60,3,0.000,Marmara,Maasli,Yuksek Lisans,Kiraci,Is Kurma,iOS,2,0
CUST-00111,35,34447,0.314,648,9.6,16856,24,3,0.526,Akdeniz,,Lise,Kiraci,Ihtiyac,Android,14,0
CUST-00112,38,49091,0.408,669,16.3,28706,36,3,0.312,Akdeniz,Emekli,Onlisans,Kiraci,Borc Birlestirme,iOS,18,0
CUST-00113,46,79956,0.359,669,9.5,36270,60,4,0.634,Dogu Anadolu,Sozlesmeli,Lisans,Kiraci,Ihtiyac,Web,11,0
CUST-00114,45,62643,0.123,681,27.7,23133,36,1,0.514,Ege,Serbest,Lise,Ipotekli,Borc Birlestirme,iOS,17,0
CUST-00115,40,43210,0.383,621,18.7,15051,36,1,0.654,Guneydogu Anadolu,Maasli,Lisans,Kiraci,Borc Birlestirme,Web,8,0
CUST-00116,25,24844,0.549,650,2.3,5177,60,6,0.619,Guneydogu Anadolu,Serbest,Onlisans,Kiraci,Egitim,Android,16,0
CUST-00117,40,168216,0.547,664,4.2,95650,60,0,0.719,Marmara,Maasli,Lisans,Ipotekli,Is Kurma,Web,19,0
CUST-00118,38,92657,0.181,726,19.3,58611,36,3,0.273,Karadeniz,Maasli,Lisans,Ev Sahibi,Tasit,Android,18,0
CUST-00119,27,48195,0.267,651,5.2,26677,60,0,0.558,Ic Anadolu,Serbest,Lise,Kiraci,Ihtiyac,Android,15,0
CUST-00120,58,94791,0.422,686,29.5,55210,60,2,0.500,Karadeniz,Serbest,Onlisans,Ev Sahibi,Borc Birlestirme,iOS,6,0
CUST-00121,47,109219,0.532,666,7.3,69717,60,2,0.662,Dogu Anadolu,Maasli,Onlisans,Kiraci,Is Kurma,Android,21,0
CUST-00122,44,106760,0.500,683,11.2,70725,60,0,0.482,Ege,Maasli,Lisans,Ipotekli,Konut,Web,18,0
CUST-00123,19,34741,0.261,674,1.6,9279,12,0,0.137,Guneydogu Anadolu,Maasli,Onlisans,Kiraci,Tasit,Android,1,0
CUST-00124,24,23007,,616,1.8,13500,84,1,0.394,Marmara,Serbest,Lise,Kiraci,Ihtiyac,Android,7,1
CUST-00125,27,20750,0.334,613,8.3,7579,60,1,0.469,Ic Anadolu,Maasli,Lise,Ipotekli,Borc Birlestirme,Android,22,0
CUST-00126,49,56016,0.020,729,16.1,27173,24,1,0.386,Dogu Anadolu,Serbest,Lisans,Ev Sahibi,Borc Birlestirme,Android,8,0
CUST-00127,33,49523,0.203,702,1.7,55768,36,1,0.013,Marmara,Maasli,Lise,Ipotekli,Konut,iOS,22,1
CUST-00128,37,77724,0.236,652,13.8,14133,24,0,0.633,Akdeniz,Maasli,Lise,Kiraci,Saglik,Android,20,0
CUST-00129,45,51667,0.083,661,22.7,14077,120,1,0.633,Karadeniz,Sozlesmeli,Lise,Kiraci,Ihtiyac,iOS,20,0
CUST-00130,35,36824,0.261,683,0.0,16613,48,5,0.574,Marmara,Issiz,Lisans,Kiraci,Tasit,Android,10,0
CUST-00131,41,61157,0.288,675,15.7,22428,36,0,0.631,Marmara,Maasli,Yuksek Lisans,Kiraci,Ihtiyac,Android,11,0
CUST-00132,34,68571,0.403,572,4.1,30542,36,2,0.459,Ege,Emekli,Lise,Kiraci,Borc Birlestirme,Android,10,1
CUST-00133,51,61825,0.272,660,1.3,22379,60,1,0.000,Karadeniz,Maasli,Lisans,Ev Sahibi,Borc Birlestirme,iOS,20,0
CUST-00134,34,24688,0.486,685,15.2,12586,84,2,0.745,Karadeniz,Sozlesmeli,Onlisans,Ev Sahibi,Borc Birlestirme,Android,7,1
CUST-00135,53,68156,0.108,604,0.7,20431,36,2,0.604,Karadeniz,Serbest,Onlisans,Ev Sahibi,Ihtiyac,Android,8,1
CUST-00136,38,139527,0.326,705,11.6,54603,120,3,0.208,Marmara,Serbest,Lisans,Ipotekli,Saglik,Web,23,0
CUST-00137,18,33285,0.307,579,2.7,17863,60,1,0.336,Dogu Anadolu,Maasli,Lise,Kiraci,Borc Birlestirme,Android,12,0
CUST-00138,47,78894,0.020,647,16.0,24994,36,0,0.179,Ic Anadolu,Maasli,Yuksek Lisans,Ev Sahibi,Saglik,Android,7,0
CUST-00139,45,31555,0.125,758,14.7,5379,36,0,0.403,Ic Anadolu,Emekli,Lisans,Ipotekli,Ihtiyac,Android,19,0
CUST-00140,47,39826,0.387,730,22.1,25308,24,3,0.917,Ic Anadolu,Maasli,Lise,Kiraci,Tasit,iOS,1,1
CUST-00141,43,53361,0.438,626,23.2,17207,24,0,0.378,Ic Anadolu,Maasli,Yuksek Lisans,Ipotekli,Egitim,Android,6,0
CUST-00142,49,136476,0.434,713,28.8,57508,24,24,1.690,Marmara,Serbest,Doktora,Ev Sahibi,Is Kurma,Android,9,1
CUST-00143,28,,0.087,,8.5,28680,36,,0.142,Karadeniz,Serbest,Lisans,Ev Sahibi,Konut,Web,22,0
CUST-00144,49,58509,0.298,600,14.1,8160,36,2,0.345,Guneydogu Anadolu,Serbest,Lisans,Kiraci,Egitim,Android,0,0
CUST-00145,56,33169,0.514,657,4.7,14885,36,2,0.542,Marmara,Sozlesmeli,Lise,Ipotekli,Tasit,iOS,16,0
CUST-00146,50,121598,0.148,635,6.5,66208,48,0,0.436,Karadeniz,Maasli,Yuksek Lisans,Kiraci,Ihtiyac,iOS,8,0
CUST-00147,30,29780,0.453,626,,10186,60,2,0.420,Marmara,,Onlisans,Kiraci,Ihtiyac,iOS,5,0
CUST-00148,63,69855,0.272,716,39.7,31458,24,4,0.833,Ege,Maasli,Lisans,Aile Yaninda,Ihtiyac,Web,20,0
CUST-00149,44,66442,0.020,665,1.7,40443,36,3,0.107,Marmara,Serbest,Lisans,Aile Yaninda,Borc Birlestirme,Android,3,0
CUST-00150,33,31230,0.415,690,8.0,7379,12,2,0.130,Ic Anadolu,Maasli,Lisans,Ev Sahibi,Borc Birlestirme,iOS,20,1
CUST-00151,36,71260,0.142,629,16.1,40905,12,0,0.326,Marmara,Maasli,,Kiraci,Tasit,Android,18,0
CUST-00152,36,85681,0.020,651,2.6,53055,48,3,0.374,Ic Anadolu,Emekli,Yuksek Lisans,Aile Yaninda,Ihtiyac,Android,10,0
CUST-00153,53,107827,0.629,,13.4,40142,60,3,0.985,Marmara,Maasli,Yuksek Lisans,Ipotekli,Saglik,Android,6,0
CUST-00154,55,39670,0.230,651,0.0,21117,60,5,0.831,Ic Anadolu,Issiz,Onlisans,Ev Sahibi,Ihtiyac,Android,10,1
CUST-00155,24,53954,0.145,634,0.0,6825,120,4,0.390,Akdeniz,Issiz,Lisans,Kiraci,Borc Birlestirme,iOS,18,1
CUST-00156,44,41676,0.567,677,3.9,21144,60,1,0.364,Marmara,Maasli,Lise,Ipotekli,Borc Birlestirme,,21,1
CUST-00157,30,62136,0.499,669,5.9,12072,24,3,0.634,Guneydogu Anadolu,Sozlesmeli,Lise,Ipotekli,Ihtiyac,iOS,17,0
CUST-00158,34,176259,0.407,642,4.9,99411,48,2,0.109,Ege,Maasli,Lisans,,Tasit,Android,7,0
CUST-00159,20,47246,0.322,629,2.1,21074,120,1,0.428,Karadeniz,Serbest,Lise,Kiraci,Tasit,Android,5,0
CUST-00160,37,34726,0.373,649,3.1,7740,12,1,0.392,Karadeniz,Serbest,Lisans,Kiraci,Ihtiyac,Android,6,0
CUST-00161,18,98677,0.322,603,0.0,49579,36,1,0.164,Ic Anadolu,Maasli,Yuksek Lisans,Kiraci,Is Kurma,Android,22,0
CUST-00162,42,114993,0.322,650,8.7,64773,36,1,0.165,Ic Anadolu,Maasli,Yuksek Lisans,Aile Yaninda,Saglik,iOS,0,0
CUST-00163,54,37041,0.345,660,16.0,7856,36,0,0.392,Akdeniz,Maasli,Yuksek Lisans,Kiraci,Ihtiyac,iOS,12,0
CUST-00164,36,59409,0.304,702,0.0,22208,36,0,0.217,Ege,Maasli,Onlisans,Aile Yaninda,Saglik,Android,5,0
CUST-00165,42,25456,0.423,670,24.2,8507,36,2,0.142,Akdeniz,Maasli,Lise,Kiraci,Ihtiyac,Android,15,0
CUST-00166,35,41126,0.270,674,0.0,19527,24,3,0.565,Akdeniz,Maasli,Lise,Kiraci,Tasit,iOS,22,0
CUST-00167,25,66871,0.664,587,2.3,41516,60,2,0.389,Karadeniz,Maasli,Lisans,Ipotekli,Ihtiyac,Web,17,1
CUST-00168,23,38682,0.238,651,3.2,9318,36,3,0.369,Ic Anadolu,Serbest,Onlisans,Aile Yaninda,Tasit,Android,8,0
CUST-00169,51,116157,0.337,695,22.0,58052,48,2,0.337,Ege,Serbest,Lisans,Ipotekli,Is Kurma,Android,16,0
CUST-00170,63,85565,0.114,660,39.6,31096,36,2,0.277,Dogu Anadolu,Maasli,Onlisans,Ev Sahibi,Ihtiyac,Web,12,0
CUST-00171,54,32065,0.343,691,30.1,8870,24,,0.507,Marmara,Maasli,Lise,Ev Sahibi,Ihtiyac,Android,17,0
CUST-00172,18,56517,0.432,695,0.0,51353,60,0,0.378,Ic Anadolu,Maasli,Lise,Ipotekli,Konut,Android,9,0
CUST-00173,42,88923,0.335,711,,22909,60,0,0.284,Dogu Anadolu,Maasli,Lisans,Ipotekli,Is Kurma,iOS,7,0
CUST-00174,64,107850,0.080,608,6.4,60617,36,0,0.379,Marmara,Maasli,Yuksek Lisans,Ev Sahibi,Tasit,Android,8,0
CUST-00175,28,57242,0.148,660,3.6,22435,84,4,0.252,Marmara,Maasli,Lise,Ipotekli,Tasit,Android,20,0
CUST-00176,40,42221,0.190,641,2.6,7902,84,1,0.076,Ic Anadolu,Serbest,Lise,Kiraci,Ihtiyac,Android,6,0
CUST-00177,40,32766,0.481,701,16.2,14230,48,1,0.071,Marmara,Maasli,Lise,Kiraci,Ihtiyac,Web,13,0
CUST-00178,61,,0.558,680,0.0,41778,36,7,0.919,Guneydogu Anadolu,Issiz,Lise,Kiraci,Ihtiyac,Android,19,1
CUST-00179,31,74839,0.445,720,9.9,26508,48,2,0.266,Ege,,Yuksek Lisans,,Egitim,Web,1,1
CUST-00180,53,,0.556,676,25.1,66281,36,0,0.462,Ic Anadolu,Maasli,Yuksek Lisans,Ipotekli,Tasit,iOS,11,0
CUST-00181,56,97625,0.331,654,8.5,48730,24,0,0.370,Karadeniz,Maasli,Yuksek Lisans,Kiraci,Ihtiyac,Android,18,0
CUST-00182,40,46921,0.427,592,12.0,17597,12,2,0.534,Ege,Sozlesmeli,Lisans,Ev Sahibi,Borc Birlestirme,Android,11,0
CUST-00183,52,69736,,681,25.8,12805,48,3,0.509,Ege,Maasli,Onlisans,Ev Sahibi,Borc Birlestirme,,0,0
CUST-00184,36,35989,0.144,686,12.8,5575,24,0,0.279,Marmara,Maasli,Lise,Ev Sahibi,Ihtiyac,Android,9,0
CUST-00185,34,36860,0.316,685,6.0,5000,60,2,0.321,Marmara,Maasli,Onlisans,Aile Yaninda,Ihtiyac,Web,20,0
CUST-00186,29,85913,0.291,658,10.3,23639,24,0,0.414,Ege,Maasli,Yuksek Lisans,Ipotekli,Saglik,Web,4,0
CUST-00187,42,73475,0.050,661,16.6,26122,48,3,0.442,Ege,Sozlesmeli,Lisans,Kiraci,Tasit,iOS,5,0
CUST-00188,44,118893,0.318,661,12.3,31912,48,0,0.219,Ege,Maasli,Lisans,Kiraci,Saglik,Web,16,0
CUST-00189,34,77246,0.201,629,2.0,13620,120,0,0.485,Ic Anadolu,Sozlesmeli,Yuksek Lisans,Aile Yaninda,Saglik,Android,0,0
CUST-00190,37,65253,0.157,578,0.0,19546,36,2,0.482,Ic Anadolu,Maasli,Lise,Kiraci,Tasit,iOS,4,0
CUST-00191,42,50955,,644,7.6,17754,120,1,0.302,Dogu Anadolu,Sozlesmeli,Lise,Kiraci,Borc Birlestirme,Web,2,0
CUST-00192,57,78638,0.449,669,22.1,12435,60,4,,Marmara,Sozlesmeli,Lisans,Ev Sahibi,Saglik,iOS,0,0
CUST-00193,36,31994,0.422,651,8.1,34204,36,1,0.218,Marmara,Serbest,Yuksek Lisans,Ipotekli,Konut,Android,10,1
CUST-00194,18,70915,0.423,631,0.0,41060,36,4,0.613,Ic Anadolu,Issiz,Yuksek Lisans,Aile Yaninda,Tasit,Android,22,1
CUST-00195,42,84224,0.532,642,4.6,30543,36,,0.693,Dogu Anadolu,Sozlesmeli,Lisans,Ev Sahibi,Saglik,Web,8,0
CUST-00196,37,114626,0.148,629,11.3,37294,24,0,0.023,Ic Anadolu,Maasli,Lisans,Kiraci,Borc Birlestirme,iOS,13,0
CUST-00197,18,47299,0.115,656,1.1,14455,36,2,0.000,Marmara,Maasli,Lisans,Ev Sahibi,Borc Birlestirme,Web,2,0
CUST-00198,46,55025,0.435,649,21.9,28110,60,3,0.459,Akdeniz,Maasli,Lise,Ev Sahibi,Borc Birlestirme,Web,8,0
CUST-00199,24,57642,0.533,584,0.6,32030,24,1,0.590,Guneydogu Anadolu,Serbest,Yuksek Lisans,,Tasit,iOS,2,0
CUST-00200,27,42259,0.194,695,0.0,15050,36,4,0.547,Ic Anadolu,Issiz,Lisans,Ev Sahibi,Ihtiyac,iOS,12,0
CUST-00201,41,43803,0.273,630,7.0,10256,36,0,0.000,Ic Anadolu,Maasli,Lisans,Ev Sahibi,Borc Birlestirme,Android,16,0
CUST-00202,18,19047,0.322,605,0.0,5000,36,3,0.261,Ic Anadolu,Maasli,Onlisans,Ipotekli,Ihtiyac,Android,0,0
CUST-00203,28,48805,0.304,668,7.8,25039,36,2,0.052,Marmara,Maasli,Lisans,Ipotekli,Ihtiyac,Android,2,0
CUST-00204,39,55074,0.146,681,12.2,33114,12,1,0.000,Marmara,Serbest,Lise,Aile Yaninda,Is Kurma,Android,0,0
CUST-00205,53,33182,0.277,,23.4,19477,36,1,0.153,Marmara,Serbest,Lise,Kiraci,Is Kurma,iOS,1,0
CUST-00206,56,68646,0.190,670,18.3,9583,84,1,0.358,Guneydogu Anadolu,Serbest,Yuksek Lisans,Kiraci,Is Kurma,iOS,8,0
CUST-00207,39,51310,0.126,631,3.5,22831,48,1,0.309,Akdeniz,Maasli,Lisans,,Ihtiyac,iOS,1,0
CUST-00208,20,90325,0.498,662,0.9,38688,36,2,0.584,Ege,Serbest,Yuksek Lisans,Ev Sahibi,Ihtiyac,Android,23,0
CUST-00209,41,37107,0.278,,12.0,5926,12,,0.460,Ege,Sozlesmeli,Yuksek Lisans,Kiraci,Borc Birlestirme,iOS,22,0
CUST-00210,32,45573,0.122,635,8.2,23779,60,3,0.193,Ic Anadolu,Sozlesmeli,Lisans,Ev Sahibi,Borc Birlestirme,iOS,4,1
CUST-00211,56,163295,0.272,696,19.9,29436,12,3,0.065,Akdeniz,Serbest,Yuksek Lisans,Ev Sahibi,Ihtiyac,Android,15,0
CUST-00212,18,32697,0.290,694,0.0,18475,60,1,0.337,Dogu Anadolu,Maasli,Lise,Ev Sahibi,Konut,iOS,13,0
CUST-00213,43,86307,0.323,617,12.6,50444,48,1,0.290,Ic Anadolu,Serbest,Lisans,Ipotekli,Saglik,Web,15,0
CUST-00214,37,55871,0.251,725,18.3,30472,120,1,0.042,Guneydogu Anadolu,Maasli,Lisans,Ipotekli,Ihtiyac,Web,3,0
CUST-00215,20,186787,0.100,665,0.0,61909,48,1,0.082,Marmara,Maasli,Yuksek Lisans,Kiraci,Tasit,Android,17,0
CUST-00216,54,79337,0.216,687,20.6,43392,12,4,1.016,Karadeniz,Sozlesmeli,Yuksek Lisans,Kiraci,Is Kurma,iOS,6,0
CUST-00217,48,75488,0.477,661,7.8,11632,36,2,0.379,Ic Anadolu,Emekli,Lise,Ev Sahibi,Borc Birlestirme,iOS,4,1
CUST-00218,24,35845,0.221,701,1.8,20106,36,0,0.356,Akdeniz,Serbest,Onlisans,Ipotekli,Borc Birlestirme,Web,23,0
CUST-00219,45,56313,0.261,605,6.6,14169,84,1,0.234,Ege,Serbest,Lisans,Ev Sahibi,Tasit,Android,22,0
CUST-00220,45,64879,0.224,637,23.0,15532,84,3,0.353,Guneydogu Anadolu,Maasli,Yuksek Lisans,Kiraci,Saglik,iOS,16,0
CUST-00221,18,90492,0.346,615,0.0,52665,36,0,0.626,Marmara,Sozlesmeli,Yuksek Lisans,Kiraci,Ihtiyac,iOS,9,0
CUST-00222,21,19675,0.236,676,0.0,8645,12,4,0.660,Marmara,Sozlesmeli,Onlisans,Ipotekli,Tasit,Android,15,0
CUST-00223,41,48447,0.047,685,19.6,30739,60,0,0.248,Ege,Maasli,Onlisans,Kiraci,Ihtiyac,Android,15,0
CUST-00224,42,76562,0.156,664,23.4,30288,24,1,0.244,Ege,Maasli,Lisans,Ev Sahibi,Tasit,Android,15,0
CUST-00225,30,56133,0.469,687,1.6,13595,36,3,0.206,Marmara,Emekli,Lisans,Ipotekli,Ihtiyac,Web,14,0
CUST-00226,39,44983,0.175,663,11.9,27556,60,19,2.418,Ic Anadolu,Serbest,Lisans,Ipotekli,Tasit,Web,8,1
CUST-00227,35,34628,0.245,651,2.9,20421,36,1,0.651,Marmara,Maasli,Lise,Kiraci,Ihtiyac,Android,16,0
CUST-00228,29,32846,0.302,651,3.3,15675,12,1,,Ege,Maasli,Lisans,Ev Sahibi,Konut,iOS,10,0
CUST-00229,32,38299,0.277,684,8.4,5224,36,3,0.416,Ic Anadolu,Serbest,Lise,Ev Sahibi,Borc Birlestirme,Android,20,0
CUST-00230,53,89248,0.453,684,6.2,33080,24,2,0.436,Marmara,Sozlesmeli,Lise,Kiraci,Ihtiyac,Web,9,0
CUST-00231,59,51838,0.145,692,33.4,38807,24,2,0.276,Guneydogu Anadolu,Maasli,Lise,Kiraci,Konut,iOS,15,0
CUST-00232,39,44477,0.317,691,14.7,17461,84,0,,Guneydogu Anadolu,Serbest,Onlisans,Aile Yaninda,Is Kurma,iOS,23,0
CUST-00233,33,41860,0.154,669,7.9,15595,36,2,,Ege,Serbest,Onlisans,Kiraci,Saglik,Android,5,0
CUST-00234,20,73826,0.280,608,0.0,32211,24,4,0.000,Marmara,Maasli,Lisans,Kiraci,Borc Birlestirme,iOS,2,0
CUST-00235,50,65398,0.153,704,24.5,30557,12,0,0.040,Akdeniz,Maasli,Onlisans,Ev Sahibi,Saglik,Android,4,0
CUST-00236,54,96569,0.353,,28.1,37063,24,3,0.501,Akdeniz,Maasli,Yuksek Lisans,Kiraci,Konut,Android,7,0
CUST-00237,36,51015,0.407,585,6.5,20088,24,2,0.204,Dogu Anadolu,Serbest,Lisans,Kiraci,Ihtiyac,Android,0,0
CUST-00238,31,51432,0.370,699,2.3,20125,36,1,0.292,Marmara,Maasli,Lisans,Ev Sahibi,Borc Birlestirme,Android,12,0
CUST-00239,53,76703,0.340,690,24.1,40604,48,2,0.190,Karadeniz,Maasli,Lisans,Ev Sahibi,Borc Birlestirme,Android,20,0
CUST-00240,19,151308,0.510,642,4.2,62820,60,3,0.196,Karadeniz,Maasli,Yuksek Lisans,Kiraci,Ihtiyac,iOS,9,0
CUST-00241,54,79440,0.523,693,26.2,26347,12,2,0.353,Marmara,Maasli,Doktora,Ipotekli,Is Kurma,Android,19,0
CUST-00242,43,43907,0.238,757,9.2,10146,60,3,0.404,Ege,Emekli,Lise,Kiraci,Borc Birlestirme,iOS,1,0
CUST-00243,65,56983,0.240,681,19.5,25703,48,0,0.170,Marmara,Serbest,Yuksek Lisans,Ipotekli,Ihtiyac,iOS,21,0
CUST-00244,22,29627,0.429,671,2.6,15201,48,3,0.607,Guneydogu Anadolu,Maasli,Onlisans,,Ihtiyac,Android,13,0
CUST-00245,32,67370,0.370,680,5.3,11009,24,2,0.265,Akdeniz,Maasli,Lisans,Aile Yaninda,Borc Birlestirme,Web,2,0
CUST-00246,32,46529,0.116,612,7.4,26838,24,2,0.027,Marmara,Maasli,Onlisans,Kiraci,Borc Birlestirme,Android,11,0
CUST-00247,36,45937,0.194,593,5.7,23996,12,1,0.460,Ic Anadolu,Maasli,Lisans,Kiraci,Borc Birlestirme,Android,10,0
CUST-00248,37,84375,0.467,675,7.2,41519,60,3,0.592,Ic Anadolu,Emekli,Lisans,Kiraci,Tasit,Web,10,0
CUST-00249,40,51765,0.167,691,12.8,12004,60,4,0.070,Akdeniz,Maasli,Lisans,Ev Sahibi,Tasit,Web,3,0
CUST-00250,18,89605,0.594,567,0.4,53335,60,4,0.640,Guneydogu Anadolu,Serbest,Yuksek Lisans,Ipotekli,Ihtiyac,Web,19,0
CUST-00251,62,103991,0.160,722,3.3,37321,84,1,0.009,Dogu Anadolu,Maasli,Lisans,Kiraci,Ihtiyac,iOS,11,0
CUST-00252,53,92685,0.247,669,16.7,44649,36,3,0.437,Marmara,Serbest,Yuksek Lisans,Ipotekli,Borc Birlestirme,Android,1,0
CUST-00253,34,72281,0.206,611,0.3,14857,24,3,0.395,Ic Anadolu,Maasli,Lise,Kiraci,Egitim,Android,2,0
CUST-00254,35,41198,0.619,646,17.6,24664,60,4,0.481,Akdeniz,Sozlesmeli,Lise,Ipotekli,Ihtiyac,Android,12,0
CUST-00255,42,44767,0.401,637,18.2,20680,48,0,0.550,Ic Anadolu,Maasli,Onlisans,Kiraci,Borc Birlestirme,iOS,19,0
CUST-00256,52,92102,0.549,615,18.7,18165,48,,0.498,Dogu Anadolu,Serbest,Lisans,Ev Sahibi,Tasit,Android,17,0
CUST-00257,51,90465,0.084,656,24.5,127070,12,0,0.154,Marmara,Maasli,Yuksek Lisans,Ev Sahibi,Konut,iOS,22,0
CUST-00258,31,32784,0.109,626,0.0,15906,36,1,0.553,Akdeniz,Maasli,Onlisans,Ev Sahibi,Ihtiyac,Android,5,0
CUST-00259,47,73304,0.614,664,0.0,30835,120,6,0.901,Dogu Anadolu,Issiz,Onlisans,Kiraci,Tasit,Web,17,0
CUST-00260,41,23999,0.525,644,16.4,17248,60,2,0.311,Akdeniz,Serbest,Lisans,Kiraci,Konut,iOS,14,0
CUST-00261,27,41517,0.319,682,,5545,24,0,0.497,Akdeniz,Maasli,Onlisans,Ev Sahibi,Is Kurma,iOS,3,0
CUST-00262,46,107805,0.255,652,26.0,38541,24,3,0.650,Marmara,Maasli,Lisans,Kiraci,Egitim,Android,6,1
CUST-00263,53,103609,0.458,642,16.8,39063,24,0,0.429,Marmara,Serbest,Yuksek Lisans,Kiraci,Is Kurma,Android,3,0
CUST-00264,32,20735,0.364,626,15.4,5854,48,0,0.191,Marmara,Maasli,Lise,Ipotekli,Is Kurma,Web,1,0
CUST-00265,42,61216,0.136,703,12.4,9635,120,0,0.577,Karadeniz,Maasli,Lise,Ev Sahibi,Borc Birlestirme,Android,6,0
CUST-00266,18,59304,0.035,611,0.9,25751,120,4,0.328,Marmara,Maasli,Lisans,Kiraci,Borc Birlestirme,iOS,4,0
CUST-00267,23,43510,0.331,629,2.9,8702,12,2,0.324,Guneydogu Anadolu,Maasli,Lise,Kiraci,Saglik,Web,21,0
CUST-00268,34,24895,0.542,644,4.8,5387,60,4,0.466,Marmara,Sozlesmeli,Lise,Kiraci,Ihtiyac,Web,18,1
CUST-00269,41,96874,0.407,702,21.4,24374,12,2,0.452,Karadeniz,Maasli,Onlisans,Ipotekli,Borc Birlestirme,Android,4,0
CUST-00270,47,53279,0.438,639,0.0,12260,24,2,0.497,Marmara,Issiz,Onlisans,Kiraci,Ihtiyac,Web,22,0
CUST-00271,37,62046,0.305,616,5.3,22306,60,1,0.603,Marmara,Maasli,Onlisans,Kiraci,Ihtiyac,Android,7,0
CUST-00272,35,94923,0.319,603,0.0,35644,24,4,0.659,Akdeniz,Issiz,Lisans,Ipotekli,Ihtiyac,Android,3,0
CUST-00273,42,29124,0.379,685,,7514,24,3,0.756,Marmara,Maasli,Lisans,Kiraci,Saglik,Android,8,0
CUST-00274,40,74612,0.162,687,18.0,18404,120,1,0.510,Ic Anadolu,Maasli,Onlisans,Ipotekli,Saglik,iOS,18,0
CUST-00275,34,43158,,629,2.7,27070,48,0,0.330,Marmara,Maasli,Lise,Ev Sahibi,Saglik,Web,15,0
CUST-00276,35,33890,0.393,681,,9587,36,1,0.294,Karadeniz,Maasli,Onlisans,Ev Sahibi,Ihtiyac,Android,20,0
CUST-00277,33,42492,0.176,665,3.3,15802,48,2,0.232,Karadeniz,Emekli,Lise,Ev Sahibi,Is Kurma,Android,2,0
CUST-00278,63,24155,0.349,644,9.8,12019,36,1,0.539,Guneydogu Anadolu,Maasli,Lise,Ev Sahibi,Borc Birlestirme,iOS,4,0
CUST-00279,30,32082,0.020,670,,11903,36,1,0.622,Marmara,Emekli,Lise,Kiraci,Egitim,Android,8,0
CUST-00280,46,33866,0.120,649,0.3,6976,12,1,0.516,Ege,Serbest,Lisans,Kiraci,Is Kurma,Android,15,0
CUST-00281,20,33484,0.255,657,0.9,12276,24,0,0.577,Akdeniz,Maasli,Lisans,Kiraci,Is Kurma,Android,10,0
CUST-00282,24,46187,0.379,624,0.0,15560,60,6,0.560,Marmara,Issiz,Lisans,Ipotekli,Saglik,Android,7,0
CUST-00283,48,33770,0.246,673,,10931,36,2,0.438,Marmara,Serbest,Lise,Ev Sahibi,Borc Birlestirme,Android,14,0
CUST-00284,28,56819,0.299,655,3.1,26289,36,2,0.291,Marmara,Serbest,Lisans,Ev Sahibi,Ihtiyac,iOS,4,0
CUST-00285,35,53949,0.147,605,10.8,11872,24,2,0.745,Ic Anadolu,Maasli,Lisans,Ev Sahibi,Borc Birlestirme,iOS,10,0
CUST-00286,22,51701,0.261,,6.5,22022,60,3,0.744,Ic Anadolu,Sozlesmeli,Lisans,Kiraci,Ihtiyac,Android,15,0
CUST-00287,25,50216,0.592,637,3.5,28203,12,2,0.507,Marmara,Sozlesmeli,Lisans,Kiraci,Borc Birlestirme,iOS,9,0
CUST-00288,30,120920,,613,10.2,44651,24,2,0.257,Ege,Serbest,Lisans,Ev Sahibi,Is Kurma,Web,17,0
CUST-00289,40,47509,0.473,617,0.0,17306,120,6,0.826,Guneydogu Anadolu,Issiz,Lisans,Aile Yaninda,Egitim,Web,1,1
CUST-00290,50,41336,0.346,677,17.0,12914,36,1,0.506,Karadeniz,Maasli,Lise,Kiraci,Ihtiyac,iOS,9,1
CUST-00291,42,58635,0.382,618,20.0,32571,84,1,0.565,Akdeniz,Maasli,Yuksek Lisans,Kiraci,Is Kurma,Android,23,0
CUST-00292,19,40460,0.236,668,0.0,10108,36,1,0.593,Ic Anadolu,Maasli,Yuksek Lisans,Ev Sahibi,Tasit,Web,10,0
CUST-00293,48,119031,0.197,642,14.2,72827,60,0,0.363,Marmara,Maasli,Lise,Ipotekli,Egitim,Android,16,0
CUST-00294,45,126404,0.486,650,8.2,60484,12,3,0.236,Akdeniz,Maasli,Lisans,Ev Sahibi,Ihtiyac,iOS,10,0
CUST-00295,51,137282,0.291,729,12.2,30307,48,2,0.642,Karadeniz,Serbest,Onlisans,Ev Sahibi,Egitim,Android,20,1
CUST-00296,32,37286,0.201,633,11.1,18237,24,0,0.547,Akdeniz,Maasli,Onlisans,Ev Sahibi,Borc Birlestirme,Android,18,0
CUST-00297,33,19363,0.334,680,9.4,9136,60,1,0.130,Marmara,Maasli,Onlisans,Kiraci,Borc Birlestirme,Android,21,1
CUST-00298,47,46706,0.379,624,24.4,16147,48,0,0.247,Marmara,Maasli,Lise,Ev Sahibi,Ihtiyac,Android,0,0
CUST-00299,21,66069,0.564,650,,42231,60,1,0.619,Marmara,Maasli,Yuksek Lisans,Kiraci,Egitim,Android,5,1
CUST-00300,65,34882,0.610,676,0.0,7746,60,7,0.803,Karadeniz,Issiz,Lise,Ipotekli,Ihtiyac,,3,1
CUST-00301,40,59984,0.481,630,2.1,29675,48,2,0.583,Guneydogu Anadolu,Maasli,Lise,Aile Yaninda,Egitim,Web,4,1
CUST-00302,44,55585,0.439,686,14.5,31495,48,1,0.101,Akdeniz,Maasli,Yuksek Lisans,Aile Yaninda,Tasit,Android,4,0
CUST-00303,58,54582,,672,24.9,24424,60,1,0.403,Marmara,Maasli,Onlisans,Ipotekli,Tasit,Android,6,0
CUST-00304,43,60925,0.347,650,11.4,25054,48,4,0.649,Guneydogu Anadolu,Emekli,Lisans,Kiraci,Ihtiyac,Android,13,1
CUST-00305,37,54335,0.178,639,3.3,9585,24,2,0.551,Akdeniz,Sozlesmeli,Lisans,Ipotekli,Tasit,Android,19,0
CUST-00306,53,53690,0.085,643,17.9,31628,24,2,0.413,Ic Anadolu,Serbest,Onlisans,Aile Yaninda,Ihtiyac,iOS,13,1
CUST-00307,45,54356,,621,10.7,28710,48,3,0.363,Marmara,Sozlesmeli,Yuksek Lisans,Kiraci,Tasit,Web,2,0
CUST-00308,33,48470,0.120,703,2.7,22948,60,1,0.431,Marmara,Maasli,Lisans,Ev Sahibi,Is Kurma,iOS,4,0
CUST-00309,52,36045,0.165,659,2.1,9219,36,0,0.301,Ege,Emekli,,Ev Sahibi,Borc Birlestirme,iOS,22,0
CUST-00310,21,60534,0.224,667,1.2,21192,84,1,0.614,Marmara,Maasli,Lisans,Ipotekli,Ihtiyac,iOS,21,0
CUST-00311,33,76774,0.583,706,6.1,79530,60,1,0.207,Akdeniz,Emekli,Lisans,Kiraci,Konut,iOS,17,0
CUST-00312,25,26491,0.352,639,0.0,15162,48,4,0.446,Marmara,Issiz,Onlisans,Kiraci,Borc Birlestirme,Android,20,1
CUST-00313,49,51293,0.532,622,15.3,8066,84,4,0.527,Marmara,Maasli,Yuksek Lisans,Kiraci,Tasit,Web,4,0
CUST-00314,40,68969,0.099,625,0.0,29709,36,7,0.627,Marmara,Issiz,Lisans,Ev Sahibi,Ihtiyac,Android,19,0
CUST-00315,45,62733,0.180,667,23.7,21964,84,0,0.569,Guneydogu Anadolu,Maasli,Lise,Ev Sahibi,Tasit,Web,1,0
CUST-00316,38,146129,0.450,602,0.0,47702,60,2,0.713,Ege,Issiz,Yuksek Lisans,Kiraci,Saglik,iOS,1,1
CUST-00317,37,47657,0.557,668,9.3,14545,60,1,0.201,Akdeniz,Maasli,Lisans,Ev Sahibi,Ihtiyac,Android,21,0
CUST-00318,48,50566,0.343,646,12.5,26952,36,0,0.617,Ic Anadolu,Maasli,Lise,Aile Yaninda,Ihtiyac,Android,13,0
CUST-00319,41,67276,0.440,657,6.9,74214,48,2,0.460,Ic Anadolu,Sozlesmeli,Lisans,Kiraci,Konut,Android,18,0
CUST-00320,51,59917,0.078,659,20.2,37261,60,1,0.014,Dogu Anadolu,Maasli,Yuksek Lisans,,Tasit,Web,7,0
CUST-00321,21,26147,0.258,675,0.9,13080,12,0,0.000,Marmara,Maasli,Yuksek Lisans,Ev Sahibi,Tasit,Android,23,0
CUST-00322,44,62036,0.050,663,5.2,22560,24,1,0.361,Marmara,Emekli,Lisans,Kiraci,Borc Birlestirme,Web,9,0
CUST-00323,29,60911,0.185,738,10.6,26811,60,2,0.549,Marmara,Emekli,Lisans,Ipotekli,Egitim,Web,12,0
CUST-00324,31,89883,0.163,603,0.0,18046,36,8,1.180,Ic Anadolu,Issiz,Lise,Kiraci,Borc Birlestirme,iOS,17,1
CUST-00325,40,63022,0.415,692,14.3,28003,24,1,0.309,Ege,Maasli,Lise,Ipotekli,Is Kurma,iOS,8,0
CUST-00326,60,59476,0.066,671,22.8,11867,24,1,0.000,Karadeniz,Maasli,Lise,Kiraci,Borc Birlestirme,iOS,15,0
CUST-00327,37,24854,,659,4.0,7287,36,1,0.387,Ege,Maasli,Lise,Kiraci,Saglik,Web,20,0
CUST-00328,39,119490,0.173,662,12.5,30215,48,1,0.595,Ege,Maasli,Yuksek Lisans,Kiraci,Egitim,Android,3,0
CUST-00329,36,40361,0.293,585,0.0,21499,48,6,0.700,Guneydogu Anadolu,Issiz,Onlisans,Ipotekli,Ihtiyac,Web,15,1
CUST-00330,29,73444,0.215,653,,34495,120,3,0.453,Marmara,Sozlesmeli,Onlisans,Kiraci,Saglik,Android,13,0
CUST-00331,52,75317,0.221,633,3.2,41294,48,0,0.282,Ege,Serbest,Lise,Kiraci,Tasit,Web,21,0
CUST-00332,51,149471,0.542,645,0.0,87369,120,2,0.573,Ege,Maasli,Yuksek Lisans,Ipotekli,Ihtiyac,iOS,2,0
CUST-00333,39,65706,0.163,715,5.1,27326,48,1,0.365,Karadeniz,Maasli,Yuksek Lisans,Ev Sahibi,Borc Birlestirme,Android,3,0
CUST-00334,52,39286,0.401,682,13.8,20577,60,0,0.000,Guneydogu Anadolu,Maasli,Onlisans,Ev Sahibi,Borc Birlestirme,Android,13,0
CUST-00335,30,32786,0.334,655,2.1,11428,120,,0.209,Ege,Maasli,Onlisans,Kiraci,Ihtiyac,Android,1,0
CUST-00336,45,38870,0.324,778,14.0,45942,36,1,0.284,Akdeniz,Maasli,Onlisans,Kiraci,Konut,Android,0,1
CUST-00337,27,53860,0.397,643,7.6,15270,120,4,0.183,Ic Anadolu,Maasli,Lisans,Kiraci,Egitim,iOS,17,0
CUST-00338,26,62131,0.237,681,0.0,10320,36,6,0.791,Marmara,Issiz,Lise,Kiraci,Tasit,Android,14,0
CUST-00339,18,,0.613,624,0.0,22245,24,0,0.349,Marmara,Maasli,Yuksek Lisans,Ipotekli,Tasit,Android,15,0
CUST-00340,54,40848,0.207,652,24.9,13287,60,5,0.283,Marmara,Maasli,Lisans,Kiraci,Tasit,Android,3,0
CUST-00341,30,111822,0.269,671,2.7,88699,60,0,0.607,Ic Anadolu,Maasli,Doktora,Kiraci,Konut,Android,10,0
CUST-00342,49,84579,0.169,658,4.9,11482,48,,0.350,Marmara,Maasli,Yuksek Lisans,Kiraci,Tasit,,2,0
CUST-00343,18,35458,0.136,592,3.5,18111,84,1,0.746,Dogu Anadolu,,Lise,Ipotekli,Egitim,iOS,14,0
CUST-00344,56,30834,0.215,653,23.8,5239,36,3,0.601,Akdeniz,Maasli,Onlisans,Ev Sahibi,Borc Birlestirme,iOS,18,1
CUST-00345,21,46626,0.529,660,6.1,7305,36,0,0.334,Ic Anadolu,Maasli,Lisans,Ev Sahibi,Ihtiyac,Android,2,0
CUST-00346,28,110696,0.292,618,4.2,27793,120,1,0.339,Marmara,Maasli,Yuksek Lisans,Kiraci,Tasit,Android,23,1
CUST-00347,44,39035,0.304,715,19.0,7390,24,0,0.449,Marmara,Maasli,Lise,Ipotekli,Tasit,Android,7,0
CUST-00348,40,53144,0.546,641,8.1,27959,36,3,0.758,Marmara,Serbest,Lisans,Ev Sahibi,Is Kurma,Web,15,0
CUST-00349,43,43625,0.242,645,19.9,23532,12,3,,Ic Anadolu,Maasli,Onlisans,Kiraci,Borc Birlestirme,Android,9,0
CUST-00350,38,42610,0.275,701,18.4,19507,60,0,0.129,Ic Anadolu,Maasli,Lisans,Ipotekli,Is Kurma,iOS,10,0
CUST-00351,51,45422,0.204,663,31.5,9539,48,3,0.785,Dogu Anadolu,Serbest,,Ipotekli,Egitim,Android,1,0
CUST-00352,45,68251,0.383,620,0.0,18596,36,2,0.429,Karadeniz,Issiz,Lise,Ev Sahibi,Egitim,iOS,1,0
CUST-00353,34,35685,0.535,649,8.4,44042,24,0,0.693,Marmara,Maasli,Onlisans,Ipotekli,Konut,Web,7,0
CUST-00354,40,78800,0.220,635,6.7,10194,60,,0.279,Marmara,Maasli,Yuksek Lisans,Kiraci,Ihtiyac,Android,10,0
CUST-00355,32,64186,0.287,712,11.8,39336,48,1,0.175,Guneydogu Anadolu,Maasli,Onlisans,Ipotekli,Ihtiyac,Web,4,0
CUST-00356,43,78040,0.051,617,14.7,28762,36,1,0.295,Ic Anadolu,Serbest,Lisans,Kiraci,Ihtiyac,Android,17,0
CUST-00357,45,101314,0.390,666,2.4,17849,48,4,0.439,Ic Anadolu,Maasli,Lise,Ipotekli,Borc Birlestirme,Android,16,0
CUST-00358,63,101153,0.083,728,5.3,13263,24,3,0.423,Dogu Anadolu,Maasli,Lise,Kiraci,Egitim,Android,2,0
CUST-00359,19,31886,0.341,667,2.1,6704,36,0,0.000,Marmara,Maasli,Yuksek Lisans,Kiraci,Borc Birlestirme,iOS,10,1
CUST-00360,45,45475,0.020,728,25.9,15924,60,0,0.346,Akdeniz,Maasli,Lise,Ev Sahibi,Borc Birlestirme,Android,1,0
CUST-00361,51,39239,0.469,678,9.3,48149,24,4,0.403,Ic Anadolu,Maasli,Lise,Ev Sahibi,Konut,Android,1,0
CUST-00362,61,62490,0.163,627,25.2,33336,60,0,,Marmara,Maasli,Lise,Kiraci,Ihtiyac,Android,22,0
CUST-00363,18,33209,0.330,648,0.0,12190,12,2,0.468,Ic Anadolu,Maasli,Onlisans,Aile Yaninda,Ihtiyac,Android,13,0
CUST-00364,44,101250,0.309,613,4.6,22859,84,1,0.273,Marmara,Maasli,Lisans,Kiraci,Borc Birlestirme,Android,1,1
CUST-00365,43,52314,0.113,743,8.2,31125,24,0,0.285,Ic Anadolu,Maasli,Lise,Kiraci,Ihtiyac,iOS,18,0
CUST-00366,50,74466,0.487,664,19.6,35105,12,3,0.651,Guneydogu Anadolu,Maasli,Doktora,Ev Sahibi,Borc Birlestirme,Android,5,1
CUST-00367,39,42275,0.020,618,14.7,25021,36,1,0.498,Ic Anadolu,Serbest,Onlisans,Aile Yaninda,Konut,Android,9,0
CUST-00368,37,60794,0.638,,0.0,7738,24,9,0.792,Karadeniz,Issiz,Onlisans,Kiraci,Ihtiyac,Android,22,1
CUST-00369,32,63963,0.386,635,3.9,14285,48,2,0.096,Ege,Serbest,Lise,Ev Sahibi,Borc Birlestirme,Web,7,0
CUST-00370,45,110311,,648,5.9,65094,48,1,0.101,Ege,Maasli,Lisans,,Ihtiyac,iOS,20,0
CUST-00371,38,68417,0.172,603,0.0,14314,60,5,0.462,Ege,Issiz,Yuksek Lisans,Kiraci,Egitim,Android,1,0
CUST-00372,44,71587,0.287,640,23.5,21498,60,1,0.336,Karadeniz,Serbest,Lisans,Kiraci,Tasit,iOS,0,0
CUST-00373,61,131411,0.478,698,19.0,35107,36,2,0.099,Ic Anadolu,Maasli,Onlisans,Ipotekli,Ihtiyac,iOS,17,0
CUST-00374,72,90334,0.469,708,20.4,24088,48,2,0.687,Ic Anadolu,Maasli,,Ipotekli,Egitim,Android,1,0
CUST-00375,29,95435,0.428,636,9.1,17278,36,1,0.513,Karadeniz,Serbest,Lisans,Ipotekli,Borc Birlestirme,iOS,1,0
CUST-00376,36,44125,0.118,703,11.6,8457,36,2,0.320,Ege,Maasli,Lise,Ipotekli,Ihtiyac,Android,8,0
CUST-00377,26,57480,0.407,694,1.5,34795,48,3,0.025,Karadeniz,Maasli,Yuksek Lisans,Ev Sahibi,Is Kurma,Android,21,0
CUST-00378,40,59123,0.406,649,16.5,24427,36,2,0.467,Marmara,Maasli,Lisans,Ev Sahibi,Tasit,Web,8,0
CUST-00379,26,21385,0.252,642,6.6,6454,84,1,0.433,Marmara,Serbest,Onlisans,,Ihtiyac,iOS,0,0
CUST-00380,27,57576,0.309,650,4.5,13675,24,0,0.490,Marmara,Emekli,Lisans,Kiraci,Ihtiyac,iOS,7,0
CUST-00381,66,65904,0.201,681,24.4,30459,60,2,0.000,Ege,Maasli,Lise,Ev Sahibi,Is Kurma,iOS,20,0
CUST-00382,31,46669,0.228,577,8.6,8510,60,0,0.125,Marmara,Maasli,Onlisans,Kiraci,Ihtiyac,Web,2,0
CUST-00383,48,108737,0.020,740,5.7,20712,36,2,,Marmara,Sozlesmeli,Yuksek Lisans,Kiraci,Tasit,iOS,10,0
CUST-00384,47,68825,0.393,661,11.3,39837,36,3,0.000,Ic Anadolu,Sozlesmeli,Lisans,Ipotekli,Tasit,Android,0,0
CUST-00385,32,,0.147,,6.4,15027,24,,0.483,Marmara,Maasli,Lisans,Kiraci,Saglik,Web,1,0
CUST-00386,26,32387,0.234,634,3.7,5645,36,0,0.453,Dogu Anadolu,Maasli,Lisans,Kiraci,Ihtiyac,Android,16,0
CUST-00387,61,81316,0.378,725,8.1,68715,84,1,0.552,Marmara,Maasli,Lisans,Aile Yaninda,Konut,Android,5,0
CUST-00388,50,71759,0.446,607,1.0,32629,24,2,0.173,Karadeniz,Emekli,Lise,Kiraci,Egitim,Android,14,0
CUST-00389,56,63748,0.130,652,33.7,30726,84,2,0.215,Akdeniz,Serbest,Lise,Ev Sahibi,Ihtiyac,Android,9,0
CUST-00390,42,95847,0.339,684,16.1,58194,12,1,0.217,Akdeniz,Sozlesmeli,Lisans,Kiraci,Borc Birlestirme,Web,8,1
CUST-00391,45,48430,0.267,643,0.0,35933,48,3,0.469,Guneydogu Anadolu,Issiz,Yuksek Lisans,Ev Sahibi,Konut,Android,16,0
CUST-00392,22,71972,0.330,635,5.9,43602,120,2,0.118,Marmara,Serbest,Yuksek Lisans,Ipotekli,Ihtiyac,Android,4,1
CUST-00393,55,31757,0.204,695,29.1,17416,84,0,0.263,Ege,Maasli,Lise,Kiraci,Is Kurma,Web,17,0
CUST-00394,40,82372,0.364,648,11.4,47559,36,3,0.149,Marmara,Maasli,Yuksek Lisans,Ipotekli,Tasit,Web,16,0
CUST-00395,19,43705,0.253,598,1.8,15872,60,0,0.000,Marmara,Serbest,Lise,Aile Yaninda,Is Kurma,iOS,20,0
CUST-00396,55,37089,0.268,582,4.8,24291,84,2,0.421,Marmara,Maasli,Yuksek Lisans,Ev Sahibi,Konut,Web,7,0
CUST-00397,68,112969,0.497,639,0.0,42410,36,3,0.779,Marmara,Issiz,Onlisans,Ipotekli,Tasit,Web,1,0
CUST-00398,18,44363,0.462,575,1.3,23881,24,1,0.631,Akdeniz,Serbest,Onlisans,Kiraci,Borc Birlestirme,iOS,9,0
CUST-00399,29,33273,0.188,652,0.0,17289,48,,0.516,Ic Anadolu,Issiz,Lise,Ev Sahibi,Egitim,Android,2,0
CUST-00400,50,80406,0.341,736,31.6,18659,24,0,0.144,Ic Anadolu,Maasli,Yuksek Lisans,Kiraci,Ihtiyac,iOS,13,0
CUST-00401,24,66086,0.183,593,4.6,35538,84,0,0.667,Marmara,Maasli,Lisans,Ipotekli,Tasit,Android,22,0
CUST-00402,28,50425,0.235,602,4.6,15996,12,0,0.281,Karadeniz,Serbest,Lisans,Kiraci,Borc Birlestirme,,18,0
CUST-00403,25,20719,0.201,698,2.9,12447,24,2,0.370,Akdeniz,Maasli,,Kiraci,Tasit,Web,5,0
CUST-00404,35,33599,0.345,642,13.8,14040,36,3,0.151,Guneydogu Anadolu,Maasli,Lise,Kiraci,Konut,iOS,13,0
CUST-00405,56,49023,0.442,608,8.1,26571,84,2,0.269,Karadeniz,Sozlesmeli,Lise,Kiraci,Is Kurma,Android,2,1
CUST-00406,50,57482,0.487,687,26.9,8979,12,0,0.548,Ic Anadolu,Maasli,Lise,Ev Sahibi,Egitim,iOS,5,0
CUST-00407,40,52129,0.303,693,3.2,34766,36,2,0.312,Guneydogu Anadolu,Maasli,Yuksek Lisans,Kiraci,Konut,Web,0,0
CUST-00408,53,77806,0.330,650,11.5,19947,48,1,0.256,Dogu Anadolu,Serbest,,Ipotekli,Borc Birlestirme,iOS,18,0
CUST-00409,63,90937,0.357,690,35.0,20593,48,3,0.878,Ic Anadolu,Maasli,Yuksek Lisans,Ipotekli,Ihtiyac,Android,12,0
CUST-00410,31,61755,0.435,681,4.1,34443,60,0,0.463,Guneydogu Anadolu,Maasli,Yuksek Lisans,Ipotekli,Tasit,iOS,22,0
CUST-00411,22,50065,0.400,689,1.1,15388,36,,0.487,Karadeniz,Serbest,Lise,Ev Sahibi,Saglik,Android,12,0
CUST-00412,43,35059,0.695,683,22.2,14269,12,2,0.333,Marmara,Maasli,Onlisans,Ev Sahibi,Borc Birlestirme,iOS,5,1
CUST-00413,46,61237,0.109,655,27.7,29820,36,0,0.140,Ege,Maasli,Lisans,Ev Sahibi,Egitim,Web,4,0
CUST-00414,55,69552,0.219,637,35.0,43272,36,0,0.151,Marmara,Maasli,Lisans,Kiraci,Konut,Android,1,0
CUST-00415,23,36077,0.392,670,0.0,15315,36,0,0.398,Marmara,Maasli,Lisans,Kiraci,Tasit,Web,5,0
CUST-00416,46,105672,0.571,687,18.1,55812,36,6,0.781,Ic Anadolu,Maasli,Lise,Ev Sahibi,Tasit,Android,18,0
CUST-00417,35,52928,0.325,673,8.1,16407,36,2,0.504,Ege,Maasli,Lisans,Ev Sahibi,Tasit,Web,15,0
CUST-00418,50,73493,0.386,601,6.9,97502,12,0,0.457,Ege,Maasli,Onlisans,Ev Sahibi,Konut,iOS,18,0
CUST-00419,53,45276,0.581,675,12.2,28815,36,3,0.778,Guneydogu Anadolu,Maasli,Lise,Ipotekli,Ihtiyac,Web,1,0
CUST-00420,18,29573,0.553,654,0.4,12326,36,2,0.298,Ic Anadolu,Serbest,,Ipotekli,Ihtiyac,Web,9,0
CUST-00421,59,60846,0.281,697,7.0,25106,36,1,0.193,Dogu Anadolu,Maasli,Lisans,Kiraci,Tasit,Android,17,0
CUST-00422,26,41096,0.257,687,2.2,25508,36,3,0.357,Marmara,Maasli,Lisans,Ipotekli,Tasit,Web,3,0
CUST-00423,38,49362,0.167,633,3.0,28407,36,1,0.463,Karadeniz,Maasli,Lisans,Kiraci,Tasit,Android,12,0
CUST-00424,42,38784,0.413,654,12.5,58265,120,0,0.090,Marmara,Maasli,Onlisans,Aile Yaninda,Ihtiyac,Android,19,0
CUST-00425,55,60477,0.333,676,20.8,7413,120,2,0.353,Marmara,Maasli,Onlisans,Kiraci,Tasit,iOS,22,0
CUST-00426,30,52697,0.408,665,12.8,20482,60,0,0.109,Marmara,Maasli,Lisans,Ipotekli,Saglik,Web,7,0
CUST-00427,25,71040,0.310,621,0.8,40116,60,4,,Marmara,Maasli,Onlisans,Ipotekli,Borc Birlestirme,Android,8,0
CUST-00428,47,48776,0.169,669,22.7,15479,120,2,0.291,Marmara,Emekli,Lisans,Ipotekli,Egitim,Web,21,0
CUST-00429,30,26042,0.020,637,0.2,12975,60,0,0.597,Marmara,Maasli,Onlisans,Kiraci,Tasit,Android,0,0
CUST-00430,26,73635,0.020,697,8.6,28749,48,4,0.327,Marmara,Maasli,Yuksek Lisans,Ev Sahibi,Ihtiyac,Android,5,0
CUST-00431,32,30894,0.508,583,8.1,17849,60,2,0.531,Ic Anadolu,Sozlesmeli,Lise,Aile Yaninda,Saglik,iOS,23,0
CUST-00432,37,38447,0.381,671,12.4,19849,60,2,,Dogu Anadolu,Maasli,Yuksek Lisans,Ipotekli,Is Kurma,Web,8,0
CUST-00433,23,48368,0.418,685,0.0,10681,60,2,0.418,Dogu Anadolu,Issiz,Lise,Ev Sahibi,Ihtiyac,Web,18,0
CUST-00434,33,104544,0.340,717,5.5,27912,36,3,0.000,Marmara,Serbest,,Ev Sahibi,Is Kurma,Android,3,1
CUST-00435,41,51934,0.202,647,19.6,29914,24,2,0.412,Akdeniz,Maasli,Lisans,Kiraci,Tasit,iOS,14,0
CUST-00436,38,55389,0.161,646,1.2,23075,120,0,0.226,Akdeniz,Maasli,Lisans,Kiraci,Is Kurma,Android,5,0
CUST-00437,51,120779,0.212,653,3.2,26740,24,4,0.807,Ic Anadolu,Maasli,Doktora,Ev Sahibi,Is Kurma,iOS,17,0
CUST-00438,29,20505,0.376,628,8.3,8654,60,1,0.596,Guneydogu Anadolu,Serbest,Onlisans,Kiraci,Borc Birlestirme,Web,0,1
CUST-00439,26,96598,0.126,661,4.5,55717,60,0,0.498,Marmara,Serbest,Lisans,Ipotekli,Tasit,Android,12,1
CUST-00440,46,50738,0.322,748,26.0,17787,12,2,0.097,Ege,Maasli,Lise,Ipotekli,Ihtiyac,iOS,18,0
CUST-00441,48,51988,0.099,636,3.5,13908,84,3,0.799,Ic Anadolu,Maasli,Lise,Ev Sahibi,Tasit,Android,1,1
CUST-00442,31,57360,0.323,688,2.4,8959,60,0,0.287,Ege,Maasli,Yuksek Lisans,Kiraci,Ihtiyac,,22,0
CUST-00443,28,101282,0.179,677,7.8,49318,36,2,0.419,Marmara,Maasli,Lisans,Ipotekli,Egitim,Web,3,0
CUST-00444,53,67283,0.495,677,7.4,53610,36,1,0.661,Marmara,Maasli,Lisans,Kiraci,Konut,iOS,1,0
CUST-00445,36,55730,0.440,594,0.0,24624,48,5,0.467,Guneydogu Anadolu,Issiz,Lise,Kiraci,Borc Birlestirme,Web,6,0
CUST-00446,52,40649,0.428,702,5.6,17878,48,0,0.429,Karadeniz,Emekli,Onlisans,Ipotekli,Saglik,Android,10,1
CUST-00447,42,34849,0.457,630,,13899,120,0,0.599,Guneydogu Anadolu,Maasli,Lise,Ipotekli,Borc Birlestirme,Android,7,0
CUST-00448,41,76298,0.025,655,21.7,35757,36,3,0.000,Ic Anadolu,Maasli,Lise,Ev Sahibi,Ihtiyac,Web,20,1
CUST-00449,40,60245,0.287,623,0.0,11592,120,3,0.159,Ege,Issiz,Lise,Kiraci,Borc Birlestirme,Android,17,0
CUST-00450,41,73820,0.403,626,0.0,40217,24,2,0.525,Ege,Issiz,Lisans,Ipotekli,Ihtiyac,iOS,2,1
CUST-00451,23,23418,0.525,607,0.0,9775,36,6,0.769,Ic Anadolu,Issiz,Onlisans,Ipotekli,Ihtiyac,Android,16,0
CUST-00452,41,79095,0.155,584,18.9,45226,36,0,0.497,Akdeniz,Maasli,Onlisans,Ev Sahibi,Ihtiyac,Android,15,0
CUST-00453,27,32691,0.266,603,6.6,5258,84,4,0.000,Ic Anadolu,Maasli,Lisans,Ev Sahibi,Saglik,Web,20,0
CUST-00454,36,37154,0.247,560,0.0,14594,84,5,0.212,Guneydogu Anadolu,Issiz,Onlisans,Ipotekli,Borc Birlestirme,Android,19,1
CUST-00455,31,88000,0.169,679,8.8,23241,12,0,0.609,Karadeniz,Maasli,Lisans,Ev Sahibi,Ihtiyac,Android,7,0
CUST-00456,43,60175,0.379,723,27.5,23292,36,2,0.237,Guneydogu Anadolu,Maasli,Lise,Kiraci,Ihtiyac,,5,0
CUST-00457,21,54887,0.459,663,0.0,13367,36,3,0.446,Ic Anadolu,Serbest,Onlisans,Ev Sahibi,Ihtiyac,Android,21,0
CUST-00458,36,43597,0.147,667,7.4,21045,60,0,0.537,Guneydogu Anadolu,Sozlesmeli,Onlisans,Ev Sahibi,Borc Birlestirme,Android,19,0
CUST-00459,46,36202,0.119,659,3.6,17548,36,3,,Ic Anadolu,Maasli,Lise,Ev Sahibi,Ihtiyac,Android,15,0
CUST-00460,24,84497,0.201,638,0.0,20832,60,2,0.651,Guneydogu Anadolu,Serbest,Lisans,Kiraci,Ihtiyac,Android,5,0
CUST-00461,39,48873,0.306,649,,17134,60,1,0.341,Ic Anadolu,Maasli,Lise,Ev Sahibi,Borc Birlestirme,Android,11,0
CUST-00462,50,48986,0.109,690,1.8,26240,60,4,0.291,Ic Anadolu,Maasli,Lise,Kiraci,Saglik,Android,14,0
CUST-00463,44,54440,0.442,690,0.0,20150,36,4,0.425,Karadeniz,Issiz,Lise,Kiraci,Tasit,Web,22,0
CUST-00464,36,41685,0.273,662,3.4,20476,60,0,0.390,Ic Anadolu,Maasli,Yuksek Lisans,Ipotekli,Tasit,Android,15,0
CUST-00465,32,61398,0.304,636,3.7,34319,60,3,0.466,Akdeniz,Maasli,Doktora,Ipotekli,Borc Birlestirme,Android,1,0
CUST-00466,53,28118,0.407,657,14.1,17385,36,2,0.243,Karadeniz,Sozlesmeli,Lise,Ev Sahibi,Ihtiyac,iOS,12,0
CUST-00467,40,28932,0.075,620,6.6,18229,24,,0.195,Ic Anadolu,Maasli,Lise,Ev Sahibi,Konut,Android,6,0
CUST-00468,57,62569,0.143,608,12.7,19366,36,0,0.713,Akdeniz,Maasli,Lise,Kiraci,Tasit,iOS,10,0
CUST-00469,34,59085,0.096,700,9.5,30287,60,1,0.549,Marmara,Maasli,Onlisans,Kiraci,Ihtiyac,Web,16,0
CUST-00470,41,67994,0.416,649,9.1,25912,36,1,0.392,Ic Anadolu,Maasli,Lisans,Ipotekli,Ihtiyac,Android,5,0
CUST-00471,32,80902,0.176,679,12.4,34792,12,0,0.171,Ic Anadolu,Maasli,Yuksek Lisans,Kiraci,Konut,Android,15,0
CUST-00472,63,50960,0.313,652,7.7,71550,48,1,0.310,Akdeniz,Maasli,Lise,Ipotekli,Konut,Android,2,0
CUST-00473,20,66505,0.261,642,1.6,23483,48,0,0.472,Ic Anadolu,Maasli,Lisans,Kiraci,Ihtiyac,iOS,2,0
CUST-00474,45,63535,0.316,,6.3,18898,36,1,0.561,Ic Anadolu,Maasli,Lisans,Kiraci,Saglik,Android,23,0
CUST-00475,41,33029,0.445,698,17.5,10776,36,1,,Marmara,Maasli,Lise,Kiraci,Borc Birlestirme,Web,19,0
CUST-00476,24,74741,0.178,626,0.9,182880,36,0,0.412,Akdeniz,Maasli,Lise,Kiraci,Saglik,Android,21,0
CUST-00477,47,47912,0.518,644,10.1,13457,24,0,0.565,Ic Anadolu,Maasli,Yuksek Lisans,Ev Sahibi,Ihtiyac,Web,19,0
CUST-00478,37,52335,0.080,615,9.4,27267,12,1,0.279,Ic Anadolu,Maasli,Doktora,Kiraci,Ihtiyac,Android,3,0
CUST-00479,36,39852,0.332,710,14.1,23539,36,1,0.356,Marmara,Maasli,Lisans,Ev Sahibi,Is Kurma,iOS,13,0
CUST-00480,21,42449,0.263,660,0.4,16058,48,13,2.026,Ic Anadolu,Maasli,Lise,Ev Sahibi,Borc Birlestirme,Android,16,1
CUST-00481,25,40669,0.337,688,4.2,12018,60,0,0.257,Akdeniz,Serbest,Lise,Kiraci,Ihtiyac,Web,21,0
CUST-00482,40,64819,0.280,661,3.7,23886,84,1,0.053,Ege,Maasli,Lisans,Kiraci,Is Kurma,Android,16,0
CUST-00483,33,71820,0.141,630,15.6,30985,84,2,0.479,Marmara,Sozlesmeli,Lisans,Kiraci,Borc Birlestirme,Android,6,0
CUST-00484,28,22451,0.106,688,1.8,11684,60,2,0.252,Ic Anadolu,Maasli,Lisans,Kiraci,Is Kurma,iOS,17,1
CUST-00485,39,34326,0.587,679,17.6,7720,48,2,0.493,Ic Anadolu,Sozlesmeli,,Ev Sahibi,Ihtiyac,Android,10,1
CUST-00486,38,48776,0.360,686,14.6,15483,36,4,0.264,Karadeniz,Maasli,Lise,Aile Yaninda,Ihtiyac,Web,15,1
CUST-00487,55,102323,0.181,661,8.6,52840,12,1,0.242,Guneydogu Anadolu,Maasli,,Ipotekli,Ihtiyac,iOS,11,0
CUST-00488,42,31354,0.265,625,0.0,5000,60,4,0.588,Ege,Issiz,Lise,Ev Sahibi,Is Kurma,Web,19,0
CUST-00489,30,129297,0.176,622,2.0,23945,48,3,0.623,Guneydogu Anadolu,Maasli,Yuksek Lisans,Ev Sahibi,Borc Birlestirme,iOS,3,0
CUST-00490,27,35834,0.300,686,8.0,27017,84,1,0.302,Marmara,Maasli,Lise,Kiraci,Konut,Android,9,0
CUST-00491,36,161054,0.507,617,11.8,40689,24,3,0.627,Marmara,Sozlesmeli,Yuksek Lisans,Ev Sahibi,Is Kurma,iOS,0,0
CUST-00492,20,,0.555,602,2.3,11289,48,3,0.903,Ege,Maasli,Lise,Ipotekli,Tasit,Android,7,0
CUST-00493,22,68541,0.427,650,0.0,22073,60,2,0.526,Ege,Maasli,Lisans,Ev Sahibi,Borc Birlestirme,Android,21,0
CUST-00494,48,56162,0.648,656,15.5,14282,36,2,0.675,Akdeniz,Emekli,Lisans,Ev Sahibi,Ihtiyac,Web,14,0
CUST-00495,35,52801,0.042,676,2.6,7209,60,3,0.182,Marmara,Maasli,Yuksek Lisans,Kiraci,Tasit,Android,11,0
CUST-00496,45,87224,0.456,651,4.6,94651,36,2,0.437,Dogu Anadolu,Emekli,Lisans,Ev Sahibi,Konut,Android,8,0
CUST-00497,48,106210,0.224,630,0.0,112470,60,3,0.601,Marmara,Issiz,Lisans,Kiraci,Konut,Web,20,0
CUST-00498,27,43080,0.579,621,1.5,26254,48,1,0.709,Karadeniz,Maasli,Lise,Ev Sahibi,Is Kurma,Web,9,1
CUST-00499,38,33311,0.138,661,9.8,20613,60,,,Marmara,Maasli,Onlisans,Ev Sahibi,Egitim,iOS,14,0
CUST-00500,28,37563,0.223,648,9.1,5000,48,0,0.417,Ic Anadolu,Serbest,Onlisans,Kiraci,Borc Birlestirme,iOS,12,0
CUST-00501,28,34864,0.184,606,4.6,8634,120,1,0.432,Ic Anadolu,Maasli,Lise,Ev Sahibi,Ihtiyac,Web,2,0
CUST-00502,19,65740,0.375,612,1.5,27525,60,1,0.227,Akdeniz,Sozlesmeli,Lise,Ipotekli,Saglik,iOS,22,0
CUST-00503,41,59458,0.323,631,15.0,31396,12,2,0.649,Ic Anadolu,Maasli,Lisans,Kiraci,Is Kurma,Android,16,0
CUST-00504,23,59010,0.409,646,2.1,24967,36,,0.482,Akdeniz,Maasli,Lisans,Ipotekli,Ihtiyac,Android,16,0
CUST-00505,30,46787,0.435,636,4.5,23963,60,2,0.168,Guneydogu Anadolu,Sozlesmeli,,Ipotekli,Borc Birlestirme,iOS,14,0
CUST-00506,50,73485,0.331,777,1.0,23160,84,0,0.384,Marmara,Maasli,Lisans,Ev Sahibi,Borc Birlestirme,Android,6,1
CUST-00507,62,62297,0.467,674,3.2,10392,60,1,0.334,Dogu Anadolu,Maasli,Lisans,Ipotekli,Tasit,Web,8,0
CUST-00508,42,60193,0.147,652,22.0,21211,12,0,0.413,Marmara,Maasli,Yuksek Lisans,Kiraci,Borc Birlestirme,Android,6,0
CUST-00509,61,139224,0.308,693,28.4,38403,12,1,0.189,Ege,Maasli,Doktora,Ipotekli,Ihtiyac,Android,23,0
CUST-00510,42,57463,0.222,722,19.1,14974,12,2,,Marmara,Serbest,Lisans,Kiraci,Borc Birlestirme,Android,7,0
CUST-00511,50,54566,0.240,658,21.6,14331,60,0,0.338,Ege,Maasli,Lisans,Ipotekli,Borc Birlestirme,,10,0
CUST-00512,46,85483,0.176,627,22.0,33172,60,2,0.651,Marmara,Emekli,Yuksek Lisans,Aile Yaninda,Konut,Web,14,1
CUST-00513,39,75758,0.090,690,5.8,28786,48,1,0.132,Ic Anadolu,Maasli,Lisans,Ev Sahibi,Konut,iOS,18,0
CUST-00514,53,47787,0.305,623,0.0,21222,60,7,0.721,Marmara,Issiz,Lisans,,Is Kurma,Web,15,1
CUST-00515,32,60622,0.581,661,2.0,32189,12,2,0.666,Ege,Maasli,Lisans,Ipotekli,Saglik,Android,5,1
CUST-00516,55,111755,0.267,665,3.8,20644,60,3,0.304,Ic Anadolu,Maasli,Yuksek Lisans,Ev Sahibi,Is Kurma,Android,12,0
CUST-00517,35,40217,0.168,736,0.0,41359,48,0,0.291,Marmara,Maasli,Onlisans,Ipotekli,Konut,iOS,6,0
CUST-00518,37,51891,0.161,632,4.0,20544,36,1,0.460,Akdeniz,Maasli,,Kiraci,Ihtiyac,Web,15,0
CUST-00519,26,72244,0.398,677,7.0,34459,36,1,,Ege,Maasli,Lise,Ipotekli,Borc Birlestirme,Web,6,0
CUST-00520,40,47763,0.412,665,17.2,20323,48,1,0.596,Akdeniz,Maasli,Lise,Kiraci,Is Kurma,Android,14,0
CUST-00521,44,30749,0.261,667,25.0,13057,12,3,0.373,Dogu Anadolu,Serbest,Onlisans,Ipotekli,Ihtiyac,iOS,11,0
CUST-00522,20,50005,0.053,652,0.0,10443,24,0,0.355,Marmara,Maasli,,Ev Sahibi,Ihtiyac,Web,1,0
CUST-00523,53,,0.146,691,24.2,6922,24,2,0.352,Guneydogu Anadolu,Serbest,Onlisans,Ev Sahibi,Ihtiyac,Android,3,1
CUST-00524,27,72982,0.322,643,4.9,40972,48,0,0.333,Ege,Maasli,Lise,Aile Yaninda,Tasit,Android,15,0
CUST-00525,49,48013,0.220,635,8.5,8447,36,2,0.031,Guneydogu Anadolu,Maasli,Yuksek Lisans,Kiraci,Is Kurma,iOS,12,0
CUST-00526,28,,0.394,613,6.6,7995,120,1,0.169,Marmara,Emekli,Onlisans,Ipotekli,Ihtiyac,Android,0,0
CUST-00527,31,20002,0.372,649,3.5,5000,60,1,0.201,Ic Anadolu,Maasli,Lise,Kiraci,Tasit,Android,0,0
CUST-00528,42,75349,0.642,651,15.0,32480,60,1,,Marmara,Maasli,Yuksek Lisans,Ipotekli,Is Kurma,Android,0,1
CUST-00529,47,45735,0.521,658,25.9,17497,24,4,0.787,Guneydogu Anadolu,Maasli,Onlisans,Kiraci,Ihtiyac,Web,3,1
CUST-00530,38,45395,0.424,597,0.0,13242,60,0,0.064,Ege,Maasli,Yuksek Lisans,Kiraci,Ihtiyac,Android,16,0
CUST-00531,32,43871,0.326,611,0.8,16528,60,,0.279,Ic Anadolu,Maasli,Lisans,Ev Sahibi,Ihtiyac,Web,18,0
CUST-00532,29,33404,0.247,654,,14486,36,3,0.633,Marmara,Serbest,Lise,Ev Sahibi,Tasit,iOS,8,0
CUST-00533,37,24642,0.378,585,0.0,13593,60,3,0.715,Ic Anadolu,Issiz,Lisans,Ipotekli,Is Kurma,iOS,9,1
CUST-00534,23,46503,,638,0.0,29468,60,0,0.210,Marmara,Serbest,Lisans,Ev Sahibi,Borc Birlestirme,Web,6,0
CUST-00535,51,53356,0.498,606,18.8,31805,24,1,0.252,Ege,Maasli,Yuksek Lisans,Kiraci,Saglik,Android,16,0
CUST-00536,45,38519,0.542,686,1.4,7556,60,1,0.328,Guneydogu Anadolu,Emekli,Onlisans,Kiraci,Borc Birlestirme,Android,2,0
CUST-00537,51,66601,0.111,637,20.1,20167,60,2,0.257,Ege,Maasli,Onlisans,Kiraci,Is Kurma,Android,15,0
CUST-00538,38,35098,0.269,685,10.9,5000,12,1,0.173,Ege,Maasli,Lise,Ipotekli,Ihtiyac,Android,17,0
CUST-00539,47,60023,0.351,614,4.5,26420,120,0,0.381,Guneydogu Anadolu,Serbest,Lisans,Kiraci,Ihtiyac,Web,15,0
CUST-00540,25,35902,0.133,694,5.3,13871,24,3,0.371,Ic Anadolu,Maasli,Lise,Kiraci,Ihtiyac,Android,7,0
CUST-00541,47,44850,0.257,657,10.3,10101,60,0,0.177,Ege,Maasli,Lise,,Saglik,iOS,22,0
CUST-00542,45,57225,0.453,653,6.4,15382,36,0,0.184,Akdeniz,Serbest,Onlisans,Ev Sahibi,Saglik,iOS,20,0
CUST-00543,45,47484,0.375,657,12.3,28785,48,1,0.341,Ege,Maasli,Lise,Kiraci,Is Kurma,iOS,8,0
CUST-00544,58,3505,0.392,619,,26505,48,4,0.661,Marmara,Serbest,Lise,Ev Sahibi,Borc Birlestirme,Android,16,0
CUST-00545,53,70033,0.479,602,0.0,78779,36,4,0.209,Akdeniz,Issiz,Lisans,Kiraci,Konut,Web,6,0
CUST-00546,68,114285,0.618,632,12.6,39515,60,0,0.333,Akdeniz,Maasli,Lisans,Kiraci,Ihtiyac,iOS,8,0
CUST-00547,36,78669,0.130,683,2.4,104844,60,0,,Ege,Maasli,Yuksek Lisans,Aile Yaninda,Konut,Android,15,0
CUST-00548,31,46830,0.277,666,2.0,26300,36,2,0.140,Marmara,Serbest,Lisans,Ev Sahibi,Tasit,,1,1
CUST-00549,56,41257,0.270,608,20.1,18718,84,2,0.601,Ic Anadolu,Sozlesmeli,Onlisans,Kiraci,Is Kurma,iOS,17,0
CUST-00550,56,180945,,600,0.0,78501,120,4,0.299,Marmara,Issiz,Lisans,Aile Yaninda,Egitim,iOS,19,0
CUST-00551,21,289702,0.597,643,1.1,5905,60,3,0.778,Ege,Maasli,Lisans,Ipotekli,Is Kurma,Web,8,0
CUST-00552,24,60771,0.127,722,1.6,27006,60,0,,Marmara,Maasli,Lisans,Ipotekli,Borc Birlestirme,Android,11,0
CUST-00553,34,27857,,707,0.0,10854,60,1,0.404,Ege,Sozlesmeli,Lisans,Ipotekli,Saglik,iOS,7,0
CUST-00554,36,78091,0.324,662,4.0,25342,24,1,0.223,Ege,Maasli,Lisans,Ipotekli,Tasit,Android,18,0
CUST-00555,25,38776,0.340,672,0.0,18127,36,2,0.567,Marmara,Emekli,Lisans,Kiraci,Tasit,Web,19,0
CUST-00556,57,54479,0.375,648,0.0,13310,36,7,0.298,Ege,Issiz,Lise,Ev Sahibi,Is Kurma,iOS,11,1
CUST-00557,27,47181,,724,10.4,14993,84,1,0.588,Marmara,Serbest,Lise,Kiraci,Ihtiyac,Android,15,0
CUST-00558,49,66404,0.432,554,0.0,32707,60,,0.171,Ic Anadolu,Sozlesmeli,Lisans,Kiraci,Is Kurma,Android,12,0
CUST-00559,53,34463,0.527,682,17.0,10840,24,3,0.676,Guneydogu Anadolu,Serbest,Lisans,Ev Sahibi,Is Kurma,iOS,10,1
CUST-00560,45,110494,0.329,659,25.5,49705,48,0,0.176,Ic Anadolu,Maasli,Lise,Ev Sahibi,Borc Birlestirme,Android,7,0
CUST-00561,27,45733,0.341,617,7.6,49498,60,0,0.413,Ic Anadolu,Maasli,Lisans,Kiraci,Konut,iOS,5,0
CUST-00562,25,79957,0.383,664,0.0,45701,36,1,0.587,Marmara,Maasli,Yuksek Lisans,Kiraci,Ihtiyac,Android,12,0
CUST-00563,43,79970,0.521,659,23.2,42282,120,0,0.517,Ege,Maasli,Lisans,Kiraci,Egitim,Android,18,0
CUST-00564,42,65537,0.133,600,15.8,41487,12,4,0.317,Ic Anadolu,Maasli,Lise,Ev Sahibi,Konut,Android,16,0
CUST-00565,18,60492,0.448,662,0.0,23858,36,1,0.000,Marmara,Maasli,Lise,Kiraci,Egitim,Web,11,0
CUST-00566,39,65998,0.256,634,1.3,41953,60,2,0.277,Guneydogu Anadolu,Maasli,Onlisans,Kiraci,Borc Birlestirme,Android,15,0
CUST-00567,41,74625,0.446,621,3.0,28512,48,2,0.659,Guneydogu Anadolu,Serbest,Yuksek Lisans,Ipotekli,Borc Birlestirme,Android,19,0
CUST-00568,51,110855,0.273,679,6.4,14671,12,0,0.553,Ege,Sozlesmeli,Onlisans,Kiraci,Tasit,iOS,3,0
CUST-00569,56,59741,0.426,700,27.8,37087,24,2,0.513,Guneydogu Anadolu,Maasli,Lisans,Ipotekli,Borc Birlestirme,Android,22,0
CUST-00570,42,36772,,729,23.2,19379,24,0,0.686,Marmara,Maasli,Lisans,Ev Sahibi,Borc Birlestirme,Android,11,0
CUST-00571,25,32097,0.354,607,7.0,18877,36,1,0.455,Marmara,Maasli,Lise,Ipotekli,Tasit,iOS,7,0
CUST-00572,37,53771,0.199,634,9.3,31918,36,1,0.549,Guneydogu Anadolu,Sozlesmeli,Lisans,Ev Sahibi,Saglik,Android,20,0
CUST-00573,42,115320,0.288,700,3.2,21048,36,0,,Marmara,Maasli,Lisans,Ipotekli,Borc Birlestirme,iOS,4,0
CUST-00574,50,,0.233,646,3.1,36051,36,0,0.205,Marmara,Maasli,Lise,Ipotekli,Konut,iOS,3,0
CUST-00575,43,56137,0.393,673,15.2,15494,48,5,0.220,Ege,Serbest,Lisans,Kiraci,Ihtiyac,iOS,3,0
CUST-00576,45,61373,0.282,678,3.1,26824,60,2,0.190,Ege,Maasli,Onlisans,Aile Yaninda,Ihtiyac,Web,10,0
CUST-00577,52,39509,0.417,714,2.3,5790,60,0,0.436,Akdeniz,Emekli,Yuksek Lisans,Ev Sahibi,Borc Birlestirme,Web,18,0
CUST-00578,39,27792,0.440,628,0.0,22317,24,3,0.482,Akdeniz,Issiz,Lisans,Kiraci,Konut,Android,4,1
CUST-00579,24,66656,0.304,663,2.8,22625,48,0,0.451,Ic Anadolu,Maasli,Lisans,Ipotekli,Ihtiyac,Android,14,0
CUST-00580,42,40087,0.020,671,14.2,9311,36,3,0.391,Akdeniz,Maasli,Lise,Ev Sahibi,Ihtiyac,Android,19,0
CUST-00581,18,39862,0.346,653,1.5,17407,36,2,0.055,Dogu Anadolu,Maasli,Lise,Kiraci,Saglik,iOS,8,0
CUST-00582,47,64618,0.552,681,,15513,48,,0.583,Ege,Serbest,Onlisans,Kiraci,Borc Birlestirme,iOS,10,1
CUST-00583,37,78869,,634,13.0,109710,48,2,0.539,Karadeniz,Serbest,Lisans,Ipotekli,Konut,Android,10,0
CUST-00584,35,70246,0.220,613,,59713,48,3,0.502,Guneydogu Anadolu,Sozlesmeli,Lise,Ipotekli,Konut,Web,4,1
CUST-00585,38,75563,0.486,642,11.9,37163,36,0,0.144,Ic Anadolu,Maasli,Lisans,Ipotekli,Saglik,iOS,21,0
CUST-00586,41,24743,0.376,650,15.2,7425,48,3,0.178,Marmara,Serbest,Lisans,Ipotekli,Egitim,Android,6,1
CUST-00587,48,27180,,620,1.3,12583,24,2,0.576,Guneydogu Anadolu,Emekli,Lise,Kiraci,Tasit,Web,14,0
CUST-00588,41,40198,0.223,676,3.1,7366,48,0,0.575,Karadeniz,Maasli,Lise,Ev Sahibi,Tasit,Android,3,0
CUST-00589,38,68814,0.390,655,7.3,14997,36,0,0.222,Akdeniz,Maasli,Onlisans,Kiraci,Egitim,iOS,6,0
CUST-00590,43,98396,0.275,,16.7,19080,36,0,0.161,Dogu Anadolu,Maasli,Doktora,Ev Sahibi,Ihtiyac,Web,23,0
CUST-00591,46,44265,0.430,645,9.3,28157,36,2,0.251,Ege,Sozlesmeli,Lise,Kiraci,Is Kurma,Android,0,1
CUST-00592,63,110490,0.020,619,18.6,38487,60,3,0.232,Ege,Serbest,Lisans,Ev Sahibi,Saglik,iOS,19,0
CUST-00593,34,59763,0.399,639,0.0,14248,24,4,0.738,Guneydogu Anadolu,Issiz,Lise,Ipotekli,Ihtiyac,Android,15,0
CUST-00594,40,62668,0.287,566,0.9,37683,120,2,0.393,Ege,Maasli,Onlisans,Ev Sahibi,Is Kurma,Web,20,1
CUST-00595,35,31297,0.575,616,0.0,14530,84,7,0.633,Ic Anadolu,Issiz,Lise,Ipotekli,Saglik,Android,6,1
CUST-00596,50,89930,0.455,685,19.8,39752,36,1,0.056,Akdeniz,Maasli,Yuksek Lisans,Ev Sahibi,Tasit,Android,23,0
CUST-00597,35,60185,0.052,693,17.1,14694,84,2,0.666,Ege,Maasli,Lisans,Ev Sahibi,Borc Birlestirme,iOS,6,0
CUST-00598,24,50781,0.326,632,0.0,14670,12,4,0.761,Akdeniz,Issiz,Lise,Ipotekli,Tasit,Android,22,0
CUST-00599,27,53260,0.399,621,6.1,17461,36,4,0.475,Marmara,Sozlesmeli,Lise,Kiraci,Saglik,Android,21,0
CUST-00600,33,56006,0.237,599,,23908,60,1,0.704,Karadeniz,Maasli,Lise,Kiraci,Ihtiyac,iOS,0,0
CUST-00601,48,56553,0.367,693,24.2,17816,60,0,0.594,Ic Anadolu,Maasli,Lisans,Ev Sahibi,Saglik,Android,8,0
CUST-00602,18,2265,0.383,617,0.0,8541,36,2,0.185,Dogu Anadolu,Maasli,Onlisans,Ipotekli,Konut,Android,15,0
CUST-00603,47,57829,0.260,637,1.3,17575,36,1,0.234,Ege,Serbest,Lise,Ipotekli,Ihtiyac,Android,22,0
CUST-00604,55,94685,0.359,670,16.9,56355,36,2,0.000,Ege,Maasli,Lise,Kiraci,Tasit,Web,9,0
CUST-00605,40,34165,0.321,699,20.3,6598,60,0,0.369,Marmara,Maasli,Lise,Kiraci,Tasit,Android,7,0
CUST-00606,50,58724,0.191,707,4.8,36621,48,0,0.664,Ege,Maasli,Lisans,Kiraci,Borc Birlestirme,iOS,18,0
CUST-00607,48,74935,0.311,684,13.4,19133,24,1,0.346,Guneydogu Anadolu,Serbest,Lisans,Ev Sahibi,Borc Birlestirme,Android,12,0
CUST-00608,29,58898,0.381,716,10.9,36387,60,0,0.365,Ic Anadolu,Maasli,Lisans,Ipotekli,Ihtiyac,Web,14,0
CUST-00609,35,45550,0.185,599,0.0,15651,24,2,0.451,Marmara,Issiz,Lisans,Ev Sahibi,Is Kurma,Web,13,0
CUST-00610,26,77577,0.468,702,9.4,26335,36,0,0.532,Dogu Anadolu,Maasli,Yuksek Lisans,Ipotekli,Tasit,iOS,19,0
CUST-00611,35,63167,0.366,677,7.6,27063,36,0,0.370,Ic Anadolu,Serbest,Lisans,Ev Sahibi,Borc Birlestirme,Android,4,0
CUST-00612,38,34856,0.367,670,7.0,8552,120,4,0.216,Dogu Anadolu,Maasli,Onlisans,Kiraci,Egitim,Web,2,0
CUST-00613,37,40287,0.060,629,6.4,17191,24,0,0.166,Marmara,Maasli,Onlisans,Ev Sahibi,Tasit,Android,13,0
CUST-00614,44,35736,0.506,632,14.2,5928,36,2,0.402,Akdeniz,Serbest,Onlisans,Kiraci,Borc Birlestirme,Android,21,0
CUST-00615,44,44457,0.157,590,20.1,17388,12,1,0.280,Ege,Maasli,Lise,Ev Sahibi,Is Kurma,iOS,9,0
CUST-00616,41,76469,0.247,673,11.1,46334,60,2,0.301,Ic Anadolu,Maasli,Lisans,Ipotekli,Saglik,Android,10,0
CUST-00617,45,57043,0.202,627,7.0,17792,36,2,0.124,Ege,Serbest,Lise,Ev Sahibi,Tasit,Web,2,0
CUST-00618,23,33088,0.619,687,2.1,11057,12,3,0.677,Ege,Serbest,Lisans,Ipotekli,Ihtiyac,iOS,16,0
CUST-00619,41,28883,,614,0.0,27292,60,,0.476,Ic Anadolu,Issiz,Lise,Ipotekli,Konut,Android,19,1
CUST-00620,44,28605,0.476,691,5.8,8912,36,0,0.501,Akdeniz,Maasli,Lisans,Kiraci,Egitim,iOS,15,0
CUST-00621,42,50989,0.484,680,11.6,14403,12,4,0.799,Karadeniz,Maasli,Lisans,Ev Sahibi,Egitim,Android,13,0
CUST-00622,45,56721,0.445,665,,32258,12,0,0.566,Dogu Anadolu,Maasli,Onlisans,Ev Sahibi,Saglik,Web,1,0
CUST-00623,48,41090,0.275,735,17.9,12054,120,6,0.884,Marmara,Sozlesmeli,Lisans,Kiraci,Borc Birlestirme,iOS,10,1
CUST-00624,38,51535,0.096,658,14.9,6689,36,0,0.000,Ege,Maasli,Lise,Aile Yaninda,Is Kurma,Web,7,0
CUST-00625,40,76704,0.175,738,10.5,95876,24,4,0.647,Marmara,Maasli,Yuksek Lisans,Ev Sahibi,Konut,Android,3,1
CUST-00626,46,66642,0.082,639,15.7,31597,84,2,0.491,Ic Anadolu,Serbest,Lisans,Kiraci,Borc Birlestirme,Android,20,0
CUST-00627,47,89609,0.509,642,3.5,55579,84,3,0.438,Ege,Serbest,Yuksek Lisans,Kiraci,Tasit,iOS,14,0
CUST-00628,54,148720,0.393,597,0.0,86746,60,6,0.505,Karadeniz,Issiz,Yuksek Lisans,Kiraci,Is Kurma,Android,9,0
CUST-00629,47,43502,0.241,671,20.7,47712,36,0,0.394,Ege,Serbest,Lisans,Kiraci,Konut,iOS,23,0
CUST-00630,53,101463,0.475,641,26.3,35703,12,3,0.179,Akdeniz,Sozlesmeli,Lisans,Ipotekli,Borc Birlestirme,Web,11,1
CUST-00631,58,115176,0.337,699,36.9,27633,36,3,0.194,Marmara,Serbest,Lise,Kiraci,Tasit,Android,0,0
CUST-00632,46,54502,,676,0.7,14705,36,2,0.126,Ege,Emekli,Yuksek Lisans,Ev Sahibi,Tasit,Web,19,0
CUST-00633,33,59435,0.482,674,14.1,13984,48,2,0.483,Marmara,Maasli,Lisans,Kiraci,Borc Birlestirme,Android,23,0
CUST-00634,46,88836,0.463,638,13.7,43990,24,1,0.210,Marmara,Maasli,Yuksek Lisans,Aile Yaninda,Ihtiyac,Android,19,0
CUST-00635,55,53621,0.262,,34.2,22224,60,1,0.258,Marmara,Sozlesmeli,Lise,Kiraci,Ihtiyac,Android,12,1
CUST-00636,22,50682,0.160,654,,30802,60,2,0.791,Ege,Emekli,Yuksek Lisans,Kiraci,Ihtiyac,Android,21,0
CUST-00637,43,78571,0.462,648,,43436,60,4,0.409,Ege,Issiz,Doktora,Kiraci,Ihtiyac,iOS,21,0
CUST-00638,44,83207,0.135,677,13.8,32090,36,2,0.133,Akdeniz,Maasli,Yuksek Lisans,Kiraci,Borc Birlestirme,Android,20,0
CUST-00639,25,62702,0.369,631,2.2,13511,24,2,0.053,Ic Anadolu,Serbest,Lise,Kiraci,Borc Birlestirme,iOS,7,1
CUST-00640,37,60306,0.366,666,3.0,16966,60,2,0.716,Guneydogu Anadolu,Sozlesmeli,Onlisans,Aile Yaninda,Egitim,iOS,22,0
CUST-00641,41,21702,0.354,638,20.7,6997,24,2,0.525,Ege,Serbest,Lisans,Aile Yaninda,Borc Birlestirme,Web,19,0
CUST-00642,18,112178,0.378,600,0.3,58047,120,2,0.306,Karadeniz,Maasli,Lisans,Ipotekli,Borc Birlestirme,iOS,19,1
CUST-00643,41,47852,0.367,697,0.5,18025,24,1,0.244,Marmara,Maasli,Lisans,Ipotekli,Is Kurma,iOS,11,0
CUST-00644,36,39683,0.493,723,2.2,10565,60,1,0.690,Karadeniz,Sozlesmeli,Lisans,Ev Sahibi,Borc Birlestirme,Android,10,0
CUST-00645,36,56818,0.392,629,7.5,20749,36,2,0.066,Karadeniz,Maasli,Lisans,Ev Sahibi,Is Kurma,Android,13,0
CUST-00646,38,57564,0.319,659,2.5,10074,60,2,0.563,Ege,,Lisans,Kiraci,Ihtiyac,iOS,7,0
CUST-00647,35,67432,0.414,646,12.4,9534,60,5,0.760,Ic Anadolu,Sozlesmeli,Onlisans,Kiraci,Borc Birlestirme,Web,1,0
CUST-00648,53,44610,0.217,649,17.0,8425,60,2,0.442,Ege,Maasli,Onlisans,Ev Sahibi,Tasit,iOS,14,0
CUST-00649,44,64503,0.382,610,0.0,37318,24,6,0.777,Akdeniz,Issiz,Lisans,Kiraci,Is Kurma,Android,9,1
CUST-00650,74,104403,0.338,705,23.4,52211,84,0,0.546,Marmara,Serbest,Lisans,Kiraci,Egitim,iOS,14,0
CUST-00651,53,56296,0.436,732,32.6,24133,60,1,0.225,Guneydogu Anadolu,Serbest,Lisans,Ipotekli,Tasit,iOS,9,0
CUST-00652,28,,0.244,643,4.7,8730,12,1,0.013,Ic Anadolu,Maasli,Lisans,Aile Yaninda,Borc Birlestirme,Android,0,0
CUST-00653,42,17012,0.266,700,13.3,9385,36,2,0.099,Marmara,Maasli,Lise,Kiraci,Tasit,Android,3,0
CUST-00654,37,63459,0.579,625,5.0,40269,60,1,0.171,Marmara,Maasli,Lisans,Kiraci,Tasit,Web,16,0
CUST-00655,30,32409,0.215,621,10.1,19999,36,2,0.439,Ic Anadolu,Serbest,Lise,Kiraci,Tasit,Web,14,0
CUST-00656,23,57742,0.488,681,1.6,17285,36,1,0.436,Akdeniz,Maasli,Lise,Ipotekli,Egitim,Web,7,0
CUST-00657,43,40493,0.360,641,12.6,17608,48,1,0.159,Ege,Serbest,Lise,Ev Sahibi,Ihtiyac,iOS,8,0
CUST-00658,55,48946,0.282,714,28.3,17963,24,0,0.363,Ege,Maasli,Lisans,Ev Sahibi,Is Kurma,Web,23,0
CUST-00659,35,82195,0.236,695,13.5,20409,84,0,0.498,Ege,Sozlesmeli,Lisans,Kiraci,Tasit,iOS,19,0
CUST-00660,23,40163,0.397,634,6.0,22573,24,1,0.469,Marmara,Sozlesmeli,Lisans,Ipotekli,Borc Birlestirme,iOS,0,1
CUST-00661,37,86853,0.428,652,2.4,43976,12,0,0.546,Dogu Anadolu,Maasli,Onlisans,Ev Sahibi,Saglik,iOS,6,0
CUST-00662,29,47597,0.197,621,9.1,20985,48,1,0.343,Marmara,Maasli,Lise,Ev Sahibi,Saglik,Android,1,0
CUST-00663,29,46795,0.316,703,6.4,61359,48,4,0.873,Marmara,Sozlesmeli,Yuksek Lisans,Ipotekli,Konut,Android,21,1
CUST-00664,36,36220,0.417,671,7.5,7403,84,1,0.479,Ege,Maasli,Lise,Kiraci,Saglik,Android,7,0
CUST-00665,47,59234,0.562,655,20.4,10373,24,1,0.398,Dogu Anadolu,Maasli,Lise,Ipotekli,Ihtiyac,iOS,18,0
CUST-00666,34,81058,0.302,644,0.0,17863,60,3,0.405,Karadeniz,Issiz,Lise,Kiraci,Borc Birlestirme,Android,18,0
CUST-00667,51,68777,0.650,578,0.0,42527,48,4,,Akdeniz,Issiz,Lise,Kiraci,Borc Birlestirme,iOS,20,1
CUST-00668,42,57628,0.409,658,6.8,33301,84,1,0.333,Guneydogu Anadolu,Maasli,Yuksek Lisans,Ev Sahibi,Ihtiyac,iOS,17,0
CUST-00669,53,88788,0.249,660,27.6,53978,48,0,0.623,Karadeniz,Maasli,Lisans,Kiraci,Tasit,Android,0,0
CUST-00670,22,65933,0.390,670,4.0,63805,24,2,0.523,Karadeniz,Sozlesmeli,Lise,Ev Sahibi,Konut,iOS,18,1
CUST-00671,38,45342,0.557,712,18.6,27714,24,1,0.566,Guneydogu Anadolu,Sozlesmeli,Lise,Ipotekli,Ihtiyac,Web,17,1
CUST-00672,52,66421,0.337,682,11.4,33252,60,,0.389,Akdeniz,Maasli,Lise,Kiraci,Ihtiyac,Android,16,0
CUST-00673,37,30781,0.282,723,14.6,5082,48,1,0.000,Ege,,Lisans,Ipotekli,Ihtiyac,Android,16,0
CUST-00674,38,142766,0.263,636,1.5,37081,36,2,0.545,Marmara,Serbest,Yuksek Lisans,Ipotekli,Borc Birlestirme,Web,15,0
CUST-00675,34,60886,0.237,611,8.3,34097,12,0,0.123,Marmara,Maasli,Yuksek Lisans,Aile Yaninda,Is Kurma,Android,11,0
CUST-00676,30,46812,0.372,552,0.0,28691,48,4,0.276,Marmara,Issiz,Lise,Ev Sahibi,Saglik,Android,1,1
CUST-00677,37,36979,0.429,682,19.1,10787,60,1,0.360,Marmara,Sozlesmeli,Yuksek Lisans,Kiraci,Saglik,Android,2,0
CUST-00678,43,61670,,600,5.6,46965,60,4,0.266,Ic Anadolu,Serbest,Onlisans,Kiraci,Konut,Android,23,0
CUST-00679,38,85300,0.321,678,17.0,29569,48,1,,Dogu Anadolu,Maasli,Doktora,Kiraci,Is Kurma,iOS,0,0
CUST-00680,46,92200,0.235,671,14.2,58335,36,,0.599,Marmara,Maasli,Lisans,Ev Sahibi,Ihtiyac,Android,9,1
CUST-00681,46,88033,0.433,729,20.3,33114,36,1,0.391,Marmara,Maasli,Lise,Kiraci,Borc Birlestirme,Web,19,0
CUST-00682,23,31864,0.315,703,0.5,11372,36,0,0.666,Ege,Maasli,Lisans,Ipotekli,Is Kurma,iOS,11,0
CUST-00683,41,23859,0.407,657,1.7,13622,36,1,0.414,Karadeniz,Maasli,Onlisans,Ipotekli,Borc Birlestirme,Android,19,0
CUST-00684,20,48602,0.199,648,0.4,22911,12,1,0.111,Ic Anadolu,Maasli,Yuksek Lisans,Ipotekli,Is Kurma,Web,16,1
CUST-00685,55,75036,0.365,,21.7,21111,84,3,0.101,Ic Anadolu,Sozlesmeli,Onlisans,Kiraci,Is Kurma,Android,3,0
CUST-00686,26,31898,0.064,,8.7,8286,36,2,0.088,Ege,Serbest,Onlisans,Kiraci,Egitim,Android,21,0
CUST-00687,27,33383,0.319,654,3.6,17349,60,2,0.000,Marmara,Maasli,Lise,Ev Sahibi,Tasit,Android,3,0
CUST-00688,30,71523,0.353,635,5.6,25666,12,1,,Guneydogu Anadolu,Sozlesmeli,Lise,Ev Sahibi,Egitim,Android,23,0
CUST-00689,58,109784,0.149,668,0.6,24474,60,1,0.402,Ege,,Doktora,Kiraci,Borc Birlestirme,Android,13,0
CUST-00690,39,,0.386,666,7.6,19593,120,3,0.461,Akdeniz,Maasli,Onlisans,Ev Sahibi,Ihtiyac,Web,17,0
CUST-00691,45,52986,0.322,639,13.5,16693,48,1,0.223,Ic Anadolu,Maasli,Lisans,Kiraci,Ihtiyac,iOS,1,0
CUST-00692,45,98498,0.409,643,4.7,33293,36,5,0.588,Karadeniz,Serbest,Yuksek Lisans,Aile Yaninda,Ihtiyac,,14,0
CUST-00693,20,62743,0.495,625,0.0,16023,12,7,0.785,Marmara,Issiz,Yuksek Lisans,Ev Sahibi,Borc Birlestirme,Android,16,1
CUST-00694,39,50170,0.162,614,19.1,27375,60,0,0.405,Akdeniz,Maasli,Lisans,Kiraci,Egitim,iOS,5,0
CUST-00695,31,79166,0.233,687,9.2,27608,36,0,0.680,Ege,Maasli,Yuksek Lisans,Kiraci,Tasit,Android,2,0
CUST-00696,38,100308,0.445,633,0.0,47117,36,6,0.724,Akdeniz,Issiz,Onlisans,Ev Sahibi,Ihtiyac,Web,22,1
CUST-00697,45,59908,0.129,635,11.0,10704,36,0,0.076,Guneydogu Anadolu,Maasli,Onlisans,Ipotekli,Egitim,iOS,22,0
CUST-00698,30,58840,0.271,622,0.0,30661,60,3,0.238,Marmara,,Lisans,Kiraci,Tasit,Web,9,0
CUST-00699,43,56591,0.412,647,17.9,8736,12,1,0.360,Marmara,Maasli,Lisans,Ipotekli,Borc Birlestirme,iOS,20,0
CUST-00700,36,56525,0.258,671,9.8,64537,36,2,0.423,Marmara,Maasli,Lise,Ev Sahibi,Konut,Web,1,0
CUST-00701,46,37127,0.497,671,0.0,19614,120,1,0.535,Akdeniz,Issiz,Lise,Ipotekli,Borc Birlestirme,Android,7,0
CUST-00702,60,87092,0.402,659,11.7,27582,36,4,0.356,Marmara,Maasli,Onlisans,Kiraci,Tasit,iOS,11,1
CUST-00703,50,90552,0.187,651,22.4,16309,48,2,0.489,Marmara,,Yuksek Lisans,Kiraci,Ihtiyac,iOS,6,0
CUST-00704,35,62659,0.340,664,16.6,24987,12,0,0.164,Akdeniz,Maasli,Yuksek Lisans,Kiraci,Egitim,Web,0,0
CUST-00705,38,41664,0.404,683,2.9,16014,84,2,0.000,Marmara,Maasli,Onlisans,Ipotekli,Borc Birlestirme,Android,21,0
CUST-00706,31,52883,0.385,662,8.6,22842,48,2,0.437,Marmara,Maasli,Lisans,Ev Sahibi,Egitim,Android,23,0
CUST-00707,18,73327,0.241,647,1.2,28182,48,1,0.325,Marmara,Maasli,Onlisans,Ev Sahibi,Ihtiyac,Android,9,0
CUST-00708,35,50293,,713,11.1,20581,12,1,0.587,Ic Anadolu,Maasli,Lise,Kiraci,Is Kurma,iOS,16,0
CUST-00709,54,79567,0.044,713,,19771,48,1,0.230,Ic Anadolu,Maasli,Lisans,Aile Yaninda,Tasit,iOS,0,0
CUST-00710,18,87569,0.367,630,0.0,111771,60,,0.254,Ic Anadolu,Emekli,Onlisans,Ev Sahibi,Konut,Android,17,0
CUST-00711,55,37650,0.244,703,27.8,9525,36,1,0.377,Guneydogu Anadolu,Maasli,Onlisans,Ev Sahibi,Is Kurma,Android,14,0
CUST-00712,35,29858,0.522,662,10.5,9352,120,2,0.403,Marmara,Maasli,Yuksek Lisans,Ipotekli,Ihtiyac,Android,10,0
CUST-00713,18,45596,0.537,629,0.0,12045,48,0,0.093,Karadeniz,Maasli,Onlisans,Ipotekli,Saglik,iOS,16,0
CUST-00714,42,85469,0.218,715,13.8,51129,48,2,,Ege,Emekli,Lise,Kiraci,Saglik,iOS,1,0
CUST-00715,40,95535,0.544,654,6.4,15393,12,4,0.903,Marmara,Serbest,Yuksek Lisans,Kiraci,Ihtiyac,Android,2,0
CUST-00716,22,67691,0.456,683,1.6,46025,60,1,0.073,Ic Anadolu,Maasli,Lisans,Ipotekli,Konut,Android,3,0
CUST-00717,56,34976,0.412,651,11.2,9026,48,2,0.418,Ic Anadolu,Maasli,Lise,Ev Sahibi,Ihtiyac,iOS,23,0
CUST-00718,31,,0.146,670,8.7,13174,60,0,0.187,Marmara,Maasli,Onlisans,Ev Sahibi,Borc Birlestirme,Android,20,1
CUST-00719,41,78634,0.400,604,22.5,13130,24,4,0.755,Marmara,Maasli,Lise,Ev Sahibi,Ihtiyac,Web,6,0
CUST-00720,53,119213,0.200,683,25.7,64171,60,0,0.185,Karadeniz,Serbest,Lisans,Aile Yaninda,Tasit,Web,4,0
CUST-00721,43,75378,0.030,709,15.9,19595,24,4,0.371,Marmara,Maasli,Lisans,Aile Yaninda,Ihtiyac,Android,21,0
CUST-00722,56,31432,0.582,676,11.0,10894,120,1,0.739,Marmara,Serbest,Onlisans,Kiraci,Egitim,Android,10,0
CUST-00723,32,118628,0.217,647,10.8,63094,24,0,0.394,Marmara,Maasli,Yuksek Lisans,Ev Sahibi,Egitim,Android,7,0
CUST-00724,20,76685,,642,0.0,43366,84,1,0.524,Ic Anadolu,Maasli,Yuksek Lisans,Ipotekli,Is Kurma,iOS,8,0
CUST-00725,56,79404,0.338,632,12.7,39918,24,1,0.288,Ic Anadolu,Sozlesmeli,Lisans,Kiraci,Tasit,iOS,13,1
CUST-00726,37,47036,0.395,644,10.8,23806,12,3,0.393,Guneydogu Anadolu,Emekli,Lisans,Ipotekli,Ihtiyac,Web,16,0
CUST-00727,39,57573,0.191,533,0.0,8619,36,5,0.525,Karadeniz,Issiz,Lisans,Ev Sahibi,Ihtiyac,Android,20,1
CUST-00728,49,38183,0.490,675,22.6,17591,36,2,0.229,Marmara,Maasli,Onlisans,Ev Sahibi,Tasit,iOS,23,0
CUST-00729,50,79438,0.128,702,7.5,21546,36,0,0.219,Ege,Emekli,Lisans,Kiraci,Egitim,Web,18,0
CUST-00730,42,56166,0.431,667,13.6,13057,24,1,0.608,Marmara,Sozlesmeli,Lise,Aile Yaninda,Saglik,iOS,18,0
CUST-00731,46,32270,0.368,653,19.3,16584,60,0,0.221,Karadeniz,Maasli,Onlisans,Kiraci,Ihtiyac,iOS,4,0
CUST-00732,47,45821,0.100,729,23.7,10416,60,2,0.020,Ic Anadolu,Serbest,Onlisans,Kiraci,Is Kurma,Web,18,0
CUST-00733,21,63744,0.386,612,,10184,24,3,0.506,Marmara,Issiz,,Ipotekli,Saglik,Web,5,0
CUST-00734,52,33222,0.392,654,18.0,20220,48,2,0.457,Guneydogu Anadolu,Maasli,Onlisans,Ipotekli,Tasit,Android,17,0
CUST-00735,34,46398,0.045,625,8.2,42307,24,0,0.353,Marmara,Maasli,Lise,Aile Yaninda,Konut,Android,10,0
CUST-00736,37,70690,0.234,624,13.7,15124,48,,0.313,Akdeniz,Maasli,Lisans,Ev Sahibi,Egitim,Android,17,0
CUST-00737,50,2890,0.280,733,23.6,9569,84,2,0.433,Ege,Maasli,Onlisans,Kiraci,Is Kurma,Android,5,0
CUST-00738,39,56817,0.341,657,2.6,27860,24,1,0.372,Marmara,Maasli,Doktora,Ipotekli,Tasit,Android,8,0
CUST-00739,35,55254,0.320,612,11.1,54472,36,1,0.460,Guneydogu Anadolu,Maasli,Lise,Kiraci,Konut,Android,7,0
CUST-00740,20,46088,0.299,615,0.2,12423,24,3,0.125,Ege,Sozlesmeli,Doktora,Ipotekli,Ihtiyac,Android,12,0
CUST-00741,37,95686,0.215,647,11.3,13511,12,1,0.338,Ege,Serbest,Yuksek Lisans,Kiraci,Borc Birlestirme,Android,4,0
CUST-00742,28,30511,0.152,,1.7,6761,12,1,0.536,Marmara,Maasli,Onlisans,Aile Yaninda,Saglik,Android,3,0
CUST-00743,53,,0.333,615,14.0,15986,24,2,0.130,Ic Anadolu,Sozlesmeli,Lise,Kiraci,Ihtiyac,Android,13,0
CUST-00744,38,37073,0.252,611,11.5,23395,84,1,0.888,Akdeniz,Maasli,Lise,Ev Sahibi,Saglik,Android,16,0
CUST-00745,41,21794,0.082,646,3.2,5000,36,0,0.516,Ic Anadolu,Serbest,Lise,Kiraci,Ihtiyac,iOS,8,0
CUST-00746,28,77674,0.372,560,0.0,33671,24,6,0.680,Akdeniz,Issiz,Lisans,Ev Sahibi,Egitim,Web,9,1
CUST-00747,37,42733,0.476,676,2.2,21355,48,3,0.546,Ege,Maasli,Lise,Ipotekli,Konut,Android,23,0
CUST-00748,44,139377,0.057,728,18.4,64415,48,1,0.502,Akdeniz,Maasli,Lisans,Ev Sahibi,Ihtiyac,Android,5,0
CUST-00749,32,34635,0.235,641,8.8,14913,12,2,0.562,Marmara,Maasli,Lisans,Kiraci,Tasit,Web,11,0
CUST-00750,41,43312,0.089,711,15.0,26133,36,0,0.619,Marmara,Maasli,Lise,Ev Sahibi,Tasit,Web,1,0
CUST-00751,20,22237,,654,1.3,5000,84,2,0.657,Marmara,Serbest,Lise,Ipotekli,Ihtiyac,iOS,19,0
CUST-00752,47,84886,0.499,674,12.3,10593,60,1,0.337,Ic Anadolu,Maasli,Yuksek Lisans,Ipotekli,Egitim,Web,23,1
CUST-00753,23,73391,0.538,592,0.0,29358,36,2,0.545,Ege,Maasli,Yuksek Lisans,Ipotekli,Egitim,,16,0
CUST-00754,28,20060,0.346,694,7.4,5000,36,2,0.428,Dogu Anadolu,Serbest,Lisans,Ipotekli,Egitim,iOS,2,0
CUST-00755,24,26652,0.345,577,0.0,13447,60,6,0.454,Ege,Issiz,Lisans,Ev Sahibi,Is Kurma,Android,14,1
CUST-00756,56,,0.020,694,11.1,26911,60,2,0.276,Karadeniz,Maasli,Lisans,Ev Sahibi,Konut,iOS,10,0
CUST-00757,43,53378,0.169,634,23.1,29655,36,0,0.265,Marmara,Serbest,Lisans,Ev Sahibi,Borc Birlestirme,iOS,16,0
CUST-00758,52,58948,0.389,659,9.9,23168,24,3,0.472,Marmara,Serbest,Lise,Aile Yaninda,Borc Birlestirme,iOS,19,0
CUST-00759,53,66248,,709,12.8,21543,84,0,0.045,Ege,Maasli,Lisans,Aile Yaninda,Borc Birlestirme,Web,0,0
CUST-00760,35,,0.228,614,7.5,6238,60,1,0.216,Ic Anadolu,Maasli,Lisans,Kiraci,Is Kurma,Android,21,0
CUST-00761,65,59657,0.323,619,5.6,27040,48,2,0.361,Akdeniz,Maasli,Lisans,Ipotekli,Ihtiyac,Android,0,0
CUST-00762,41,101824,0.363,661,14.7,19319,36,2,0.517,Ic Anadolu,Maasli,Yuksek Lisans,Aile Yaninda,Tasit,iOS,6,0
CUST-00763,34,34777,0.123,642,0.0,8965,36,2,,Dogu Anadolu,Serbest,Lisans,Ev Sahibi,Ihtiyac,Android,8,0
CUST-00764,32,48876,0.574,609,0.0,23531,36,4,0.744,Ege,Issiz,Lise,Ipotekli,Ihtiyac,Android,12,1
CUST-00765,54,88305,0.394,656,36.3,41231,36,0,0.360,Ic Anadolu,Maasli,Lisans,Ipotekli,Borc Birlestirme,Android,19,0
CUST-00766,33,50332,0.270,639,10.0,48028,48,0,0.633,Akdeniz,Serbest,Lise,Kiraci,Konut,iOS,5,0
CUST-00767,42,54711,0.332,658,17.1,21807,12,4,0.101,Dogu Anadolu,Maasli,Lise,Ipotekli,Ihtiyac,Android,10,1
CUST-00768,49,51557,0.250,697,26.5,13056,84,4,0.008,Akdeniz,Maasli,Lisans,Ev Sahibi,Ihtiyac,Android,0,1
CUST-00769,43,60046,0.329,596,13.5,23248,12,4,0.795,Ic Anadolu,Maasli,Yuksek Lisans,Ev Sahibi,Egitim,Android,15,0
CUST-00770,41,47692,0.189,671,11.4,24926,36,3,0.478,Dogu Anadolu,Serbest,Lisans,Kiraci,Ihtiyac,Android,16,1
CUST-00771,35,,0.521,665,8.6,20495,36,2,0.276,Ege,Maasli,Onlisans,Ipotekli,Borc Birlestirme,Android,10,0
CUST-00772,34,23777,0.515,701,12.4,13018,24,2,0.598,Ege,Maasli,,Ipotekli,Konut,iOS,21,0
CUST-00773,49,59007,0.196,633,4.9,28245,36,0,0.442,Marmara,Maasli,Lisans,Aile Yaninda,Is Kurma,iOS,3,0
CUST-00774,50,30258,,652,9.0,5000,60,0,0.370,Akdeniz,Maasli,Lise,Ev Sahibi,Tasit,iOS,2,0
CUST-00775,45,72411,0.431,682,14.2,57285,48,2,0.359,Ege,Maasli,Lisans,Kiraci,Konut,Web,3,0
CUST-00776,37,98332,0.441,713,6.6,19269,120,0,0.632,Marmara,Maasli,Yuksek Lisans,Ipotekli,Ihtiyac,Android,2,0
CUST-00777,36,68567,0.246,625,4.3,12242,24,0,0.301,Ege,Emekli,Lise,Kiraci,Saglik,Web,18,0
CUST-00778,43,44513,0.271,655,23.2,14890,36,2,0.288,Karadeniz,Maasli,Yuksek Lisans,Kiraci,Ihtiyac,iOS,2,0
CUST-00779,43,48090,0.439,564,0.0,35642,60,4,0.457,Ic Anadolu,Issiz,Onlisans,Kiraci,Konut,Android,8,1
CUST-00780,29,33366,0.455,600,7.3,12395,60,2,0.414,Marmara,Maasli,Lisans,Kiraci,Tasit,Android,2,1
CUST-00781,30,51712,0.267,668,5.6,28181,48,0,0.583,Dogu Anadolu,Maasli,Onlisans,Kiraci,Tasit,Android,5,0
CUST-00782,29,62130,0.323,649,1.0,22712,36,0,0.229,Ic Anadolu,Maasli,Lise,Kiraci,Tasit,Android,11,0
CUST-00783,45,94116,0.305,687,25.2,56348,24,1,0.447,Marmara,Maasli,Lisans,Ev Sahibi,Tasit,iOS,0,0
CUST-00784,33,57813,0.344,644,8.1,7626,12,0,0.396,Ic Anadolu,Serbest,Onlisans,Ipotekli,Tasit,Android,5,0
CUST-00785,39,71299,0.630,673,14.6,20099,36,0,0.589,Marmara,Maasli,Onlisans,Kiraci,Ihtiyac,Android,17,0
CUST-00786,49,60378,0.313,660,17.8,25628,12,0,0.338,Ic Anadolu,Emekli,Onlisans,Kiraci,Borc Birlestirme,Android,1,0
CUST-00787,46,46961,0.079,682,8.7,25675,36,1,0.208,Karadeniz,Maasli,Onlisans,Ev Sahibi,Egitim,Web,1,0
CUST-00788,42,151445,0.387,618,0.0,80277,60,2,0.543,Akdeniz,Issiz,Lisans,Ev Sahibi,Ihtiyac,Android,8,0
CUST-00789,34,36135,0.301,618,9.7,18619,36,13,1.896,Ic Anadolu,Maasli,Onlisans,Kiraci,Ihtiyac,Web,17,1
CUST-00790,25,63776,0.432,612,6.8,10663,48,2,0.495,Ic Anadolu,Maasli,Lise,Kiraci,Egitim,Web,16,0
CUST-00791,51,86134,0.253,714,31.5,21534,24,0,0.428,Ic Anadolu,Maasli,Lisans,Aile Yaninda,Borc Birlestirme,iOS,10,0
CUST-00792,43,56150,0.401,642,16.4,22696,84,0,0.424,Marmara,Maasli,Lise,Ipotekli,Borc Birlestirme,iOS,23,0
CUST-00793,54,55968,0.355,617,24.1,9294,36,1,0.000,Marmara,Maasli,Lisans,Aile Yaninda,Borc Birlestirme,iOS,3,0
CUST-00794,29,3447,0.394,680,4.1,41654,48,4,0.524,Marmara,Sozlesmeli,Yuksek Lisans,Aile Yaninda,Konut,Android,16,0
CUST-00795,30,51396,,703,6.6,27939,36,3,0.675,Akdeniz,Serbest,Yuksek Lisans,Kiraci,Saglik,Android,9,0
CUST-00796,55,107077,0.443,648,13.6,29792,24,4,0.799,Dogu Anadolu,Serbest,Lisans,Kiraci,Ihtiyac,iOS,2,0
CUST-00797,41,59028,0.171,658,11.3,19577,12,1,0.689,Ege,Serbest,Lisans,Aile Yaninda,Borc Birlestirme,Web,2,0
CUST-00798,70,146215,0.365,737,32.4,43859,36,17,2.171,Ege,Serbest,Lisans,Ev Sahibi,Saglik,Android,18,1
CUST-00799,32,29335,0.516,667,4.2,5000,12,2,0.328,Karadeniz,Maasli,Onlisans,Kiraci,Egitim,iOS,10,0
CUST-00800,42,53670,0.707,631,0.0,9092,60,5,0.618,Ege,Issiz,Yuksek Lisans,Ipotekli,Ihtiyac,Android,1,1
CUST-00801,30,75372,0.400,690,5.3,17001,36,,0.595,Dogu Anadolu,Serbest,Lise,Ipotekli,Tasit,Android,7,0
CUST-00802,29,91483,0.218,623,1.2,120930,24,0,0.227,Ege,Maasli,Doktora,Ipotekli,Konut,Android,1,0
CUST-00803,28,18214,0.376,648,,10601,84,3,0.499,Akdeniz,Maasli,Lise,Ev Sahibi,Saglik,Android,10,0
CUST-00804,41,63503,0.399,674,19.2,34873,24,0,0.388,Ic Anadolu,Maasli,Lisans,Kiraci,Borc Birlestirme,iOS,8,0
CUST-00805,47,40877,0.196,670,0.0,17865,60,5,0.789,Karadeniz,Serbest,Lise,Aile Yaninda,Borc Birlestirme,Web,8,0
CUST-00806,18,61198,0.129,662,1.4,34819,60,3,0.234,Akdeniz,Maasli,Yuksek Lisans,Ipotekli,Ihtiyac,Web,20,0
CUST-00807,45,83623,0.314,630,19.7,15304,12,6,0.786,Dogu Anadolu,Serbest,Lise,Ipotekli,Saglik,iOS,19,0
CUST-00808,22,50740,0.305,613,1.5,20854,36,2,0.611,Akdeniz,Maasli,Lisans,Ev Sahibi,Saglik,Android,5,0
CUST-00809,40,68494,0.235,678,18.0,18473,120,4,0.168,Marmara,Serbest,Yuksek Lisans,Ipotekli,Ihtiyac,Android,2,0
CUST-00810,48,37553,0.028,698,10.5,8439,24,1,0.245,Ege,Serbest,,Ev Sahibi,Ihtiyac,iOS,17,0
CUST-00811,21,75561,0.156,623,2.7,24692,120,2,0.373,Karadeniz,Emekli,Lisans,Ipotekli,Ihtiyac,Web,1,1
CUST-00812,20,53318,0.294,638,1.5,10697,24,2,0.444,Akdeniz,Maasli,,Ev Sahibi,Ihtiyac,iOS,22,0
CUST-00813,35,52368,0.194,589,2.8,19181,60,2,0.139,Ic Anadolu,Maasli,Onlisans,Ev Sahibi,Tasit,Android,17,0
CUST-00814,29,43822,0.192,671,4.8,9330,60,3,0.115,Ic Anadolu,Maasli,Onlisans,Ev Sahibi,Is Kurma,Web,15,0
CUST-00815,40,33900,,636,21.1,31705,36,1,0.240,Marmara,Serbest,Lise,Ev Sahibi,Konut,iOS,8,0
CUST-00816,49,75674,0.284,714,,37975,48,3,0.458,Marmara,Serbest,Doktora,Ipotekli,Saglik,Android,14,0
CUST-00817,54,35711,0.466,682,,16308,60,1,0.570,Ege,Maasli,Lisans,Ipotekli,Konut,Android,23,0
CUST-00818,52,95016,0.441,706,14.9,26257,60,1,0.000,Ic Anadolu,Emekli,Lisans,Ipotekli,Ihtiyac,iOS,10,0
CUST-00819,30,5364,0.364,692,9.4,19300,120,4,0.827,Karadeniz,Serbest,Lise,Aile Yaninda,Borc Birlestirme,Android,7,0
CUST-00820,55,85529,0.384,679,12.5,47375,24,1,0.107,Marmara,Serbest,Onlisans,Aile Yaninda,Is Kurma,Web,21,0
CUST-00821,26,75437,0.237,677,5.4,44774,60,2,0.518,Ege,Maasli,Lisans,Ipotekli,Ihtiyac,iOS,8,0
CUST-00822,53,59043,0.069,638,8.5,26508,60,0,0.188,Ic Anadolu,Maasli,Yuksek Lisans,,Ihtiyac,Android,11,0
CUST-00823,50,94907,0.442,649,0.0,42340,84,4,0.595,Akdeniz,Issiz,Yuksek Lisans,Ipotekli,Tasit,iOS,0,0
CUST-00824,42,32794,0.377,665,21.4,17261,60,2,0.760,Marmara,Serbest,Lisans,Ev Sahibi,Is Kurma,iOS,15,0
CUST-00825,20,56245,,650,1.0,30620,12,3,0.220,Marmara,Serbest,Lisans,Kiraci,Tasit,Android,22,0
CUST-00826,61,30483,0.363,696,26.0,12396,36,2,0.540,Akdeniz,Sozlesmeli,Lise,Ev Sahibi,Borc Birlestirme,Android,7,0
CUST-00827,28,42168,0.359,654,7.7,5283,84,3,0.737,Marmara,Sozlesmeli,Lise,Kiraci,Is Kurma,Android,19,0
CUST-00828,27,25264,0.378,664,3.7,11347,36,1,0.604,Marmara,Maasli,Lise,Ev Sahibi,Borc Birlestirme,Android,14,0
CUST-00829,44,78327,0.406,620,12.7,70099,60,22,1.671,Akdeniz,Sozlesmeli,Lisans,Kiraci,Konut,iOS,19,1
CUST-00830,32,57329,0.251,701,8.4,24003,60,1,0.376,Akdeniz,Maasli,,Kiraci,Is Kurma,iOS,2,0
CUST-00831,55,,0.493,640,,24939,36,6,1.081,Ic Anadolu,Issiz,Lisans,Ev Sahibi,Is Kurma,Android,9,1
CUST-00832,43,49980,0.277,674,5.2,18623,36,3,0.488,Guneydogu Anadolu,Sozlesmeli,Lise,Aile Yaninda,Ihtiyac,Web,6,0
CUST-00833,49,,0.095,717,22.5,50818,60,2,0.000,Ic Anadolu,Maasli,Lisans,Kiraci,Egitim,Android,19,0
CUST-00834,31,40874,0.162,600,0.7,19203,36,2,0.216,Ege,,Lise,Ipotekli,Konut,iOS,22,0
CUST-00835,21,50066,0.387,632,0.5,19162,24,0,0.330,Marmara,Maasli,Lise,Ev Sahibi,Ihtiyac,Android,11,0
CUST-00836,34,38984,0.373,643,4.1,31312,60,,0.353,Ic Anadolu,Maasli,Lise,Ipotekli,Konut,Web,8,0
CUST-00837,30,152312,0.481,540,0.0,71725,12,7,0.799,Ege,Issiz,,Ev Sahibi,Is Kurma,iOS,3,1
CUST-00838,35,104842,0.020,732,9.5,92258,36,1,0.198,Akdeniz,Maasli,Lisans,Kiraci,Konut,Android,11,0
CUST-00839,32,24014,,686,1.5,11437,12,3,0.699,Ege,Maasli,Lise,Kiraci,Egitim,Android,9,1
CUST-00840,20,52548,0.341,652,,8898,24,0,0.380,Ege,Maasli,Onlisans,Kiraci,Ihtiyac,Web,19,0
CUST-00841,40,65176,0.258,645,14.4,16594,36,2,0.409,Karadeniz,Maasli,Onlisans,Ipotekli,Ihtiyac,Web,23,0
CUST-00842,18,157237,0.343,661,0.0,68846,60,2,0.503,Dogu Anadolu,Serbest,Lisans,Ipotekli,Ihtiyac,iOS,8,0
CUST-00843,20,48135,0.168,626,0.0,6358,36,0,0.218,Ege,Maasli,Lisans,Aile Yaninda,Tasit,Android,8,0
CUST-00844,18,65751,0.511,626,0.0,20193,60,1,0.318,Ic Anadolu,Maasli,Lisans,Aile Yaninda,Tasit,iOS,4,0
CUST-00845,38,72167,0.318,666,5.9,12366,48,1,0.550,Akdeniz,Maasli,Yuksek Lisans,Kiraci,Borc Birlestirme,Web,12,0
CUST-00846,30,82401,0.195,705,9.0,10417,48,3,0.360,Ic Anadolu,Maasli,Lisans,Aile Yaninda,Ihtiyac,Web,20,0
CUST-00847,43,77770,0.638,684,14.7,46193,60,,,Ic Anadolu,Maasli,Yuksek Lisans,Ipotekli,Egitim,Web,0,1
CUST-00848,24,146135,0.238,659,3.4,51913,12,3,0.838,Karadeniz,Maasli,Doktora,Ev Sahibi,Is Kurma,iOS,16,0
CUST-00849,35,30026,0.127,742,11.9,5000,24,2,0.227,Guneydogu Anadolu,Maasli,Lisans,Kiraci,Egitim,iOS,7,0
CUST-00850,54,36702,0.586,587,26.1,15627,36,3,1.007,Marmara,Maasli,Lise,Kiraci,Borc Birlestirme,iOS,7,0
CUST-00851,18,66781,0.257,641,0.8,37749,12,1,0.454,Marmara,Maasli,Lisans,Ev Sahibi,Saglik,Android,6,0
CUST-00852,29,68198,,617,0.0,34843,60,5,0.621,Marmara,Issiz,Yuksek Lisans,Kiraci,Tasit,iOS,6,1
CUST-00853,52,36788,0.509,690,30.6,12299,60,1,0.469,Marmara,Maasli,Lisans,Ipotekli,Borc Birlestirme,Web,11,0
CUST-00854,56,36045,0.360,667,15.7,10104,60,1,0.480,Guneydogu Anadolu,Maasli,Lise,Ev Sahibi,Konut,Android,8,0
CUST-00855,28,68629,0.262,664,1.0,40182,36,3,0.137,Ic Anadolu,Sozlesmeli,Lisans,Kiraci,Egitim,iOS,23,0
CUST-00856,18,61248,0.098,737,0.0,32502,12,1,0.268,Marmara,Maasli,Onlisans,Ev Sahibi,Tasit,iOS,18,0
CUST-00857,44,60456,,588,11.7,26063,48,3,0.111,Ic Anadolu,Maasli,Lisans,Kiraci,Is Kurma,Android,9,0
CUST-00858,46,34756,0.274,670,27.6,21637,12,1,0.408,Ic Anadolu,Maasli,Yuksek Lisans,Aile Yaninda,Tasit,iOS,12,0
CUST-00859,44,41295,0.271,689,17.4,19510,60,2,0.317,Marmara,Emekli,Onlisans,Kiraci,Borc Birlestirme,Web,11,0
CUST-00860,18,,0.157,605,,19555,120,2,,Ic Anadolu,Serbest,Lise,Kiraci,Ihtiyac,Web,15,0
CUST-00861,47,72656,0.374,620,26.4,46422,12,0,0.311,Karadeniz,Emekli,Lise,Kiraci,Ihtiyac,Android,15,0
CUST-00862,33,74213,0.295,644,10.6,38707,36,0,0.226,Ic Anadolu,Maasli,Yuksek Lisans,Kiraci,Ihtiyac,Web,10,0
CUST-00863,54,53251,0.388,623,34.1,25595,48,3,0.854,Marmara,Maasli,Lisans,Aile Yaninda,Is Kurma,Android,0,0
CUST-00864,47,119797,0.570,676,,49363,36,1,0.553,Ege,Maasli,Lisans,Ipotekli,Borc Birlestirme,iOS,9,0
CUST-00865,38,56883,0.228,698,14.1,28489,60,0,0.282,Marmara,Maasli,Onlisans,Ipotekli,Ihtiyac,Android,13,0
CUST-00866,41,73704,0.178,709,9.6,16416,60,2,0.527,Marmara,Maasli,Lisans,Kiraci,Ihtiyac,Android,8,0
CUST-00867,45,53567,0.511,603,0.0,32081,60,6,1.039,Marmara,Issiz,Lise,Ipotekli,Borc Birlestirme,Web,6,1
CUST-00868,18,23134,0.137,594,0.0,7743,36,0,0.192,Marmara,Maasli,Lise,Kiraci,Is Kurma,iOS,16,1
CUST-00869,54,86783,0.234,676,5.6,44237,36,0,0.369,Ege,Serbest,Doktora,Kiraci,Borc Birlestirme,Web,20,0
CUST-00870,53,41579,0.270,641,3.7,16238,36,3,0.693,Marmara,Maasli,Lise,Ev Sahibi,Is Kurma,Android,6,0
CUST-00871,45,69445,0.616,653,0.0,22097,60,7,,Marmara,Issiz,Lisans,Ipotekli,Borc Birlestirme,Web,16,1
CUST-00872,45,29509,0.412,632,0.0,5000,60,8,0.287,Ic Anadolu,Issiz,Lise,Ipotekli,Saglik,iOS,18,1
CUST-00873,31,60453,0.313,608,4.4,24051,48,2,0.000,Marmara,Maasli,Yuksek Lisans,Aile Yaninda,Is Kurma,Web,18,1
CUST-00874,37,50757,0.094,648,5.1,7206,60,1,0.000,Karadeniz,Maasli,Yuksek Lisans,Ev Sahibi,Is Kurma,iOS,21,0
CUST-00875,34,58079,0.347,675,5.2,28205,84,0,0.660,Ic Anadolu,Maasli,Lise,Ev Sahibi,Tasit,Web,6,0
CUST-00876,33,68166,0.434,639,0.8,35539,60,3,0.537,Guneydogu Anadolu,Maasli,Yuksek Lisans,Ev Sahibi,Ihtiyac,iOS,13,0
CUST-00877,67,97048,0.164,,0.8,27608,12,2,0.618,Ic Anadolu,Maasli,Onlisans,Kiraci,Borc Birlestirme,Web,14,0
CUST-00878,45,62254,0.533,675,7.7,37588,84,3,0.628,Marmara,Sozlesmeli,Lisans,Kiraci,Tasit,iOS,4,0
CUST-00879,27,54022,0.419,663,3.2,20786,48,2,,Ic Anadolu,Sozlesmeli,,Kiraci,Tasit,Android,21,1
CUST-00880,24,40890,0.124,653,,6760,36,3,0.270,Marmara,Serbest,Onlisans,Ev Sahibi,Tasit,iOS,18,0
CUST-00881,24,39529,0.020,646,4.6,19920,36,1,0.048,Ege,Maasli,Lise,Kiraci,Ihtiyac,Android,13,1
CUST-00882,37,126233,0.241,653,11.5,50545,60,,0.613,Ege,Emekli,Yuksek Lisans,Kiraci,Tasit,iOS,8,0
CUST-00883,31,44392,0.388,624,4.9,19045,36,2,0.480,Ege,Maasli,Lisans,Kiraci,Saglik,Web,18,1
CUST-00884,41,84610,0.337,647,7.7,15591,48,2,0.315,Dogu Anadolu,Serbest,Lisans,Ipotekli,Ihtiyac,Android,2,0
CUST-00885,31,23399,0.361,657,12.1,10274,36,1,0.536,Ege,Sozlesmeli,,Ev Sahibi,Ihtiyac,Android,10,0
CUST-00886,75,77002,0.397,687,41.0,10431,36,4,0.412,Ic Anadolu,Emekli,Onlisans,Ipotekli,Saglik,Web,21,0
CUST-00887,26,27438,,622,5.5,5000,24,1,0.331,Marmara,Sozlesmeli,Onlisans,,Borc Birlestirme,iOS,21,0
CUST-00888,18,41213,0.519,666,0.0,18066,12,0,0.441,Ege,Maasli,Lisans,Ipotekli,Is Kurma,,10,1
CUST-00889,46,68307,,578,0.0,18768,36,6,0.259,Dogu Anadolu,,Lisans,Kiraci,Ihtiyac,Android,5,0
CUST-00890,18,96508,0.559,604,1.5,39775,60,1,0.439,Karadeniz,Maasli,Lisans,Ipotekli,Tasit,iOS,21,0
CUST-00891,48,41530,0.192,655,20.3,11838,12,2,0.476,Marmara,Sozlesmeli,Lise,Aile Yaninda,Egitim,Web,18,0
CUST-00892,29,53740,,631,6.7,17688,48,3,0.529,Ege,Serbest,Lisans,Ev Sahibi,Ihtiyac,Android,23,0
CUST-00893,24,109677,0.498,582,0.0,27148,36,,0.601,Dogu Anadolu,Issiz,Yuksek Lisans,Kiraci,Borc Birlestirme,Web,23,0
CUST-00894,30,43437,0.217,708,9.6,11761,24,3,0.822,Marmara,Maasli,Lise,Ipotekli,Tasit,Android,11,0
CUST-00895,62,57857,0.327,757,6.3,27984,48,2,0.530,Ege,Serbest,Lise,Ev Sahibi,Is Kurma,Web,4,0
CUST-00896,45,50774,0.176,711,14.7,70801,48,1,0.632,Akdeniz,Sozlesmeli,Yuksek Lisans,Ev Sahibi,Konut,Android,15,0
CUST-00897,62,111960,0.504,655,5.4,68056,24,0,0.442,Ege,Maasli,Onlisans,Aile Yaninda,Konut,iOS,5,0
CUST-00898,30,50608,0.339,656,7.2,27838,24,1,0.172,Akdeniz,Maasli,Lisans,Kiraci,Is Kurma,iOS,12,0
CUST-00899,35,41388,0.445,682,4.0,47971,12,2,0.307,Ic Anadolu,Maasli,Lise,Ipotekli,Konut,iOS,17,0
CUST-00900,23,44500,0.210,666,4.8,27252,36,1,0.554,Ic Anadolu,Maasli,Lisans,Ev Sahibi,Tasit,Android,23,0
CUST-00901,64,36212,0.427,668,3.1,18846,60,3,0.844,Dogu Anadolu,Serbest,Lise,Aile Yaninda,Ihtiyac,iOS,23,0
CUST-00902,47,64211,0.460,644,,8909,84,0,0.551,Guneydogu Anadolu,Maasli,Lisans,Ipotekli,Borc Birlestirme,Android,10,0
CUST-00903,32,56779,0.023,655,1.9,9555,36,1,0.569,Ic Anadolu,Maasli,Lisans,Kiraci,Tasit,iOS,20,0
CUST-00904,48,70477,0.173,634,5.6,32017,36,1,0.231,Marmara,Maasli,Lisans,Kiraci,Ihtiyac,Android,21,0
CUST-00905,48,45603,0.563,660,23.2,17083,12,,0.640,Marmara,Sozlesmeli,Lise,Ipotekli,Konut,Web,10,0
CUST-00906,56,92662,0.444,700,21.3,34673,12,0,,Marmara,Maasli,Onlisans,Ev Sahibi,Ihtiyac,Android,7,0
CUST-00907,43,140553,0.455,656,21.4,86778,36,2,0.494,Marmara,Serbest,Lisans,Ipotekli,Tasit,iOS,0,0
CUST-00908,32,57578,0.355,647,13.1,30282,24,1,0.389,Dogu Anadolu,Maasli,Yuksek Lisans,Kiraci,Ihtiyac,Android,20,0
CUST-00909,43,93417,0.154,719,0.9,59255,84,1,0.132,Karadeniz,Sozlesmeli,Yuksek Lisans,Ipotekli,Ihtiyac,iOS,18,0
CUST-00910,45,45828,0.243,709,8.2,17960,48,4,0.236,Ege,Emekli,Lise,Ev Sahibi,Ihtiyac,Android,11,0
CUST-00911,48,109278,0.333,650,12.3,67944,24,2,0.265,Marmara,Maasli,Lise,Ipotekli,Ihtiyac,Web,14,0
CUST-00912,23,39997,0.191,,0.0,110370,36,0,0.032,Marmara,Maasli,Lisans,Ev Sahibi,Ihtiyac,Android,18,0
CUST-00913,18,30345,0.305,620,0.3,10291,36,1,0.622,Ege,Serbest,Lisans,Ev Sahibi,Ihtiyac,Android,23,0
CUST-00914,37,53046,0.131,633,11.0,13024,24,1,0.453,Ic Anadolu,Maasli,Lise,Ev Sahibi,Borc Birlestirme,iOS,19,0
CUST-00915,42,51187,0.342,657,5.6,32095,36,1,0.138,Karadeniz,Maasli,Lisans,Ev Sahibi,Ihtiyac,,18,1
CUST-00916,36,28808,0.270,697,5.1,5000,24,1,0.208,Akdeniz,Emekli,,Kiraci,Is Kurma,Web,21,1
CUST-00917,47,,0.122,658,12.7,17477,12,1,0.580,Marmara,Maasli,Lisans,Ev Sahibi,Borc Birlestirme,iOS,0,0
CUST-00918,27,24453,0.356,600,8.2,9459,48,2,0.517,Ic Anadolu,Serbest,Onlisans,Ipotekli,Borc Birlestirme,iOS,10,0
CUST-00919,52,56202,0.111,616,2.7,9946,60,1,0.426,Ic Anadolu,Maasli,Lise,Ev Sahibi,Ihtiyac,Android,16,1
CUST-00920,32,32269,0.191,655,5.4,22412,36,4,0.475,Dogu Anadolu,Maasli,Lisans,Kiraci,Konut,Android,19,0
CUST-00921,56,61808,0.324,675,18.1,11637,84,4,0.257,Karadeniz,Maasli,Lise,Ipotekli,Borc Birlestirme,iOS,14,0
CUST-00922,42,73216,0.364,644,15.3,45810,48,1,0.626,Akdeniz,Maasli,Lisans,Ev Sahibi,Tasit,Android,0,0
CUST-00923,43,93295,0.378,641,12.2,47909,12,1,0.350,Marmara,Serbest,Lisans,Kiraci,Borc Birlestirme,Android,6,0
CUST-00924,62,74335,0.581,682,18.4,33699,36,1,0.662,Guneydogu Anadolu,Sozlesmeli,Lisans,Kiraci,Saglik,iOS,15,0
CUST-00925,56,71081,0.311,686,22.0,33864,36,2,0.084,Akdeniz,Maasli,Yuksek Lisans,Aile Yaninda,Saglik,Web,12,0
CUST-00926,47,58861,0.152,668,5.1,7659,48,2,0.755,Akdeniz,Serbest,Lisans,Kiraci,Tasit,Android,12,0
CUST-00927,36,49034,0.376,732,11.4,20435,24,2,0.469,Guneydogu Anadolu,Maasli,,Ipotekli,Tasit,Android,11,0
CUST-00928,27,38146,0.172,658,2.7,58145,48,1,0.406,Marmara,Maasli,Lisans,Kiraci,Borc Birlestirme,Android,17,0
CUST-00929,41,47317,0.167,623,0.0,13865,36,0,0.420,Marmara,Maasli,Lise,,Borc Birlestirme,Web,7,0
CUST-00930,43,47040,,712,10.4,25696,36,2,0.008,Akdeniz,Maasli,Lisans,Kiraci,Ihtiyac,Android,6,1
CUST-00931,33,70761,0.437,717,5.4,25813,36,1,0.345,Ic Anadolu,Maasli,Lisans,Ipotekli,Tasit,iOS,1,0
CUST-00932,45,69044,0.222,684,21.6,37659,120,1,0.201,Marmara,Maasli,Lisans,Kiraci,Tasit,Android,22,0
CUST-00933,38,34107,0.396,681,19.2,10755,36,3,0.784,Ege,Emekli,Onlisans,Ipotekli,Egitim,Android,10,0
CUST-00934,44,49174,0.469,638,12.4,68440,48,0,0.377,Akdeniz,Maasli,Onlisans,Ipotekli,Borc Birlestirme,Android,1,0
CUST-00935,23,50770,0.277,647,5.7,23048,60,0,0.451,Akdeniz,Maasli,Lisans,Ipotekli,Ihtiyac,iOS,16,0
CUST-00936,38,117837,0.201,635,3.3,218305,24,0,0.515,Karadeniz,Maasli,,,Konut,Android,10,0
CUST-00937,21,26850,0.149,614,0.0,30250,120,5,0.247,Ic Anadolu,Issiz,Lise,Ev Sahibi,Konut,Android,8,0
CUST-00938,37,44527,0.233,700,5.0,7047,36,2,0.333,Marmara,Maasli,Lise,Kiraci,Tasit,iOS,14,0
CUST-00939,54,64232,0.378,680,15.8,21527,12,0,0.540,Marmara,Maasli,Lisans,Kiraci,Borc Birlestirme,Android,9,0
CUST-00940,34,44487,0.291,692,5.9,12370,24,2,0.287,Dogu Anadolu,Maasli,Lisans,Ev Sahibi,Is Kurma,iOS,22,0
CUST-00941,37,50775,0.273,640,2.0,30491,24,1,0.356,Karadeniz,Maasli,Lise,Kiraci,Konut,Android,12,0
CUST-00942,60,122131,0.205,665,11.8,35700,12,0,0.311,Marmara,Maasli,Yuksek Lisans,Kiraci,Ihtiyac,Android,8,0
CUST-00943,37,57532,0.325,673,12.7,20349,48,2,0.698,Ic Anadolu,Sozlesmeli,Onlisans,Ev Sahibi,Is Kurma,Android,20,1
CUST-00944,62,105987,0.122,716,38.8,55204,60,4,0.219,Marmara,Serbest,Yuksek Lisans,Kiraci,Tasit,Android,5,0
CUST-00945,26,45714,0.259,658,5.5,25011,48,4,0.537,Marmara,Sozlesmeli,Lise,Ipotekli,Borc Birlestirme,iOS,11,1
CUST-00946,23,35995,0.151,675,1.4,7251,36,0,0.435,Marmara,Maasli,Onlisans,Ev Sahibi,Borc Birlestirme,Android,9,0
CUST-00947,52,84381,,741,32.9,23373,84,3,0.715,Marmara,Maasli,Lisans,Ev Sahibi,Borc Birlestirme,iOS,4,0
CUST-00948,42,30552,0.412,653,6.3,5000,60,2,0.545,Marmara,Maasli,Lisans,Kiraci,Is Kurma,iOS,9,0
CUST-00949,18,43147,0.242,611,,23032,48,4,0.252,Ic Anadolu,Serbest,Lisans,Ipotekli,Ihtiyac,iOS,20,0
CUST-00950,46,,0.462,599,0.2,40550,48,0,0.741,Marmara,Maasli,Lisans,Aile Yaninda,Borc Birlestirme,Web,6,0
CUST-00951,44,40334,0.474,660,25.4,10771,60,0,0.481,Dogu Anadolu,Maasli,Lise,Ev Sahibi,Tasit,Web,0,1
CUST-00952,39,53785,0.080,744,,18436,12,0,0.389,Ic Anadolu,Maasli,Yuksek Lisans,Kiraci,Ihtiyac,Android,1,0
CUST-00953,30,59351,0.188,709,4.6,34298,60,2,0.230,Marmara,Maasli,Lisans,Ipotekli,Ihtiyac,iOS,13,0
CUST-00954,28,47042,0.264,688,3.0,18024,36,0,0.540,Akdeniz,Serbest,Lisans,Ev Sahibi,Ihtiyac,Android,7,0
CUST-00955,49,53951,0.430,620,5.1,31915,36,2,0.451,Ic Anadolu,Maasli,Lise,Ev Sahibi,Tasit,Web,3,1
CUST-00956,52,125363,0.380,620,8.2,26254,24,1,0.568,Karadeniz,Maasli,Lisans,Ev Sahibi,Saglik,Android,18,0
CUST-00957,24,83491,0.459,622,3.5,50921,84,5,0.779,Guneydogu Anadolu,Sozlesmeli,Lise,Ev Sahibi,Tasit,Android,21,0
CUST-00958,74,,0.173,702,40.6,77568,36,4,0.781,Akdeniz,Sozlesmeli,Onlisans,Kiraci,Is Kurma,Web,18,0
CUST-00959,41,42929,0.601,692,10.3,55139,60,1,0.567,Guneydogu Anadolu,Maasli,Lisans,Ipotekli,Konut,Android,19,0
CUST-00960,47,64346,0.073,654,8.0,9929,36,3,0.470,Akdeniz,,Doktora,Kiraci,Borc Birlestirme,Web,21,0
CUST-00961,36,53612,0.187,585,0.0,30617,36,4,0.476,Marmara,Issiz,Lise,Kiraci,Ihtiyac,Web,2,0
CUST-00962,37,71017,0.246,641,0.0,34644,120,0,0.425,Marmara,Serbest,Lisans,Ev Sahibi,Egitim,Android,4,0
CUST-00963,53,93344,0.347,706,,34133,60,0,0.428,Ege,Maasli,Lisans,Ev Sahibi,Is Kurma,Android,6,0
CUST-00964,63,57471,0.187,693,21.7,16028,120,2,0.229,Marmara,Maasli,Lise,Kiraci,Tasit,iOS,11,1
CUST-00965,41,69517,0.286,669,23.2,10160,60,0,0.317,Ic Anadolu,Sozlesmeli,Lisans,Ev Sahibi,Ihtiyac,iOS,7,0
CUST-00966,51,34090,0.269,719,24.7,21731,60,0,0.414,Guneydogu Anadolu,Maasli,Yuksek Lisans,Ev Sahibi,Tasit,iOS,7,0
CUST-00967,34,43331,0.361,631,14.3,20521,48,2,0.604,Marmara,Sozlesmeli,Yuksek Lisans,Kiraci,Ihtiyac,iOS,13,0
CUST-00968,45,43529,0.140,693,15.1,22553,60,1,0.488,Akdeniz,Maasli,Yuksek Lisans,Kiraci,Ihtiyac,iOS,11,0
CUST-00969,46,103912,0.218,647,14.9,64605,60,3,0.383,Ege,Maasli,Yuksek Lisans,Ev Sahibi,Borc Birlestirme,iOS,2,0
CUST-00970,18,30598,0.300,640,0.0,5000,84,2,0.666,Guneydogu Anadolu,Maasli,Lisans,Kiraci,Saglik,iOS,12,0
CUST-00971,39,45508,0.185,616,1.3,25461,48,1,0.539,Akdeniz,Serbest,Lise,Kiraci,Egitim,Android,21,0
CUST-00972,33,64010,0.236,653,2.9,23439,60,1,0.613,Ege,Maasli,Lisans,Aile Yaninda,Tasit,Android,2,0
CUST-00973,43,35452,0.031,698,12.9,11823,84,1,0.000,Ic Anadolu,Maasli,Lise,Kiraci,Borc Birlestirme,Android,2,0
CUST-00974,47,56956,0.337,667,20.5,30328,24,1,0.192,Akdeniz,Maasli,Onlisans,Ev Sahibi,Ihtiyac,Android,7,0
CUST-00975,40,66292,0.150,653,0.0,30367,60,3,0.400,Ege,Issiz,Lisans,Kiraci,Is Kurma,Android,5,1
CUST-00976,46,80021,0.208,661,3.0,19757,120,0,0.568,Dogu Anadolu,Maasli,Lise,Kiraci,Borc Birlestirme,Web,16,0
CUST-00977,22,83444,0.493,646,4.3,39551,48,5,0.868,Ege,Sozlesmeli,Lisans,Kiraci,Ihtiyac,Android,5,1
CUST-00978,34,42577,0.223,618,10.1,13386,48,1,0.202,Marmara,Serbest,Onlisans,Ipotekli,Borc Birlestirme,Android,14,0
CUST-00979,45,77994,0.323,652,12.5,44284,120,3,,Ege,Maasli,Onlisans,Ev Sahibi,Borc Birlestirme,Android,18,0
CUST-00980,34,40927,0.246,703,12.6,22416,36,1,0.598,Karadeniz,Emekli,Onlisans,Kiraci,Ihtiyac,Android,17,0
CUST-00981,21,25227,0.318,639,2.5,14960,24,0,0.015,Marmara,Maasli,Lise,Kiraci,Saglik,iOS,2,0
CUST-00982,43,75700,0.101,678,3.2,24394,36,0,0.374,Dogu Anadolu,Maasli,Lisans,Ipotekli,Egitim,Web,10,0
CUST-00983,40,81335,0.175,702,13.8,34981,24,4,,Marmara,Maasli,Onlisans,Ev Sahibi,Ihtiyac,iOS,6,0
CUST-00984,34,53102,0.396,698,9.4,26472,84,1,0.429,Akdeniz,Maasli,Lisans,Aile Yaninda,Konut,Web,7,0
CUST-00985,19,45853,0.303,697,0.0,12785,60,2,0.339,Akdeniz,Maasli,Lisans,Kiraci,Ihtiyac,Web,0,0
CUST-00986,30,71239,0.282,623,0.0,19588,84,4,0.215,Marmara,Maasli,,Ev Sahibi,Borc Birlestirme,Web,9,1
CUST-00987,37,89380,0.162,634,15.0,38520,12,1,0.245,Karadeniz,Maasli,Lisans,Aile Yaninda,Borc Birlestirme,Android,2,0
CUST-00988,52,33040,0.154,611,,14518,60,0,,Guneydogu Anadolu,Maasli,Lisans,Kiraci,Konut,Web,0,0
CUST-00989,43,44032,0.293,691,12.2,50633,12,1,,Ic Anadolu,Maasli,Onlisans,Kiraci,Konut,Android,0,0
CUST-00990,38,26710,0.288,629,4.6,7051,12,1,0.466,Ege,Serbest,Lise,Kiraci,Ihtiyac,iOS,1,0
CUST-00991,52,101283,0.493,646,,35151,36,3,0.781,Ic Anadolu,Maasli,Lisans,Ipotekli,Is Kurma,Android,12,1
CUST-00992,20,58906,0.188,666,0.1,30272,12,0,0.323,Karadeniz,Maasli,Lise,Ev Sahibi,Ihtiyac,Android,22,0
CUST-00993,39,111697,0.277,645,21.2,16371,12,1,0.407,Ege,Maasli,Lisans,Ev Sahibi,Borc Birlestirme,Android,3,0
CUST-00994,18,37969,0.233,634,0.0,20936,24,2,0.219,Karadeniz,Maasli,Yuksek Lisans,Aile Yaninda,Ihtiyac,iOS,13,0
CUST-00995,39,42000,0.096,636,14.2,16196,48,0,0.263,Marmara,Maasli,Lisans,Ipotekli,Tasit,iOS,17,0
CUST-00996,40,49799,0.385,677,,17256,60,3,0.402,Dogu Anadolu,Maasli,Lise,Kiraci,Tasit,Android,13,1
CUST-00997,40,37856,0.221,635,17.5,18285,24,,0.000,Ege,Serbest,Lise,Ev Sahibi,Borc Birlestirme,Web,6,0
CUST-00998,54,34238,0.198,641,23.9,18144,48,0,0.644,Marmara,Maasli,Lise,Kiraci,Borc Birlestirme,iOS,7,0
CUST-00999,38,42344,0.215,615,8.2,6119,60,2,0.000,Marmara,Emekli,Lise,Kiraci,Tasit,Android,23,0
CUST-01000,52,93938,0.123,666,21.7,56886,36,1,0.514,Ic Anadolu,Maasli,Lisans,Kiraci,Ihtiyac,Web,22,0
CUST-01001,27,48135,0.224,642,10.2,8434,60,1,0.318,Ege,Serbest,Onlisans,Ipotekli,Ihtiyac,Android,9,0
CUST-01002,19,50467,0.140,635,0.7,14279,36,0,0.338,Dogu Anadolu,Maasli,Lisans,Kiraci,Is Kurma,Web,8,0
CUST-01003,18,67752,0.075,692,,11669,48,1,0.347,Guneydogu Anadolu,Maasli,Lise,Kiraci,Is Kurma,Android,9,1
CUST-01004,28,29146,0.233,638,4.5,8445,36,0,0.306,Akdeniz,Maasli,Lisans,Kiraci,Ihtiyac,Android,10,0
CUST-01005,64,64754,0.236,607,4.1,24412,60,2,0.216,Akdeniz,,Lisans,Kiraci,Borc Birlestirme,iOS,8,1
CUST-01006,50,,0.288,645,0.1,64127,12,0,0.498,Guneydogu Anadolu,Serbest,Onlisans,Ipotekli,Ihtiyac,Android,1,0
CUST-01007,35,,0.020,709,8.7,30651,84,0,0.224,Dogu Anadolu,Maasli,Onlisans,Kiraci,Egitim,Android,1,1
CUST-01008,18,57952,0.412,608,0.0,7438,12,2,0.278,Guneydogu Anadolu,Maasli,,Ipotekli,Tasit,Android,0,0
CUST-01009,56,119577,0.468,627,1.7,70884,84,2,0.078,Akdeniz,Sozlesmeli,Yuksek Lisans,Ev Sahibi,Egitim,Web,21,0
CUST-01010,36,88166,0.198,753,12.9,26349,36,0,0.097,Marmara,Maasli,Onlisans,Kiraci,Ihtiyac,Web,7,0
CUST-01011,32,46300,0.440,629,0.0,38827,36,2,0.382,Ic Anadolu,Issiz,Lise,Kiraci,Konut,Android,12,0
CUST-01012,35,62891,0.313,618,4.2,24545,36,1,0.460,Marmara,Maasli,Onlisans,Kiraci,Saglik,iOS,19,0
CUST-01013,48,43450,0.324,695,24.1,6472,36,2,0.574,Ic Anadolu,Serbest,Onlisans,Kiraci,Is Kurma,Web,19,0
CUST-01014,39,35317,0.333,628,4.6,20931,36,0,0.336,Marmara,Maasli,Onlisans,Ev Sahibi,Ihtiyac,iOS,7,1
CUST-01015,32,54908,0.154,589,4.6,9541,36,3,0.494,Marmara,Serbest,Onlisans,Kiraci,Borc Birlestirme,Android,18,0
CUST-01016,27,40608,0.226,628,0.0,20861,84,3,0.363,Karadeniz,Issiz,Lise,Kiraci,Konut,iOS,17,1
CUST-01017,46,,0.328,630,17.0,35651,24,2,0.319,Marmara,Emekli,Yuksek Lisans,Kiraci,Tasit,iOS,15,1
CUST-01018,40,55177,0.181,669,15.9,20966,60,2,0.305,Marmara,Maasli,Lise,Ev Sahibi,Is Kurma,iOS,1,0
CUST-01019,48,49616,0.180,681,6.6,25178,120,2,0.463,Marmara,Emekli,Lise,Aile Yaninda,Ihtiyac,iOS,17,0
CUST-01020,47,61943,0.203,707,18.4,13476,120,3,0.319,Karadeniz,Maasli,Lisans,,Tasit,Android,18,0
CUST-01021,24,37687,0.525,,,20297,24,3,0.677,Guneydogu Anadolu,Maasli,Onlisans,Ipotekli,Tasit,Android,17,0
CUST-01022,39,50128,0.089,625,12.5,17932,36,2,0.778,Marmara,Maasli,Lise,Kiraci,Ihtiyac,Android,19,0
CUST-01023,28,78428,0.274,665,9.9,18902,36,1,0.621,Dogu Anadolu,Maasli,Lise,Ev Sahibi,Is Kurma,Android,15,0
CUST-01024,49,94117,0.365,581,0.0,58946,36,5,0.425,Ege,Issiz,Lisans,Kiraci,Is Kurma,Android,6,0
CUST-01025,56,78406,0.214,703,30.6,13391,60,0,0.344,Ic Anadolu,Maasli,Lisans,Kiraci,Egitim,Android,5,0
CUST-01026,38,29547,0.269,681,13.6,5138,36,3,0.422,Ege,Maasli,Lisans,Ipotekli,Ihtiyac,Web,10,0
CUST-01027,28,101642,0.269,669,3.1,42304,60,2,0.194,Marmara,Serbest,Yuksek Lisans,Ev Sahibi,Egitim,Android,1,0
CUST-01028,24,66251,0.020,687,4.0,28812,120,0,0.346,Marmara,Maasli,Lise,Kiraci,Tasit,Web,5,0
CUST-01029,46,,0.230,610,10.9,35223,24,1,0.187,Ic Anadolu,Sozlesmeli,Lise,Ipotekli,Tasit,iOS,4,0
CUST-01030,46,41132,0.218,641,8.8,22597,48,2,0.398,Karadeniz,Maasli,Lise,Ipotekli,Ihtiyac,Web,12,1
CUST-01031,34,61978,0.419,688,11.8,60132,36,1,0.325,Marmara,Maasli,Lise,Kiraci,Konut,Web,21,0
CUST-01032,49,93335,0.513,648,27.7,56422,36,1,0.133,Ic Anadolu,Maasli,Onlisans,Ipotekli,Egitim,iOS,22,0
CUST-01033,48,93814,0.306,709,0.2,34738,12,3,0.306,Guneydogu Anadolu,Serbest,Onlisans,Ipotekli,Is Kurma,Android,4,0
CUST-01034,34,37775,0.200,662,9.2,18772,60,2,0.821,Marmara,Maasli,Lise,Kiraci,Borc Birlestirme,Android,4,0
CUST-01035,51,68611,0.324,625,14.6,42339,36,0,0.503,Marmara,Maasli,Lise,Ipotekli,Is Kurma,iOS,15,0
CUST-01036,49,74288,0.417,596,18.3,26407,24,3,0.215,Ic Anadolu,Maasli,Lise,Ev Sahibi,Saglik,Web,10,0
CUST-01037,45,80164,0.270,719,18.1,38454,36,0,0.456,Karadeniz,Maasli,Lisans,Ev Sahibi,Tasit,Web,23,0
CUST-01038,22,69330,0.417,678,1.0,30743,120,1,0.432,Dogu Anadolu,Sozlesmeli,Yuksek Lisans,Kiraci,Borc Birlestirme,Android,12,0
CUST-01039,37,39035,0.210,695,16.1,5000,120,2,0.038,Karadeniz,Maasli,Lise,Kiraci,Ihtiyac,Android,8,0
CUST-01040,50,94530,0.516,596,0.0,39501,36,6,0.763,Akdeniz,Issiz,Yuksek Lisans,Aile Yaninda,Borc Birlestirme,Android,13,0
CUST-01041,45,103930,0.020,717,16.4,54826,48,4,0.185,Ege,Serbest,Lisans,Kiraci,Ihtiyac,iOS,14,0
CUST-01042,48,50541,0.359,682,20.4,9254,84,2,0.444,Marmara,Maasli,Onlisans,Aile Yaninda,Ihtiyac,Android,19,0
CUST-01043,35,98123,0.281,586,8.2,12607,12,1,0.296,Karadeniz,Sozlesmeli,Doktora,Ev Sahibi,Tasit,Android,14,0
CUST-01044,25,74040,0.327,664,3.8,25847,60,2,0.709,Akdeniz,Serbest,Yuksek Lisans,Kiraci,Ihtiyac,,1,0
CUST-01045,43,76302,0.357,685,12.4,34694,36,1,0.372,Ege,Sozlesmeli,Lisans,Kiraci,Borc Birlestirme,Android,7,1
CUST-01046,30,32736,0.129,642,9.0,15872,60,1,0.082,Marmara,Maasli,Lisans,Ipotekli,Tasit,Web,8,0
CUST-01047,29,59648,0.607,603,0.0,34402,24,,0.536,Marmara,Serbest,Lise,Kiraci,Borc Birlestirme,iOS,4,0
CUST-01048,50,53332,0.390,695,31.1,28568,120,1,0.697,Guneydogu Anadolu,Maasli,Onlisans,Ipotekli,Ihtiyac,Android,0,0
CUST-01049,45,56334,0.280,716,17.3,19591,48,2,0.261,Marmara,Maasli,Lise,Ev Sahibi,Egitim,Android,3,1
CUST-01050,61,113923,0.172,606,,67853,24,2,0.490,Ic Anadolu,Sozlesmeli,Lisans,Aile Yaninda,Ihtiyac,Android,17,0
CUST-01051,18,28796,0.373,671,0.0,5066,36,1,0.483,Ic Anadolu,Maasli,Lise,Ev Sahibi,Tasit,Android,9,0
CUST-01052,26,100112,0.062,658,5.0,16023,48,1,0.363,Marmara,Serbest,Yuksek Lisans,Kiraci,Saglik,Android,15,0
CUST-01053,36,39458,0.290,657,10.7,24036,60,2,0.254,Dogu Anadolu,Serbest,Onlisans,Kiraci,Konut,Android,17,0
CUST-01054,35,69936,0.163,634,4.6,34840,24,0,0.630,Dogu Anadolu,Maasli,Lisans,Kiraci,Ihtiyac,Android,6,0
CUST-01055,41,74355,0.213,684,24.0,33194,60,1,0.091,Ege,Maasli,Lisans,Kiraci,Ihtiyac,iOS,8,0
CUST-01056,36,62200,0.265,677,12.2,16507,12,0,,Ic Anadolu,Maasli,Yuksek Lisans,Kiraci,Borc Birlestirme,Web,18,0
CUST-01057,19,55986,0.482,716,1.0,43456,36,1,0.625,Dogu Anadolu,Maasli,Onlisans,Ev Sahibi,Konut,Android,0,0
CUST-01058,53,53038,0.276,700,17.8,25243,60,0,0.318,Guneydogu Anadolu,Maasli,Lise,Ev Sahibi,Saglik,Web,21,1
CUST-01059,48,82096,0.020,599,3.6,63101,48,0,0.675,Akdeniz,Maasli,Lisans,Ev Sahibi,Konut,Android,5,0
CUST-01060,53,78337,,672,0.4,49775,84,0,0.499,Ic Anadolu,Maasli,Lisans,Ev Sahibi,Saglik,Web,0,0
CUST-01061,25,55580,0.295,663,3.6,11502,24,1,0.323,Marmara,Maasli,Lisans,Ipotekli,Ihtiyac,Android,1,0
CUST-01062,49,69774,0.071,648,11.6,91029,84,26,2.059,Karadeniz,Emekli,Lise,Ev Sahibi,Konut,iOS,7,1
CUST-01063,18,59453,0.215,672,0.0,20308,36,2,0.303,Guneydogu Anadolu,Maasli,Lisans,,Borc Birlestirme,Web,15,1
CUST-01064,42,78432,0.237,690,8.3,38411,24,0,0.469,Guneydogu Anadolu,Maasli,Onlisans,Ev Sahibi,Tasit,Android,12,0
CUST-01065,32,40978,0.201,640,8.0,6678,24,2,0.454,Karadeniz,Serbest,Yuksek Lisans,Kiraci,Saglik,Web,16,0
CUST-01066,29,24595,0.094,702,5.2,33677,36,3,0.152,Ic Anadolu,Maasli,Onlisans,Kiraci,Konut,Android,9,0
CUST-01067,29,42755,0.619,577,8.3,19079,84,0,0.250,Dogu Anadolu,Maasli,Lisans,Kiraci,Ihtiyac,Android,19,1
CUST-01068,60,44772,0.398,696,21.7,23997,24,3,0.422,Ic Anadolu,Maasli,Lise,Kiraci,Saglik,iOS,16,0
CUST-01069,24,36075,0.207,665,0.0,16041,24,2,0.488,Ic Anadolu,Maasli,Lisans,Ipotekli,Borc Birlestirme,Android,7,0
CUST-01070,26,39394,0.220,693,6.7,23163,60,0,,Dogu Anadolu,Maasli,Onlisans,Ev Sahibi,Tasit,Web,0,1
CUST-01071,18,48116,0.020,664,0.5,22036,48,2,0.310,Ic Anadolu,Maasli,Lise,Kiraci,Ihtiyac,iOS,14,0
CUST-01072,45,25130,0.272,719,22.4,16051,24,0,0.316,Akdeniz,Maasli,Onlisans,Kiraci,Egitim,Web,11,0
CUST-01073,18,29668,0.426,705,2.2,9052,120,1,0.000,Karadeniz,Maasli,Lise,Ipotekli,Is Kurma,iOS,18,0
CUST-01074,30,79308,0.365,622,0.0,47884,60,3,0.037,Ege,Maasli,Lisans,Kiraci,Saglik,Android,3,0
CUST-01075,49,114000,0.399,634,8.3,45209,48,3,0.550,Ic Anadolu,Emekli,Lise,Ipotekli,Tasit,Web,6,0
CUST-01076,28,46128,0.207,682,10.3,22449,12,1,0.356,Marmara,Maasli,Onlisans,Kiraci,Borc Birlestirme,Web,14,0
CUST-01077,18,35236,0.324,674,0.0,7294,60,1,0.212,Marmara,Emekli,Lise,Kiraci,Borc Birlestirme,Web,8,0
CUST-01078,22,36260,0.565,595,0.0,10231,24,6,0.792,Marmara,Issiz,Lise,Kiraci,Is Kurma,Android,4,1
CUST-01079,46,33197,0.142,702,6.5,7937,36,4,0.045,Ic Anadolu,Maasli,Onlisans,Kiraci,Is Kurma,Android,17,0
CUST-01080,37,49861,,672,16.6,31490,12,0,0.343,Dogu Anadolu,Serbest,Yuksek Lisans,Ipotekli,Borc Birlestirme,Android,0,0
CUST-01081,56,,0.578,667,23.4,36728,12,4,0.685,Ege,Maasli,Lisans,Kiraci,Ihtiyac,iOS,10,0
CUST-01082,49,32138,0.575,659,0.0,8725,84,5,0.561,Ege,Issiz,Lise,Aile Yaninda,Is Kurma,Web,3,1
CUST-01083,18,32453,0.159,629,1.3,8081,60,0,0.326,Ege,Maasli,Lisans,Ev Sahibi,Borc Birlestirme,Android,5,0
CUST-01084,41,26183,0.131,727,8.2,10132,60,2,0.708,Akdeniz,Maasli,Lise,Aile Yaninda,Egitim,Android,7,1
CUST-01085,24,246807,0.079,667,2.6,10614,36,0,0.255,Marmara,Maasli,Onlisans,Ev Sahibi,Konut,Web,3,0
CUST-01086,20,59506,0.607,583,0.0,37900,12,7,0.907,Karadeniz,Issiz,Onlisans,Kiraci,Ihtiyac,Android,1,1
CUST-01087,36,40325,0.134,567,7.6,7011,24,1,0.564,Marmara,Maasli,Onlisans,Aile Yaninda,Saglik,Android,22,0
CUST-01088,47,61264,0.248,718,27.3,20253,36,,0.411,Karadeniz,Maasli,Yuksek Lisans,Ev Sahibi,Saglik,Android,19,0
CUST-01089,54,90760,,657,32.9,12798,24,1,0.669,Ic Anadolu,Maasli,Lisans,Ev Sahibi,Tasit,Android,2,1
CUST-01090,38,40851,0.467,686,13.4,25076,60,1,0.395,Ege,Maasli,Lisans,Kiraci,Tasit,iOS,14,0
CUST-01091,39,54358,0.441,627,13.6,24114,36,1,0.393,Marmara,Maasli,Lisans,Ipotekli,Tasit,iOS,19,0
CUST-01092,43,117152,0.278,650,0.0,65538,24,4,0.511,Ege,Issiz,Yuksek Lisans,Ev Sahibi,Saglik,Android,2,0
CUST-01093,20,50309,0.255,727,0.3,67895,60,,0.529,Marmara,Maasli,Lisans,Kiraci,Konut,Android,13,1
CUST-01094,26,38377,0.150,608,0.1,10069,48,0,0.333,Marmara,Serbest,Lisans,Kiraci,Tasit,Android,17,0
CUST-01095,25,35718,0.169,654,2.2,46950,120,2,0.286,Ic Anadolu,Maasli,Lisans,Ev Sahibi,Is Kurma,Web,16,0
CUST-01096,35,50533,0.202,643,8.0,21006,36,2,0.355,Dogu Anadolu,Sozlesmeli,Lisans,Ipotekli,Ihtiyac,iOS,20,0
CUST-01097,23,61252,0.593,622,1.6,20980,24,3,0.843,Ic Anadolu,Serbest,Lisans,Ipotekli,Tasit,Android,8,0
CUST-01098,30,72827,0.280,605,12.1,21528,60,0,0.538,Karadeniz,Maasli,Lisans,Kiraci,Saglik,Android,6,0
CUST-01099,33,,0.059,662,5.1,58635,60,3,0.190,Ege,Serbest,Lise,Ev Sahibi,Konut,Android,0,0
CUST-01100,40,83467,0.329,580,0.0,19793,60,4,0.474,Marmara,Issiz,Lisans,Aile Yaninda,Borc Birlestirme,Android,7,0
CUST-01101,40,77969,0.308,757,17.0,21604,24,0,0.107,Karadeniz,Emekli,Onlisans,Aile Yaninda,Ihtiyac,iOS,13,0
CUST-01102,44,100733,0.234,676,18.5,23424,36,0,0.276,Marmara,Maasli,Lise,Ev Sahibi,Tasit,,11,1
CUST-01103,21,53559,0.182,672,0.5,19206,120,,0.338,Akdeniz,Serbest,Doktora,Ev Sahibi,Is Kurma,Web,0,0
CUST-01104,48,36053,0.096,654,6.6,17795,24,1,0.699,Guneydogu Anadolu,Serbest,Lise,Ev Sahibi,Ihtiyac,Android,16,0
CUST-01105,33,37558,0.325,662,7.0,19652,84,,0.559,Guneydogu Anadolu,Serbest,Lise,Ev Sahibi,Borc Birlestirme,Android,17,1
CUST-01106,33,,0.196,720,9.7,25163,24,1,0.529,Karadeniz,Maasli,Lisans,Ipotekli,Ihtiyac,Android,1,0
CUST-01107,25,,0.373,704,1.6,57342,36,0,0.232,Dogu Anadolu,Maasli,Lise,Kiraci,Konut,Web,20,0
CUST-01108,25,27727,0.462,603,0.0,15806,36,4,0.393,Guneydogu Anadolu,Issiz,Lise,Kiraci,Konut,Android,14,0
CUST-01109,55,706786,0.450,635,6.5,58931,60,4,0.192,Guneydogu Anadolu,Serbest,Lisans,Ipotekli,Ihtiyac,Android,5,0
CUST-01110,53,27898,0.388,673,14.7,16689,36,1,0.353,Marmara,Sozlesmeli,Onlisans,Kiraci,Saglik,Android,19,0
CUST-01111,33,43045,0.333,631,0.8,6716,24,2,0.532,Marmara,Serbest,Lise,Kiraci,Saglik,Android,8,0
CUST-01112,44,29772,0.304,601,13.0,9883,36,0,0.416,Ege,Maasli,Lise,Kiraci,Egitim,Android,7,0
CUST-01113,49,29406,0.493,659,11.0,7254,120,1,0.438,Dogu Anadolu,Maasli,Lise,Ipotekli,Saglik,Web,19,0
CUST-01114,31,66119,0.531,671,3.2,34345,60,0,0.582,Ege,Serbest,Yuksek Lisans,Kiraci,Tasit,Web,16,0
CUST-01115,18,86869,0.209,667,0.0,21403,60,0,0.500,Marmara,Serbest,Doktora,Ipotekli,Tasit,Android,12,0
CUST-01116,46,64503,0.267,676,8.5,24619,36,3,0.277,Marmara,Maasli,Yuksek Lisans,Kiraci,Tasit,Web,7,0
CUST-01117,59,52798,0.327,665,9.9,27505,60,1,0.616,Guneydogu Anadolu,Maasli,Lise,Ipotekli,Tasit,iOS,8,0
CUST-01118,36,86835,0.308,695,12.5,45799,36,3,0.317,Ic Anadolu,Maasli,Lisans,Ipotekli,Is Kurma,Web,11,0
CUST-01119,37,63470,0.267,606,8.3,15253,60,3,0.316,Ic Anadolu,Maasli,Yuksek Lisans,Ipotekli,Borc Birlestirme,iOS,11,0
CUST-01120,36,30801,0.164,687,13.8,11886,36,1,0.154,Marmara,Maasli,Lise,Ev Sahibi,Ihtiyac,Android,3,0
CUST-01121,55,112160,0.383,670,16.1,59557,48,0,0.298,Marmara,Maasli,Yuksek Lisans,Ev Sahibi,Is Kurma,Android,1,0
CUST-01122,60,98376,0.570,626,26.0,31388,24,1,0.670,Ic Anadolu,Maasli,Lisans,Ev Sahibi,Borc Birlestirme,Android,10,0
CUST-01123,35,43703,0.243,639,10.4,15236,60,2,0.196,Ic Anadolu,Maasli,Onlisans,Ev Sahibi,Borc Birlestirme,Android,14,0
CUST-01124,44,96082,0.466,637,2.6,59026,36,5,0.095,Dogu Anadolu,Sozlesmeli,Doktora,Kiraci,Ihtiyac,Web,7,0
CUST-01125,48,57158,0.214,663,19.2,8598,60,2,0.000,Ege,Maasli,Lise,Ipotekli,Is Kurma,iOS,18,0
CUST-01126,23,51983,0.389,625,4.7,24790,60,2,0.413,Ic Anadolu,Sozlesmeli,Lise,Ipotekli,Saglik,Android,20,0
CUST-01127,18,62206,0.342,653,0.0,22876,60,0,0.000,Ic Anadolu,Serbest,Yuksek Lisans,Ipotekli,Tasit,Android,15,0
CUST-01128,28,37029,0.279,673,8.0,5269,36,2,0.105,Marmara,Maasli,Lise,Kiraci,Is Kurma,Android,3,0
CUST-01129,30,53102,0.152,640,5.7,21161,60,1,0.513,Dogu Anadolu,Maasli,Onlisans,Kiraci,Egitim,Web,14,0
CUST-01130,56,44945,0.294,662,27.0,17484,24,1,0.414,Akdeniz,Maasli,Onlisans,Kiraci,Tasit,Web,16,0
CUST-01131,32,,0.261,617,0.7,7223,120,2,0.381,Ic Anadolu,Serbest,Lisans,,Tasit,Web,14,0
CUST-01132,37,100274,0.321,636,2.1,49213,48,2,0.348,Marmara,Serbest,Yuksek Lisans,Aile Yaninda,Is Kurma,Android,21,0
CUST-01133,44,81785,0.400,701,,26177,24,3,0.284,Ic Anadolu,Serbest,Lisans,Kiraci,Ihtiyac,iOS,0,0
CUST-01134,25,57688,0.489,645,2.6,18993,24,3,0.486,Marmara,Maasli,Onlisans,Ipotekli,Tasit,iOS,19,0
CUST-01135,54,33948,0.283,656,23.4,12638,12,0,0.486,Marmara,Maasli,Lise,Ipotekli,Ihtiyac,iOS,21,0
CUST-01136,68,98007,0.214,631,5.6,91931,24,2,0.538,Marmara,Maasli,Onlisans,Kiraci,Konut,Android,13,1
CUST-01137,37,36406,0.478,636,13.0,22777,36,1,0.195,Ic Anadolu,Maasli,Lisans,Kiraci,Is Kurma,Web,18,0
CUST-01138,37,73786,0.037,704,11.4,30767,36,0,0.452,Karadeniz,Maasli,Lisans,Ipotekli,Ihtiyac,Android,21,0
CUST-01139,45,115463,0.158,632,5.4,55265,60,0,0.311,Ic Anadolu,Emekli,,Kiraci,Is Kurma,iOS,3,0
CUST-01140,20,32896,0.217,675,2.9,5000,24,0,0.320,Marmara,Maasli,Lisans,Kiraci,Ihtiyac,Android,22,0
CUST-01141,49,53838,0.382,648,24.6,30759,60,1,0.104,Karadeniz,Serbest,Lisans,Kiraci,Is Kurma,iOS,0,1
CUST-01142,46,60802,0.058,749,18.6,37529,36,0,0.239,Marmara,Maasli,Lise,Ev Sahibi,Egitim,Android,11,0
CUST-01143,50,76693,0.229,657,26.0,16704,12,3,0.890,Marmara,Serbest,Lisans,Ipotekli,Ihtiyac,Android,11,0
CUST-01144,45,64043,0.124,676,2.1,89226,48,0,0.086,Marmara,Sozlesmeli,Lise,Ev Sahibi,Konut,iOS,18,0
CUST-01145,38,101979,0.041,707,2.5,56992,84,4,0.253,Ic Anadolu,Maasli,Lisans,Kiraci,Borc Birlestirme,iOS,4,0
CUST-01146,58,94408,0.311,643,9.9,20832,48,1,0.378,Marmara,Maasli,Lisans,Ev Sahibi,Ihtiyac,Android,21,0
CUST-01147,31,43606,0.518,678,13.5,18938,60,3,0.603,Marmara,Sozlesmeli,Lise,Kiraci,Saglik,Android,3,1
CUST-01148,35,114273,0.259,631,0.0,16652,84,,0.771,Akdeniz,Issiz,Lisans,Kiraci,Is Kurma,Web,10,0
CUST-01149,28,87837,0.441,626,10.3,12806,12,0,0.414,Marmara,Maasli,Onlisans,Ev Sahibi,Tasit,Web,10,0
CUST-01150,29,68882,,711,7.1,41242,84,2,0.608,Dogu Anadolu,Sozlesmeli,Lisans,Kiraci,Is Kurma,Android,0,0
CUST-01151,20,46623,0.020,634,2.3,21922,60,2,0.756,Ic Anadolu,Maasli,Lisans,Ev Sahibi,Tasit,Android,13,0
CUST-01152,54,108258,0.178,717,25.8,29390,36,2,0.357,Ege,Sozlesmeli,Lise,Kiraci,Ihtiyac,iOS,17,0
CUST-01153,23,50653,0.497,635,1.1,30078,48,,0.163,Marmara,Serbest,Yuksek Lisans,Ipotekli,Is Kurma,Web,2,0
CUST-01154,41,56984,0.490,658,7.8,8856,60,3,0.915,Ic Anadolu,Maasli,Onlisans,Ipotekli,Ihtiyac,Web,9,0
CUST-01155,36,50881,0.279,701,10.7,6153,48,0,,Ic Anadolu,Maasli,Lisans,Kiraci,Ihtiyac,Android,10,0
CUST-01156,18,61290,0.186,614,0.0,40870,48,0,0.578,Ege,Sozlesmeli,Lisans,Ev Sahibi,Tasit,Android,10,0
CUST-01157,50,24272,0.596,679,24.5,15015,60,4,0.433,Akdeniz,Maasli,Onlisans,Ev Sahibi,Tasit,Web,22,1
CUST-01158,68,62027,,647,3.0,27427,36,0,0.188,Karadeniz,Maasli,Yuksek Lisans,Ev Sahibi,Egitim,Android,8,0
CUST-01159,38,81743,0.128,652,2.0,26075,60,2,0.507,Marmara,Maasli,Doktora,Ev Sahibi,Borc Birlestirme,Android,2,0
CUST-01160,48,46594,0.363,604,21.1,24931,36,1,0.400,Ic Anadolu,Serbest,Lisans,Kiraci,Ihtiyac,Web,1,0
CUST-01161,40,54794,0.434,706,16.0,14360,36,4,0.379,Marmara,Serbest,Lisans,Ipotekli,Ihtiyac,iOS,22,0
CUST-01162,33,91329,0.038,707,,109353,12,0,0.456,Ege,Maasli,Lisans,Ev Sahibi,Konut,iOS,0,0
CUST-01163,51,71084,0.522,731,17.5,39659,36,3,0.833,Guneydogu Anadolu,Maasli,Lisans,Kiraci,Borc Birlestirme,Android,8,0
CUST-01164,47,70339,0.422,652,7.6,10084,36,2,0.590,Dogu Anadolu,Emekli,Lise,Ipotekli,Saglik,iOS,17,0
CUST-01165,45,38427,0.367,681,23.3,11119,48,1,0.462,Ege,Maasli,Lisans,Ipotekli,Borc Birlestirme,iOS,5,1
CUST-01166,29,45769,0.106,622,0.0,24258,36,2,0.476,Dogu Anadolu,Maasli,Lisans,Aile Yaninda,Tasit,Android,23,0
CUST-01167,40,66285,0.116,650,14.5,35420,84,0,0.528,Marmara,Emekli,Lisans,Ipotekli,Ihtiyac,Web,23,0
CUST-01168,50,106033,0.400,693,19.4,17835,48,0,0.325,Guneydogu Anadolu,Maasli,Lisans,Kiraci,Egitim,Web,1,0
CUST-01169,44,100318,0.189,670,5.8,63063,48,0,0.573,Dogu Anadolu,Maasli,Lisans,Ipotekli,Egitim,Android,17,0
CUST-01170,62,55686,0.504,688,2.4,22883,36,2,0.461,Marmara,Serbest,Lise,Ev Sahibi,Tasit,iOS,7,0
CUST-01171,19,89614,0.152,633,1.4,13269,60,0,0.624,Dogu Anadolu,Maasli,Lise,Kiraci,Borc Birlestirme,Android,18,0
CUST-01172,39,44173,0.020,558,10.6,8951,120,0,0.223,Ic Anadolu,Maasli,Onlisans,Aile Yaninda,Ihtiyac,Web,3,0
CUST-01173,53,79148,0.128,644,3.8,29384,36,2,0.432,Marmara,Maasli,Lisans,Ipotekli,Is Kurma,Android,14,0
CUST-01174,43,30197,0.520,719,22.9,5000,120,1,,Karadeniz,Serbest,Lise,Ipotekli,Ihtiyac,Android,15,0
CUST-01175,51,80714,0.639,669,0.4,43744,48,3,0.754,Akdeniz,Serbest,Lise,Ipotekli,Ihtiyac,Android,12,1
CUST-01176,28,53779,,658,5.9,16285,84,1,0.326,Marmara,Maasli,Lise,Kiraci,Ihtiyac,iOS,15,0
CUST-01177,18,43116,0.179,600,0.6,16025,60,1,0.290,Marmara,Maasli,,Ev Sahibi,Ihtiyac,Web,20,0
CUST-01178,40,56247,0.353,671,13.8,7867,48,4,0.630,Marmara,Maasli,Yuksek Lisans,Ipotekli,Egitim,Android,3,1
CUST-01179,18,58649,0.340,667,,27099,60,2,0.435,Karadeniz,Sozlesmeli,Lisans,Ev Sahibi,Saglik,Web,2,0
CUST-01180,41,112014,0.259,716,16.5,52429,24,1,0.283,Ege,Maasli,Lisans,Kiraci,Borc Birlestirme,Web,16,0
CUST-01181,35,62030,0.393,645,10.0,7906,48,0,0.229,Akdeniz,Maasli,Yuksek Lisans,Ev Sahibi,Ihtiyac,iOS,13,0
CUST-01182,47,28539,0.309,629,19.8,7035,24,0,0.122,Marmara,Maasli,Onlisans,Ipotekli,Ihtiyac,iOS,11,0
CUST-01183,24,28508,0.081,674,0.7,26183,24,1,0.329,Marmara,Maasli,Lisans,Ev Sahibi,Konut,Android,8,0
CUST-01184,25,42086,0.494,619,8.8,5083,36,3,0.296,Akdeniz,Sozlesmeli,Lise,Ipotekli,Egitim,iOS,21,0
CUST-01185,31,,0.239,626,8.2,20299,36,3,0.762,Ic Anadolu,Serbest,Lisans,Ipotekli,Egitim,Web,21,0
CUST-01186,67,81886,0.123,761,38.2,20102,36,0,0.232,Karadeniz,Maasli,,Ev Sahibi,Egitim,iOS,18,0
CUST-01187,24,71757,0.020,657,0.6,43091,36,2,0.340,Ege,Maasli,Yuksek Lisans,Kiraci,Ihtiyac,Android,3,0
CUST-01188,35,53372,0.425,661,3.0,9958,60,1,0.000,Ic Anadolu,Maasli,Doktora,Ipotekli,Is Kurma,Android,12,0
CUST-01189,43,51901,0.318,713,23.2,26528,12,2,0.348,Marmara,Maasli,Lise,Ipotekli,Ihtiyac,Android,23,0
CUST-01190,19,71970,0.177,637,0.0,27634,120,1,0.287,Akdeniz,Maasli,Doktora,Kiraci,Borc Birlestirme,iOS,17,0
CUST-01191,47,,0.286,691,26.2,21625,24,2,0.236,Marmara,Maasli,Yuksek Lisans,Ipotekli,Tasit,Web,8,0
CUST-01192,40,59020,0.566,680,17.1,64152,36,4,0.605,Marmara,Serbest,Lise,Ev Sahibi,Konut,Android,5,1
CUST-01193,18,42881,0.152,598,0.3,27007,84,0,0.454,Akdeniz,Serbest,Onlisans,Ipotekli,Is Kurma,Web,20,0
CUST-01194,44,40804,0.521,683,21.8,13554,84,2,0.636,Ege,Maasli,,Ipotekli,Borc Birlestirme,Android,13,1
CUST-01195,46,43557,0.547,722,8.7,13682,60,3,0.861,Karadeniz,Maasli,Onlisans,Ev Sahibi,Egitim,iOS,20,0
CUST-01196,18,49297,0.053,646,0.0,32003,24,4,0.381,Marmara,Maasli,Lisans,Kiraci,Konut,Web,5,0
CUST-01197,30,61296,0.636,606,0.0,36231,120,4,0.695,Ic Anadolu,Issiz,Yuksek Lisans,Ipotekli,Tasit,iOS,1,1
CUST-01198,37,56109,0.504,661,,14227,36,0,0.639,Karadeniz,Serbest,Lisans,Ipotekli,Is Kurma,Android,22,0
CUST-01199,33,51593,0.303,668,10.7,16734,24,2,0.314,Ic Anadolu,Maasli,Lisans,Ipotekli,Konut,Android,2,0
CUST-01200,32,100648,0.331,657,4.7,31358,48,5,0.439,Ic Anadolu,Serbest,Lisans,Ev Sahibi,Saglik,iOS,21,0
CUST-01201,30,55308,0.506,707,9.2,19686,48,3,0.158,Akdeniz,Maasli,Lise,,Ihtiyac,,9,0
CUST-01202,32,48572,0.446,638,8.3,61516,84,0,0.354,Ege,Maasli,Onlisans,Ipotekli,Konut,Web,15,1
CUST-01203,44,22534,,668,24.9,8288,24,0,0.250,Ic Anadolu,Maasli,Lise,Kiraci,Borc Birlestirme,Android,21,0
CUST-01204,34,107211,0.332,,2.6,20397,84,2,0.738,Marmara,Sozlesmeli,Lisans,Ipotekli,Is Kurma,Web,11,0
CUST-01205,22,31642,0.285,677,1.1,9608,36,3,0.357,Karadeniz,Sozlesmeli,Onlisans,Aile Yaninda,Is Kurma,iOS,17,0
CUST-01206,48,97320,0.120,729,6.7,44309,48,1,0.689,Ege,Maasli,Lisans,Kiraci,Egitim,Android,7,0
CUST-01207,41,43783,0.206,651,23.7,22153,36,5,0.061,Marmara,Maasli,Lise,Ipotekli,Ihtiyac,iOS,0,0
CUST-01208,22,49143,0.348,634,0.0,6647,36,4,0.532,Ege,Issiz,Lise,Kiraci,Egitim,Android,13,0
CUST-01209,40,53549,0.301,,8.5,23456,24,0,0.497,Marmara,Maasli,Lisans,Kiraci,Egitim,Web,1,0
CUST-01210,57,53630,0.203,601,17.5,31796,48,0,0.311,Ic Anadolu,Maasli,Lise,Ipotekli,Ihtiyac,Android,10,0
CUST-01211,28,64022,0.367,,5.6,14514,36,1,0.486,Marmara,Maasli,Lisans,Kiraci,Is Kurma,Android,20,0
CUST-01212,36,41759,0.360,612,,16859,84,4,0.414,Karadeniz,Issiz,Doktora,Ev Sahibi,Ihtiyac,Android,20,0
CUST-01213,43,70287,0.306,642,4.4,33560,60,1,0.498,Marmara,Maasli,Lisans,Aile Yaninda,Ihtiyac,Web,1,0
CUST-01214,36,40522,0.556,,17.5,22722,48,3,0.259,Ic Anadolu,Maasli,Onlisans,Ipotekli,Borc Birlestirme,iOS,17,0
CUST-01215,18,37252,0.250,709,0.0,12450,60,3,0.036,Ic Anadolu,Serbest,Lise,Ipotekli,Konut,iOS,17,0
CUST-01216,33,29490,0.309,681,8.4,7746,24,0,0.337,Ege,Maasli,Lisans,Kiraci,Borc Birlestirme,Android,8,0
CUST-01217,36,50642,0.214,670,14.7,7724,84,1,0.446,Marmara,Maasli,Lisans,Ev Sahibi,Ihtiyac,Web,5,0
CUST-01218,31,105942,0.379,678,1.5,108679,36,5,0.779,Karadeniz,Maasli,Onlisans,Kiraci,Konut,iOS,21,0
CUST-01219,45,75218,0.413,680,25.2,22095,24,0,0.243,Marmara,Serbest,Lise,Ipotekli,Saglik,Android,1,1
CUST-01220,51,74914,0.558,616,19.8,47338,36,1,0.572,Marmara,Maasli,Lisans,Ipotekli,Borc Birlestirme,iOS,4,0
CUST-01221,28,47633,0.240,610,6.7,9993,24,2,0.613,Karadeniz,Emekli,Lisans,Ipotekli,Is Kurma,iOS,1,0
CUST-01222,58,84859,0.411,653,5.5,26792,120,3,0.457,Dogu Anadolu,Sozlesmeli,Lisans,Kiraci,Saglik,Web,4,0
CUST-01223,56,194910,0.494,603,0.0,44081,48,,1.082,Karadeniz,Issiz,Lisans,Kiraci,Ihtiyac,Web,19,1
CUST-01224,46,43101,0.488,578,10.9,7726,48,6,0.730,Guneydogu Anadolu,Maasli,Yuksek Lisans,Ipotekli,Tasit,Android,9,1
CUST-01225,46,61101,0.158,681,24.9,15616,24,3,0.546,Akdeniz,Serbest,Lisans,Ev Sahibi,Ihtiyac,Web,9,0
CUST-01226,54,39376,0.374,674,31.8,6096,60,0,0.348,Ege,Maasli,Lise,Ipotekli,Tasit,iOS,13,1
CUST-01227,23,53177,0.225,727,3.8,19362,36,2,,Akdeniz,Maasli,Lisans,Kiraci,Ihtiyac,Android,10,0
CUST-01228,34,33938,0.309,614,0.7,18534,60,3,0.511,Karadeniz,Maasli,Lise,Ev Sahibi,Tasit,Web,15,0
CUST-01229,36,55848,0.230,646,2.4,31269,120,4,0.396,Marmara,Serbest,Lise,Ev Sahibi,Ihtiyac,Android,10,0
CUST-01230,52,60528,0.231,719,8.5,28685,120,1,,Guneydogu Anadolu,Maasli,Yuksek Lisans,Kiraci,Is Kurma,Web,3,0
CUST-01231,59,48875,0.131,687,7.7,29908,12,2,,Karadeniz,Maasli,Lisans,Aile Yaninda,Ihtiyac,Android,1,0
CUST-01232,40,60958,0.118,605,21.5,36030,36,0,0.255,Karadeniz,Maasli,Lisans,Ev Sahibi,Borc Birlestirme,Web,14,0
CUST-01233,56,38376,0.331,692,35.0,18134,36,4,0.245,Akdeniz,Maasli,Yuksek Lisans,Ipotekli,Borc Birlestirme,Android,14,0
CUST-01234,40,53639,0.564,658,14.3,20648,48,0,0.387,Dogu Anadolu,Emekli,Lisans,Kiraci,Borc Birlestirme,Web,15,0
CUST-01235,54,56153,0.518,625,2.7,10098,12,0,0.487,Dogu Anadolu,Maasli,Lise,Kiraci,Tasit,Android,6,0
CUST-01236,33,71448,0.474,686,11.6,11434,48,,0.329,Karadeniz,Maasli,Lise,Ipotekli,Tasit,Android,13,0
CUST-01237,48,43975,0.337,650,6.6,27113,24,3,0.663,Marmara,Maasli,Lisans,Ev Sahibi,Konut,Web,10,0
CUST-01238,40,74242,0.193,621,18.5,31210,60,1,0.346,Akdeniz,Maasli,Lisans,Ev Sahibi,Tasit,Web,10,0
CUST-01239,38,57142,0.287,671,20.0,9776,84,2,0.570,Ic Anadolu,Maasli,Lisans,Ipotekli,Egitim,iOS,1,0
CUST-01240,44,61163,0.283,676,16.0,28539,36,0,0.482,Akdeniz,Maasli,Lise,Ev Sahibi,Konut,Android,14,0
CUST-01241,31,,0.165,630,8.1,28750,24,2,0.529,Marmara,Maasli,Lisans,Ev Sahibi,Borc Birlestirme,iOS,19,0
CUST-01242,28,38993,0.375,612,6.4,5688,48,5,0.538,Dogu Anadolu,Sozlesmeli,Lise,Kiraci,Saglik,Android,18,0
CUST-01243,38,61540,0.338,713,18.2,62561,36,3,0.469,Karadeniz,Serbest,Lise,Aile Yaninda,Konut,Web,14,0
CUST-01244,34,33167,0.020,656,6.8,7279,36,1,0.180,Marmara,Maasli,Lise,Kiraci,Saglik,Android,13,0
CUST-01245,29,70932,0.331,646,4.0,22231,84,1,0.573,Marmara,Serbest,Onlisans,Ev Sahibi,Tasit,Android,18,1
CUST-01246,55,43177,0.472,657,0.0,13369,24,1,0.729,Ege,Issiz,Lise,Ipotekli,Borc Birlestirme,Web,18,0
CUST-01247,23,32466,0.216,659,1.6,19139,48,0,0.407,Marmara,Maasli,,Ev Sahibi,Ihtiyac,Android,3,0
CUST-01248,52,40861,0.357,570,0.0,7452,48,7,0.306,Akdeniz,Issiz,Onlisans,Ev Sahibi,Is Kurma,Web,9,1
CUST-01249,50,63206,0.183,741,,19594,84,2,0.340,Marmara,Maasli,Lisans,Kiraci,Borc Birlestirme,Android,14,0
CUST-01250,31,51478,0.502,713,11.2,13227,36,2,0.522,Guneydogu Anadolu,Maasli,Yuksek Lisans,Ipotekli,Borc Birlestirme,Web,23,0
CUST-01251,26,61565,0.346,613,0.0,11784,84,3,0.188,Guneydogu Anadolu,Maasli,Lisans,Ev Sahibi,Ihtiyac,iOS,4,0
CUST-01252,43,34779,0.203,629,4.3,11298,12,0,,Ic Anadolu,Maasli,Lisans,Aile Yaninda,Borc Birlestirme,Android,12,0
CUST-01253,49,52849,0.640,611,0.0,15361,24,6,1.022,Marmara,Issiz,Lise,Aile Yaninda,Ihtiyac,Android,15,1
CUST-01254,28,75889,0.337,689,0.8,43729,48,,0.450,Marmara,Maasli,Lisans,Kiraci,Is Kurma,Web,12,0
CUST-01255,18,78918,0.355,667,0.0,20956,36,1,0.357,Ege,Maasli,Lise,Kiraci,Konut,Android,12,0
CUST-01256,44,85478,0.332,654,23.3,24928,48,1,0.210,Marmara,Maasli,Lisans,Kiraci,Borc Birlestirme,Android,11,1
CUST-01257,18,28053,0.315,597,2.2,13624,12,1,0.143,Marmara,Maasli,Lisans,,Ihtiyac,iOS,8,0
CUST-01258,24,86741,0.383,635,1.7,49182,12,1,0.330,Karadeniz,Maasli,Lise,Ipotekli,Tasit,Android,20,1
CUST-01259,40,42462,0.433,,9.3,14799,120,1,0.390,Ic Anadolu,Maasli,Lisans,Kiraci,Ihtiyac,Android,15,0
CUST-01260,46,,0.300,667,10.2,21944,84,0,0.507,Akdeniz,Maasli,Lisans,Kiraci,Ihtiyac,Android,9,0
CUST-01261,62,71254,0.385,677,40.1,13548,60,2,0.419,Marmara,Maasli,Lisans,Ipotekli,Is Kurma,Android,1,0
CUST-01262,29,51063,0.342,,0.3,38549,60,0,0.394,Marmara,Maasli,Yuksek Lisans,Kiraci,Konut,Web,8,0
CUST-01263,50,44744,0.285,612,24.2,21553,12,1,0.431,Dogu Anadolu,Maasli,Onlisans,Kiraci,Is Kurma,Web,7,0
CUST-01264,53,95556,0.566,630,0.0,52626,36,3,0.662,Marmara,Issiz,Yuksek Lisans,Ipotekli,Borc Birlestirme,Web,21,0
CUST-01265,27,48079,0.151,587,5.8,29203,12,0,0.383,Marmara,Maasli,Lise,Ev Sahibi,Ihtiyac,Android,12,0
CUST-01266,49,56367,0.442,624,16.3,12707,48,2,0.000,Dogu Anadolu,Maasli,Lisans,Kiraci,Ihtiyac,iOS,2,0
CUST-01267,50,83231,0.177,702,15.7,52135,48,2,0.084,Ic Anadolu,Maasli,Yuksek Lisans,Ev Sahibi,Egitim,Web,9,0
CUST-01268,46,106691,0.088,667,27.6,57640,12,1,0.401,Ic Anadolu,Serbest,Yuksek Lisans,Kiraci,Is Kurma,Web,6,1
CUST-01269,37,,0.174,635,1.8,39340,120,2,0.213,Karadeniz,Maasli,Lisans,Kiraci,Ihtiyac,Android,20,0
CUST-01270,46,70971,0.186,695,,44227,24,2,0.597,Guneydogu Anadolu,Maasli,Lisans,Ev Sahibi,Is Kurma,Android,0,0
CUST-01271,57,85366,0.369,636,0.0,41791,24,5,0.007,Ic Anadolu,Emekli,Onlisans,Ev Sahibi,Borc Birlestirme,iOS,12,0
CUST-01272,18,85738,0.276,627,0.6,39430,120,1,0.306,Marmara,Maasli,,Kiraci,Ihtiyac,iOS,18,0
CUST-01273,29,80151,0.317,656,8.7,72427,60,0,0.053,Marmara,Serbest,Lise,Kiraci,Konut,Android,22,0
CUST-01274,38,34374,,672,11.8,9498,36,0,0.738,Marmara,Serbest,Lisans,Aile Yaninda,Ihtiyac,Web,23,0
CUST-01275,51,45064,0.247,711,14.2,10834,120,0,0.711,Dogu Anadolu,Serbest,Lisans,Ev Sahibi,Is Kurma,,20,0
CUST-01276,33,29609,0.134,593,9.4,13057,36,2,0.362,Akdeniz,Maasli,Lisans,Kiraci,Saglik,Android,12,0
CUST-01277,23,25856,0.564,,4.2,10635,60,2,0.535,Ic Anadolu,Serbest,Lisans,Ipotekli,Konut,iOS,11,0
CUST-01278,47,91873,0.290,657,11.6,30110,24,3,0.494,Ic Anadolu,Serbest,Yuksek Lisans,Aile Yaninda,Is Kurma,Web,20,0
CUST-01279,39,94835,0.416,621,9.5,43167,24,0,0.605,Guneydogu Anadolu,Maasli,Yuksek Lisans,Ev Sahibi,Ihtiyac,iOS,22,0
CUST-01280,47,42142,0.294,644,5.5,12559,36,1,0.432,Guneydogu Anadolu,Maasli,Lisans,Kiraci,Saglik,Android,12,0
CUST-01281,36,49127,0.685,679,0.0,30892,12,0,0.081,Karadeniz,Maasli,Yuksek Lisans,Ipotekli,Borc Birlestirme,Android,12,1
CUST-01282,52,38100,0.126,665,11.5,21469,60,1,0.173,Ic Anadolu,Maasli,Lise,Kiraci,Is Kurma,iOS,9,0
CUST-01283,64,112077,0.168,620,0.0,19096,84,6,0.788,Ic Anadolu,Issiz,Onlisans,Ev Sahibi,Tasit,iOS,4,1
CUST-01284,24,55455,0.180,659,0.8,30797,120,2,0.209,Ic Anadolu,Maasli,Lisans,Ipotekli,Egitim,Android,16,0
CUST-01285,36,42858,0.285,705,11.5,20959,24,0,0.409,Ic Anadolu,Serbest,Lisans,Ev Sahibi,Egitim,Android,8,0
CUST-01286,18,29592,0.362,691,0.0,8866,12,4,,Ege,Serbest,Lise,Ipotekli,Borc Birlestirme,Android,8,1
CUST-01287,38,49452,0.235,663,7.3,37912,36,2,,Marmara,Emekli,Onlisans,Ev Sahibi,Konut,Web,21,0
CUST-01288,24,62282,0.488,677,1.8,10075,60,3,0.709,Ic Anadolu,Sozlesmeli,Yuksek Lisans,Kiraci,Is Kurma,iOS,18,0
CUST-01289,33,108051,0.374,653,5.1,138965,60,2,0.374,Marmara,Sozlesmeli,Lisans,Ev Sahibi,Konut,Android,19,0
CUST-01290,34,111185,0.315,633,6.7,70900,48,0,0.611,Dogu Anadolu,Maasli,Lisans,Kiraci,Ihtiyac,Android,22,0
CUST-01291,46,45324,0.500,661,17.3,23407,36,2,0.536,Ege,Sozlesmeli,Lise,Ipotekli,Ihtiyac,Web,3,0
CUST-01292,44,41771,0.504,589,0.0,7379,60,4,,Marmara,Issiz,Lise,Ipotekli,Borc Birlestirme,iOS,8,1
CUST-01293,56,100388,0.353,673,9.9,37071,12,1,,Ic Anadolu,Maasli,Lisans,Kiraci,Ihtiyac,iOS,20,0
CUST-01294,44,36096,,684,24.4,32578,36,3,0.378,Ege,Maasli,Lise,Ev Sahibi,Konut,Web,20,0
CUST-01295,37,88241,0.698,680,3.6,38838,120,2,0.219,Karadeniz,Serbest,Yuksek Lisans,Ipotekli,Konut,Android,0,0
CUST-01296,18,46680,0.060,654,0.0,19998,60,0,0.531,Akdeniz,Maasli,,Ev Sahibi,Ihtiyac,Web,0,0
CUST-01297,18,101990,,668,2.4,21085,36,4,0.487,Marmara,Maasli,Lisans,Ev Sahibi,Ihtiyac,iOS,22,1
CUST-01298,41,35644,0.350,681,15.9,6890,24,1,0.384,Ic Anadolu,Maasli,Onlisans,Ev Sahibi,Ihtiyac,Android,0,0
CUST-01299,44,86399,0.214,622,22.0,25122,60,3,0.405,Guneydogu Anadolu,Maasli,Lisans,Ev Sahibi,Ihtiyac,iOS,11,0
CUST-01300,25,63692,0.264,624,1.4,15050,36,1,0.221,Ic Anadolu,Maasli,Lisans,Kiraci,Is Kurma,Android,23,0
CUST-01301,49,75124,0.118,652,11.3,36369,12,1,0.389,Marmara,Maasli,Onlisans,Ev Sahibi,Borc Birlestirme,iOS,21,1
CUST-01302,47,86811,0.137,673,17.3,22621,24,3,0.493,Marmara,Sozlesmeli,Lisans,Kiraci,Egitim,Android,20,1
CUST-01303,18,48373,0.080,623,0.0,28626,24,4,0.477,Marmara,Sozlesmeli,Yuksek Lisans,Aile Yaninda,Tasit,Android,19,0
CUST-01304,34,88080,0.092,771,,151305,120,2,0.256,Akdeniz,,Yuksek Lisans,Aile Yaninda,Tasit,iOS,4,0
CUST-01305,37,103778,0.377,642,18.6,36759,24,0,,Karadeniz,Maasli,Lisans,Kiraci,Saglik,iOS,18,0
CUST-01306,32,16193,0.272,667,9.0,9383,24,0,0.378,Akdeniz,Maasli,Lise,Aile Yaninda,Borc Birlestirme,Web,0,0
CUST-01307,52,38209,0.445,715,20.7,10921,48,2,0.818,Marmara,Maasli,Lise,Ipotekli,Konut,Web,4,1
CUST-01308,31,34145,0.429,676,6.3,15142,12,1,0.638,Marmara,Serbest,Lisans,Kiraci,Konut,Web,15,0
CUST-01309,59,75441,0.245,643,0.0,41990,12,3,0.718,Karadeniz,Issiz,Lisans,Ev Sahibi,Borc Birlestirme,Web,19,0
CUST-01310,32,51763,0.310,709,11.9,17963,48,1,0.675,Marmara,Maasli,Yuksek Lisans,Kiraci,Borc Birlestirme,Web,19,1
CUST-01311,35,64883,0.565,645,0.0,8793,84,5,0.546,Marmara,Issiz,Lisans,Aile Yaninda,Borc Birlestirme,Web,4,1
CUST-01312,61,71397,0.028,697,9.8,30302,36,2,0.284,Ege,Maasli,Doktora,,Borc Birlestirme,Android,3,0
CUST-01313,38,78029,0.314,652,12.5,22579,36,1,0.446,Dogu Anadolu,Maasli,Onlisans,Kiraci,Borc Birlestirme,Android,9,0
CUST-01314,49,56191,0.378,698,2.3,26116,60,1,0.525,Marmara,Maasli,Yuksek Lisans,Ev Sahibi,Tasit,iOS,23,0
CUST-01315,37,57718,0.259,634,5.6,22476,60,1,0.194,Marmara,Maasli,Yuksek Lisans,Aile Yaninda,Ihtiyac,Web,13,0
CUST-01316,28,66679,0.246,671,3.5,17809,12,2,0.000,Akdeniz,Maasli,Yuksek Lisans,Ev Sahibi,Ihtiyac,Android,14,0
CUST-01317,27,78619,0.315,665,4.3,220085,84,2,0.267,Marmara,Maasli,Yuksek Lisans,Kiraci,Borc Birlestirme,Web,7,0
CUST-01318,44,55805,0.147,699,18.9,26440,36,3,0.564,Marmara,Serbest,Lise,Ev Sahibi,Tasit,Web,15,0
CUST-01319,45,66276,0.194,696,17.1,42218,24,2,0.456,Karadeniz,Maasli,Lise,Ev Sahibi,Ihtiyac,Android,17,1
CUST-01320,42,88679,0.506,,13.5,119122,84,0,0.608,Ege,Sozlesmeli,Lisans,Ipotekli,Konut,Android,18,0
CUST-01321,50,169946,0.529,654,10.9,100549,36,0,0.401,Dogu Anadolu,Maasli,Yuksek Lisans,Ipotekli,Saglik,iOS,15,1
CUST-01322,28,54482,0.548,660,2.2,29915,120,0,0.575,Marmara,Emekli,Yuksek Lisans,Ipotekli,Borc Birlestirme,Android,0,0
CUST-01323,19,60342,0.123,629,0.1,26052,12,1,0.660,Akdeniz,Serbest,Onlisans,Kiraci,Ihtiyac,Android,22,0
CUST-01324,54,73833,0.197,599,26.0,30208,48,0,0.334,Ic Anadolu,Maasli,Onlisans,Ev Sahibi,Tasit,Android,2,0
CUST-01325,30,64626,0.259,644,1.2,40372,48,3,0.442,Marmara,Maasli,Lisans,Ev Sahibi,Tasit,iOS,18,0
CUST-01326,40,61489,0.396,677,2.5,62424,12,0,0.621,Akdeniz,Maasli,Lisans,Kiraci,Konut,Android,21,0
CUST-01327,28,40421,0.116,661,0.0,17791,120,0,0.404,Akdeniz,Maasli,Lise,Kiraci,Borc Birlestirme,iOS,2,0
CUST-01328,45,85992,0.035,711,26.2,96497,36,4,0.389,Marmara,Emekli,Lise,Aile Yaninda,Konut,iOS,9,0
CUST-01329,43,53282,0.400,599,3.8,24093,36,1,0.176,Akdeniz,Sozlesmeli,Lisans,Kiraci,Tasit,Android,20,0
CUST-01330,39,28283,0.205,683,18.7,8904,12,,0.514,Marmara,Maasli,Lise,Ev Sahibi,Saglik,Android,10,0
CUST-01331,37,96323,0.443,624,15.4,76706,36,0,0.263,Ege,Emekli,Lisans,Ipotekli,Konut,Web,2,0
CUST-01332,36,135038,0.238,652,6.2,72094,48,,0.199,Ic Anadolu,Serbest,Onlisans,Ipotekli,Borc Birlestirme,iOS,15,0
CUST-01333,45,85205,0.275,633,0.0,39220,24,0,0.250,Ic Anadolu,Maasli,Doktora,Kiraci,Tasit,Web,18,0
CUST-01334,39,26862,0.045,639,3.1,32280,60,1,0.063,Dogu Anadolu,Maasli,Lisans,Ev Sahibi,Konut,Android,1,0
CUST-01335,40,21085,0.047,638,6.0,10332,48,0,0.423,Ege,Serbest,Lise,Ev Sahibi,Ihtiyac,Web,10,0
CUST-01336,29,45488,0.072,572,1.7,19749,84,0,0.000,Ic Anadolu,Maasli,Onlisans,Kiraci,Ihtiyac,iOS,3,0
CUST-01337,43,45530,0.350,575,0.0,6112,60,9,0.921,Akdeniz,Issiz,Lise,Ev Sahibi,Tasit,Web,12,1
CUST-01338,31,70280,0.337,663,7.2,44470,48,2,0.511,Marmara,Maasli,Lise,Ipotekli,Konut,Android,22,1
CUST-01339,33,52302,0.035,674,10.5,18845,48,2,0.351,Marmara,Maasli,Onlisans,Aile Yaninda,Tasit,Android,17,1
CUST-01340,52,45383,0.348,712,29.0,21319,60,0,0.025,Ic Anadolu,Maasli,Lise,Ipotekli,Egitim,Android,7,1
CUST-01341,56,71906,0.292,651,21.6,77980,36,0,0.070,Ic Anadolu,Maasli,Lisans,Ev Sahibi,Konut,Web,2,0
CUST-01342,41,38296,0.296,673,19.5,5000,48,0,0.524,Ic Anadolu,Maasli,Lise,Ev Sahibi,Ihtiyac,Android,7,0
CUST-01343,38,72626,0.293,592,3.8,28702,48,2,0.450,Akdeniz,Maasli,Lise,,Borc Birlestirme,Android,5,0
CUST-01344,27,49253,0.177,569,4.7,20633,60,1,0.492,Dogu Anadolu,Maasli,Lise,Aile Yaninda,Ihtiyac,Web,8,0
CUST-01345,34,59037,0.372,601,3.2,16169,48,3,0.335,Marmara,Serbest,Lisans,Ev Sahibi,Is Kurma,Android,10,0
CUST-01346,23,65916,0.243,625,2.0,10062,24,1,0.326,Guneydogu Anadolu,Maasli,Lise,Ipotekli,Ihtiyac,Web,10,0
CUST-01347,40,88370,0.415,676,1.1,39952,24,1,0.452,Ic Anadolu,Maasli,Lisans,Kiraci,Ihtiyac,Web,20,0
CUST-01348,38,48772,,636,9.1,10059,48,0,0.511,Ic Anadolu,Maasli,Lise,Ev Sahibi,Saglik,Android,12,0
CUST-01349,37,99184,0.334,623,0.0,36269,12,5,0.356,Karadeniz,Issiz,Lisans,Ipotekli,Ihtiyac,Android,21,0
CUST-01350,41,139756,0.395,709,8.3,55887,12,1,0.350,Dogu Anadolu,Maasli,Yuksek Lisans,Kiraci,Ihtiyac,iOS,11,0
CUST-01351,41,66930,0.382,662,0.0,31424,36,0,0.299,Ege,,,Ipotekli,Ihtiyac,Web,16,0
CUST-01352,56,48366,0.153,697,15.5,29340,60,3,0.429,Ic Anadolu,Serbest,Lisans,Ev Sahibi,Egitim,Android,1,1
CUST-01353,41,93546,0.232,670,17.9,59960,60,2,0.517,Guneydogu Anadolu,Serbest,Lisans,Ev Sahibi,Konut,Android,6,0
CUST-01354,42,70984,0.103,680,5.7,30039,12,2,0.380,Ic Anadolu,Maasli,Lisans,Ev Sahibi,Ihtiyac,Android,17,0
CUST-01355,56,77418,0.242,615,29.1,29791,24,3,0.522,Ege,Serbest,Onlisans,Ev Sahibi,Tasit,Android,7,0
CUST-01356,49,76736,0.258,634,8.4,45922,60,1,0.201,Ege,Serbest,Lisans,Ev Sahibi,Ihtiyac,iOS,2,0
CUST-01357,28,54495,0.281,677,,9517,60,2,0.521,Akdeniz,Serbest,Lise,Kiraci,Ihtiyac,Android,11,0
CUST-01358,35,80155,0.241,594,2.6,45980,36,2,0.391,Ic Anadolu,Emekli,Doktora,Ev Sahibi,Ihtiyac,Android,17,1
CUST-01359,54,43105,0.295,731,18.1,8587,48,1,0.215,Guneydogu Anadolu,Serbest,Lise,Ev Sahibi,Ihtiyac,Android,9,0
CUST-01360,37,37620,0.411,635,8.8,7710,84,1,0.144,Akdeniz,Emekli,Lisans,Aile Yaninda,Tasit,iOS,1,0
CUST-01361,63,44752,0.280,675,13.9,8640,24,3,,Karadeniz,Maasli,Lise,Ev Sahibi,Borc Birlestirme,Android,12,0
CUST-01362,53,97400,0.110,,14.0,95537,120,2,0.418,Guneydogu Anadolu,Serbest,Lisans,Kiraci,Konut,Android,2,1
CUST-01363,32,31613,0.282,649,10.1,9147,36,1,0.000,Karadeniz,Maasli,Lisans,Ipotekli,Ihtiyac,Android,17,0
CUST-01364,34,21624,0.255,637,4.6,8428,60,2,0.444,Ege,Serbest,Onlisans,Ev Sahibi,Ihtiyac,iOS,9,0
CUST-01365,43,79519,0.545,635,20.9,11318,12,0,0.633,Guneydogu Anadolu,Maasli,Lisans,Ev Sahibi,Saglik,Android,9,0
CUST-01366,45,147734,,700,1.5,81624,48,0,0.507,Ic Anadolu,,Lisans,Kiraci,Tasit,Android,18,0
CUST-01367,22,43481,0.303,685,4.8,5650,120,1,0.542,Karadeniz,Maasli,Lisans,Ev Sahibi,Egitim,Web,22,0
CUST-01368,25,,0.170,646,5.1,17135,60,3,0.106,Guneydogu Anadolu,Maasli,Lisans,Kiraci,Egitim,Web,2,0
CUST-01369,23,98589,0.215,622,,46949,36,2,0.547,Ic Anadolu,Maasli,Lisans,Ev Sahibi,Tasit,Android,22,0
CUST-01370,33,39127,0.417,632,3.4,9564,12,2,0.475,Marmara,Maasli,Lisans,Kiraci,Ihtiyac,Android,5,0
CUST-01371,38,60692,0.138,642,8.5,22689,24,1,0.000,Marmara,Sozlesmeli,Lisans,Kiraci,Borc Birlestirme,Android,15,0
CUST-01372,37,50355,0.448,654,4.3,27173,36,0,0.376,Akdeniz,Maasli,Lise,Ipotekli,Egitim,Android,13,0
CUST-01373,19,62819,0.444,572,0.0,87951,48,5,0.407,Marmara,Issiz,Lisans,Kiraci,Konut,Android,11,1
CUST-01374,37,68620,0.216,633,8.2,14395,12,1,0.557,Ic Anadolu,Maasli,Onlisans,Ipotekli,Borc Birlestirme,Web,8,0
CUST-01375,45,64270,0.047,608,11.5,13916,60,0,0.216,Marmara,Serbest,Lisans,Kiraci,Saglik,Android,8,0
CUST-01376,35,,0.213,622,,15651,36,4,0.486,Ic Anadolu,Issiz,Lisans,Ipotekli,Tasit,Web,21,0
CUST-01377,41,43276,0.082,623,22.5,20671,84,0,0.194,Guneydogu Anadolu,Maasli,Lisans,Ipotekli,Tasit,Android,23,1
CUST-01378,47,45568,0.213,679,25.3,27857,36,0,0.073,Ege,Maasli,Onlisans,Ev Sahibi,Borc Birlestirme,Android,19,0
CUST-01379,52,39692,0.278,696,12.3,23175,12,2,0.430,Akdeniz,Sozlesmeli,Onlisans,Ev Sahibi,Tasit,iOS,4,0
CUST-01380,43,70307,0.414,637,10.3,39752,12,2,0.342,Ic Anadolu,Serbest,Onlisans,Ev Sahibi,Ihtiyac,Android,13,0
CUST-01381,48,47133,0.428,693,27.8,8797,36,1,0.322,Marmara,Maasli,Lise,Kiraci,Ihtiyac,Android,22,0
CUST-01382,28,73787,0.186,632,5.9,31040,60,2,0.000,Guneydogu Anadolu,Maasli,Lisans,Ev Sahibi,Egitim,Web,12,0
CUST-01383,39,81274,0.290,646,6.2,24178,120,1,0.227,Ic Anadolu,Maasli,Lisans,Ipotekli,Borc Birlestirme,Web,23,0
CUST-01384,38,53180,0.054,614,0.2,21852,60,3,0.427,Ege,Sozlesmeli,Yuksek Lisans,Ev Sahibi,Egitim,Web,4,0
CUST-01385,23,32386,0.064,662,3.0,7062,36,0,0.600,Marmara,Emekli,,Kiraci,Is Kurma,Web,10,0
CUST-01386,24,44120,0.248,646,2.4,25207,60,0,0.201,Dogu Anadolu,Maasli,Lise,Kiraci,Ihtiyac,iOS,13,0
CUST-01387,29,70805,,624,4.0,39845,36,0,0.553,Guneydogu Anadolu,Maasli,Onlisans,Ipotekli,Ihtiyac,Android,1,1
CUST-01388,37,49166,0.257,729,13.4,5952,36,0,0.466,Marmara,Maasli,Lisans,Kiraci,Ihtiyac,Android,9,0
CUST-01389,44,50305,0.199,673,,28225,24,2,0.094,Marmara,Serbest,Lisans,Kiraci,Is Kurma,Web,10,0
CUST-01390,47,19865,0.420,623,12.2,9648,36,2,0.149,Ic Anadolu,Maasli,Lise,Ipotekli,Ihtiyac,iOS,13,0
CUST-01391,19,39750,0.215,680,1.7,22273,120,0,0.525,Marmara,Maasli,Lisans,Ev Sahibi,Is Kurma,Android,11,0
CUST-01392,46,62550,0.314,722,15.6,32515,36,0,0.417,Akdeniz,Maasli,Lisans,Ev Sahibi,Saglik,iOS,8,0
CUST-01393,59,45478,0.122,626,0.0,36815,84,2,0.457,Ic Anadolu,Serbest,Lise,Kiraci,Konut,Android,16,0
CUST-01394,34,103139,0.343,610,3.2,58726,60,1,0.589,Ege,Maasli,,Ev Sahibi,Is Kurma,Android,18,0
CUST-01395,45,63665,0.320,642,25.7,12357,120,0,0.538,Dogu Anadolu,Maasli,Yuksek Lisans,Ipotekli,Tasit,iOS,10,0
CUST-01396,40,54436,0.020,646,4.4,16023,60,4,0.358,Guneydogu Anadolu,Serbest,Lise,Kiraci,Borc Birlestirme,Android,18,0
CUST-01397,29,46131,0.177,655,3.0,25561,24,0,0.366,Marmara,Maasli,Lisans,Ev Sahibi,Saglik,Android,4,0
CUST-01398,45,73722,0.323,661,23.9,9660,60,3,0.177,Akdeniz,,Onlisans,Kiraci,Borc Birlestirme,Web,19,0
CUST-01399,43,57674,0.060,697,17.8,35238,24,2,0.659,Marmara,Maasli,Onlisans,Kiraci,Borc Birlestirme,iOS,23,0
CUST-01400,36,113572,0.287,697,9.4,17584,36,3,0.206,Akdeniz,Maasli,Doktora,Kiraci,Saglik,iOS,20,1
CUST-01401,33,49465,0.493,,0.0,26981,36,4,0.521,Marmara,Issiz,Lise,Ipotekli,Borc Birlestirme,iOS,4,0
CUST-01402,31,75160,0.271,657,14.3,28903,60,1,0.391,Ege,Maasli,Lisans,Ev Sahibi,Ihtiyac,Web,15,0
CUST-01403,41,45627,0.293,667,19.3,62944,36,3,0.172,Dogu Anadolu,Serbest,Lisans,Ev Sahibi,Konut,Android,9,1
CUST-01404,46,53487,0.293,623,0.0,73149,60,3,0.593,Akdeniz,Issiz,Lise,Kiraci,Konut,Web,19,0
CUST-01405,49,115821,0.374,649,24.0,20475,36,1,0.238,Marmara,Maasli,Lise,Ipotekli,Tasit,Web,9,0
CUST-01406,39,56510,0.466,682,,29772,36,1,0.300,Ic Anadolu,Emekli,Onlisans,Aile Yaninda,Ihtiyac,Android,2,0
CUST-01407,61,99620,0.419,669,23.5,48708,36,1,0.247,Marmara,Maasli,Lisans,Aile Yaninda,Is Kurma,Android,9,0
CUST-01408,57,45183,0.086,686,5.2,15028,60,3,0.169,Karadeniz,Maasli,Lise,Aile Yaninda,Saglik,Android,7,0
CUST-01409,37,42035,0.272,626,12.3,20377,120,1,0.748,Dogu Anadolu,Serbest,Lise,Aile Yaninda,Ihtiyac,Android,10,0
CUST-01410,52,133972,0.171,663,17.9,70658,24,0,0.625,Dogu Anadolu,Maasli,Yuksek Lisans,Ev Sahibi,Ihtiyac,Android,3,0
CUST-01411,34,88191,0.269,672,5.4,50062,84,0,0.704,Marmara,Maasli,Lise,Kiraci,Saglik,Android,23,0
CUST-01412,39,,0.263,658,6.3,19725,48,2,0.624,Ic Anadolu,Maasli,Lise,Kiraci,Tasit,iOS,22,0
CUST-01413,45,21058,0.621,690,,9325,60,0,0.424,Marmara,,Onlisans,Kiraci,Borc Birlestirme,iOS,17,1
CUST-01414,18,53023,0.139,696,2.2,16078,60,1,0.291,Ege,Serbest,Lise,Ev Sahibi,Tasit,Android,11,0
CUST-01415,32,65784,0.320,672,1.4,21034,36,3,0.436,Ic Anadolu,Serbest,Yuksek Lisans,Kiraci,Borc Birlestirme,iOS,1,0
CUST-01416,18,57962,0.361,637,0.7,12389,36,1,0.123,Ic Anadolu,Maasli,Lisans,Kiraci,Saglik,iOS,21,0
CUST-01417,52,68403,0.098,634,0.0,37936,84,5,0.106,Ic Anadolu,Maasli,Lise,Kiraci,Saglik,,7,0
CUST-01418,55,63273,0.441,677,26.5,28938,48,1,0.229,Marmara,Serbest,Onlisans,Kiraci,Is Kurma,iOS,10,0
CUST-01419,33,30658,0.313,680,13.5,7751,24,2,0.243,Guneydogu Anadolu,Maasli,Lisans,Kiraci,Borc Birlestirme,Android,0,1
CUST-01420,38,67047,0.234,613,4.9,19451,36,3,0.700,Dogu Anadolu,Maasli,Lisans,Kiraci,Tasit,iOS,5,0
CUST-01421,19,37698,0.223,594,0.7,20798,120,3,0.572,Marmara,Serbest,Lise,Ev Sahibi,Egitim,Web,8,1
CUST-01422,43,77507,0.544,669,4.5,95665,36,1,0.592,Dogu Anadolu,Maasli,,Ipotekli,Konut,Android,2,1
CUST-01423,39,45963,0.178,654,1.3,28619,120,2,0.334,Ic Anadolu,Maasli,Onlisans,Kiraci,Egitim,iOS,8,0
CUST-01424,47,52011,0.388,637,5.7,12206,36,2,0.510,Guneydogu Anadolu,Serbest,Yuksek Lisans,Ipotekli,Ihtiyac,Web,11,0
CUST-01425,54,26493,0.356,673,7.4,11497,36,,0.567,Karadeniz,Maasli,Lisans,Kiraci,Borc Birlestirme,iOS,4,0
CUST-01426,36,76230,0.348,649,14.5,14757,12,3,0.189,Marmara,Maasli,Onlisans,Aile Yaninda,Borc Birlestirme,Android,1,0
CUST-01427,45,85339,0.515,654,25.3,33545,24,3,0.129,Dogu Anadolu,Sozlesmeli,Lise,Ipotekli,Egitim,Android,16,0
CUST-01428,45,81336,0.288,674,13.7,22842,84,0,0.381,Ege,Maasli,Yuksek Lisans,Kiraci,Is Kurma,Android,20,0
CUST-01429,39,70564,0.388,616,0.0,27701,36,6,0.256,Ic Anadolu,Issiz,Lise,Kiraci,Tasit,Android,3,0
CUST-01430,46,47616,0.367,636,2.2,14862,24,1,0.580,Dogu Anadolu,Maasli,Lisans,Ev Sahibi,Egitim,Web,3,0
CUST-01431,20,32252,0.328,560,0.0,14439,48,6,0.317,Akdeniz,Issiz,Lisans,Kiraci,Borc Birlestirme,Android,10,0
CUST-01432,34,55582,0.182,604,5.2,9597,36,1,0.092,Ic Anadolu,Maasli,Lisans,Ev Sahibi,Borc Birlestirme,Android,15,0
CUST-01433,42,100013,0.510,725,3.7,46874,60,0,0.491,Akdeniz,Maasli,Onlisans,Ipotekli,Tasit,iOS,9,0
CUST-01434,37,32156,0.351,638,9.6,5000,60,2,0.527,Ic Anadolu,Serbest,Lisans,Aile Yaninda,Tasit,iOS,2,0
CUST-01435,35,63384,0.367,681,15.5,12106,24,3,0.272,Dogu Anadolu,Maasli,Onlisans,Kiraci,Borc Birlestirme,Android,21,0
CUST-01436,42,116943,0.301,664,13.8,100291,120,3,0.472,Ic Anadolu,Serbest,Onlisans,Kiraci,Konut,Android,20,0
CUST-01437,32,82817,0.144,659,2.9,13552,60,0,0.508,Dogu Anadolu,Maasli,Lise,Kiraci,Borc Birlestirme,Android,1,0
CUST-01438,58,32195,0.300,676,14.1,10691,36,3,0.362,Ege,Maasli,Lise,Kiraci,Borc Birlestirme,Android,19,0
CUST-01439,48,66943,0.387,715,25.7,40092,60,2,0.287,Ic Anadolu,Serbest,Lisans,Kiraci,Tasit,iOS,18,1
CUST-01440,43,93348,0.233,676,18.4,20083,36,1,0.439,Guneydogu Anadolu,Maasli,Yuksek Lisans,Kiraci,Ihtiyac,Android,5,0
CUST-01441,18,64252,0.422,660,0.8,15093,24,0,0.347,Marmara,Maasli,Lise,Kiraci,Borc Birlestirme,Android,15,0
CUST-01442,55,45441,0.122,695,27.7,27423,12,0,0.000,Ic Anadolu,Maasli,Lise,Ev Sahibi,Saglik,Web,20,0
CUST-01443,23,50809,0.190,622,,20228,36,0,0.386,Marmara,Serbest,Yuksek Lisans,Aile Yaninda,Borc Birlestirme,Web,14,0
CUST-01444,47,106668,0.417,679,15.2,19322,48,4,0.760,Ic Anadolu,Maasli,Yuksek Lisans,Ipotekli,Saglik,Web,5,1
CUST-01445,46,49665,,671,5.9,11213,84,1,0.429,Marmara,Serbest,Lise,Ipotekli,Tasit,Android,0,0
CUST-01446,41,62321,0.288,626,7.8,20830,60,1,0.365,Akdeniz,Serbest,Lisans,Ipotekli,Tasit,Android,4,1
CUST-01447,42,38186,0.077,693,18.6,7961,36,,0.803,Ic Anadolu,Maasli,Lise,Aile Yaninda,Is Kurma,Android,5,0
CUST-01448,47,50839,0.055,638,24.4,18985,120,0,0.368,Ic Anadolu,Maasli,Lise,Ev Sahibi,Tasit,iOS,0,0
CUST-01449,40,62694,0.228,712,16.3,33394,60,1,0.389,Karadeniz,Maasli,Lise,Ipotekli,Borc Birlestirme,Web,11,0
CUST-01450,39,46245,0.077,618,16.5,25736,12,0,0.494,Ege,Maasli,Yuksek Lisans,Aile Yaninda,Is Kurma,Android,17,0
CUST-01451,31,44323,0.363,731,6.4,20522,48,1,0.691,Marmara,Maasli,Onlisans,Ipotekli,Ihtiyac,iOS,17,0
CUST-01452,38,62552,0.352,697,,26947,36,0,0.415,Guneydogu Anadolu,Maasli,Yuksek Lisans,Ev Sahibi,Tasit,Android,13,0
CUST-01453,47,36143,0.438,656,3.4,11749,60,1,0.445,Marmara,Sozlesmeli,Lisans,Ev Sahibi,Borc Birlestirme,Android,11,0
CUST-01454,38,45392,0.118,611,10.6,13421,48,3,0.520,Karadeniz,Sozlesmeli,Lisans,Kiraci,Ihtiyac,Android,2,0
CUST-01455,37,32344,0.500,639,2.0,11895,24,0,0.726,Marmara,Serbest,Lise,Kiraci,Is Kurma,iOS,11,0
CUST-01456,18,26622,0.252,562,0.0,12486,24,4,0.427,Akdeniz,Issiz,Yuksek Lisans,Ipotekli,Ihtiyac,Web,5,0
CUST-01457,47,128376,0.560,684,5.9,72363,60,1,0.454,Ic Anadolu,Sozlesmeli,Doktora,Ipotekli,Tasit,iOS,1,0
CUST-01458,56,59486,0.202,633,0.0,31691,60,1,0.205,Marmara,Emekli,Onlisans,Kiraci,Tasit,Web,21,0
CUST-01459,56,74893,0.556,719,20.0,17083,36,3,0.859,Marmara,Emekli,Lisans,Ev Sahibi,Tasit,iOS,19,0
CUST-01460,39,53223,0.316,608,1.2,23807,12,2,0.391,Akdeniz,Maasli,Onlisans,Kiraci,Saglik,Android,11,0
CUST-01461,46,45442,0.247,682,6.7,17793,48,3,0.248,Karadeniz,Maasli,Lisans,Ipotekli,Saglik,Android,20,1
CUST-01462,42,72432,0.444,639,23.5,16368,36,2,0.729,Akdeniz,Serbest,Yuksek Lisans,Kiraci,Tasit,Web,9,0
CUST-01463,43,31246,0.398,595,0.0,33684,36,3,0.605,Akdeniz,Issiz,Lise,Ipotekli,Konut,Web,11,0
CUST-01464,43,30733,0.634,681,19.4,5762,48,4,0.907,Ege,Sozlesmeli,Onlisans,Kiraci,Borc Birlestirme,Web,13,1
CUST-01465,47,75531,0.146,598,7.0,16557,48,3,0.514,Ege,Sozlesmeli,Lisans,Ev Sahibi,Ihtiyac,iOS,9,0
CUST-01466,45,69400,0.473,609,16.6,18695,60,1,,Ic Anadolu,Maasli,Lisans,Ipotekli,Konut,Web,13,0
CUST-01467,40,25659,0.210,622,,6535,48,0,0.544,Dogu Anadolu,Serbest,Onlisans,Ev Sahibi,Saglik,iOS,15,0
CUST-01468,40,26722,0.136,729,3.8,5943,48,3,0.506,Guneydogu Anadolu,Maasli,Lise,Ev Sahibi,Ihtiyac,Web,15,0
CUST-01469,43,49916,0.267,682,24.5,10096,84,0,0.134,Akdeniz,Maasli,Lise,Ev Sahibi,Borc Birlestirme,Android,7,0
CUST-01470,33,40948,0.466,660,4.8,19460,12,0,0.422,Guneydogu Anadolu,Maasli,Lisans,Kiraci,Egitim,Android,14,0
CUST-01471,29,32441,0.563,690,9.3,15173,36,1,0.259,Akdeniz,Maasli,Lise,Ipotekli,Konut,Web,11,0
CUST-01472,33,74242,0.091,709,16.3,14479,60,2,0.408,Akdeniz,Maasli,Lisans,Kiraci,Ihtiyac,Web,4,0
CUST-01473,54,50971,0.454,682,32.3,31793,60,1,0.108,Ege,Maasli,Lise,Ipotekli,Ihtiyac,Android,5,0
CUST-01474,18,40137,0.209,648,0.0,10614,60,2,0.189,Ic Anadolu,Maasli,Lisans,Ipotekli,Tasit,iOS,21,0
CUST-01475,36,43207,0.216,618,2.5,24352,120,2,0.598,Karadeniz,Maasli,Lisans,Ev Sahibi,Ihtiyac,Android,6,0
CUST-01476,26,36616,0.588,622,,16953,60,1,0.665,Marmara,Issiz,Lise,Ipotekli,Tasit,Android,10,0
CUST-01477,38,41223,0.381,607,10.2,9957,12,1,0.525,Dogu Anadolu,Maasli,Yuksek Lisans,Kiraci,Borc Birlestirme,iOS,16,0
CUST-01478,30,50460,0.314,620,8.8,8250,60,2,0.250,Marmara,Maasli,Lise,Kiraci,Egitim,iOS,20,1
CUST-01479,31,62185,0.253,684,11.9,15017,60,4,0.006,Marmara,Serbest,Onlisans,Kiraci,Is Kurma,iOS,3,0
CUST-01480,35,128945,0.377,643,7.6,24752,36,1,0.373,Ic Anadolu,Maasli,Doktora,Ipotekli,Saglik,Android,4,1
CUST-01481,45,53231,0.552,669,,25351,36,2,0.461,Akdeniz,Maasli,Onlisans,Kiraci,Ihtiyac,Web,9,0
CUST-01482,32,40750,0.366,590,0.0,11404,60,2,0.574,Marmara,Issiz,Lise,Ipotekli,Egitim,Android,15,0
CUST-01483,43,41779,0.354,688,23.7,9901,60,0,0.358,Karadeniz,Serbest,Lise,Ipotekli,Ihtiyac,Web,21,0
CUST-01484,59,52262,0.215,706,17.3,33378,60,2,0.181,Ege,Maasli,Lise,Ipotekli,Ihtiyac,iOS,18,0
CUST-01485,25,61254,0.221,595,0.0,12208,60,1,0.414,Marmara,Maasli,Lisans,Kiraci,Tasit,Android,8,0
CUST-01486,40,55937,0.304,675,3.4,20701,36,0,0.179,Dogu Anadolu,Maasli,Onlisans,Ev Sahibi,Ihtiyac,iOS,4,0
CUST-01487,40,47558,0.517,656,15.2,25021,60,2,0.862,Ege,Maasli,Lise,Kiraci,Egitim,Android,2,0
CUST-01488,41,48730,0.478,723,2.7,22697,60,1,0.139,Marmara,Maasli,Lisans,Kiraci,Egitim,Android,6,0
CUST-01489,29,32909,0.185,667,8.8,11276,60,0,0.456,Ic Anadolu,Emekli,Lise,Ipotekli,Ihtiyac,Web,9,0
CUST-01490,48,73107,0.321,625,15.1,101338,24,2,0.280,Marmara,Maasli,Lisans,Kiraci,Konut,Web,22,0
CUST-01491,40,59990,0.247,627,9.9,33476,84,2,0.540,Akdeniz,Sozlesmeli,Doktora,Ev Sahibi,Tasit,Web,5,0
CUST-01492,75,51990,0.219,648,20.1,11572,48,1,0.283,Akdeniz,Emekli,Lise,Aile Yaninda,Egitim,Web,2,0
CUST-01493,33,78002,0.474,683,0.5,9973,60,4,0.292,Marmara,Sozlesmeli,Lisans,Ipotekli,Egitim,Web,19,1
CUST-01494,28,37263,0.064,594,7.7,8963,36,3,0.742,Akdeniz,Serbest,Onlisans,Ipotekli,Egitim,Android,22,0
CUST-01495,50,87976,0.020,706,25.5,56013,36,,0.266,Ic Anadolu,Serbest,Lisans,Ev Sahibi,Saglik,Web,13,0
CUST-01496,34,150551,0.203,,3.4,93548,36,1,0.365,Ic Anadolu,Maasli,Lisans,Kiraci,Borc Birlestirme,Android,2,0
CUST-01497,41,73834,0.435,649,8.6,35476,36,0,0.068,Marmara,Maasli,Yuksek Lisans,Ipotekli,Tasit,Android,18,0
CUST-01498,40,78803,0.325,600,0.0,11447,60,0,0.058,Karadeniz,Maasli,,Aile Yaninda,Ihtiyac,Android,7,0
CUST-01499,40,28555,0.447,668,1.5,13969,24,1,0.466,Dogu Anadolu,Maasli,Lisans,Ev Sahibi,Borc Birlestirme,iOS,16,0
CUST-01500,49,64454,,654,16.0,32069,36,0,0.150,Marmara,Maasli,Lisans,Kiraci,Ihtiyac,Android,5,0
CUST-01501,59,47184,0.271,723,12.5,19641,48,2,0.535,Marmara,Maasli,Lisans,Ipotekli,Konut,iOS,23,0
CUST-01502,18,49581,0.071,651,1.2,22374,36,0,0.046,Dogu Anadolu,Maasli,Lise,Ipotekli,Tasit,Android,4,0
CUST-01503,41,,,690,7.3,61115,24,0,0.292,Ic Anadolu,Emekli,Yuksek Lisans,Ev Sahibi,Konut,Android,21,0
CUST-01504,39,51791,0.366,675,,9468,60,3,,Ic Anadolu,Issiz,Onlisans,Aile Yaninda,Saglik,iOS,17,1
CUST-01505,50,67460,0.252,686,31.4,25467,12,3,,Ege,Serbest,Onlisans,Ipotekli,Ihtiyac,Android,4,0
CUST-01506,41,65469,0.342,619,0.0,41246,84,4,0.404,Marmara,Issiz,Doktora,Ipotekli,Egitim,Android,4,0
CUST-01507,49,105128,0.145,624,21.5,66997,36,1,0.311,Ic Anadolu,Maasli,Onlisans,Kiraci,Borc Birlestirme,Android,2,0
CUST-01508,74,39547,0.342,699,36.8,20106,12,0,0.599,Ic Anadolu,Serbest,Yuksek Lisans,Aile Yaninda,Konut,iOS,20,0
CUST-01509,25,59649,0.386,664,0.7,20282,36,2,0.200,Dogu Anadolu,Maasli,Lisans,Ipotekli,Egitim,Web,18,0
CUST-01510,31,40508,0.190,629,0.0,10226,24,2,0.356,Marmara,Maasli,Lisans,Kiraci,Saglik,Web,13,0
CUST-01511,37,66947,0.143,693,11.6,12660,48,2,0.258,Ic Anadolu,Maasli,Lise,Kiraci,Saglik,,6,0
CUST-01512,32,,0.294,641,6.3,14092,36,2,0.433,Ege,Serbest,Onlisans,Kiraci,Is Kurma,Android,17,1
CUST-01513,37,49509,,677,11.0,14012,60,0,0.440,Ege,Emekli,Onlisans,Kiraci,Egitim,,11,0
CUST-01514,53,61830,0.129,645,14.4,34122,24,1,0.417,Ic Anadolu,Maasli,Lise,Ev Sahibi,Ihtiyac,Web,5,0
CUST-01515,66,38643,0.329,624,17.2,17806,60,1,0.221,Marmara,Serbest,Onlisans,Ipotekli,Borc Birlestirme,Web,0,0
CUST-01516,48,72371,0.334,667,26.5,11476,60,1,0.576,Karadeniz,Maasli,Lisans,Ipotekli,Ihtiyac,Android,21,0
CUST-01517,31,28616,0.418,628,4.7,29236,36,1,0.297,Ic Anadolu,Maasli,Lise,Ipotekli,Konut,iOS,23,0
CUST-01518,38,98961,0.110,648,15.6,20563,36,2,0.657,Ege,Maasli,Lisans,Kiraci,Tasit,iOS,10,0
CUST-01519,42,50367,0.567,635,11.0,31295,60,2,0.478,Marmara,Serbest,Lise,Ipotekli,Tasit,Android,16,0
CUST-01520,58,92108,0.045,696,27.0,13422,60,1,0.305,Ege,Maasli,Lisans,Aile Yaninda,Tasit,iOS,8,0
CUST-01521,18,72133,0.388,643,0.0,32258,120,2,0.340,Ege,Serbest,Lise,Kiraci,Ihtiyac,Web,15,0
CUST-01522,33,63523,0.215,676,12.3,15743,60,1,0.251,Marmara,Maasli,Lise,,Ihtiyac,Web,12,0
CUST-01523,52,46766,0.318,684,21.8,17208,36,0,0.556,Marmara,Serbest,Lise,Kiraci,Egitim,Android,5,0
CUST-01524,65,52400,0.147,702,39.2,11598,60,1,0.014,Marmara,Maasli,Onlisans,Ipotekli,Borc Birlestirme,Android,6,0
CUST-01525,43,99827,0.203,640,5.3,70866,120,1,0.331,Dogu Anadolu,Maasli,Lisans,Kiraci,Konut,Android,12,0
CUST-01526,64,90723,0.443,748,40.5,36991,12,1,0.319,Dogu Anadolu,Maasli,Lisans,Ev Sahibi,Saglik,iOS,0,0
CUST-01527,32,,0.398,683,5.9,13629,60,0,0.106,Ege,Maasli,Onlisans,Ipotekli,Borc Birlestirme,Android,4,0
CUST-01528,42,69564,0.496,590,0.9,26799,24,4,0.388,Ic Anadolu,Serbest,Lisans,Kiraci,Borc Birlestirme,Web,0,1
CUST-01529,38,36716,0.020,,9.9,6982,36,1,0.485,Marmara,Maasli,Yuksek Lisans,Ipotekli,Ihtiyac,Android,5,0
CUST-01530,22,62953,0.236,658,0.9,10788,24,4,0.778,Ic Anadolu,Maasli,Yuksek Lisans,Ev Sahibi,Is Kurma,,11,0
CUST-01531,54,46121,0.020,706,24.0,26222,120,2,0.445,Marmara,Maasli,Yuksek Lisans,Ipotekli,Ihtiyac,Web,19,0
CUST-01532,39,83330,0.366,674,18.2,32113,36,3,0.513,Marmara,Serbest,Yuksek Lisans,Ev Sahibi,Ihtiyac,Android,0,0
CUST-01533,32,57514,0.553,603,,36543,60,5,0.669,Ege,Issiz,Lisans,Ipotekli,Is Kurma,iOS,13,1
CUST-01534,35,59997,0.359,683,,62738,48,0,0.406,Akdeniz,Maasli,Yuksek Lisans,Ipotekli,Konut,Android,15,0
CUST-01535,44,88075,0.362,714,16.5,54641,48,4,0.100,Marmara,Maasli,Yuksek Lisans,Ev Sahibi,Ihtiyac,Android,3,0
CUST-01536,52,67930,0.429,659,14.0,41477,60,0,0.138,Dogu Anadolu,Maasli,Lise,Kiraci,Ihtiyac,Web,15,1
CUST-01537,51,93730,0.204,678,20.5,56350,48,1,0.122,Ic Anadolu,Serbest,Yuksek Lisans,Ev Sahibi,Borc Birlestirme,Android,10,0
CUST-01538,59,47851,0.372,721,19.4,27164,24,2,0.525,Akdeniz,Emekli,Onlisans,Ev Sahibi,Tasit,Web,0,0
CUST-01539,58,101495,0.302,624,10.6,43076,60,0,0.305,Ic Anadolu,Maasli,Yuksek Lisans,Ipotekli,Konut,Web,12,0
CUST-01540,42,93486,0.515,690,19.4,44586,36,2,0.512,Ic Anadolu,Maasli,Lisans,Ev Sahibi,Ihtiyac,Web,19,0
CUST-01541,43,22972,0.020,707,5.1,7103,12,1,0.521,Marmara,Maasli,Lise,Kiraci,Saglik,Android,13,0
CUST-01542,38,30182,0.346,643,6.2,14589,12,1,0.249,Guneydogu Anadolu,Serbest,Lisans,Ipotekli,Borc Birlestirme,Web,23,0
CUST-01543,37,93473,0.220,633,2.6,55581,24,2,0.174,Ic Anadolu,Serbest,Onlisans,Aile Yaninda,Borc Birlestirme,Android,8,0
CUST-01544,43,54522,0.512,616,0.0,16745,60,5,0.990,Ic Anadolu,Issiz,Lise,Ev Sahibi,Ihtiyac,Android,20,1
CUST-01545,33,43478,,696,9.5,20865,24,1,0.585,Guneydogu Anadolu,Serbest,Lisans,Kiraci,Ihtiyac,Android,17,0
CUST-01546,24,57396,0.279,667,0.9,28797,84,0,0.121,Guneydogu Anadolu,Maasli,Lisans,Kiraci,Tasit,Web,16,1
CUST-01547,59,40398,0.701,567,0.0,18779,24,6,1.082,Ic Anadolu,Issiz,Lisans,Ev Sahibi,Ihtiyac,iOS,23,1
CUST-01548,38,48532,0.249,619,5.8,19337,60,0,0.257,Ic Anadolu,Maasli,Lisans,Ev Sahibi,Borc Birlestirme,Web,11,0
CUST-01549,57,50426,0.090,612,13.2,14444,84,3,0.000,Ege,Sozlesmeli,Lise,Kiraci,Borc Birlestirme,Android,18,0
CUST-01550,45,80764,0.157,654,14.3,25359,12,4,,Akdeniz,Maasli,Lisans,Kiraci,Is Kurma,Android,2,0
CUST-01551,41,127186,0.024,689,17.6,75326,36,0,0.779,Marmara,Maasli,Lisans,Kiraci,Saglik,Web,16,0
CUST-01552,43,46087,0.203,643,12.3,14115,60,2,0.275,Akdeniz,Maasli,Lise,Kiraci,Ihtiyac,Web,2,0
CUST-01553,36,106047,0.405,548,0.0,39676,36,4,0.589,Akdeniz,Issiz,Doktora,Ipotekli,Tasit,Android,12,1
CUST-01554,22,90745,,578,0.0,45455,36,3,0.360,Akdeniz,Issiz,Lisans,Kiraci,Egitim,Web,23,0
CUST-01555,31,21370,0.131,645,,12892,60,,0.735,Marmara,Maasli,Lise,Kiraci,Ihtiyac,Android,21,0
CUST-01556,39,90614,0.240,664,15.0,26793,36,0,0.273,Marmara,Maasli,Yuksek Lisans,Aile Yaninda,Tasit,Android,1,0
CUST-01557,64,57383,0.124,637,8.9,24006,60,,0.281,Marmara,Sozlesmeli,Onlisans,Kiraci,Egitim,Android,10,0
CUST-01558,75,146238,0.478,648,33.8,32523,24,2,0.744,Marmara,Serbest,Lisans,Ipotekli,Is Kurma,Android,5,0
CUST-01559,62,121886,0.218,626,14.1,71725,36,2,0.322,Marmara,Sozlesmeli,Lisans,Kiraci,Ihtiyac,Android,22,0
CUST-01560,28,58553,,624,0.8,7473,36,2,0.412,Guneydogu Anadolu,Maasli,Lisans,Ipotekli,Ihtiyac,iOS,2,0
CUST-01561,27,62774,0.200,,3.4,17894,120,4,0.157,Ege,Maasli,Yuksek Lisans,Ev Sahibi,Ihtiyac,Android,0,1
CUST-01562,30,31319,0.466,630,0.0,19228,60,2,0.602,Marmara,Issiz,Onlisans,,Borc Birlestirme,Android,8,1
CUST-01563,44,35795,0.193,677,22.2,15697,120,1,0.358,Akdeniz,Serbest,Lisans,Kiraci,Ihtiyac,Android,0,0
CUST-01564,29,40265,0.305,634,5.5,24860,48,2,0.482,Guneydogu Anadolu,Sozlesmeli,Lisans,Ipotekli,Borc Birlestirme,Web,7,0
CUST-01565,67,76026,0.462,703,34.2,38537,36,1,0.559,Akdeniz,Maasli,Yuksek Lisans,Ipotekli,Ihtiyac,Web,8,0
CUST-01566,36,42787,0.368,663,8.7,8137,84,5,0.277,Guneydogu Anadolu,Maasli,Yuksek Lisans,Aile Yaninda,Saglik,iOS,13,1
CUST-01567,26,34100,0.364,598,1.2,47782,24,2,0.488,Akdeniz,Serbest,Onlisans,Ipotekli,Konut,iOS,8,1
CUST-01568,44,79400,0.531,681,5.8,20255,60,0,0.533,Ege,Maasli,Lisans,Ipotekli,Egitim,Android,14,0
CUST-01569,65,83453,0.566,605,9.5,26337,60,2,0.417,Karadeniz,Maasli,Lisans,Kiraci,Tasit,Web,10,1
CUST-01570,44,14836,0.338,620,,13868,48,2,0.319,Marmara,Issiz,Lise,Aile Yaninda,Konut,Android,17,0
CUST-01571,32,86386,0.238,590,7.2,33191,36,2,,Karadeniz,,Yuksek Lisans,Kiraci,Tasit,iOS,5,0
CUST-01572,47,,0.414,709,20.2,8209,36,2,0.387,Marmara,Serbest,Yuksek Lisans,Ev Sahibi,Is Kurma,Android,15,0
CUST-01573,47,36287,0.430,688,17.0,16663,36,3,0.407,Ege,Sozlesmeli,Lise,Ipotekli,Ihtiyac,Android,9,0
CUST-01574,35,28189,0.563,588,0.0,5000,60,4,0.801,Akdeniz,Issiz,Lisans,Kiraci,Ihtiyac,Android,9,0
CUST-01575,45,42520,0.454,656,26.4,26264,48,2,0.447,Marmara,Serbest,Lisans,Kiraci,Borc Birlestirme,Android,15,0
CUST-01576,50,61387,0.211,756,29.3,35675,36,1,0.321,Marmara,Maasli,Lise,Kiraci,Ihtiyac,iOS,23,0
CUST-01577,46,98867,0.353,683,17.1,17795,36,1,0.528,Marmara,Maasli,Yuksek Lisans,Kiraci,Ihtiyac,Android,15,0
CUST-01578,29,40343,0.233,619,8.3,24808,60,0,0.131,Karadeniz,Maasli,Lisans,Ipotekli,Saglik,Android,10,0
CUST-01579,50,37344,0.511,681,,5090,24,1,0.157,Marmara,Maasli,Lise,Ipotekli,Borc Birlestirme,iOS,21,0
CUST-01580,54,24875,0.231,665,17.4,5000,120,1,0.419,Akdeniz,Maasli,Lise,Kiraci,Egitim,iOS,22,0
CUST-01581,32,87071,0.296,747,10.1,37085,60,0,0.284,Ege,Maasli,Lisans,Kiraci,Egitim,Android,3,0
CUST-01582,53,30831,0.377,640,7.0,6590,60,0,0.445,Marmara,Maasli,Lisans,Ipotekli,Tasit,Web,15,0
CUST-01583,33,47197,0.318,667,,50345,36,3,0.575,Karadeniz,Sozlesmeli,Lise,Ev Sahibi,Konut,Web,11,0
CUST-01584,45,,0.226,700,25.0,5000,84,1,0.565,Marmara,Serbest,Lise,Ev Sahibi,Ihtiyac,iOS,14,0
CUST-01585,26,41891,0.574,703,,18787,84,1,0.029,Karadeniz,Emekli,Lisans,Ipotekli,Tasit,iOS,8,0
CUST-01586,36,57550,0.559,649,2.2,7817,36,1,0.661,Akdeniz,Serbest,Lisans,Kiraci,Is Kurma,iOS,13,0
CUST-01587,56,68268,0.553,614,10.5,18693,24,0,0.718,Karadeniz,Sozlesmeli,Onlisans,Kiraci,Ihtiyac,iOS,4,0
CUST-01588,36,89815,,623,9.1,34183,84,2,0.517,Dogu Anadolu,Maasli,Lisans,Ipotekli,Is Kurma,iOS,15,0
CUST-01589,30,29480,0.203,676,11.6,12446,36,1,0.093,Marmara,Sozlesmeli,Lise,Kiraci,Egitim,iOS,8,0
CUST-01590,56,66857,0.317,718,19.7,35112,60,1,0.184,Marmara,Maasli,Lisans,Kiraci,Borc Birlestirme,Android,8,0
CUST-01591,30,66256,0.250,622,3.0,67299,84,1,0.483,Guneydogu Anadolu,Maasli,Yuksek Lisans,Ipotekli,Konut,Web,21,0
CUST-01592,35,26229,0.313,678,0.0,6178,120,7,0.803,Marmara,Issiz,Lisans,Ipotekli,Borc Birlestirme,Web,17,1
CUST-01593,21,43389,0.230,566,4.1,18868,60,1,0.588,Marmara,Emekli,Lise,Ipotekli,Ihtiyac,Web,23,0
CUST-01594,38,46976,0.397,600,0.8,8278,48,0,0.345,Karadeniz,Maasli,Onlisans,Ev Sahibi,Borc Birlestirme,Web,20,0
CUST-01595,59,63328,0.155,689,22.2,17563,36,2,0.461,Ege,Serbest,Lise,Ipotekli,Is Kurma,,22,1
CUST-01596,49,90103,0.035,592,12.3,39339,120,0,0.389,Guneydogu Anadolu,Serbest,Lise,Kiraci,Egitim,Android,18,0
CUST-01597,64,43737,0.097,677,1.3,5595,24,2,0.573,Guneydogu Anadolu,Maasli,Lise,Ev Sahibi,Ihtiyac,Android,14,0
CUST-01598,41,83412,0.074,,5.2,14836,120,0,0.717,Marmara,Maasli,Yuksek Lisans,Ipotekli,Egitim,Web,1,0
CUST-01599,44,32782,0.023,617,10.0,11326,24,1,0.314,Guneydogu Anadolu,Maasli,Onlisans,Ev Sahibi,Ihtiyac,Android,10,0
CUST-01600,20,61678,0.401,722,2.5,11389,24,1,0.000,Marmara,Maasli,Onlisans,Kiraci,Ihtiyac,iOS,1,0
CUST-01601,44,47778,0.327,637,1.2,28123,60,0,0.411,Marmara,Serbest,Lise,Kiraci,Egitim,Android,4,0
CUST-01602,25,27412,0.761,586,0.0,15308,48,7,0.758,Guneydogu Anadolu,Issiz,Lise,Ipotekli,Ihtiyac,iOS,16,1
CUST-01603,30,78232,0.444,685,6.4,20897,12,3,0.299,Guneydogu Anadolu,Maasli,Yuksek Lisans,Ipotekli,Ihtiyac,Android,1,0
CUST-01604,43,46037,0.452,655,0.9,8615,36,4,0.267,Ic Anadolu,Sozlesmeli,Lise,Kiraci,Egitim,Web,23,0
CUST-01605,43,50099,0.171,665,15.0,19472,24,1,0.132,Karadeniz,Maasli,Onlisans,Ipotekli,Borc Birlestirme,Android,13,0
CUST-01606,50,85341,0.355,709,15.7,29955,48,2,0.401,Karadeniz,Sozlesmeli,Onlisans,Ipotekli,Ihtiyac,Android,22,0
CUST-01607,29,,0.174,653,10.8,25332,36,1,0.184,Ic Anadolu,Sozlesmeli,Lisans,Aile Yaninda,Tasit,Android,17,0
CUST-01608,46,44443,0.328,664,0.0,5943,36,4,0.542,Marmara,Issiz,Lisans,Kiraci,Ihtiyac,Android,6,0
CUST-01609,37,55931,0.266,667,12.3,28023,120,2,0.525,Ege,Serbest,Lise,Ipotekli,Ihtiyac,iOS,22,0
CUST-01610,38,32899,0.275,655,9.5,20410,60,,0.114,Ic Anadolu,Maasli,Lise,Kiraci,Is Kurma,Android,18,0
CUST-01611,54,45070,0.538,634,1.6,7917,60,,0.316,Ic Anadolu,Maasli,Lisans,Kiraci,Tasit,iOS,1,0
CUST-01612,26,25024,0.603,651,0.3,15085,36,3,0.618,Karadeniz,Maasli,Onlisans,Ipotekli,Egitim,iOS,19,1
CUST-01613,37,51218,0.152,568,0.0,27033,24,5,0.676,Ege,Issiz,Yuksek Lisans,Kiraci,Ihtiyac,iOS,3,0
CUST-01614,28,84410,0.318,746,3.1,23352,24,0,0.226,Akdeniz,Maasli,Lise,Ipotekli,Tasit,Android,14,0
CUST-01615,33,54396,0.229,636,3.0,22911,12,0,0.397,Guneydogu Anadolu,Maasli,Lisans,Kiraci,Borc Birlestirme,iOS,12,0
CUST-01616,48,56742,0.241,672,25.8,19440,60,2,0.487,Ege,Maasli,Lisans,Kiraci,Tasit,iOS,7,0
CUST-01617,46,27947,0.378,634,20.2,6088,36,1,0.231,Marmara,Maasli,Lise,Ipotekli,Tasit,Android,9,0
CUST-01618,48,36931,0.121,670,30.5,8435,36,2,0.366,Dogu Anadolu,Sozlesmeli,Lise,Ev Sahibi,Ihtiyac,Android,3,0
CUST-01619,25,49081,0.481,593,0.0,28555,60,0,0.232,Marmara,Maasli,Yuksek Lisans,Ipotekli,Saglik,iOS,19,1
CUST-01620,41,57975,0.161,666,19.7,15376,60,1,0.295,Marmara,Maasli,Lise,Kiraci,Borc Birlestirme,Web,10,0
CUST-01621,25,99652,0.270,659,7.6,25114,84,1,0.551,Marmara,Serbest,Lisans,Ipotekli,Saglik,Android,1,0
CUST-01622,18,85470,0.637,608,0.0,110526,48,7,0.901,Ic Anadolu,Issiz,Lisans,Ipotekli,Konut,Android,22,1
CUST-01623,37,85679,0.366,669,13.0,71252,48,4,0.377,Guneydogu Anadolu,Sozlesmeli,Doktora,Kiraci,Konut,Web,13,0
CUST-01624,51,79028,0.102,650,4.1,20738,48,2,0.558,Marmara,Maasli,Lisans,Ev Sahibi,Ihtiyac,Android,17,0
CUST-01625,55,27101,0.351,639,27.6,14735,36,1,0.204,Ic Anadolu,Emekli,Lise,Ev Sahibi,Ihtiyac,iOS,16,0
CUST-01626,38,39864,0.470,,0.0,23221,60,1,0.374,Ege,Sozlesmeli,Onlisans,Ipotekli,Ihtiyac,Android,3,0
CUST-01627,47,32427,0.256,684,10.2,15835,120,2,0.000,Ic Anadolu,Maasli,Lisans,Kiraci,Egitim,iOS,22,0
CUST-01628,47,83283,0.252,671,22.9,31081,36,0,0.535,Marmara,Maasli,Lise,Ev Sahibi,Tasit,Android,7,0
CUST-01629,38,35557,0.241,688,3.9,10223,24,2,0.410,Marmara,Maasli,Lise,Ipotekli,Egitim,Android,7,0
CUST-01630,52,40367,0.277,658,0.0,12115,60,2,0.348,Dogu Anadolu,Issiz,Lise,Aile Yaninda,Borc Birlestirme,Android,11,0
CUST-01631,37,,0.089,654,13.4,31187,60,2,0.211,Ic Anadolu,Maasli,Lisans,Kiraci,Tasit,iOS,6,0
CUST-01632,42,172887,0.696,671,19.1,102736,12,4,0.389,Marmara,Sozlesmeli,Lisans,Kiraci,Borc Birlestirme,Android,12,0
CUST-01633,41,72697,0.328,714,19.8,22489,36,0,,Dogu Anadolu,Maasli,Onlisans,Kiraci,Tasit,Web,16,0
CUST-01634,44,69552,0.337,591,0.0,70188,48,5,0.763,Karadeniz,Issiz,Lisans,Ev Sahibi,Konut,Android,11,1
CUST-01635,54,36527,0.402,639,34.0,19893,60,1,0.400,Marmara,Maasli,Lise,Ipotekli,Borc Birlestirme,iOS,20,0
CUST-01636,20,35054,0.216,669,1.9,20962,60,2,0.253,Akdeniz,Serbest,Lisans,Ipotekli,Borc Birlestirme,Web,18,0
CUST-01637,43,131012,0.349,619,,71250,60,0,0.000,Dogu Anadolu,Maasli,Lise,Aile Yaninda,Egitim,Android,20,0
CUST-01638,46,72851,0.247,661,11.1,36256,36,3,0.459,Akdeniz,Maasli,Lisans,Ev Sahibi,Ihtiyac,Android,22,0
CUST-01639,31,62657,0.445,652,13.0,7819,12,3,0.113,Marmara,Maasli,Lise,Aile Yaninda,Ihtiyac,Android,16,0
CUST-01640,18,40046,0.637,667,0.0,20095,12,3,0.777,Ic Anadolu,Maasli,Lisans,Ipotekli,Ihtiyac,Android,16,0
CUST-01641,34,68307,0.400,657,13.8,54950,36,2,0.235,Ic Anadolu,Maasli,Lisans,Ipotekli,Egitim,Android,15,0
CUST-01642,27,58432,0.460,629,1.1,23159,12,2,0.734,Karadeniz,Sozlesmeli,Lisans,Kiraci,Saglik,Android,7,0
CUST-01643,27,62682,0.433,687,2.4,37217,60,0,0.322,Ic Anadolu,Maasli,Lisans,Ipotekli,Is Kurma,Android,2,0
CUST-01644,48,39449,0.070,628,8.7,8744,60,2,0.137,Dogu Anadolu,Maasli,Onlisans,Aile Yaninda,Tasit,iOS,18,0
CUST-01645,30,102400,0.020,624,3.7,21057,24,0,0.482,Ic Anadolu,Maasli,Yuksek Lisans,Kiraci,Ihtiyac,Android,15,0
CUST-01646,19,50073,0.354,637,2.2,28293,24,1,0.237,Akdeniz,Emekli,Lise,Aile Yaninda,Borc Birlestirme,iOS,19,0
CUST-01647,31,71340,,591,,14483,24,3,0.302,Dogu Anadolu,Issiz,Yuksek Lisans,Kiraci,Ihtiyac,iOS,3,0
CUST-01648,50,46642,0.020,626,25.4,32766,120,1,0.592,Guneydogu Anadolu,Maasli,Lisans,Ipotekli,Konut,iOS,13,0
CUST-01649,41,49023,0.288,691,21.4,6011,60,0,0.320,Ege,Serbest,Lisans,Ipotekli,Borc Birlestirme,Web,0,0
CUST-01650,42,85489,0.217,642,12.9,53410,12,1,0.526,Akdeniz,Sozlesmeli,Doktora,Ev Sahibi,Borc Birlestirme,iOS,10,0
CUST-01651,47,37683,0.359,616,2.8,5739,48,3,0.238,Dogu Anadolu,Maasli,Lisans,Kiraci,Ihtiyac,iOS,10,0
CUST-01652,58,88142,0.418,702,27.6,23494,36,0,0.666,Ege,Serbest,,Ev Sahibi,Borc Birlestirme,Android,11,0
CUST-01653,49,78336,0.455,721,24.8,42007,60,2,0.656,Marmara,Maasli,Yuksek Lisans,Ipotekli,Ihtiyac,iOS,18,1
CUST-01654,36,100403,0.238,724,15.2,36404,84,1,0.622,Guneydogu Anadolu,Maasli,Yuksek Lisans,Kiraci,Borc Birlestirme,Web,12,0
CUST-01655,35,90981,0.308,693,15.8,115441,60,2,0.296,Marmara,Maasli,Yuksek Lisans,Ev Sahibi,Konut,Android,3,0
CUST-01656,19,45752,0.521,562,0.0,16216,60,5,0.667,Marmara,Issiz,Lisans,Ev Sahibi,Tasit,Android,22,1
CUST-01657,42,22820,0.352,621,0.0,5049,48,4,0.212,Marmara,Issiz,Lise,Aile Yaninda,Tasit,Android,2,1
CUST-01658,42,41483,0.337,661,3.8,32508,36,0,0.097,Guneydogu Anadolu,Maasli,Lise,Ev Sahibi,Konut,iOS,23,0
CUST-01659,45,105995,0.404,594,8.6,61630,60,1,0.212,Marmara,Maasli,Lisans,Ev Sahibi,Ihtiyac,iOS,6,0
CUST-01660,41,40412,0.234,606,19.9,19155,120,2,0.479,Karadeniz,Sozlesmeli,Yuksek Lisans,Kiraci,Borc Birlestirme,iOS,19,0
CUST-01661,26,40527,0.439,619,4.4,8362,60,1,0.172,Akdeniz,Maasli,Onlisans,Aile Yaninda,Ihtiyac,Android,0,0
CUST-01662,43,86614,0.283,656,17.0,40025,36,0,0.479,Ege,Maasli,Yuksek Lisans,Ev Sahibi,Ihtiyac,Android,8,0
CUST-01663,54,76093,0.456,706,27.1,50939,24,2,0.480,Ic Anadolu,Sozlesmeli,Doktora,Ipotekli,Konut,,10,0
CUST-01664,39,88574,0.468,670,0.3,24438,120,3,,Marmara,Sozlesmeli,Lise,Ipotekli,Is Kurma,Android,22,0
CUST-01665,28,43722,,620,5.5,14570,24,0,0.705,Ic Anadolu,Serbest,Onlisans,,Tasit,Web,15,0
CUST-01666,45,42203,0.413,683,0.0,19826,84,4,0.471,Akdeniz,Issiz,Lisans,Ipotekli,Egitim,Android,21,0
CUST-01667,39,39937,0.439,600,1.8,15491,60,1,0.572,Marmara,Serbest,Lise,Kiraci,Ihtiyac,iOS,14,0
CUST-01668,18,30406,0.253,659,0.0,18312,24,0,0.326,Marmara,Maasli,Lisans,Kiraci,Tasit,Web,12,0
CUST-01669,30,93183,0.158,634,2.6,16983,12,0,0.075,Ic Anadolu,,Lisans,Ev Sahibi,Egitim,iOS,20,0
CUST-01670,40,78670,0.169,652,16.8,542395,12,0,0.565,Karadeniz,Maasli,Onlisans,Kiraci,Konut,iOS,15,0
CUST-01671,55,63923,0.500,629,0.0,31621,36,1,0.662,Akdeniz,Sozlesmeli,Lise,Ipotekli,Tasit,Android,12,0
CUST-01672,29,24520,0.255,630,5.0,8277,84,,0.257,Ic Anadolu,Sozlesmeli,,Kiraci,Tasit,Web,0,0
CUST-01673,29,57139,0.430,661,11.0,14588,36,1,0.132,Marmara,Sozlesmeli,Onlisans,Kiraci,Saglik,Web,0,0
CUST-01674,40,37578,0.623,708,13.4,17807,36,0,0.303,Ic Anadolu,Maasli,Onlisans,Ev Sahibi,Is Kurma,Android,12,1
CUST-01675,37,49881,0.282,644,15.8,13250,60,2,0.198,Marmara,Emekli,Lisans,Ev Sahibi,Saglik,Web,22,0
CUST-01676,48,77649,0.314,671,8.7,32026,24,3,0.489,Karadeniz,Sozlesmeli,Onlisans,Aile Yaninda,Tasit,Web,5,1
CUST-01677,31,86861,0.208,688,11.1,32215,120,2,0.000,Dogu Anadolu,Serbest,Lise,Ev Sahibi,Tasit,Android,1,0
CUST-01678,39,46546,0.375,608,5.3,25144,24,3,0.261,Ic Anadolu,Serbest,Yuksek Lisans,Kiraci,Ihtiyac,Web,10,0
CUST-01679,47,58515,,706,15.4,15953,36,3,0.578,Ic Anadolu,Emekli,Lise,Kiraci,Ihtiyac,Android,12,0
CUST-01680,18,164091,0.487,605,0.0,151501,60,7,0.774,Ic Anadolu,Issiz,Doktora,Ev Sahibi,Konut,Android,3,1
CUST-01681,50,41985,0.372,725,,19649,36,1,0.499,Akdeniz,Maasli,Lisans,Ipotekli,Egitim,Android,13,0
CUST-01682,69,51691,0.421,713,12.3,26547,60,1,0.279,Marmara,Maasli,Onlisans,Ev Sahibi,Tasit,Android,15,0
CUST-01683,53,89442,0.138,628,0.0,53589,12,4,0.781,Ic Anadolu,Issiz,Yuksek Lisans,Aile Yaninda,Ihtiyac,Web,4,0
CUST-01684,59,127555,0.342,669,31.3,55420,12,2,0.362,Marmara,Maasli,Lisans,Ipotekli,Saglik,Android,11,0
CUST-01685,44,62077,0.208,605,1.0,35689,60,0,0.321,Ic Anadolu,Maasli,Lisans,Ipotekli,Tasit,Android,6,0
CUST-01686,36,83481,0.326,637,16.1,51272,24,,0.565,Marmara,Maasli,Yuksek Lisans,Ev Sahibi,Is Kurma,iOS,14,0
CUST-01687,58,103629,0.144,637,13.9,57904,120,0,0.547,Ic Anadolu,Maasli,Lisans,Kiraci,Tasit,Web,4,0
CUST-01688,35,41244,0.448,633,12.2,15422,60,0,0.472,Marmara,Maasli,Yuksek Lisans,Ipotekli,Saglik,Web,0,0
CUST-01689,45,74265,0.217,600,7.4,15757,48,1,0.230,Karadeniz,Maasli,Lisans,Aile Yaninda,Egitim,Android,19,0
CUST-01690,62,81136,0.288,742,42.8,23074,36,2,0.202,Ege,Serbest,Yuksek Lisans,Kiraci,Is Kurma,Web,17,1
CUST-01691,26,,0.302,623,7.4,29483,48,1,0.057,Karadeniz,Maasli,Lise,Kiraci,Konut,Web,13,0
CUST-01692,34,44940,0.313,642,4.9,24681,84,0,0.149,Karadeniz,Serbest,Lise,Ev Sahibi,Tasit,Android,7,0
CUST-01693,57,102819,0.518,630,6.7,50293,36,1,0.660,Guneydogu Anadolu,Serbest,Lise,Ev Sahibi,Ihtiyac,Web,17,0
CUST-01694,37,54891,0.292,,19.4,28393,12,2,0.540,Akdeniz,Emekli,Lise,Kiraci,Tasit,Android,15,0
CUST-01695,43,68266,0.292,620,17.4,14246,48,2,0.711,Marmara,Maasli,,Kiraci,Ihtiyac,Android,4,0
CUST-01696,52,52652,0.090,604,0.8,14499,84,2,0.000,Dogu Anadolu,Maasli,Lisans,Aile Yaninda,Ihtiyac,Android,11,0
CUST-01697,41,46430,0.178,614,22.3,21114,36,0,,Guneydogu Anadolu,Maasli,Lisans,Kiraci,Tasit,Web,19,0
CUST-01698,36,42376,0.077,667,10.9,6808,12,0,0.341,Karadeniz,Emekli,Onlisans,Kiraci,Borc Birlestirme,iOS,20,0
CUST-01699,54,69531,0.224,674,3.5,23421,60,2,0.558,Akdeniz,Maasli,Onlisans,Kiraci,Is Kurma,iOS,5,0
CUST-01700,53,67655,0.339,668,4.9,18475,60,2,0.411,Marmara,Maasli,Lisans,Ev Sahibi,Tasit,Android,17,0
CUST-01701,42,73795,0.610,665,15.9,22401,12,3,0.554,Marmara,Sozlesmeli,Onlisans,Kiraci,Tasit,Web,5,1
CUST-01702,32,87391,0.260,665,8.2,44394,36,0,0.351,Akdeniz,Maasli,Onlisans,Kiraci,Is Kurma,Web,13,0
CUST-01703,18,33909,0.120,569,0.0,9763,48,3,0.479,Marmara,Issiz,Onlisans,Aile Yaninda,Is Kurma,iOS,18,0
CUST-01704,60,84535,0.249,727,30.9,97032,36,2,0.223,Akdeniz,Maasli,Onlisans,Kiraci,Konut,iOS,12,0
CUST-01705,41,87716,0.204,590,14.1,37455,60,3,0.550,Ic Anadolu,Sozlesmeli,Lisans,Kiraci,Konut,Android,9,0
CUST-01706,39,23872,0.151,742,4.7,6814,24,1,0.350,Marmara,Maasli,Lisans,Kiraci,Borc Birlestirme,Android,12,0
CUST-01707,50,188837,0.298,644,29.3,92776,12,0,0.391,Ege,Serbest,Lisans,Aile Yaninda,Ihtiyac,iOS,6,0
CUST-01708,20,42651,0.492,628,1.3,16594,24,4,,Ege,Serbest,Lisans,Kiraci,Borc Birlestirme,Android,17,0
CUST-01709,31,97000,0.228,642,10.7,61850,84,1,0.422,Dogu Anadolu,Maasli,Onlisans,Ev Sahibi,Saglik,Web,7,0
CUST-01710,32,29161,0.234,698,0.7,16599,60,0,0.456,Ic Anadolu,Maasli,Lise,Ipotekli,Egitim,Web,4,0
CUST-01711,30,59021,0.133,648,1.8,29147,48,18,1.932,Dogu Anadolu,Sozlesmeli,Lisans,Kiraci,Tasit,Web,6,1
CUST-01712,39,77663,0.284,683,21.0,41570,60,2,0.249,Guneydogu Anadolu,Maasli,Yuksek Lisans,Aile Yaninda,Ihtiyac,Android,20,0
CUST-01713,24,55583,0.147,610,6.0,12362,84,2,0.589,Marmara,Maasli,Lisans,Aile Yaninda,Ihtiyac,Web,15,0
CUST-01714,29,32533,0.339,650,7.1,42617,36,1,0.726,Ic Anadolu,Maasli,Onlisans,Ipotekli,Konut,Web,7,0
CUST-01715,39,80307,0.329,647,9.2,31597,48,3,0.628,Ege,Serbest,,Ev Sahibi,Is Kurma,Android,5,0
CUST-01716,29,50627,0.557,687,2.5,19532,60,,0.579,Ege,Maasli,Onlisans,Ipotekli,Ihtiyac,Android,0,0
CUST-01717,38,128868,0.238,704,17.4,54082,48,1,0.266,Ege,Maasli,Yuksek Lisans,Ev Sahibi,Tasit,iOS,0,0
CUST-01718,64,113390,0.444,676,28.9,45377,36,0,0.263,Karadeniz,Maasli,Yuksek Lisans,Ev Sahibi,Tasit,Android,20,0
CUST-01719,53,48276,0.240,687,24.6,25246,48,3,0.423,Marmara,Maasli,Yuksek Lisans,Aile Yaninda,Ihtiyac,Android,0,0
CUST-01720,25,52789,0.222,677,0.3,12626,60,1,0.400,Akdeniz,Maasli,Lisans,Ipotekli,Ihtiyac,iOS,11,0
CUST-01721,40,66067,0.344,602,11.1,92034,60,1,0.712,Ic Anadolu,Serbest,Yuksek Lisans,Kiraci,Konut,Android,9,0
CUST-01722,18,49184,0.332,613,0.0,35991,60,2,0.321,Akdeniz,Maasli,Lisans,Ipotekli,Konut,Web,23,0
CUST-01723,49,45111,0.543,620,7.0,24848,48,0,0.719,Marmara,Maasli,Lise,Ipotekli,Ihtiyac,Android,4,0
CUST-01724,48,50601,0.419,710,10.6,27430,36,2,0.730,Karadeniz,Sozlesmeli,Lisans,Ipotekli,Tasit,Web,18,0
CUST-01725,38,64663,0.351,616,0.0,26414,60,2,0.159,Ege,Issiz,Lisans,Ev Sahibi,Egitim,Android,3,0
CUST-01726,44,55322,0.624,518,0.0,27727,36,6,0.866,Ege,Issiz,Lisans,Kiraci,Borc Birlestirme,Android,9,1
CUST-01727,19,34069,0.174,608,0.0,11756,12,1,0.952,Dogu Anadolu,Maasli,Lise,Kiraci,Is Kurma,Android,5,0
CUST-01728,23,33509,0.323,679,0.0,5762,24,2,0.459,Ic Anadolu,Issiz,Lisans,Kiraci,Borc Birlestirme,Android,21,1
CUST-01729,40,34460,0.368,665,15.0,20246,60,1,,Akdeniz,Serbest,Lisans,Ipotekli,Ihtiyac,Web,18,0
CUST-01730,47,32626,0.445,641,14.0,5111,60,0,0.455,Marmara,Maasli,Lise,Ipotekli,Ihtiyac,Android,11,0
CUST-01731,38,73168,0.352,666,8.7,15148,12,1,0.120,Marmara,Serbest,Lisans,Ev Sahibi,Is Kurma,iOS,22,0
CUST-01732,35,47362,0.644,570,0.0,23187,36,3,0.558,Marmara,Issiz,Lisans,Ipotekli,Is Kurma,Web,20,0
CUST-01733,22,20890,0.151,637,3.1,8558,36,2,0.257,Marmara,Maasli,Lise,Aile Yaninda,Ihtiyac,Android,7,0
CUST-01734,50,62729,0.307,599,1.2,17285,60,2,0.780,Ic Anadolu,Maasli,Lisans,Kiraci,Ihtiyac,Web,23,0
CUST-01735,40,83906,0.241,636,0.3,43653,48,2,0.285,Marmara,Sozlesmeli,Onlisans,Ev Sahibi,Ihtiyac,Web,16,0
CUST-01736,41,29069,0.333,701,1.4,14587,60,2,0.501,Marmara,Emekli,Lise,Ev Sahibi,Ihtiyac,iOS,7,0
CUST-01737,28,64088,0.362,647,2.2,32496,36,2,0.535,Marmara,Serbest,Lisans,Kiraci,Tasit,Android,2,0
CUST-01738,42,,0.341,632,2.0,27564,60,1,0.262,Karadeniz,Serbest,Yuksek Lisans,Kiraci,Ihtiyac,Android,21,0
CUST-01739,50,126650,0.353,603,11.4,21601,36,2,0.241,Ic Anadolu,Maasli,Lisans,Kiraci,Borc Birlestirme,Android,11,0
CUST-01740,35,55635,0.126,654,,7571,48,0,0.151,Ic Anadolu,Maasli,Lise,Kiraci,Tasit,iOS,2,0
CUST-01741,18,,,669,1.9,33135,60,0,0.437,Akdeniz,Serbest,Lisans,Ev Sahibi,Borc Birlestirme,iOS,19,1
CUST-01742,26,51581,0.046,597,5.5,19243,24,0,0.625,Ege,Sozlesmeli,Lise,Kiraci,Ihtiyac,Android,6,0
CUST-01743,49,49531,0.418,675,0.0,11679,120,3,0.220,Karadeniz,Issiz,Lisans,Ev Sahibi,Ihtiyac,Web,23,0
CUST-01744,50,36919,0.468,665,29.5,8937,48,1,0.672,Akdeniz,Maasli,Onlisans,Ipotekli,Borc Birlestirme,,23,0
CUST-01745,53,58246,0.153,681,20.8,37830,84,3,0.433,Guneydogu Anadolu,Emekli,Yuksek Lisans,Kiraci,Konut,iOS,21,0
CUST-01746,34,44619,0.560,635,8.2,19540,36,0,0.645,Ic Anadolu,Serbest,Yuksek Lisans,Ipotekli,Konut,Web,8,0
CUST-01747,43,28517,0.315,621,1.1,17883,24,2,0.580,Dogu Anadolu,Maasli,Lise,Kiraci,Ihtiyac,iOS,6,1
CUST-01748,51,32733,0.357,664,12.2,12890,36,1,0.406,Ege,Serbest,Yuksek Lisans,Ipotekli,Borc Birlestirme,Android,1,0
CUST-01749,32,38250,0.218,682,0.0,5000,36,,0.300,Ic Anadolu,Maasli,Lise,Ev Sahibi,Ihtiyac,Android,8,0
CUST-01750,34,51736,0.192,647,10.2,20069,24,2,0.185,Karadeniz,Serbest,Lisans,Ipotekli,Tasit,iOS,0,1
CUST-01751,33,25575,0.383,665,8.1,11823,24,0,0.073,Akdeniz,Emekli,Lise,Kiraci,Is Kurma,Android,8,0
CUST-01752,36,44829,0.579,607,0.0,27837,36,3,0.633,Marmara,Issiz,Lisans,Kiraci,Borc Birlestirme,Android,15,0
CUST-01753,18,36265,0.184,603,0.1,5464,24,1,0.700,Marmara,Maasli,Lise,Kiraci,Borc Birlestirme,Android,22,0
CUST-01754,54,43524,0.176,597,7.1,22855,48,3,0.347,Marmara,Serbest,Lise,Ev Sahibi,Borc Birlestirme,Web,4,1
CUST-01755,52,66818,0.240,696,13.9,35541,48,1,0.242,Ege,Serbest,Onlisans,Ev Sahibi,Tasit,Web,9,0
CUST-01756,18,98110,0.277,640,1.9,61441,84,1,0.348,Karadeniz,Maasli,Lisans,Ev Sahibi,Tasit,Android,12,1
CUST-01757,48,91295,0.236,661,3.7,33167,48,1,0.168,Ic Anadolu,Emekli,Lisans,Kiraci,Konut,Android,11,0
CUST-01758,38,52830,0.182,660,8.6,20837,48,2,0.358,Akdeniz,Maasli,Lisans,Ev Sahibi,Borc Birlestirme,Android,0,1
CUST-01759,36,68168,0.137,712,12.2,12833,48,0,0.458,Dogu Anadolu,Maasli,Lise,Kiraci,Borc Birlestirme,Android,0,0
CUST-01760,49,93333,0.376,694,9.2,13166,12,2,0.216,Ic Anadolu,Sozlesmeli,Lisans,Aile Yaninda,Is Kurma,Web,9,0
CUST-01761,38,,0.305,682,2.1,200486,36,1,0.211,Ic Anadolu,Maasli,Lisans,Ipotekli,Konut,iOS,12,0
CUST-01762,18,45087,0.525,669,0.0,23988,60,6,0.707,Ic Anadolu,Issiz,Lise,Aile Yaninda,Saglik,Android,15,1
CUST-01763,26,36794,0.374,659,3.3,22120,24,0,0.371,Marmara,Maasli,Lisans,Ipotekli,Ihtiyac,Android,17,0
CUST-01764,39,56807,0.252,685,18.5,16657,12,1,0.331,Ic Anadolu,Serbest,Lise,Ev Sahibi,Ihtiyac,iOS,4,0
CUST-01765,35,131816,0.588,657,1.5,84285,36,2,0.794,Ege,Maasli,,Ipotekli,Tasit,Web,2,0
CUST-01766,49,56729,0.321,610,15.8,23546,12,1,0.423,Ic Anadolu,Sozlesmeli,Lise,Kiraci,Is Kurma,iOS,10,0
CUST-01767,50,42701,0.310,652,16.1,25931,120,3,0.199,Ege,Serbest,Lisans,Kiraci,Konut,iOS,16,1
CUST-01768,42,64770,0.350,632,2.6,36134,12,0,0.341,Marmara,Maasli,Yuksek Lisans,Ev Sahibi,Ihtiyac,Android,7,0
CUST-01769,38,75489,0.196,644,,40582,48,2,0.645,Marmara,Serbest,Lise,Kiraci,Ihtiyac,Android,0,0
CUST-01770,34,45316,0.495,688,1.2,8955,36,1,0.541,Dogu Anadolu,Serbest,Onlisans,Ipotekli,Ihtiyac,Android,21,0
CUST-01771,50,88542,0.296,705,,29446,60,1,0.288,Dogu Anadolu,Maasli,Lisans,Ev Sahibi,Is Kurma,iOS,4,0
CUST-01772,18,41733,0.447,662,2.4,19963,48,1,0.653,Marmara,Maasli,Lise,Ev Sahibi,Egitim,Android,7,0
CUST-01773,52,46940,0.560,628,12.1,39637,48,3,0.590,Ege,Serbest,Lisans,Ipotekli,Konut,iOS,0,0
CUST-01774,57,95056,0.243,620,0.0,53827,12,6,0.623,Marmara,Issiz,Yuksek Lisans,Ev Sahibi,Ihtiyac,iOS,21,0
CUST-01775,36,91801,0.183,668,5.0,11112,24,2,0.379,Ege,Serbest,Lise,Kiraci,Ihtiyac,Android,7,0
CUST-01776,38,55213,0.341,642,14.2,13224,84,2,0.158,Marmara,Maasli,Lise,Ipotekli,Borc Birlestirme,Web,12,0
CUST-01777,20,33491,0.381,638,0.9,14513,60,4,0.430,Marmara,Maasli,Lisans,Kiraci,Borc Birlestirme,Android,3,1
CUST-01778,31,56168,0.245,687,0.9,12150,36,1,0.234,Ic Anadolu,Maasli,Lisans,Ipotekli,Egitim,Android,17,0
CUST-01779,33,48080,0.176,708,4.3,13429,48,2,0.179,Marmara,Maasli,Lise,Kiraci,Tasit,Web,21,0
CUST-01780,32,59977,0.476,633,6.3,19067,60,0,0.412,Marmara,Serbest,Lisans,Kiraci,Ihtiyac,Web,6,0
CUST-01781,54,92984,0.287,652,11.3,25344,36,3,0.392,Marmara,Maasli,Lisans,Aile Yaninda,Ihtiyac,Android,10,0
CUST-01782,53,62084,0.328,756,32.1,18689,24,3,0.450,Marmara,Maasli,Yuksek Lisans,Kiraci,Ihtiyac,iOS,1,0
CUST-01783,31,44863,0.470,670,5.7,23488,60,3,0.180,Akdeniz,Maasli,Lise,Ev Sahibi,Ihtiyac,Web,1,0
CUST-01784,62,57302,0.265,710,34.9,68127,84,0,0.579,Marmara,Maasli,Lise,Aile Yaninda,Konut,Web,19,0
CUST-01785,45,99013,0.451,659,5.3,27919,60,2,0.251,Ege,Maasli,Lise,Kiraci,Egitim,Android,8,0
CUST-01786,52,89677,0.310,610,0.0,40902,60,3,0.648,Akdeniz,Issiz,Lisans,Ipotekli,Tasit,Android,3,0
CUST-01787,20,58258,0.309,699,0.0,28299,12,2,0.431,Ic Anadolu,Serbest,Lisans,Kiraci,Tasit,Android,18,0
CUST-01788,54,,0.317,634,22.3,7595,60,0,0.236,Marmara,Maasli,Onlisans,,Ihtiyac,Web,1,0
CUST-01789,48,104954,0.426,621,7.6,17378,12,3,0.546,Karadeniz,Emekli,Yuksek Lisans,Kiraci,Ihtiyac,Android,19,0
CUST-01790,55,111301,0.396,685,19.6,58093,36,,0.000,Dogu Anadolu,Maasli,Yuksek Lisans,Ipotekli,Saglik,Android,21,0
CUST-01791,38,108502,0.357,630,0.3,50273,36,3,0.067,Karadeniz,Maasli,,Ev Sahibi,Ihtiyac,Web,20,0
CUST-01792,40,83066,0.429,684,6.7,29893,36,3,0.300,Ic Anadolu,Emekli,Lisans,Ev Sahibi,Tasit,Android,18,0
CUST-01793,39,47174,0.266,617,13.4,21255,48,0,0.361,Marmara,Maasli,Yuksek Lisans,Ev Sahibi,Ihtiyac,Android,20,0
CUST-01794,53,64027,0.137,637,31.9,29665,48,0,0.369,Marmara,Maasli,Lise,Kiraci,Konut,Android,17,0
CUST-01795,49,,0.237,642,18.4,19928,12,3,0.539,Ege,Sozlesmeli,Lisans,Ev Sahibi,Is Kurma,iOS,13,1
CUST-01796,42,65107,0.271,666,15.0,36537,36,1,0.438,Akdeniz,Serbest,Lisans,,Is Kurma,iOS,5,0
CUST-01797,24,83574,0.459,611,0.0,13873,36,4,0.361,Akdeniz,Issiz,Lisans,Kiraci,Tasit,Android,1,1
CUST-01798,18,139230,0.312,604,0.0,72892,60,0,0.647,Marmara,Maasli,Doktora,Kiraci,Borc Birlestirme,Android,23,0
CUST-01799,26,50307,0.386,669,5.1,20364,60,2,0.359,Marmara,Serbest,Lise,,Tasit,iOS,16,0
CUST-01800,25,60846,0.157,597,4.6,16088,36,3,0.222,Karadeniz,Maasli,Lisans,Ev Sahibi,Tasit,Android,13,0
CUST-01801,18,75100,0.738,586,0.0,29158,60,5,0.650,Marmara,Issiz,Doktora,Ev Sahibi,Tasit,Web,13,1
CUST-01802,42,85283,0.102,646,9.1,13796,36,0,0.113,Marmara,Maasli,Lisans,Kiraci,Saglik,Android,3,0
CUST-01803,27,34585,0.297,664,4.1,15124,24,4,,Marmara,Serbest,Onlisans,Ev Sahibi,Tasit,Android,9,0
CUST-01804,34,52199,0.329,669,10.2,9532,12,0,0.452,Marmara,Emekli,Lisans,Ev Sahibi,Borc Birlestirme,iOS,15,0
CUST-01805,45,39992,0.159,659,20.7,20987,36,0,0.436,Ege,Sozlesmeli,Lise,Ev Sahibi,Egitim,Android,3,0
CUST-01806,40,123369,0.038,685,19.8,43890,36,0,0.052,Ic Anadolu,Maasli,Lisans,Ev Sahibi,Borc Birlestirme,iOS,23,0
CUST-01807,18,44190,0.156,583,2.9,7073,24,2,0.608,Akdeniz,Serbest,Lise,Aile Yaninda,Saglik,Android,23,0
CUST-01808,43,85831,0.156,619,4.3,102965,84,4,0.298,Akdeniz,Serbest,Lisans,Kiraci,Konut,Web,3,0
CUST-01809,49,117777,0.290,736,29.0,18252,36,2,0.564,Ic Anadolu,Maasli,Yuksek Lisans,Ipotekli,Borc Birlestirme,Android,8,1
CUST-01810,51,51798,0.469,667,4.6,27805,24,4,0.429,Ic Anadolu,Maasli,Lise,Kiraci,Konut,Android,9,0
CUST-01811,42,44240,,694,18.0,13999,36,3,0.318,Akdeniz,Maasli,Onlisans,Ev Sahibi,Saglik,Web,3,0
CUST-01812,48,41917,0.351,614,1.2,17858,36,4,0.360,Marmara,Maasli,Lisans,Aile Yaninda,Ihtiyac,Web,9,1
CUST-01813,54,53410,0.180,644,25.7,13829,60,,0.417,Ic Anadolu,Maasli,Onlisans,Kiraci,Ihtiyac,iOS,15,0
CUST-01814,33,34337,0.194,630,11.2,6842,24,2,0.459,Marmara,Serbest,Onlisans,Ev Sahibi,Ihtiyac,iOS,8,0
CUST-01815,28,132792,0.438,611,2.0,28804,48,3,0.493,Ic Anadolu,Sozlesmeli,Yuksek Lisans,Ipotekli,Tasit,Android,15,0
CUST-01816,48,79360,0.487,527,0.0,50755,36,7,0.751,Akdeniz,Issiz,Onlisans,Kiraci,Ihtiyac,Android,23,1
CUST-01817,30,48866,0.274,652,5.4,6641,24,1,0.662,Marmara,Sozlesmeli,Lisans,Aile Yaninda,Is Kurma,iOS,13,0
CUST-01818,42,85680,0.333,696,18.2,30708,84,,0.294,Dogu Anadolu,Maasli,Onlisans,Ev Sahibi,Saglik,Android,21,0
CUST-01819,56,121235,0.435,616,18.6,67749,36,2,0.141,Marmara,Maasli,Onlisans,Kiraci,Egitim,Web,13,0
CUST-01820,42,47185,0.318,677,11.6,13976,36,4,0.130,Ege,Emekli,Lisans,,Ihtiyac,Android,13,1
CUST-01821,46,132349,0.441,632,4.3,74528,120,0,0.347,Dogu Anadolu,Maasli,Onlisans,Kiraci,Is Kurma,Android,2,0
CUST-01822,35,42860,0.233,700,16.0,22486,36,,0.445,Marmara,Maasli,Onlisans,Kiraci,Saglik,Web,22,0
CUST-01823,32,33209,0.165,681,5.4,8950,60,2,0.436,Marmara,Emekli,Lisans,Kiraci,Saglik,iOS,12,0
CUST-01824,31,39650,0.395,692,12.7,8488,84,3,0.305,Marmara,Emekli,Lisans,Ev Sahibi,Tasit,Web,3,1
CUST-01825,29,68528,0.460,705,11.6,19090,36,0,0.090,Ic Anadolu,Maasli,Yuksek Lisans,Ipotekli,Ihtiyac,Web,6,0
CUST-01826,33,136769,0.338,665,9.9,54156,60,0,0.260,Akdeniz,Serbest,Yuksek Lisans,Kiraci,Is Kurma,Android,23,0
CUST-01827,30,50519,0.261,642,3.3,13806,48,2,0.133,Akdeniz,Sozlesmeli,Lise,Ipotekli,Saglik,Android,9,0
CUST-01828,29,127293,0.218,603,6.4,61792,48,2,0.289,Akdeniz,Maasli,Yuksek Lisans,Kiraci,Is Kurma,Android,2,0
CUST-01829,35,87019,0.218,676,,19276,36,1,0.000,Akdeniz,Maasli,Lisans,Ev Sahibi,Ihtiyac,Android,16,0
CUST-01830,39,45694,0.311,645,3.2,52646,60,0,0.700,Ege,Maasli,Lise,Ev Sahibi,Konut,iOS,12,0
CUST-01831,21,67550,0.274,652,2.7,36375,48,1,0.329,Guneydogu Anadolu,Serbest,Lisans,Kiraci,Tasit,Android,6,0
CUST-01832,26,55929,0.452,582,4.5,16814,48,2,0.342,Ic Anadolu,Maasli,Onlisans,Aile Yaninda,Egitim,Android,16,1
CUST-01833,37,31654,0.146,632,1.6,5361,60,1,0.431,Ic Anadolu,Maasli,Lise,Kiraci,Ihtiyac,Android,10,0
CUST-01834,50,94351,0.366,669,25.4,52576,84,0,0.000,Guneydogu Anadolu,Maasli,Yuksek Lisans,Ev Sahibi,Borc Birlestirme,Web,0,0
CUST-01835,18,30652,0.020,642,0.0,26406,36,1,0.629,Dogu Anadolu,,Lise,Ev Sahibi,Konut,Android,14,1
CUST-01836,56,89912,0.275,635,5.7,49285,36,2,0.219,Marmara,Maasli,Yuksek Lisans,Kiraci,Ihtiyac,iOS,0,0
CUST-01837,27,28556,0.228,590,2.5,8497,36,1,0.399,Marmara,Maasli,Onlisans,Kiraci,Is Kurma,Web,22,0
CUST-01838,57,77463,0.073,685,9.2,22010,24,0,0.100,Marmara,Maasli,Lisans,Ipotekli,Tasit,Android,19,0
CUST-01839,48,64443,0.319,599,10.6,84655,36,,0.475,Ege,Sozlesmeli,Lisans,Ipotekli,Konut,Web,6,0
CUST-01840,43,52168,0.461,637,13.3,20038,36,2,0.382,Dogu Anadolu,Maasli,Lisans,Kiraci,Konut,Android,3,0
CUST-01841,37,119453,0.266,639,4.9,16704,24,2,0.261,Karadeniz,Maasli,Lisans,Ev Sahibi,Tasit,Android,22,0
CUST-01842,35,31955,0.259,,,5000,24,3,0.280,Ege,Sozlesmeli,Onlisans,Ev Sahibi,Is Kurma,iOS,1,0
CUST-01843,61,52383,0.020,678,23.4,12456,24,1,0.328,Karadeniz,Maasli,Lise,Ev Sahibi,Ihtiyac,iOS,11,0
CUST-01844,37,65091,0.477,645,2.2,22437,120,4,0.682,Marmara,Maasli,Lisans,Ev Sahibi,Is Kurma,Android,22,0
CUST-01845,32,70316,0.388,567,0.8,10400,60,1,0.489,Karadeniz,Sozlesmeli,Lisans,Aile Yaninda,Borc Birlestirme,Android,15,0
CUST-01846,48,48072,0.413,726,15.3,10518,12,2,0.487,Guneydogu Anadolu,Sozlesmeli,Lise,Ev Sahibi,Egitim,Android,22,0
CUST-01847,37,65185,0.628,640,7.1,23105,36,0,0.596,Karadeniz,Maasli,Yuksek Lisans,Kiraci,Saglik,Android,22,0
CUST-01848,54,66428,0.287,682,16.7,18687,24,3,0.356,Ic Anadolu,Maasli,Lisans,Aile Yaninda,Ihtiyac,Android,5,0
CUST-01849,23,22969,0.632,558,0.0,5476,48,6,0.797,Guneydogu Anadolu,Issiz,Lise,Ev Sahibi,Ihtiyac,iOS,17,1
CUST-01850,24,30230,0.468,662,0.0,5374,48,2,0.359,Ege,Issiz,Lise,Kiraci,Ihtiyac,Web,22,0
CUST-01851,57,65794,0.071,714,19.1,32966,24,0,0.430,Guneydogu Anadolu,Emekli,Lise,Ipotekli,Tasit,Android,13,0
CUST-01852,49,80416,0.172,636,14.2,100587,12,3,0.965,Dogu Anadolu,Serbest,Lisans,Ipotekli,Konut,Android,9,0
CUST-01853,53,68211,0.249,600,0.0,28960,12,4,,Ic Anadolu,Issiz,,Kiraci,Borc Birlestirme,Web,0,0
CUST-01854,35,50195,0.225,609,11.2,36487,60,0,0.596,Ic Anadolu,Serbest,Lisans,Kiraci,Konut,Android,9,0
CUST-01855,40,51308,0.346,584,3.3,22645,24,1,0.410,Karadeniz,Maasli,Onlisans,Ipotekli,Konut,Android,2,0
CUST-01856,37,98972,0.174,709,15.5,45858,24,0,0.341,Karadeniz,Maasli,Yuksek Lisans,Ev Sahibi,Saglik,Web,21,0
CUST-01857,45,53233,0.501,724,19.5,15225,48,1,0.677,Ege,Maasli,Yuksek Lisans,Kiraci,Ihtiyac,Android,0,0
CUST-01858,45,44386,0.354,661,3.7,12515,120,1,0.321,Akdeniz,Maasli,Yuksek Lisans,,Ihtiyac,Android,19,0
CUST-01859,37,23970,,627,15.1,10536,36,0,0.403,Guneydogu Anadolu,Maasli,Lise,Ev Sahibi,Tasit,iOS,18,0
CUST-01860,37,54977,0.300,661,4.3,30448,60,1,0.276,Akdeniz,,Lisans,Ev Sahibi,Ihtiyac,Android,13,0
CUST-01861,18,54732,0.262,631,1.7,30688,24,4,0.196,Guneydogu Anadolu,Sozlesmeli,Onlisans,Kiraci,Tasit,Web,23,1
CUST-01862,41,90427,0.294,591,14.2,22919,36,3,0.124,Marmara,Maasli,Yuksek Lisans,Ipotekli,Ihtiyac,Android,15,0
CUST-01863,43,43134,0.412,624,9.9,19931,36,0,0.397,Dogu Anadolu,Serbest,Onlisans,Ipotekli,Ihtiyac,Web,4,1
CUST-01864,41,65507,0.240,692,26.2,32407,36,0,0.291,Akdeniz,Maasli,Yuksek Lisans,Ev Sahibi,Tasit,Android,22,0
CUST-01865,66,124231,0.210,664,20.1,20119,12,0,0.368,Karadeniz,Maasli,Yuksek Lisans,Kiraci,Tasit,Android,15,0
CUST-01866,41,68449,0.307,691,21.4,9815,12,4,0.463,Ege,Sozlesmeli,Lisans,Kiraci,Tasit,Web,17,0
CUST-01867,51,44913,0.339,601,24.0,7941,48,0,0.484,Marmara,Maasli,Lise,Ipotekli,Saglik,iOS,14,0
CUST-01868,18,73674,0.347,658,2.4,43722,24,0,0.087,Karadeniz,Maasli,Onlisans,Ev Sahibi,Konut,Android,15,0
CUST-01869,40,35032,0.533,678,12.8,8890,36,2,,Karadeniz,Maasli,Lise,Ev Sahibi,Borc Birlestirme,Android,4,0
CUST-01870,53,49357,0.245,734,31.3,13865,12,1,0.365,Marmara,Maasli,Lisans,Kiraci,Egitim,Android,21,0
CUST-01871,26,49700,0.133,640,9.4,9098,84,0,0.422,Marmara,Serbest,Onlisans,Kiraci,Tasit,iOS,14,0
CUST-01872,49,61023,0.344,733,9.8,17905,24,0,0.308,Marmara,Maasli,Onlisans,Kiraci,Ihtiyac,Android,5,0
CUST-01873,22,22431,0.311,625,0.6,13698,60,3,0.483,Marmara,Maasli,Lise,Ipotekli,Ihtiyac,Android,4,0
CUST-01874,40,76259,0.149,678,5.0,29417,60,2,0.542,Ege,Serbest,Lisans,,Ihtiyac,Android,23,0
CUST-01875,56,57667,0.238,737,35.5,26737,60,1,0.051,Akdeniz,Maasli,Lise,Ipotekli,Konut,Android,7,1
CUST-01876,28,30904,0.351,659,2.8,11459,60,3,0.576,Akdeniz,Serbest,Lise,Kiraci,Ihtiyac,Web,5,0
CUST-01877,33,92225,0.376,712,12.5,12727,12,1,0.539,Ege,Sozlesmeli,Onlisans,Kiraci,Ihtiyac,Web,17,0
CUST-01878,33,22202,0.354,666,8.7,13505,12,1,,Ege,Maasli,Lise,Ev Sahibi,Egitim,Web,17,0
CUST-01879,50,30304,0.434,547,,5000,12,7,0.751,Akdeniz,Issiz,Lise,Kiraci,Borc Birlestirme,Web,11,1
CUST-01880,29,31210,0.360,653,12.1,9050,12,3,0.358,Ic Anadolu,Maasli,Onlisans,Ev Sahibi,Borc Birlestirme,Android,3,0
CUST-01881,33,92047,0.294,669,5.9,34533,48,3,0.175,Marmara,Maasli,Yuksek Lisans,Ev Sahibi,Ihtiyac,Web,13,0
CUST-01882,43,50091,0.196,673,13.9,25513,48,3,0.909,Dogu Anadolu,Maasli,Lisans,Kiraci,Is Kurma,Web,11,0
CUST-01883,41,40295,0.137,616,2.9,13672,120,0,0.533,Marmara,Maasli,Lisans,Ev Sahibi,Saglik,Android,14,0
CUST-01884,46,43002,0.352,678,19.6,11902,24,1,0.329,Marmara,Maasli,Lisans,Kiraci,Ihtiyac,iOS,19,1
CUST-01885,54,80496,0.525,590,2.0,34673,60,2,0.620,Ic Anadolu,,Lise,Ipotekli,Borc Birlestirme,Web,19,0
CUST-01886,37,67839,0.604,736,17.0,23928,60,0,0.589,Dogu Anadolu,,Lise,Ipotekli,Tasit,iOS,17,0
CUST-01887,44,43131,0.236,601,4.8,27355,120,1,0.553,Karadeniz,Serbest,Lise,Ev Sahibi,Tasit,Web,1,0
CUST-01888,25,59262,0.787,704,3.3,37743,36,0,0.483,Marmara,Emekli,Lisans,Ipotekli,Tasit,Android,1,1
CUST-01889,46,56710,0.123,670,14.9,8791,48,2,0.435,Karadeniz,Emekli,Lise,Ev Sahibi,Borc Birlestirme,iOS,0,0
CUST-01890,61,77651,0.485,609,0.0,30445,120,5,,Guneydogu Anadolu,Issiz,Doktora,Aile Yaninda,Ihtiyac,Web,23,0
CUST-01891,49,84299,0.117,665,10.7,13361,36,3,0.632,Ic Anadolu,Sozlesmeli,Lisans,Ev Sahibi,Saglik,Android,17,1
CUST-01892,45,43368,0.407,614,14.7,25715,48,3,0.605,Akdeniz,Maasli,Lisans,Aile Yaninda,Ihtiyac,Android,19,1
CUST-01893,50,60462,,695,,26956,60,3,0.352,Marmara,Serbest,Onlisans,Kiraci,Is Kurma,iOS,11,0
CUST-01894,42,,0.582,718,11.1,34836,36,3,0.808,Karadeniz,Maasli,Lisans,Ev Sahibi,Ihtiyac,Web,20,0
CUST-01895,26,74973,0.297,640,0.8,41989,36,3,,Marmara,Sozlesmeli,Yuksek Lisans,Ev Sahibi,Tasit,Android,13,0
CUST-01896,47,60743,0.066,652,14.0,9901,36,1,0.467,Ege,Maasli,Lisans,Kiraci,Ihtiyac,Android,8,0
CUST-01897,40,48667,0.469,697,16.6,29186,84,1,0.312,Ege,Serbest,Onlisans,Kiraci,Borc Birlestirme,iOS,8,0
CUST-01898,42,90317,0.314,592,0.0,42135,36,4,0.487,Guneydogu Anadolu,Issiz,Lisans,Ev Sahibi,Borc Birlestirme,Web,15,1
CUST-01899,32,32338,0.505,618,,13838,12,1,0.132,Karadeniz,Maasli,Yuksek Lisans,Ipotekli,Ihtiyac,Web,10,0
CUST-01900,36,64524,0.109,715,10.2,37969,60,,0.342,Guneydogu Anadolu,Maasli,Lise,Kiraci,Ihtiyac,Android,21,0
CUST-01901,51,75970,0.293,671,6.6,42717,84,1,0.295,Ege,Maasli,Onlisans,Kiraci,Saglik,Android,11,0
CUST-01902,30,122661,,608,9.7,71187,24,0,0.523,Marmara,Maasli,Lisans,Kiraci,Ihtiyac,Web,23,0
CUST-01903,36,67097,0.216,692,4.6,9295,60,2,0.722,Ege,Maasli,Lise,Ipotekli,Ihtiyac,iOS,5,0
CUST-01904,29,46711,0.604,662,3.3,14872,48,1,0.623,Ic Anadolu,Maasli,Yuksek Lisans,Ipotekli,Borc Birlestirme,Web,10,0
CUST-01905,33,62999,0.337,694,14.9,26482,24,4,0.288,Guneydogu Anadolu,Sozlesmeli,Lisans,Kiraci,Ihtiyac,iOS,17,0
CUST-01906,32,47346,0.033,664,8.9,16546,84,0,0.333,Marmara,Maasli,Lisans,Ev Sahibi,Borc Birlestirme,Android,18,0
CUST-01907,41,86344,0.394,701,11.3,37435,84,2,0.453,Marmara,Sozlesmeli,Lisans,Kiraci,Ihtiyac,Web,13,0
CUST-01908,43,46987,0.639,656,0.0,25379,36,6,0.865,Marmara,Issiz,Lise,Kiraci,Ihtiyac,iOS,1,1
CUST-01909,25,37471,0.149,623,1.6,19096,84,3,,Marmara,Serbest,Lise,Ev Sahibi,Egitim,iOS,21,0
CUST-01910,39,39275,0.271,645,7.6,6222,24,2,0.320,Akdeniz,Emekli,Lise,Kiraci,Ihtiyac,Android,7,0
CUST-01911,44,40025,0.257,629,0.0,5000,48,4,0.272,Marmara,Issiz,Lise,Ipotekli,Ihtiyac,iOS,13,0
CUST-01912,57,60647,0.408,726,25.7,16281,60,2,0.262,Ege,Maasli,Onlisans,Kiraci,Borc Birlestirme,Android,20,0
CUST-01913,52,70833,0.164,736,22.3,38022,60,3,0.142,Akdeniz,Maasli,Lisans,Kiraci,Borc Birlestirme,Android,23,0
CUST-01914,47,,0.259,670,17.1,13568,12,0,0.187,Akdeniz,Maasli,Lise,Kiraci,Tasit,iOS,8,0
CUST-01915,44,51013,0.335,719,20.1,30501,60,1,0.254,Ic Anadolu,Maasli,Lise,Aile Yaninda,Saglik,Web,12,0
CUST-01916,56,51615,0.258,647,31.2,10450,36,2,0.430,Guneydogu Anadolu,Maasli,Yuksek Lisans,Kiraci,Ihtiyac,iOS,15,0
CUST-01917,43,23999,0.473,700,15.0,12910,24,2,0.085,Marmara,Serbest,Lise,Kiraci,Tasit,Web,6,1
CUST-01918,30,59339,0.273,620,5.3,33920,36,4,0.615,Marmara,Maasli,Lise,Ev Sahibi,Egitim,Android,18,1
CUST-01919,35,62173,0.348,763,5.1,37161,12,0,0.014,Marmara,Maasli,Yuksek Lisans,Ipotekli,Tasit,Android,5,0
CUST-01920,64,62153,0.433,687,34.1,39385,36,0,0.326,Marmara,Maasli,Lise,Kiraci,Saglik,Android,6,0
CUST-01921,46,57451,0.412,602,6.1,8568,36,2,0.414,Akdeniz,Emekli,Lisans,Kiraci,Borc Birlestirme,iOS,21,0
CUST-01922,41,39665,0.307,666,8.7,6627,12,3,0.857,Ic Anadolu,Serbest,Onlisans,Aile Yaninda,Saglik,Android,8,0
CUST-01923,22,67700,0.347,697,0.8,30992,24,2,,Marmara,Sozlesmeli,Lisans,Kiraci,Egitim,iOS,6,0
CUST-01924,35,40241,0.168,618,11.3,5840,12,3,0.052,Marmara,Maasli,Lise,Kiraci,Tasit,iOS,12,0
CUST-01925,53,84557,0.426,587,1.7,30763,12,3,0.366,Marmara,Serbest,Yuksek Lisans,Kiraci,Konut,Android,13,0
CUST-01926,44,69041,0.236,609,19.0,20611,84,0,0.427,Ic Anadolu,Maasli,Lise,Ipotekli,Ihtiyac,iOS,10,0
CUST-01927,42,45587,0.311,660,18.8,6028,48,1,0.284,Marmara,Maasli,Lisans,Ipotekli,Tasit,Web,2,0
CUST-01928,23,28754,0.339,619,5.9,9141,60,2,0.701,Ege,Maasli,Onlisans,Kiraci,Egitim,Android,16,0
CUST-01929,38,41654,0.408,674,10.6,99935,48,0,0.115,Ege,Sozlesmeli,Lisans,Kiraci,Ihtiyac,Web,23,0
CUST-01930,46,38225,0.022,731,15.4,20498,48,1,0.724,Ege,Maasli,Lisans,Kiraci,Ihtiyac,Android,17,0
CUST-01931,31,68158,0.374,638,1.0,15900,84,1,0.518,Akdeniz,Serbest,Onlisans,Ipotekli,Tasit,iOS,2,1
CUST-01932,18,50911,0.195,683,0.0,27051,36,1,0.474,Marmara,Serbest,Lisans,Aile Yaninda,Borc Birlestirme,Web,10,0
CUST-01933,52,53004,0.507,658,28.7,32004,36,3,0.577,Ic Anadolu,Emekli,Lisans,Ipotekli,Borc Birlestirme,Android,16,1
CUST-01934,32,48057,0.020,685,12.0,15786,60,3,0.194,Marmara,Maasli,Lise,Ev Sahibi,Ihtiyac,Android,5,0
CUST-01935,33,66956,0.250,642,12.5,31556,36,0,0.005,Marmara,Serbest,Lise,Kiraci,Egitim,Web,11,0
CUST-01936,22,56559,0.121,661,0.9,31829,84,0,0.192,Karadeniz,Maasli,Yuksek Lisans,Kiraci,Saglik,iOS,17,0
CUST-01937,40,42430,0.263,,8.8,17431,24,1,0.203,Ege,Maasli,Onlisans,Kiraci,Konut,Android,3,0
CUST-01938,40,59106,0.443,696,18.7,33201,60,2,0.398,Karadeniz,Maasli,Onlisans,Ipotekli,Borc Birlestirme,Web,11,0
CUST-01939,59,27199,0.449,665,6.9,5000,48,3,0.632,Dogu Anadolu,Sozlesmeli,Onlisans,Kiraci,Tasit,Web,8,1
CUST-01940,41,97433,0.148,696,9.1,57263,120,0,0.474,Ic Anadolu,Maasli,Lisans,Aile Yaninda,Tasit,Android,0,0
CUST-01941,30,69443,0.206,655,10.1,40009,84,,0.426,Ic Anadolu,Maasli,Yuksek Lisans,Kiraci,Is Kurma,Android,14,0
CUST-01942,42,75586,0.319,738,11.9,33299,60,0,0.163,Marmara,Maasli,Yuksek Lisans,Ev Sahibi,Is Kurma,Android,8,0
CUST-01943,62,152419,0.415,699,11.1,56436,60,0,0.407,Akdeniz,Maasli,Lisans,Kiraci,Is Kurma,Android,19,0
CUST-01944,35,56251,0.341,663,0.0,7866,36,1,0.335,Ege,Sozlesmeli,Lisans,Kiraci,Ihtiyac,Android,1,0
CUST-01945,26,47637,0.399,710,4.4,6559,36,0,0.000,Marmara,Maasli,Doktora,Ipotekli,Borc Birlestirme,iOS,7,0
CUST-01946,46,75212,0.290,576,1.2,100542,48,0,0.478,Akdeniz,Maasli,Lise,Ev Sahibi,Konut,Web,1,0
CUST-01947,35,73900,0.353,595,0.0,39970,48,4,0.419,Karadeniz,Issiz,Onlisans,Ipotekli,Borc Birlestirme,Android,8,0
CUST-01948,24,39568,0.467,657,0.0,7239,84,0,0.621,Dogu Anadolu,Maasli,Yuksek Lisans,Ev Sahibi,Is Kurma,Web,6,0
CUST-01949,31,70216,0.377,624,4.0,21576,24,0,0.076,Akdeniz,Serbest,Lisans,Ipotekli,Ihtiyac,Android,0,0
CUST-01950,60,61320,0.551,648,0.0,30149,120,5,0.719,Marmara,Issiz,Lisans,Kiraci,Ihtiyac,Web,7,1
CUST-01951,34,46131,0.617,701,9.7,11955,60,2,0.282,Marmara,Maasli,Onlisans,Kiraci,Saglik,Web,22,0
CUST-01952,72,71603,0.111,672,34.6,71716,120,0,0.636,Marmara,Maasli,Onlisans,Ipotekli,Konut,iOS,19,0
CUST-01953,18,38317,0.479,567,0.0,42089,12,5,0.464,Guneydogu Anadolu,Issiz,Lise,Kiraci,Konut,iOS,9,1
CUST-01954,46,,0.467,595,8.8,19188,36,1,,Marmara,Sozlesmeli,Lisans,Ipotekli,Is Kurma,Android,19,0
CUST-01955,42,,0.355,691,16.9,46496,60,4,0.649,Dogu Anadolu,Serbest,Yuksek Lisans,Ev Sahibi,Ihtiyac,Android,3,0
CUST-01956,29,25545,,,7.3,15903,48,1,0.412,Ic Anadolu,Maasli,Lisans,Ev Sahibi,Borc Birlestirme,Web,0,0
CUST-01957,70,78695,0.324,691,16.2,36117,36,1,0.465,Karadeniz,Maasli,Lisans,Ipotekli,Egitim,Android,7,0
CUST-01958,53,143298,0.162,632,16.1,70764,60,2,0.557,Guneydogu Anadolu,Maasli,Yuksek Lisans,Kiraci,Tasit,iOS,23,0
CUST-01959,37,32264,0.111,679,17.1,5000,12,0,0.421,Dogu Anadolu,Maasli,Lisans,Ev Sahibi,Tasit,iOS,3,0
CUST-01960,41,42652,0.687,617,0.0,5961,60,5,0.591,Marmara,Issiz,Yuksek Lisans,Ev Sahibi,Tasit,Web,7,1
CUST-01961,18,125620,0.318,681,0.0,32406,48,1,0.363,Marmara,Maasli,Doktora,Ev Sahibi,Borc Birlestirme,Android,0,0
CUST-01962,53,52914,0.282,667,23.5,20474,24,3,0.018,Marmara,Maasli,Lise,Ev Sahibi,Is Kurma,Web,14,0
CUST-01963,37,178580,0.506,682,15.7,102855,60,2,0.776,Marmara,Serbest,Lisans,Kiraci,Egitim,Android,12,0
CUST-01964,36,81420,0.229,650,6.2,26047,24,1,0.028,Marmara,Maasli,Onlisans,Kiraci,Borc Birlestirme,iOS,11,0
CUST-01965,44,46416,0.256,665,3.6,5763,36,3,0.543,Ege,Maasli,Onlisans,Ev Sahibi,Is Kurma,iOS,1,0
CUST-01966,40,69128,0.230,664,9.1,16751,24,0,0.549,Ege,Serbest,Yuksek Lisans,Ev Sahibi,Is Kurma,Web,11,0
CUST-01967,27,43636,0.486,623,0.0,22610,60,3,0.689,Ic Anadolu,Issiz,Lise,Kiraci,Is Kurma,iOS,6,0
CUST-01968,29,77200,0.431,657,7.0,38475,60,4,0.712,Dogu Anadolu,Sozlesmeli,Yuksek Lisans,Ev Sahibi,Tasit,Android,13,0
CUST-01969,35,102201,0.353,649,8.8,46453,36,0,0.336,Ege,,Doktora,Ipotekli,Tasit,Android,5,0
CUST-01970,46,16202,0.383,672,,5000,120,1,0.564,Dogu Anadolu,Serbest,Lise,Ev Sahibi,Saglik,Android,4,0
CUST-01971,38,18939,,610,2.7,5100,24,1,0.425,Karadeniz,Serbest,Lisans,Kiraci,Ihtiyac,iOS,5,0
CUST-01972,53,29918,0.386,652,13.0,7590,36,1,0.435,Marmara,Maasli,Lisans,Kiraci,Borc Birlestirme,Android,16,0
CUST-01973,55,115335,0.410,680,2.1,16444,48,0,0.613,Marmara,Serbest,Yuksek Lisans,Kiraci,Egitim,iOS,15,0
CUST-01974,43,66166,0.279,636,0.8,22821,84,1,0.546,Ege,Maasli,Lise,Ev Sahibi,Borc Birlestirme,iOS,7,0
CUST-01975,36,59919,0.369,646,13.1,35601,120,,0.381,Ege,Serbest,Onlisans,Ipotekli,Ihtiyac,Android,1,0
CUST-01976,43,61799,0.231,675,2.9,38044,120,0,0.298,Akdeniz,Serbest,Yuksek Lisans,Aile Yaninda,Is Kurma,Android,7,0
CUST-01977,32,21365,0.316,662,12.6,9317,24,1,0.573,Akdeniz,Serbest,Lise,Ev Sahibi,Borc Birlestirme,Web,4,0
CUST-01978,43,49099,0.432,655,0.0,6605,48,7,0.317,Ege,Issiz,Onlisans,Ipotekli,Is Kurma,Android,16,0
CUST-01979,40,43211,0.557,670,,10408,48,4,0.709,Akdeniz,Issiz,Onlisans,,Borc Birlestirme,Android,2,1
CUST-01980,47,69861,0.411,594,7.1,14004,60,0,0.301,Ic Anadolu,Maasli,Lisans,Kiraci,Ihtiyac,Android,1,0
CUST-01981,51,31251,,702,0.9,27568,36,2,0.352,Marmara,Maasli,Onlisans,Aile Yaninda,Konut,Android,17,0
CUST-01982,41,87260,0.337,676,20.9,49660,60,0,0.220,Ege,Maasli,Lisans,Kiraci,Konut,Android,21,0
CUST-01983,44,87484,0.557,615,0.0,42092,24,4,0.641,Ege,Issiz,Lisans,Kiraci,Tasit,Android,1,0
CUST-01984,33,60802,,672,5.7,13651,60,1,0.153,Ege,Sozlesmeli,Doktora,Ev Sahibi,Is Kurma,iOS,15,0
CUST-01985,30,61746,0.379,627,10.1,24263,36,0,0.240,Ic Anadolu,Emekli,Onlisans,Ev Sahibi,Tasit,Android,0,0
CUST-01986,27,42902,0.399,684,1.9,10449,24,1,0.353,Akdeniz,Maasli,Lise,Ev Sahibi,Ihtiyac,,13,0
CUST-01987,38,59258,0.169,668,11.5,31046,60,0,0.253,Marmara,Maasli,Lisans,Aile Yaninda,Egitim,Android,8,0
CUST-01988,32,84382,0.160,688,11.1,39738,36,3,0.264,Ege,Emekli,Yuksek Lisans,Ev Sahibi,Ihtiyac,Android,0,0
CUST-01989,39,27079,0.139,586,6.5,8180,12,0,0.682,Ic Anadolu,Serbest,Lisans,Ev Sahibi,Borc Birlestirme,Android,7,0
CUST-01990,48,78505,0.564,699,24.7,28211,60,,0.518,Marmara,Maasli,Lisans,Ipotekli,Ihtiyac,Android,20,0
CUST-01991,59,100564,0.243,593,0.0,40325,84,1,0.682,Marmara,Issiz,Onlisans,Aile Yaninda,Is Kurma,iOS,20,1
CUST-01992,71,214310,,700,45.0,57929,60,1,0.523,Marmara,Maasli,Lise,Ipotekli,Borc Birlestirme,iOS,6,0
CUST-01993,48,31423,0.280,695,0.8,9261,36,1,0.459,Marmara,Maasli,Lise,Ipotekli,Is Kurma,Android,0,0
CUST-01994,39,93389,0.020,715,5.9,53486,36,0,0.182,Marmara,Emekli,Onlisans,Aile Yaninda,Tasit,iOS,11,0
CUST-01995,28,20233,0.250,639,2.8,11092,60,5,0.280,Marmara,Serbest,,Ipotekli,Borc Birlestirme,Android,1,0
CUST-01996,38,63597,0.459,678,13.8,26004,60,6,0.786,Karadeniz,Serbest,Onlisans,Ipotekli,Borc Birlestirme,Android,12,0
CUST-01997,20,35369,0.393,696,2.6,20066,48,3,0.282,Akdeniz,Maasli,Lisans,Ipotekli,Saglik,iOS,10,0
CUST-01998,47,52024,0.531,670,7.8,30268,60,2,0.275,Guneydogu Anadolu,Sozlesmeli,Onlisans,Ev Sahibi,Konut,Android,5,0
CUST-01999,50,84084,0.213,679,27.6,41678,36,0,0.227,Guneydogu Anadolu,Serbest,Lisans,Ev Sahibi,Is Kurma,iOS,6,0
CUST-02000,54,77817,0.284,653,25.6,26396,84,1,0.107,Marmara,Maasli,Doktora,Kiraci,Saglik,Android,11,0
